customer_id,industry,region,business_size,annual_revenue,avg_balance,employees,customer_age_years,total_outgoing_amount,total_outgoing_tx,avg_outgoing_amount,unique_outgoing_counterparties,total_incoming_amount,total_incoming_tx,avg_incoming_amount,unique_incoming_counterparties,product_count
CUST00001,Retail,Makassar,Small,2962284658.0,190633633.0,35,4,54740087.0,19,2881057.210526316,14,433442924.0,24,18060121.833333332,21,2
CUST00002,Hospitality,Semarang,Medium,13790620333.0,823238772.0,56,1,332044774.0,17,19532045.529411763,15,444145621.0,27,16449837.814814815,21,3
CUST00003,Education,Medan,Small,1865317183.0,200388259.0,24,5,35862596.0,21,1707742.6666666667,17,515912339.0,26,19842782.269230768,18,2
CUST00004,Agriculture,Bandung,Medium,36189851754.0,3912724067.0,242,11,732062601.0,29,25243537.96551724,24,649090293.0,30,21636343.1,26,3
CUST00005,Manufacturing,Makassar,Small,1764506687.0,227519107.0,21,11,68103922.0,27,2522367.4814814813,22,458234207.0,24,19093091.958333332,18,2
CUST00006,Manufacturing,Yogyakarta,Medium,11903385120.0,953759066.0,299,8,311557475.0,20,15577873.75,15,732174042.0,30,24405801.4,26,2
CUST00007,Manufacturing,Jakarta,Medium,8950911008.0,347028708.0,163,8,551702818.0,23,23987079.04347826,20,406238157.0,27,15045857.666666666,22,2
CUST00008,Technology,Makassar,Small,1884221380.0,118404408.0,34,5,61175392.0,27,2265755.2592592593,25,427474010.0,26,16441308.076923076,23,3
CUST00009,Agriculture,Yogyakarta,Small,2072282018.0,305870184.0,39,14,81675464.0,26,3141364.0,23,547040457.0,26,21040017.576923076,22,2
CUST00010,Healthcare,Medan,Small,2020933647.0,205227891.0,45,10,95211297.0,30,3173709.9,22,309041860.0,26,11886225.384615384,20,1
CUST00011,Manufacturing,Medan,Medium,32577100540.0,3751854180.0,82,2,325859143.0,27,12068857.148148147,23,289883555.0,22,13176525.227272727,17,2
CUST00012,Hospitality,Jakarta,Medium,18777112455.0,579892429.0,111,12,759962590.0,28,27141521.07142857,20,327389506.0,19,17231026.63157895,18,3
CUST00013,Technology,Surabaya,Small,1361441895.0,125504096.0,47,6,79294428.0,22,3604292.1818181816,20,513267795.0,21,24441323.57142857,18,2
CUST00014,Wholesale,Jakarta,Small,2325450740.0,80236048.0,31,1,88747888.0,27,3286958.814814815,23,202643158.0,21,9649674.19047619,19,1
CUST00015,Wholesale,Semarang,Small,2007180714.0,197321170.0,41,7,105681083.0,31,3409067.193548387,26,497752040.0,25,19910081.6,22,2
CUST00016,Wholesale,Makassar,Medium,9973150478.0,1401152863.0,84,11,506308071.0,28,18082431.10714286,24,756926797.0,30,25230893.233333334,25,3
CUST00017,Wholesale,Bandung,Small,5352250645.0,782554149.0,8,4,62398519.0,23,2712979.086956522,20,768398881.0,22,34927221.86363637,15,2
CUST00018,Construction,Surabaya,Large,131582265071.0,12482725402.0,2992,5,2949092459.0,26,113426633.03846154,19,498297559.0,21,23728455.19047619,19,4
CUST00019,Retail,Jakarta,Small,1493520275.0,126926188.0,20,6,65804997.0,21,3133571.285714286,14,297556623.0,21,14169363.0,15,2
CUST00020,Wholesale,Yogyakarta,Medium,11295690726.0,1619825221.0,172,11,378649177.0,14,27046369.785714287,13,190178529.0,21,9056120.42857143,21,3
CUST00021,Agriculture,Surabaya,Small,1216208445.0,134796249.0,30,1,43141415.0,20,2157070.75,18,203492830.0,29,7016994.137931035,22,3
CUST00022,Manufacturing,Makassar,Small,2843766353.0,107459997.0,40,9,46016139.0,16,2876008.6875,11,96346010.0,17,5667412.352941177,17,3
CUST00023,Wholesale,Surabaya,Medium,17984951433.0,1544674770.0,132,10,600760367.0,26,23106167.96153846,22,452159689.0,28,16148560.32142857,24,3
CUST00024,Retail,Makassar,Medium,18182834284.0,1069685272.0,74,4,418223589.0,26,16085522.653846154,21,462884827.0,25,18515393.08,21,2
CUST00025,Construction,Jakarta,Large,123821484316.0,10695268740.0,1578,8,2668038526.0,20,133401926.3,18,627268517.0,23,27272544.217391305,20,4
CUST00026,Education,Makassar,Small,3704380842.0,313597578.0,30,5,78974306.0,31,2547558.2580645164,26,600712790.0,23,26117947.391304348,18,3
CUST00027,Wholesale,Surabaya,Small,1189003681.0,118730788.0,26,11,45864098.0,20,2293204.9,16,206940659.0,22,9406393.590909092,18,2
CUST00028,Construction,Yogyakarta,Medium,13171986174.0,959084701.0,61,8,232615891.0,19,12242941.631578946,17,683508328.0,24,28479513.666666668,20,2
CUST00029,Agriculture,Medan,Medium,9270813354.0,460874882.0,112,1,334179044.0,25,13367161.76,23,514804155.0,28,18385862.67857143,24,3
CUST00030,Manufacturing,Surabaya,Small,2985029204.0,269984943.0,48,8,60122639.0,28,2147237.1071428573,23,221944577.0,23,9649764.217391305,18,1
CUST00031,Agriculture,Makassar,Small,876466896.0,113611448.0,40,11,62191803.0,20,3109590.15,17,281753318.0,25,11270132.72,23,1
CUST00032,Wholesale,Medan,Small,1974883563.0,216608127.0,47,13,77171053.0,26,2968117.423076923,22,217256969.0,19,11434577.315789474,19,1
CUST00033,Manufacturing,Makassar,Medium,13923283810.0,983041534.0,228,11,367568339.0,16,22973021.1875,14,405904651.0,20,20295232.55,16,4
CUST00034,Logistics,Yogyakarta,Small,1305747560.0,185759255.0,6,4,63753376.0,26,2452052.923076923,21,340277192.0,19,17909325.89473684,15,1
CUST00035,Hospitality,Makassar,Small,1508870965.0,210434551.0,21,2,39695278.0,20,1984763.9,17,727305275.0,27,26937232.407407407,18,2
CUST00036,Technology,Jakarta,Small,2013889088.0,111009207.0,44,11,67394890.0,25,2695795.6,23,385305927.0,21,18347901.285714287,19,2
CUST00037,Wholesale,Bandung,Small,3073879828.0,106756185.0,42,6,73558211.0,29,2536490.0344827585,25,719337487.0,31,23204435.06451613,29,2
CUST00038,Manufacturing,Surabaya,Small,1256532606.0,149473406.0,25,2,65626001.0,23,2853304.3913043477,17,281004331.0,24,11708513.791666666,19,3
CUST00039,Healthcare,Bandung,Small,1359129889.0,175753478.0,13,5,58211995.0,19,3063789.210526316,15,367162909.0,16,22947681.8125,13,1
CUST00040,Construction,Makassar,Small,3318993843.0,485050199.0,17,2,42927011.0,22,1951227.7727272727,19,1152278723.0,21,54870415.38095238,18,2
CUST00041,Manufacturing,Yogyakarta,Medium,15096456915.0,2064898922.0,88,3,516084852.0,27,19114253.777777776,22,528538348.0,22,24024470.363636363,18,4
CUST00042,Construction,Surabaya,Small,1409527600.0,143862268.0,20,11,120866762.0,34,3554904.7647058824,28,239907275.0,22,10904876.136363637,16,1
CUST00043,Manufacturing,Makassar,Small,2776122970.0,259862546.0,20,6,101659176.0,22,4620871.636363637,18,737222927.0,36,20478414.638888888,29,1
CUST00044,Logistics,Medan,Medium,13368236042.0,445709371.0,229,1,678647970.0,27,25135110.0,23,903164631.0,26,34737101.192307696,21,3
CUST00045,Wholesale,Semarang,Medium,27791620750.0,1656346514.0,53,6,470207256.0,22,21373057.09090909,18,361867644.0,30,12062254.8,26,2
CUST00046,Healthcare,Makassar,Small,1483602143.0,126334316.0,48,3,74160894.0,18,4120049.6666666665,15,280127192.0,19,14743536.421052631,18,1
CUST00047,Retail,Bandung,Small,1861401368.0,196229803.0,12,7,117334018.0,24,4888917.416666667,20,646888121.0,21,30804196.23809524,16,1
CUST00048,Construction,Surabaya,Small,3059906714.0,296413837.0,47,2,54540625.0,19,2870559.210526316,17,393653145.0,24,16402214.375,21,2
CUST00049,Construction,Bandung,Medium,36726001212.0,4374666067.0,278,14,873228831.0,29,30111339.0,23,282631934.0,19,14875364.94736842,15,2
CUST00050,Wholesale,Surabaya,Large,54503821108.0,3464918644.0,913,6,2002485171.0,27,74166117.44444445,22,210294211.0,23,9143226.56521739,21,3
CUST00051,Hospitality,Makassar,Medium,31184506460.0,3049667383.0,154,8,416074613.0,26,16002869.73076923,22,534895948.0,33,16208968.121212121,30,2
CUST00052,Education,Jakarta,Medium,11963631923.0,485449120.0,115,1,463314967.0,24,19304790.291666668,21,293795901.0,22,13354359.136363637,15,2
CUST00053,Logistics,Medan,Medium,13114017144.0,1044398527.0,236,11,424024271.0,19,22317066.89473684,18,361362991.0,24,15056791.291666666,19,2
CUST00054,Logistics,Makassar,Small,1100213072.0,132046803.0,7,11,44581830.0,17,2622460.588235294,12,508348872.0,26,19551879.692307692,23,2
CUST00055,Agriculture,Bandung,Small,2529841967.0,286398608.0,34,13,68496206.0,17,4029188.588235294,17,692494458.0,26,26634402.230769232,19,2
CUST00056,Logistics,Semarang,Medium,26382886878.0,3927808439.0,65,9,552837689.0,36,15356602.472222222,29,392348711.0,27,14531433.74074074,22,3
CUST00057,Manufacturing,Semarang,Large,106016459701.0,6715817794.0,1516,5,2153484507.0,25,86139380.28,22,472910289.0,28,16889653.17857143,22,4
CUST00058,Wholesale,Yogyakarta,Small,2062489944.0,185175949.0,11,5,84362971.0,31,2721386.1612903224,28,454267366.0,23,19750755.04347826,20,1
CUST00059,Manufacturing,Surabaya,Medium,20854207560.0,1450277704.0,299,13,273549705.0,17,16091159.11764706,15,513485522.0,19,27025553.789473683,15,3
CUST00060,Retail,Bandung,Small,3220270059.0,266871424.0,23,12,81050034.0,26,3117309.0,22,180685402.0,27,6692051.925925926,22,2
CUST00061,Retail,Yogyakarta,Small,2191603582.0,291119504.0,49,5,49762123.0,21,2369624.904761905,18,407030617.0,23,17696983.347826086,21,1
CUST00062,Wholesale,Bandung,Small,1759517836.0,197250904.0,44,6,57962979.0,19,3050683.1052631577,15,380155459.0,26,14621363.807692308,23,1
CUST00063,Technology,Surabaya,Small,1642135879.0,223154677.0,26,2,48128238.0,21,2291820.8571428573,17,466479884.0,28,16659995.857142856,23,2
CUST00064,Retail,Makassar,Medium,4522661539.0,246129270.0,210,6,434196405.0,26,16699861.73076923,20,481044287.0,29,16587734.034482758,24,3
CUST00065,Wholesale,Makassar,Small,2402989143.0,323930948.0,27,14,59011833.0,21,2810087.285714286,17,601246045.0,20,30062302.25,15,2
CUST00066,Construction,Semarang,Medium,6780033493.0,252023831.0,115,11,502134814.0,25,20085392.56,19,440700542.0,29,15196570.413793104,27,2
CUST00067,Manufacturing,Makassar,Medium,13551600855.0,1851581158.0,174,4,832231408.0,27,30823385.48148148,19,491242414.0,28,17544371.92857143,18,2
CUST00068,Technology,Makassar,Large,82011719913.0,5698900393.0,619,8,2776466487.0,21,132212689.85714285,16,987523958.0,30,32917465.266666666,26,3
CUST00069,Manufacturing,Jakarta,Small,1045484331.0,70832103.0,37,13,27556521.0,15,1837101.4,13,227462882.0,20,11373144.1,18,1
CUST00070,Hospitality,Semarang,Small,1820103788.0,166449637.0,18,11,45504233.0,19,2394959.6315789474,17,248302754.0,21,11823940.666666666,20,1
CUST00071,Education,Yogyakarta,Small,1062998050.0,151884162.0,20,9,43202058.0,22,1963729.9090909092,20,716105222.0,25,28644208.88,23,2
CUST00072,Wholesale,Medan,Large,82657199827.0,2953652852.0,995,9,2797913217.0,26,107612046.8076923,21,445910534.0,24,18579605.583333332,22,4
CUST00073,Manufacturing,Jakarta,Large,83254726175.0,6016628991.0,629,8,2435702038.0,16,152231377.375,13,317967523.0,23,13824674.913043479,19,4
CUST00074,Technology,Yogyakarta,Small,1731703817.0,229950592.0,11,3,60508029.0,26,2327231.8846153845,20,263176809.0,28,9399171.75,23,2
CUST00075,Healthcare,Surabaya,Medium,15503964025.0,1201968645.0,128,10,516595588.0,34,15193987.88235294,28,371028746.0,24,15459531.083333334,23,2
CUST00076,Healthcare,Jakarta,Small,2485025702.0,133939972.0,18,11,91520841.0,30,3050694.7,25,675055492.0,30,22501849.733333334,20,2
CUST00077,Education,Yogyakarta,Medium,26712023021.0,2163014125.0,64,11,642060190.0,29,22140006.55172414,26,278360244.0,23,12102619.304347826,19,3
CUST00078,Manufacturing,Surabaya,Small,5154447437.0,393110635.0,47,4,74192283.0,30,2473076.1,20,249202981.0,19,13115946.368421054,18,1
CUST00079,Retail,Semarang,Medium,18313270763.0,2561109894.0,142,1,478639871.0,21,22792374.80952381,17,310524797.0,21,14786895.095238095,17,2
CUST00080,Manufacturing,Medan,Small,2357150834.0,286233835.0,23,9,71775821.0,29,2475028.3103448274,24,278231022.0,20,13911551.1,18,1
CUST00081,Technology,Surabaya,Medium,10873083815.0,985252167.0,264,5,380911935.0,19,20047996.57894737,16,481502219.0,27,17833415.51851852,24,2
CUST00082,Agriculture,Makassar,Medium,9442216626.0,1403155578.0,66,6,451325226.0,24,18805217.75,20,213270140.0,21,10155720.952380951,20,2
CUST00083,Retail,Bandung,Medium,5454199716.0,468151981.0,237,3,472779461.0,26,18183825.423076924,21,266866499.0,29,9202293.068965517,22,3
CUST00084,Manufacturing,Surabaya,Small,1657090914.0,61293373.0,47,11,69413896.0,30,2313796.533333333,24,341897150.0,24,14245714.583333334,17,2
CUST00085,Retail,Surabaya,Small,3549169117.0,218177784.0,13,10,34828747.0,16,2176796.6875,13,371949709.0,27,13775915.148148147,23,2
CUST00086,Retail,Medan,Small,2879668598.0,237078674.0,21,8,51067718.0,21,2431796.095238095,21,151492034.0,17,8911296.11764706,16,2
CUST00087,Healthcare,Bandung,Small,3244548981.0,158425859.0,35,7,72507472.0,28,2589552.5714285714,23,577176675.0,28,20613452.67857143,25,2
CUST00088,Agriculture,Makassar,Small,1080290662.0,155246211.0,16,1,82867665.0,29,2857505.6896551726,20,693664775.0,23,30159338.04347826,21,3
CUST00089,Logistics,Yogyakarta,Large,73791875898.0,9004222521.0,684,10,2551563973.0,26,98137075.88461539,23,625068447.0,22,28412202.136363637,19,4
CUST00090,Construction,Yogyakarta,Medium,13557157978.0,843180174.0,97,12,675786599.0,23,29382026.04347826,22,589552120.0,34,17339768.23529412,27,2
CUST00091,Manufacturing,Surabaya,Small,2180772170.0,220032375.0,47,5,52035906.0,18,2890883.6666666665,16,292196268.0,21,13914108.0,18,1
CUST00092,Healthcare,Bandung,Small,1870951052.0,218104059.0,40,10,97840175.0,28,3494291.964285714,23,396564440.0,26,15252478.461538462,21,3
CUST00093,Education,Bandung,Small,1346932661.0,192548700.0,40,9,54886190.0,23,2386356.086956522,20,416533425.0,23,18110148.913043477,16,2
CUST00094,Agriculture,Makassar,Medium,11938614543.0,1621218988.0,144,12,549564160.0,29,18950488.275862068,23,578605159.0,28,20664469.964285713,26,3
CUST00095,Education,Medan,Small,912484234.0,83787101.0,28,11,46417945.0,23,2018171.5217391304,19,127906613.0,21,6090791.095238095,15,1
CUST00096,Construction,Semarang,Large,72863200657.0,8959136333.0,1895,12,2968553230.0,27,109946415.92592593,24,125012629.0,20,6250631.45,18,4
CUST00097,Construction,Yogyakarta,Small,1006776447.0,98117785.0,43,6,85399982.0,24,3558332.5833333335,22,165829199.0,23,7209965.173913044,21,1
CUST00098,Retail,Medan,Large,46286217375.0,4458495209.0,395,8,3003544999.0,32,93860781.21875,29,461784616.0,27,17103133.925925925,24,3
CUST00099,Manufacturing,Jakarta,Medium,12763704152.0,558655014.0,295,10,595459328.0,23,25889536.0,23,238409397.0,24,9933724.875,19,4
CUST00100,Manufacturing,Yogyakarta,Small,609987603.0,27532717.0,49,1,69949738.0,28,2498204.9285714286,24,444061826.0,30,14802060.866666667,25,2
CUST00101,Manufacturing,Medan,Large,46521826743.0,4351839333.0,2245,10,1971972128.0,23,85737918.60869566,18,417562995.0,33,12653424.090909092,24,4
CUST00102,Agriculture,Yogyakarta,Small,676175586.0,42100981.0,5,11,47552662.0,19,2502771.6842105263,17,314552029.0,18,17475112.722222224,16,1
CUST00103,Retail,Semarang,Medium,11062359831.0,359796929.0,165,7,375177746.0,21,17865606.95238095,19,204331059.0,24,8513794.125,19,2
CUST00104,Construction,Jakarta,Small,2013563086.0,235064773.0,23,3,60673241.0,25,2426929.64,19,576626839.0,27,21356549.592592593,24,2
CUST00105,Logistics,Semarang,Medium,15668038624.0,531121309.0,55,9,607451979.0,30,20248399.3,27,135816043.0,17,7989179.0,16,3
CUST00106,Wholesale,Makassar,Medium,11957027279.0,1212839790.0,203,6,585917315.0,25,23436692.6,22,147421538.0,19,7759028.315789473,18,4
CUST00107,Retail,Jakarta,Medium,17514394732.0,1658670196.0,124,5,576530411.0,29,19880359.0,22,312501534.0,29,10775914.965517242,23,3
CUST00108,Education,Surabaya,Medium,14506318768.0,2121661731.0,137,8,635306049.0,38,16718580.236842105,26,645506825.0,21,30738420.23809524,15,3
CUST00109,Wholesale,Medan,Small,3213217463.0,283102378.0,48,8,61121051.0,26,2350809.653846154,19,457002729.0,27,16926027.0,21,2
CUST00110,Manufacturing,Jakarta,Small,1444248210.0,54350198.0,36,12,77975018.0,29,2688793.724137931,24,454265224.0,29,15664318.068965517,21,1
CUST00111,Wholesale,Makassar,Small,2111688244.0,203149807.0,14,12,99045616.0,33,3001382.303030303,27,602297493.0,32,18821796.65625,21,2
CUST00112,Wholesale,Makassar,Small,4013058719.0,525435960.0,44,3,76145998.0,30,2538199.933333333,27,436532113.0,30,14551070.433333334,24,3
CUST00113,Logistics,Semarang,Medium,13453817081.0,2012985864.0,174,2,622412126.0,29,21462487.103448275,22,479003174.0,29,16517350.827586208,26,2
CUST00114,Technology,Yogyakarta,Small,2180715043.0,178036151.0,9,2,54775783.0,22,2489808.3181818184,19,1032630624.0,30,34421020.8,27,1
CUST00115,Agriculture,Jakarta,Large,186931590803.0,12792822140.0,954,14,5056786374.0,34,148729011.0,28,335376361.0,30,11179212.033333333,28,4
CUST00116,Technology,Medan,Medium,15479527916.0,2148533640.0,114,5,302958100.0,19,15945163.157894736,18,883432794.0,31,28497832.06451613,26,2
CUST00117,Technology,Jakarta,Medium,25859027760.0,1369211096.0,101,10,581709277.0,25,23268371.08,20,191230903.0,24,7967954.291666667,20,3
CUST00118,Wholesale,Bandung,Small,2243765149.0,233018309.0,19,12,42615349.0,19,2242913.1052631577,17,135284896.0,15,9018993.066666666,12,1
CUST00119,Logistics,Yogyakarta,Medium,11498108076.0,904737038.0,267,7,403053630.0,19,21213348.94736842,16,457058998.0,24,19044124.916666668,19,4
CUST00120,Construction,Medan,Large,84038565677.0,2935457333.0,1603,8,2346086248.0,26,90234086.46153846,18,292648838.0,30,9754961.266666668,24,4
CUST00121,Technology,Medan,Small,2704037792.0,193810873.0,7,10,81980170.0,25,3279206.8,23,332293885.0,29,11458409.827586208,23,2
CUST00122,Logistics,Surabaya,Medium,11717847315.0,724484299.0,191,8,522569842.0,27,19354438.592592593,25,1134912543.0,30,37830418.1,27,2
CUST00123,Retail,Semarang,Medium,6138575684.0,689551967.0,138,13,543877222.0,28,19424186.5,20,435565814.0,24,18148575.583333332,23,2
CUST00124,Manufacturing,Surabaya,Small,1312347208.0,188787524.0,27,12,55404053.0,22,2518366.0454545454,21,873425508.0,33,26467439.636363637,28,2
CUST00125,Wholesale,Medan,Small,1673679053.0,104045367.0,22,8,69489627.0,23,3021288.1304347827,21,753326684.0,29,25976782.20689655,21,1
CUST00126,Retail,Yogyakarta,Small,1844699479.0,234970280.0,5,10,65940468.0,26,2536171.846153846,18,724191227.0,24,30174634.458333332,18,2
CUST00127,Technology,Jakarta,Small,1431519921.0,52455439.0,39,12,56791614.0,15,3786107.6,15,255201761.0,22,11600080.045454545,19,2
CUST00128,Technology,Jakarta,Small,1397235888.0,132142915.0,35,11,38440067.0,15,2562671.1333333333,14,852343365.0,20,42617168.25,14,1
CUST00129,Manufacturing,Yogyakarta,Small,4243186337.0,163218438.0,48,3,51225230.0,21,2439296.6666666665,19,892608243.0,27,33059564.555555556,25,1
CUST00130,Construction,Medan,Small,1905502153.0,270741290.0,5,14,62410823.0,24,2600450.9583333335,19,559639680.0,14,39974262.85714286,13,1
CUST00131,Retail,Makassar,Small,1462836755.0,178410721.0,7,11,104686904.0,33,3172330.4242424243,28,729006737.0,29,25138163.344827585,26,2
CUST00132,Wholesale,Jakarta,Large,61840121521.0,6737727941.0,2919,2,1283318157.0,17,75489303.35294117,15,153966961.0,24,6415290.041666667,19,4
CUST00133,Manufacturing,Makassar,Small,2546800984.0,328200043.0,41,13,66055250.0,31,2130814.5161290322,23,504850826.0,32,15776588.3125,23,2
CUST00134,Retail,Jakarta,Large,78630977279.0,8468743038.0,951,4,2134529111.0,18,118584950.6111111,16,307290645.0,17,18075920.29411765,15,4
CUST00135,Logistics,Jakarta,Small,1823157275.0,266679281.0,33,1,32765873.0,16,2047867.0625,15,203347583.0,24,8472815.958333334,21,2
CUST00136,Retail,Semarang,Small,1492779293.0,172677176.0,29,3,64818691.0,25,2592747.64,20,687287351.0,29,23699563.827586208,25,1
CUST00137,Construction,Semarang,Small,1484663727.0,209276764.0,37,11,110332863.0,36,3064801.75,34,671791875.0,22,30535994.318181816,20,2
CUST00138,Healthcare,Bandung,Small,1528265461.0,140685741.0,40,9,56668376.0,21,2698494.095238095,17,752081987.0,20,37604099.35,18,1
CUST00139,Retail,Surabaya,Small,2329407052.0,102605092.0,33,7,77095173.0,22,3504326.0454545454,18,429781701.0,31,13863925.838709677,27,1
CUST00140,Hospitality,Yogyakarta,Medium,8186919282.0,764505383.0,65,7,497710322.0,23,21639579.217391305,19,248618363.0,24,10359098.458333334,20,3
CUST00141,Hospitality,Yogyakarta,Small,2387193316.0,107960196.0,8,1,78920834.0,25,3156833.36,19,442353280.0,27,16383454.814814815,24,2
CUST00142,Wholesale,Yogyakarta,Medium,10163146193.0,1027486127.0,220,7,636274321.0,27,23565715.592592593,19,384590443.0,17,22622967.23529412,15,2
CUST00143,Construction,Bandung,Medium,30373133771.0,2669773166.0,91,10,275271092.0,18,15292838.444444444,15,233251858.0,23,10141385.130434783,21,4
CUST00144,Wholesale,Semarang,Small,1693561474.0,177331209.0,37,7,56530561.0,23,2457850.4782608696,16,703745717.0,42,16755850.404761905,29,1
CUST00145,Wholesale,Medan,Small,1115151291.0,34799007.0,26,4,86385930.0,23,3755910.0,21,280543073.0,27,10390484.185185185,21,3
CUST00146,Manufacturing,Makassar,Medium,8989317962.0,479857515.0,71,7,429481406.0,22,19521882.09090909,18,381889633.0,30,12729654.433333334,22,4
CUST00147,Agriculture,Makassar,Small,1181328010.0,105090528.0,27,8,69889260.0,19,3678382.1052631577,16,566877970.0,25,22675118.8,21,3
CUST00148,Construction,Medan,Small,2929993182.0,422096070.0,25,3,104921825.0,30,3497394.1666666665,24,166575798.0,29,5743993.0344827585,19,1
CUST00149,Manufacturing,Bandung,Large,74115232364.0,5635209750.0,1358,13,4378976326.0,22,199044378.45454547,18,427353057.0,38,11246133.078947369,30,3
CUST00150,Wholesale,Medan,Small,1797867624.0,145491796.0,27,10,16980806.0,13,1306215.8461538462,12,449854547.0,32,14057954.59375,26,2
CUST00151,Logistics,Yogyakarta,Medium,12145231053.0,1405974828.0,122,2,496960752.0,17,29232985.411764707,13,1107491654.0,25,44299666.16,21,4
CUST00152,Wholesale,Surabaya,Large,62689229059.0,6422833168.0,486,7,3125697155.0,35,89305633.0,27,477669282.0,20,23883464.1,19,3
CUST00153,Manufacturing,Jakarta,Small,2320253463.0,152837736.0,41,5,68203022.0,28,2435822.214285714,24,290369672.0,23,12624768.347826088,19,2
CUST00154,Construction,Makassar,Small,2643527052.0,209626322.0,47,5,127859564.0,32,3995611.375,25,690598960.0,20,34529948.0,18,2
CUST00155,Hospitality,Semarang,Small,1225147357.0,68760141.0,35,14,74873346.0,28,2674048.0714285714,25,671925542.0,23,29214154.0,21,1
CUST00156,Wholesale,Semarang,Small,1864564506.0,272082054.0,25,5,107854646.0,31,3479182.129032258,28,214095356.0,27,7929457.62962963,24,3
CUST00157,Healthcare,Bandung,Small,2034367668.0,92922033.0,30,7,90995282.0,31,2935331.6774193547,24,283062133.0,13,21774010.230769232,11,1
CUST00158,Education,Semarang,Medium,25536504588.0,1905544548.0,200,9,535121004.0,29,18452448.413793102,25,476980018.0,23,20738261.652173914,21,2
CUST00159,Wholesale,Yogyakarta,Small,2003425699.0,66314746.0,39,11,43165904.0,17,2539170.8235294116,17,98161349.0,16,6135084.3125,14,2
CUST00160,Healthcare,Makassar,Small,962042617.0,54464637.0,42,8,64564639.0,30,2152154.6333333333,24,293101681.0,20,14655084.05,18,2
CUST00161,Retail,Medan,Large,76180934549.0,9420270522.0,509,6,2415917186.0,25,96636687.44,25,328876934.0,28,11745604.785714285,25,4
CUST00162,Agriculture,Yogyakarta,Medium,8973698243.0,485845247.0,88,7,408111236.0,18,22672846.444444444,18,422655942.0,27,15653923.777777778,22,2
CUST00163,Agriculture,Bandung,Medium,12661108950.0,501476244.0,154,9,393212162.0,19,20695376.94736842,17,633461577.0,23,27541807.695652176,20,4
CUST00164,Construction,Yogyakarta,Small,1514689862.0,131678626.0,33,14,67585858.0,28,2413780.6428571427,28,1014530819.0,25,40581232.76,23,2
CUST00165,Manufacturing,Medan,Medium,19695710414.0,614433452.0,74,11,766405954.0,34,22541351.588235293,27,475065901.0,25,19002636.04,21,3
CUST00166,Technology,Surabaya,Small,852684475.0,34253988.0,5,6,43965532.0,18,2442529.5555555555,15,144990809.0,16,9061925.5625,15,2
CUST00167,Retail,Bandung,Small,1551903282.0,196959967.0,23,1,73349888.0,24,3056245.3333333335,21,328278440.0,27,12158460.74074074,22,2
CUST00168,Wholesale,Surabaya,Small,1926648681.0,236162433.0,26,4,74111317.0,22,3368696.227272727,19,206586819.0,23,8982035.608695652,21,1
CUST00169,Manufacturing,Jakarta,Medium,13222621385.0,1848742738.0,222,8,527293900.0,21,25109233.333333332,14,613883075.0,29,21168381.896551725,26,2
CUST00170,Agriculture,Surabaya,Small,1148760037.0,152258783.0,18,7,53199845.0,12,4433320.416666667,11,226079819.0,20,11303990.95,17,2
CUST00171,Healthcare,Jakarta,Small,2446564919.0,273968952.0,48,3,41302009.0,22,1877364.0454545454,19,174472924.0,21,8308234.476190476,16,2
CUST00172,Manufacturing,Jakarta,Small,2363490386.0,85747296.0,20,10,45381257.0,19,2388487.210526316,16,347101164.0,27,12855598.666666666,22,1
CUST00173,Construction,Surabaya,Small,2043634481.0,253291806.0,37,3,62120019.0,22,2823637.227272727,17,354503528.0,19,18658080.42105263,16,2
CUST00174,Wholesale,Bandung,Medium,10538438810.0,1385396837.0,149,11,646345088.0,29,22287761.655172415,24,437419374.0,35,12497696.4,28,3
CUST00175,Agriculture,Medan,Medium,25106405883.0,3160641859.0,100,3,417191393.0,27,15451533.074074075,21,738994991.0,28,26392678.25,25,3
CUST00176,Wholesale,Yogyakarta,Medium,16484510555.0,1500378680.0,147,12,313253462.0,17,18426674.23529412,14,399724982.0,26,15374037.76923077,23,2
CUST00177,Healthcare,Yogyakarta,Small,1448689332.0,83948969.0,42,1,77262817.0,30,2575427.2333333334,25,488070909.0,18,27115050.5,17,1
CUST00178,Retail,Medan,Small,2146463796.0,282130337.0,43,10,62335640.0,25,2493425.6,23,366710689.0,22,16668667.681818182,18,2
CUST00179,Logistics,Makassar,Small,2151966698.0,252338619.0,37,1,88209316.0,24,3675388.1666666665,19,272375702.0,25,10895028.08,21,2
CUST00180,Manufacturing,Makassar,Small,2037590035.0,300934405.0,37,6,94314727.0,31,3042410.5483870967,25,522774647.0,26,20106717.192307692,22,2
CUST00181,Retail,Jakarta,Small,2560150130.0,124636075.0,33,14,63948616.0,29,2205124.6896551726,24,661279001.0,29,22802724.172413792,24,2
CUST00182,Manufacturing,Jakarta,Medium,10828042120.0,618061937.0,239,14,583221218.0,25,23328848.72,20,499185664.0,25,19967426.56,20,3
CUST00183,Logistics,Bandung,Small,2024157686.0,112170273.0,10,1,94545885.0,28,3376638.75,26,381084953.0,20,19054247.65,16,3
CUST00184,Technology,Semarang,Small,2587232912.0,323675184.0,35,5,73891508.0,24,3078812.8333333335,20,242566223.0,28,8663079.392857144,27,2
CUST00185,Wholesale,Surabaya,Small,1925040030.0,100927684.0,20,4,74250971.0,29,2560378.3103448274,24,778853564.0,35,22252958.971428573,30,2
CUST00186,Healthcare,Jakarta,Small,1142994317.0,43432846.0,35,5,53666072.0,22,2439366.909090909,19,623993342.0,31,20128817.48387097,25,3
CUST00187,Technology,Yogyakarta,Small,1297549407.0,194408320.0,29,7,54663902.0,18,3036883.4444444445,18,1463445605.0,22,66520254.77272727,22,2
CUST00188,Agriculture,Bandung,Large,83012651857.0,2737596660.0,2210,6,1980982711.0,12,165081892.58333334,10,632025387.0,31,20387915.70967742,24,3
CUST00189,Construction,Surabaya,Medium,31140793089.0,4055443287.0,58,12,638379714.0,36,17732769.833333332,28,756376501.0,21,36017928.61904762,21,3
CUST00190,Wholesale,Bandung,Large,70315079626.0,5192348216.0,850,9,3179927918.0,33,96361452.06060606,28,763738847.0,29,26335822.310344826,24,4
CUST00191,Manufacturing,Surabaya,Small,2220244573.0,290838396.0,28,6,56808099.0,26,2184926.8846153845,22,307375673.0,21,14636936.80952381,17,2
CUST00192,Logistics,Surabaya,Small,1163854696.0,112375360.0,14,9,62420160.0,24,2600840.0,19,254972443.0,18,14165135.722222222,17,2
CUST00193,Logistics,Medan,Small,1994291760.0,275602641.0,45,4,109264852.0,30,3642161.7333333334,27,746819346.0,36,20744981.833333332,29,1
CUST00194,Agriculture,Jakarta,Small,4039665898.0,570171204.0,35,1,71888052.0,25,2875522.08,21,278735488.0,30,9291182.933333334,27,1
CUST00195,Retail,Bandung,Medium,20823024490.0,647424933.0,283,1,356578822.0,17,20975224.82352941,13,447309282.0,22,20332240.09090909,19,3
CUST00196,Retail,Bandung,Small,1821722160.0,71137269.0,7,10,68077058.0,20,3403852.9,17,875063085.0,35,25001802.42857143,26,2
CUST00197,Healthcare,Medan,Small,2653895433.0,159347970.0,38,7,72340238.0,27,2679268.074074074,23,586699924.0,36,16297220.111111112,31,1
CUST00198,Logistics,Yogyakarta,Small,1129662977.0,124621991.0,32,13,70614354.0,24,2942264.75,21,284288884.0,26,10934187.846153846,21,2
CUST00199,Logistics,Yogyakarta,Small,1462423602.0,199756335.0,23,13,72903550.0,31,2351727.419354839,26,541142592.0,33,16398260.363636363,25,2
CUST00200,Education,Makassar,Medium,20645932141.0,1758889602.0,59,13,366186639.0,17,21540390.529411763,13,940054598.0,17,55297329.294117644,16,3
CUST00201,Agriculture,Jakarta,Small,2470583849.0,254066873.0,49,3,36659587.0,15,2443972.466666667,15,672052537.0,27,24890834.703703705,23,1
CUST00202,Manufacturing,Jakarta,Small,2757966838.0,145124166.0,36,2,74181782.0,26,2853145.4615384615,23,1221675050.0,26,46987501.92307692,20,1
CUST00203,Wholesale,Semarang,Small,1866239546.0,236258499.0,17,14,81666156.0,24,3402756.5,19,415400361.0,27,15385198.555555556,20,1
CUST00204,Logistics,Medan,Small,1350302749.0,197251379.0,37,6,44017228.0,21,2096058.4761904762,15,707113114.0,23,30744048.43478261,19,1
CUST00205,Agriculture,Yogyakarta,Medium,13653429101.0,849678451.0,171,6,593730257.0,22,26987738.954545453,19,922778866.0,24,38449119.416666664,20,4
CUST00206,Manufacturing,Surabaya,Medium,19070039400.0,1704463229.0,247,13,408494628.0,19,21499717.263157893,18,127748211.0,14,9124872.214285715,14,2
CUST00207,Manufacturing,Bandung,Large,90389859366.0,3645778555.0,1252,7,2851962883.0,22,129634676.5,19,272284518.0,28,9724447.07142857,18,3
CUST00208,Healthcare,Jakarta,Medium,14848370485.0,1441723302.0,172,5,557567031.0,23,24242044.826086957,19,536153947.0,26,20621305.653846152,24,3
CUST00209,Manufacturing,Bandung,Small,1421980588.0,128453213.0,11,8,42433187.0,20,2121659.35,18,251849085.0,23,10949960.217391305,19,1
CUST00210,Wholesale,Bandung,Medium,12978347645.0,614296058.0,236,7,364704081.0,19,19194951.63157895,17,323887366.0,22,14722153.0,20,3
CUST00211,Construction,Semarang,Small,1092311037.0,90714188.0,26,2,71923300.0,21,3424919.0476190476,18,446275720.0,27,16528730.370370371,22,1
CUST00212,Healthcare,Yogyakarta,Small,972077224.0,68135379.0,49,1,67151300.0,22,3052331.8181818184,21,324632653.0,20,16231632.65,18,1
CUST00213,Healthcare,Jakarta,Medium,28718183691.0,2659869703.0,138,13,227437246.0,16,14214827.875,15,97959983.0,13,7535383.307692308,12,2
CUST00214,Wholesale,Bandung,Small,2140050930.0,214601141.0,34,14,97900056.0,30,3263335.2,24,440094464.0,25,17603778.56,21,2
CUST00215,Healthcare,Jakarta,Large,52271174615.0,1621424103.0,2433,9,3618762871.0,37,97804401.91891892,31,338264406.0,24,14094350.25,18,3
CUST00216,Wholesale,Surabaya,Small,2605504765.0,316101709.0,36,5,51796969.0,20,2589848.45,16,506898138.0,22,23040824.454545453,19,2
CUST00217,Retail,Semarang,Medium,16554367613.0,1913051112.0,181,12,506889459.0,21,24137593.285714287,16,274044440.0,26,10540170.76923077,24,3
CUST00218,Education,Surabaya,Medium,15529871375.0,1148501797.0,153,11,530005005.0,22,24091136.59090909,19,321712165.0,28,11489720.17857143,24,2
CUST00219,Agriculture,Jakarta,Medium,31125801231.0,1131494846.0,172,5,786893745.0,25,31475749.8,22,239697796.0,23,10421643.304347826,20,2
CUST00220,Technology,Makassar,Medium,36091743340.0,4352372076.0,97,12,530629775.0,22,24119535.227272727,17,422429139.0,20,21121456.95,18,2
CUST00221,Healthcare,Jakarta,Medium,10592674169.0,1531923335.0,81,10,421413026.0,24,17558876.083333332,24,213247366.0,21,10154636.476190476,17,2
CUST00222,Agriculture,Yogyakarta,Small,1142219299.0,67183273.0,19,4,71483792.0,28,2552992.5714285714,19,961588442.0,23,41808193.13043478,18,1
CUST00223,Manufacturing,Bandung,Small,1452971365.0,99997781.0,8,2,67284808.0,28,2403028.8571428573,25,471956846.0,19,24839834.0,18,2
CUST00224,Retail,Bandung,Small,1528333459.0,79561290.0,38,5,54380449.0,28,1942158.892857143,22,170354654.0,14,12168189.57142857,13,1
CUST00225,Wholesale,Surabaya,Medium,19902037578.0,1974925656.0,148,2,574314488.0,26,22089018.769230768,23,376606367.0,27,13948383.962962963,22,4
CUST00226,Wholesale,Semarang,Small,2029533960.0,98596723.0,37,12,66292825.0,28,2367600.8928571427,23,435709568.0,20,21785478.4,18,2
CUST00227,Hospitality,Makassar,Medium,9277707859.0,674890838.0,83,7,438266439.0,25,17530657.56,19,813836314.0,21,38754110.190476194,19,2
CUST00228,Retail,Medan,Small,1836590803.0,208713047.0,42,11,103094391.0,27,3818310.777777778,22,125992160.0,20,6299608.0,18,1
CUST00229,Logistics,Bandung,Small,1000035747.0,97217393.0,38,9,54000991.0,21,2571475.761904762,19,270676511.0,22,12303477.772727273,20,1
CUST00230,Agriculture,Yogyakarta,Medium,23915846539.0,1826584922.0,220,9,484845224.0,23,21080227.13043478,20,326953980.0,35,9341542.285714285,25,3
CUST00231,Education,Surabaya,Small,2560752189.0,205961176.0,5,11,87891040.0,30,2929701.3333333335,23,76657956.0,15,5110530.4,14,3
CUST00232,Construction,Surabaya,Small,6543990190.0,637733478.0,8,6,55569957.0,19,2924734.5789473685,19,279580949.0,25,11183237.96,24,2
CUST00233,Agriculture,Medan,Small,1392148201.0,42744194.0,43,1,75348822.0,27,2790697.111111111,22,556938047.0,23,24214697.695652176,20,2
CUST00234,Construction,Yogyakarta,Large,109180179470.0,4304011967.0,1098,13,2836596451.0,24,118191518.79166667,19,555767398.0,28,19848835.64285714,27,3
CUST00235,Wholesale,Semarang,Medium,25535139269.0,3466419877.0,68,6,531228634.0,24,22134526.416666668,21,301932999.0,20,15096649.95,17,2
CUST00236,Healthcare,Yogyakarta,Small,1754858776.0,69045759.0,37,5,58188085.0,22,2644912.9545454546,18,419956099.0,23,18258960.826086957,18,1
CUST00237,Wholesale,Semarang,Small,3773942028.0,433310557.0,12,4,75322773.0,20,3766138.65,17,219777170.0,21,10465579.523809524,17,2
CUST00238,Manufacturing,Yogyakarta,Small,1666478433.0,233981204.0,24,12,78065554.0,25,3122622.16,21,1269586247.0,29,43778836.10344828,19,1
CUST00239,Agriculture,Yogyakarta,Medium,20120537998.0,1257172109.0,162,6,358685410.0,19,18878179.47368421,17,1035589349.0,20,51779467.45,17,2
CUST00240,Wholesale,Jakarta,Medium,8989802197.0,669371434.0,90,6,391996774.0,24,16333198.916666666,19,618987959.0,22,28135816.318181816,19,3
CUST00241,Logistics,Surabaya,Small,2404182201.0,236260352.0,49,14,114638074.0,29,3953037.0344827585,23,406486359.0,25,16259454.36,21,3
CUST00242,Hospitality,Yogyakarta,Small,1101494309.0,149588519.0,30,6,49535760.0,24,2063990.0,23,643115459.0,20,32155772.95,17,2
CUST00243,Logistics,Medan,Small,1560993758.0,223266862.0,27,2,80269924.0,26,3087304.769230769,25,201909599.0,20,10095479.95,18,1
CUST00244,Retail,Yogyakarta,Medium,8563705148.0,1016919346.0,152,14,681402135.0,25,27256085.4,22,1469128341.0,27,54412160.777777776,23,3
CUST00245,Manufacturing,Bandung,Medium,6181432225.0,249695068.0,103,7,416093614.0,25,16643744.56,20,394560697.0,25,15782427.88,21,2
CUST00246,Logistics,Surabaya,Small,2442185376.0,269369380.0,46,14,88210806.0,28,3150385.9285714286,21,646020138.0,33,19576367.818181816,26,2
CUST00247,Retail,Bandung,Small,2010052586.0,159269424.0,16,4,57742141.0,19,3039060.052631579,17,517721341.0,27,19174864.48148148,22,1
CUST00248,Hospitality,Surabaya,Small,2752434413.0,238041868.0,5,13,38794753.0,17,2282044.294117647,15,300331717.0,26,11551219.884615384,19,1
CUST00249,Hospitality,Bandung,Large,36426690252.0,1307638291.0,1140,12,836261725.0,12,69688477.08333333,11,370708873.0,19,19510993.315789472,18,5
CUST00250,Technology,Yogyakarta,Small,1694163331.0,89667756.0,13,9,81403812.0,31,2625929.419354839,29,306746597.0,22,13943027.136363637,19,1
CUST00251,Wholesale,Yogyakarta,Medium,12656242930.0,1580279159.0,142,10,405610621.0,22,18436846.40909091,18,198641175.0,24,8276715.625,22,4
CUST00252,Retail,Jakarta,Medium,16989160767.0,1435160375.0,236,2,348225115.0,24,14509379.791666666,19,362753929.0,27,13435330.703703703,25,3
CUST00253,Technology,Medan,Small,3189354230.0,211133556.0,13,5,38924851.0,20,1946242.55,15,227526884.0,20,11376344.2,20,1
CUST00254,Retail,Bandung,Small,2791036609.0,212348454.0,46,14,89258962.0,26,3433037.0,23,113064370.0,22,5139289.545454546,17,1
CUST00255,Wholesale,Semarang,Small,1302996637.0,172683462.0,20,4,70946274.0,24,2956094.75,20,283826507.0,23,12340282.913043479,21,1
CUST00256,Agriculture,Jakarta,Medium,13103056324.0,1570792847.0,67,9,343146836.0,23,14919427.652173912,19,600096068.0,37,16218812.64864865,26,2
CUST00257,Logistics,Bandung,Medium,19723951123.0,1236254804.0,75,4,511199217.0,30,17039973.9,27,333535918.0,29,11501238.551724138,23,3
CUST00258,Healthcare,Bandung,Medium,52077918388.0,2296647701.0,153,8,468585968.0,22,21299362.181818184,19,436685744.0,25,17467429.76,24,4
CUST00259,Agriculture,Jakarta,Small,1545511217.0,93101266.0,38,8,53754760.0,19,2829197.8947368423,18,645529111.0,33,19561488.21212121,30,3
CUST00260,Manufacturing,Yogyakarta,Small,944757073.0,132729653.0,37,6,57340937.0,26,2205420.653846154,20,696173695.0,29,24005989.48275862,22,2
CUST00261,Agriculture,Bandung,Large,116978248376.0,11673336674.0,826,6,2345832933.0,25,93833317.32,24,555640321.0,25,22225612.84,23,5
CUST00262,Hospitality,Yogyakarta,Medium,7338114190.0,689912068.0,173,11,340232044.0,20,17011602.2,18,483879443.0,22,21994520.136363637,17,2
CUST00263,Manufacturing,Jakarta,Small,1439025501.0,146157837.0,17,8,47001048.0,22,2136411.272727273,21,629743667.0,28,22490845.25,26,1
CUST00264,Construction,Yogyakarta,Large,58971748335.0,4359391663.0,759,12,2094701094.0,24,87279212.25,16,482108894.0,21,22957566.38095238,14,5
CUST00265,Technology,Surabaya,Medium,13207055269.0,1675352501.0,178,13,809167194.0,33,24520218.0,26,143788549.0,16,8986784.3125,13,3
CUST00266,Education,Semarang,Medium,11352834741.0,1053478920.0,57,12,629802195.0,24,26241758.125,21,542977070.0,22,24680775.90909091,20,2
CUST00267,Healthcare,Makassar,Medium,14788792866.0,650851052.0,274,10,506274670.0,33,15341656.666666666,28,431722565.0,28,15418663.035714285,23,3
CUST00268,Healthcare,Bandung,Medium,16974021995.0,772111172.0,100,9,773333466.0,28,27619052.35714286,19,285897733.0,25,11435909.32,19,3
CUST00269,Retail,Medan,Medium,24266140703.0,2291284172.0,284,5,461059103.0,26,17733042.423076924,22,341424479.0,25,13656979.16,19,3
CUST00270,Wholesale,Semarang,Small,3331017267.0,474298306.0,15,11,75217648.0,27,2785838.814814815,20,664192365.0,27,24599717.222222224,19,1
CUST00271,Technology,Makassar,Small,1240002581.0,83082969.0,37,1,64631684.0,23,2810073.217391304,18,308498822.0,18,17138823.444444444,16,3
CUST00272,Technology,Yogyakarta,Large,67453558870.0,9062044337.0,2300,1,2572393346.0,20,128619667.3,17,227528963.0,13,17502227.923076924,13,3
CUST00273,Technology,Bandung,Small,2949883498.0,358975660.0,25,2,69240778.0,24,2885032.4166666665,22,309388299.0,20,15469414.95,18,1
CUST00274,Logistics,Yogyakarta,Small,2596038512.0,155080833.0,43,10,45481674.0,22,2067348.8181818181,19,420021312.0,24,17500888.0,18,1
CUST00275,Construction,Surabaya,Small,1625846576.0,55865535.0,24,10,53730405.0,18,2985022.5,16,373747747.0,31,12056378.935483871,21,2
CUST00276,Construction,Jakarta,Small,1199841876.0,50659330.0,12,5,76334443.0,37,2063093.054054054,31,314895197.0,24,13120633.208333334,22,3
CUST00277,Education,Bandung,Medium,10501477112.0,1233075798.0,284,4,600882282.0,26,23110857.0,22,140886898.0,17,8287464.588235294,14,3
CUST00278,Agriculture,Makassar,Large,56927507652.0,3071829294.0,1902,1,2594178055.0,26,99776079.03846154,24,559042613.0,24,23293442.208333332,19,3
CUST00279,Healthcare,Makassar,Small,1527840820.0,113904369.0,13,4,82079493.0,31,2647725.580645161,25,368296003.0,20,18414800.15,17,1
CUST00280,Education,Surabaya,Small,2216671215.0,199952388.0,29,4,78845457.0,23,3428063.347826087,20,242120819.0,25,9684832.76,20,2
CUST00281,Logistics,Surabaya,Small,4500197768.0,526775961.0,29,10,65288191.0,30,2176273.033333333,26,145518931.0,18,8084385.055555556,17,3
CUST00282,Retail,Bandung,Medium,20580561431.0,897060300.0,105,4,625891980.0,32,19559124.375,29,516008646.0,34,15176724.88235294,25,3
CUST00283,Retail,Yogyakarta,Medium,23905923903.0,1882925440.0,61,1,448838020.0,18,24935445.555555556,15,123312585.0,24,5138024.375,18,4
CUST00284,Manufacturing,Medan,Small,1547939227.0,136541783.0,23,9,121731136.0,34,3580327.529411765,25,424405538.0,27,15718723.629629629,22,1
CUST00285,Agriculture,Makassar,Medium,14999195769.0,1423412394.0,169,14,449200046.0,27,16637038.74074074,20,590653391.0,24,24610557.958333332,22,3
CUST00286,Manufacturing,Makassar,Medium,24423685976.0,3131196578.0,120,3,310342247.0,18,17241235.944444444,18,627420296.0,29,21635182.620689657,23,2
CUST00287,Construction,Surabaya,Medium,20974637179.0,1061345658.0,66,13,681589330.0,28,24342476.07142857,25,267883439.0,19,14099128.368421054,16,2
CUST00288,Construction,Semarang,Large,51193462381.0,6498486556.0,1856,4,2315195986.0,22,105236181.18181819,18,300042393.0,21,14287733.0,20,4
CUST00289,Wholesale,Surabaya,Small,3095112350.0,350197760.0,33,5,77379996.0,31,2496128.9032258065,27,1063911699.0,33,32239748.454545453,27,2
CUST00290,Agriculture,Medan,Medium,6861320825.0,663520584.0,173,13,453927813.0,24,18913658.875,21,151062182.0,11,13732925.636363637,10,3
CUST00291,Manufacturing,Yogyakarta,Small,2030221189.0,231330192.0,21,13,84847428.0,25,3393897.12,21,822764992.0,26,31644807.384615384,23,2
CUST00292,Manufacturing,Yogyakarta,Medium,17556890350.0,1394756742.0,80,7,734066366.0,27,27187643.185185187,24,281303891.0,21,13395423.38095238,19,4
CUST00293,Technology,Semarang,Medium,13129077882.0,611916259.0,109,6,289938299.0,23,12606013.0,21,543761982.0,25,21750479.28,21,3
CUST00294,Retail,Makassar,Medium,13463488091.0,1479527329.0,119,5,765037394.0,25,30601495.76,19,228515691.0,13,17578130.076923076,12,3
CUST00295,Manufacturing,Surabaya,Medium,47354367203.0,4402094025.0,66,8,254895366.0,17,14993845.05882353,14,346935256.0,23,15084141.56521739,20,2
CUST00296,Construction,Yogyakarta,Small,3130324870.0,334083847.0,24,14,56438184.0,21,2687532.5714285714,19,771753107.0,27,28583448.407407407,22,2
CUST00297,Education,Medan,Small,2887467903.0,203739313.0,7,1,57765368.0,27,2139458.074074074,25,403737738.0,22,18351715.363636363,18,1
CUST00298,Wholesale,Bandung,Large,50600217585.0,7024524064.0,888,7,3509514914.0,27,129982033.85185185,23,255913335.0,25,10236533.4,22,3
CUST00299,Agriculture,Jakarta,Large,135012051971.0,13566602906.0,1920,12,2373763977.0,23,103207129.43478261,19,780682151.0,24,32528422.958333332,23,3
CUST00300,Manufacturing,Jakarta,Small,3031386184.0,122008135.0,30,6,52831068.0,17,3107709.882352941,17,303887386.0,21,14470827.904761905,18,1
CUST00301,Manufacturing,Jakarta,Small,1653612152.0,138864526.0,40,11,60779576.0,19,3198925.052631579,17,1742642918.0,27,64542330.2962963,22,1
CUST00302,Construction,Makassar,Small,2711809944.0,327485563.0,12,5,66572592.0,25,2662903.68,21,1011272712.0,26,38895104.307692304,23,2
CUST00303,Construction,Surabaya,Medium,36413483174.0,4562469155.0,257,7,505664979.0,22,22984771.772727273,20,190550343.0,14,13610738.785714285,13,3
CUST00304,Agriculture,Semarang,Medium,14869160256.0,1328583948.0,249,3,394999991.0,13,30384614.692307692,12,703422412.0,20,35171120.6,18,3
CUST00305,Healthcare,Yogyakarta,Small,1114654722.0,153119794.0,41,1,41932740.0,22,1906033.6363636365,20,327822931.0,31,10574933.258064516,27,2
CUST00306,Hospitality,Bandung,Small,1153905028.0,71680826.0,49,9,55430536.0,21,2639549.3333333335,18,211838436.0,25,8473537.44,22,2
CUST00307,Construction,Medan,Medium,21854309316.0,1732431392.0,206,2,439647121.0,25,17585884.84,22,186099574.0,19,9794714.421052631,15,2
CUST00308,Retail,Bandung,Medium,16701915691.0,2302052252.0,209,13,614306354.0,23,26708971.913043477,17,88739517.0,16,5546219.8125,13,2
CUST00309,Education,Medan,Small,2659857032.0,365865478.0,49,10,47506315.0,27,1759493.148148148,26,695306714.0,25,27812268.56,23,2
CUST00310,Wholesale,Makassar,Medium,26761829628.0,3004966284.0,129,3,640089774.0,30,21336325.8,24,175376526.0,18,9743140.333333334,17,3
CUST00311,Retail,Surabaya,Small,681863142.0,90740755.0,26,8,65140344.0,27,2412605.3333333335,24,784694594.0,39,20120374.205128204,30,1
CUST00312,Manufacturing,Jakarta,Small,1933734309.0,78611699.0,30,12,34945758.0,22,1588443.5454545454,20,951957684.0,25,38078307.36,24,1
CUST00313,Manufacturing,Surabaya,Medium,11874929414.0,1588858397.0,183,10,395316437.0,24,16471518.208333334,21,940310560.0,26,36165790.76923077,23,2
CUST00314,Hospitality,Makassar,Medium,39719947577.0,2719799133.0,172,9,778990543.0,23,33869154.04347826,22,726260779.0,31,23427767.06451613,25,3
CUST00315,Technology,Semarang,Medium,19638319975.0,1009405356.0,84,13,601237128.0,30,20041237.6,27,221201199.0,24,9216716.625,20,3
CUST00316,Healthcare,Semarang,Medium,9913950064.0,582190574.0,82,3,679964957.0,33,20604998.696969695,28,414719031.0,23,18031262.217391305,20,4
CUST00317,Retail,Makassar,Medium,6029186324.0,483276791.0,67,6,516876197.0,24,21536508.208333332,21,400846207.0,25,16033848.28,20,4
CUST00318,Wholesale,Medan,Small,2454210220.0,147603665.0,11,7,60304227.0,20,3015211.35,18,570927663.0,29,19687160.79310345,21,2
CUST00319,Manufacturing,Yogyakarta,Small,2833481984.0,194003157.0,37,1,67963564.0,31,2192373.0322580645,22,314906776.0,36,8747410.444444444,30,3
CUST00320,Wholesale,Yogyakarta,Small,1274431881.0,58875463.0,35,14,61464345.0,23,2672362.8260869565,19,448062742.0,23,19480988.782608695,19,2
CUST00321,Construction,Medan,Small,2181669743.0,142989279.0,16,7,73564292.0,29,2536699.724137931,24,512450734.0,32,16014085.4375,26,1
CUST00322,Healthcare,Semarang,Medium,23635183377.0,2332179449.0,139,4,629014890.0,23,27348473.47826087,22,257403745.0,22,11700170.227272727,19,3
CUST00323,Healthcare,Semarang,Large,44932449481.0,3730401814.0,2656,5,2337572479.0,28,83484731.39285715,21,1363641025.0,26,52447731.73076923,24,4
CUST00324,Wholesale,Semarang,Small,2036267671.0,145809495.0,12,8,97484304.0,29,3361527.724137931,22,277977867.0,23,12085994.217391305,20,1
CUST00325,Hospitality,Surabaya,Small,1796917298.0,214865048.0,36,4,89206195.0,29,3076075.6896551726,26,757260829.0,35,21636023.685714286,31,2
CUST00326,Education,Semarang,Medium,11559178536.0,1586164310.0,50,4,575941444.0,25,23037657.76,20,580895426.0,28,20746265.214285713,23,3
CUST00327,Agriculture,Bandung,Small,2231745136.0,269627634.0,26,8,65426440.0,32,2044576.25,25,878538407.0,25,35141536.28,18,3
CUST00328,Agriculture,Jakarta,Medium,8826442495.0,616439488.0,266,5,427515066.0,21,20357860.285714287,18,338860823.0,29,11684855.965517242,25,2
CUST00329,Retail,Semarang,Medium,16546283134.0,1974518600.0,83,13,235074760.0,15,15671650.666666666,14,176898012.0,24,7370750.5,18,3
CUST00330,Wholesale,Medan,Medium,9656041584.0,465784483.0,152,6,440824649.0,25,17632985.96,21,432847434.0,29,14925773.586206896,26,3
CUST00331,Retail,Jakarta,Small,1209774022.0,55211859.0,18,12,80410922.0,25,3216436.88,20,458243293.0,24,19093470.541666668,21,1
CUST00332,Education,Surabaya,Small,1268334322.0,90654506.0,37,11,80492735.0,26,3095874.423076923,21,285771662.0,18,15876203.444444444,15,2
CUST00333,Manufacturing,Medan,Medium,13824284192.0,1754637377.0,261,14,471652731.0,23,20506640.47826087,20,455679456.0,29,15713084.689655172,25,2
CUST00334,Manufacturing,Jakarta,Medium,12008212000.0,715230597.0,56,5,396519233.0,18,22028846.277777776,15,319566383.0,28,11413085.107142856,23,2
CUST00335,Manufacturing,Medan,Small,1493199179.0,56129968.0,8,1,68898850.0,25,2755954.0,19,729554987.0,21,34740713.666666664,12,1
CUST00336,Manufacturing,Surabaya,Medium,15148854443.0,693895463.0,129,7,851485503.0,31,27467274.29032258,27,560693462.0,24,23362227.583333332,22,3
CUST00337,Technology,Bandung,Small,3298136382.0,438815054.0,32,6,44929877.0,23,1953472.9130434783,18,227344268.0,24,9472677.833333334,21,2
CUST00338,Healthcare,Surabaya,Medium,11016025567.0,1168293511.0,206,2,462550496.0,24,19272937.333333332,22,583435304.0,23,25366752.347826086,19,3
CUST00339,Construction,Surabaya,Small,2063767637.0,124618833.0,20,11,69165469.0,27,2561684.037037037,24,638005603.0,29,22000193.20689655,26,1
CUST00340,Manufacturing,Medan,Large,68037592561.0,6574846711.0,914,7,2529062439.0,22,114957383.5909091,19,411552550.0,28,14698305.357142856,18,3
CUST00341,Construction,Makassar,Small,1273838536.0,118861307.0,23,6,50229133.0,24,2092880.5416666667,22,216715730.0,29,7472956.206896552,26,2
CUST00342,Construction,Yogyakarta,Small,1218158438.0,132355737.0,25,5,78628362.0,26,3024167.769230769,19,245101853.0,30,8170061.766666667,25,3
CUST00343,Wholesale,Semarang,Small,3509762938.0,203504852.0,26,8,92105449.0,29,3176049.9655172415,27,543060491.0,37,14677310.567567568,27,2
CUST00344,Retail,Semarang,Small,1011418981.0,135255400.0,13,5,65049338.0,22,2956788.090909091,19,822685302.0,21,39175490.571428575,20,2
CUST00345,Retail,Bandung,Medium,36775243304.0,2468509796.0,260,11,375381517.0,23,16320935.52173913,20,323096152.0,26,12426775.076923076,23,3
CUST00346,Agriculture,Bandung,Large,54389494782.0,6162101240.0,2361,2,2339058408.0,21,111383733.71428572,18,359753220.0,18,19986290.0,16,3
CUST00347,Agriculture,Semarang,Small,1469326881.0,46922892.0,31,6,89200577.0,28,3185734.8928571427,23,239322636.0,20,11966131.8,18,3
CUST00348,Manufacturing,Yogyakarta,Small,1868147365.0,139585833.0,21,14,60800126.0,26,2338466.3846153845,21,416295185.0,29,14355006.379310345,24,2
CUST00349,Retail,Semarang,Medium,45065295076.0,3253947660.0,198,12,398736203.0,19,20986115.94736842,16,481859793.0,25,19274391.72,21,3
CUST00350,Agriculture,Makassar,Medium,11751996595.0,1119003156.0,91,1,553843612.0,27,20512726.37037037,20,304156183.0,28,10862720.82142857,23,2
CUST00351,Construction,Yogyakarta,Medium,6682673254.0,258808918.0,110,5,337539797.0,15,22502653.133333333,14,302821679.0,22,13764621.772727273,19,2
CUST00352,Technology,Bandung,Small,1487806235.0,185701673.0,20,14,64244040.0,23,2793219.1304347827,20,289019984.0,27,10704443.851851853,21,1
CUST00353,Healthcare,Jakarta,Small,1646480786.0,92423052.0,22,6,70054886.0,25,2802195.44,22,377820594.0,29,13028296.344827587,22,1
CUST00354,Wholesale,Medan,Medium,12747502115.0,1418089981.0,83,7,540949070.0,26,20805733.46153846,23,425048697.0,26,16348026.807692308,22,3
CUST00355,Manufacturing,Makassar,Small,2551350238.0,322453560.0,5,14,57113822.0,23,2483209.652173913,20,173817071.0,19,9148266.894736841,17,3
CUST00356,Agriculture,Makassar,Medium,12764061201.0,1243541659.0,158,2,542189211.0,27,20081081.888888888,25,458521646.0,22,20841893.0,21,3
CUST00357,Manufacturing,Bandung,Small,3733749720.0,443965187.0,10,1,83337696.0,26,3205296.0,23,212789728.0,21,10132844.19047619,18,2
CUST00358,Agriculture,Bandung,Medium,20337145032.0,2225356250.0,64,6,494980763.0,27,18332620.85185185,23,1108373486.0,28,39584767.35714286,18,3
CUST00359,Logistics,Surabaya,Small,1173146108.0,85244991.0,9,3,45416774.0,20,2270838.7,20,833664725.0,24,34736030.208333336,18,2
CUST00360,Agriculture,Makassar,Medium,11040555745.0,1402846407.0,267,5,863749793.0,31,27862896.548387095,23,523413286.0,28,18693331.64285714,26,3
CUST00361,Retail,Surabaya,Small,3964183224.0,259115524.0,22,12,65463912.0,26,2517842.769230769,23,402365172.0,25,16094606.88,23,2
CUST00362,Agriculture,Surabaya,Medium,16823870464.0,1657917570.0,74,11,464122082.0,27,17189706.740740743,22,271848280.0,17,15991075.294117646,15,3
CUST00363,Construction,Medan,Small,1751947433.0,209266142.0,5,13,58053994.0,18,3225221.888888889,15,670306606.0,26,25781023.307692308,20,1
CUST00364,Construction,Surabaya,Medium,22689827413.0,1712508125.0,108,2,754834814.0,32,23588587.9375,30,261537168.0,23,11371181.217391305,22,2
CUST00365,Logistics,Yogyakarta,Medium,16301232995.0,1081295228.0,128,1,664732949.0,39,17044434.589743588,31,134050572.0,18,7447254.0,15,2
CUST00366,Retail,Semarang,Medium,28046948005.0,2387398880.0,135,1,701964503.0,30,23398816.766666666,23,373943748.0,19,19681249.89473684,18,4
CUST00367,Hospitality,Jakarta,Medium,15860203434.0,2032574194.0,183,13,335382713.0,20,16769135.65,18,326389800.0,20,16319490.0,18,2
CUST00368,Logistics,Bandung,Medium,10504261094.0,1487304753.0,229,11,534482625.0,27,19795652.777777776,22,561309560.0,25,22452382.4,21,3
CUST00369,Wholesale,Yogyakarta,Medium,13682495308.0,1305447008.0,256,4,479082856.0,22,21776493.454545453,18,473665492.0,20,23683274.6,18,3
CUST00370,Manufacturing,Jakarta,Small,1517607095.0,165989710.0,23,10,83085890.0,34,2443702.6470588236,27,225482404.0,22,10249200.181818182,20,2
CUST00371,Manufacturing,Makassar,Medium,10603864649.0,1467498887.0,198,13,363573811.0,23,15807557.0,18,443005136.0,26,17038659.076923076,22,3
CUST00372,Manufacturing,Makassar,Small,4300931651.0,179889142.0,35,2,55542701.0,21,2644890.523809524,17,942659181.0,27,34913303.0,22,3
CUST00373,Manufacturing,Makassar,Small,1214620063.0,70265078.0,37,1,83674347.0,28,2988369.535714286,23,354300443.0,25,14172017.72,20,2
CUST00374,Healthcare,Yogyakarta,Small,947041615.0,108974185.0,22,6,83701596.0,32,2615674.875,24,245172380.0,26,9429706.923076924,21,1
CUST00375,Manufacturing,Yogyakarta,Small,1377561951.0,177497942.0,43,14,30446375.0,12,2537197.9166666665,10,231977115.0,22,10544414.318181818,20,1
CUST00376,Retail,Bandung,Medium,16211125851.0,2153542428.0,81,4,438492388.0,27,16240458.814814815,23,733410829.0,20,36670541.45,16,2
CUST00377,Technology,Semarang,Medium,25768818805.0,2056683159.0,102,10,691629930.0,33,20958482.727272727,25,229690435.0,27,8507053.148148147,22,4
CUST00378,Manufacturing,Surabaya,Medium,17301035310.0,704511796.0,108,13,533674194.0,24,22236424.75,22,159111924.0,20,7955596.2,19,2
CUST00379,Technology,Makassar,Small,3064694951.0,252940851.0,45,12,41655035.0,17,2450296.1764705884,14,286704898.0,25,11468195.92,21,1
CUST00380,Wholesale,Medan,Small,1121276235.0,64684353.0,11,7,60134848.0,27,2227216.592592593,20,669636914.0,30,22321230.466666665,19,2
CUST00381,Manufacturing,Semarang,Small,2080394167.0,135108234.0,18,11,98989485.0,31,3193209.193548387,28,391783855.0,28,13992280.535714285,23,3
CUST00382,Healthcare,Medan,Small,2390059437.0,293193627.0,47,6,63850111.0,24,2660421.2916666665,21,315746571.0,21,15035551.0,19,1
CUST00383,Agriculture,Bandung,Small,1926344676.0,75249284.0,29,5,72237784.0,26,2778376.3076923075,23,477189740.0,21,22723320.95238095,18,2
CUST00384,Technology,Bandung,Small,2174304506.0,281158764.0,36,10,42358671.0,21,2017079.5714285714,19,236027355.0,21,11239397.857142856,19,2
CUST00385,Education,Bandung,Small,2185718153.0,177743235.0,42,12,60243868.0,31,1943350.5806451612,27,712046945.0,33,21577180.151515152,27,2
CUST00386,Technology,Jakarta,Medium,10401619799.0,1056052240.0,291,13,470532324.0,27,17427123.111111112,24,196692344.0,18,10927352.444444444,15,3
CUST00387,Wholesale,Medan,Medium,14331071121.0,584109634.0,163,12,611081263.0,22,27776421.045454547,20,650824406.0,20,32541220.3,17,2
CUST00388,Wholesale,Semarang,Large,134623726534.0,9488696153.0,1976,12,1824230765.0,20,91211538.25,17,784374465.0,28,28013373.75,24,3
CUST00389,Education,Semarang,Large,55064596304.0,2244659276.0,2825,12,2547377108.0,24,106140712.83333333,21,159456627.0,18,8858701.5,16,4
CUST00390,Technology,Yogyakarta,Medium,19055111742.0,2770332122.0,115,2,437757087.0,23,19032916.826086957,19,394660401.0,33,11959406.090909092,28,3
CUST00391,Hospitality,Yogyakarta,Small,984527370.0,124908364.0,21,5,89980540.0,29,3102777.2413793104,25,637777422.0,29,21992324.896551725,24,2
CUST00392,Retail,Makassar,Medium,18555172225.0,1580082957.0,111,9,618144472.0,29,21315326.620689657,22,376058857.0,23,16350385.086956521,16,4
CUST00393,Retail,Yogyakarta,Medium,27901302318.0,1585695346.0,103,9,530630941.0,20,26531547.05,19,944287925.0,28,33724568.75,27,3
CUST00394,Education,Bandung,Small,1001713019.0,142257886.0,29,2,93580295.0,31,3018719.193548387,25,261546366.0,21,12454588.857142856,19,3
CUST00395,Retail,Semarang,Small,1815639089.0,129548739.0,17,7,48075471.0,19,2530287.947368421,16,281094958.0,20,14054747.9,16,2
CUST00396,Logistics,Medan,Medium,21932677626.0,1081678686.0,180,10,825370645.0,35,23582018.42857143,25,235247736.0,22,10693078.909090908,20,2
CUST00397,Technology,Bandung,Small,4229525766.0,412715968.0,9,14,66881480.0,19,3520077.8947368423,16,623963362.0,27,23109754.14814815,20,2
CUST00398,Retail,Jakarta,Medium,9268275231.0,1327707253.0,86,4,439913350.0,19,23153334.210526317,15,501527189.0,24,20896966.208333332,19,4
CUST00399,Education,Yogyakarta,Medium,8490444094.0,258615827.0,278,13,399089841.0,21,19004278.14285714,17,227574067.0,26,8752848.73076923,23,3
CUST00400,Education,Bandung,Small,4289078838.0,251232712.0,7,13,52910691.0,22,2405031.409090909,20,418159275.0,22,19007239.772727273,18,1
CUST00401,Manufacturing,Bandung,Small,2039792473.0,290902386.0,39,3,57324449.0,22,2605656.772727273,17,623552385.0,32,19486012.03125,26,3
CUST00402,Logistics,Jakarta,Small,1782503201.0,90070450.0,37,11,86070103.0,24,3586254.2916666665,18,383460691.0,20,19173034.55,16,1
CUST00403,Construction,Surabaya,Small,1726237168.0,75245322.0,26,1,84860627.0,28,3030736.6785714286,23,398011631.0,24,16583817.958333334,22,2
CUST00404,Technology,Semarang,Small,963240000.0,94804456.0,48,3,56633635.0,22,2574256.1363636362,21,494393927.0,24,20599746.958333332,21,2
CUST00405,Retail,Medan,Medium,13144687952.0,1753780813.0,173,11,398859189.0,20,19942959.45,15,577474761.0,24,24061448.375,19,3
CUST00406,Logistics,Makassar,Small,2501812693.0,218291109.0,45,9,48533094.0,20,2426654.7,18,169548596.0,15,11303239.733333332,14,2
CUST00407,Retail,Surabaya,Small,1681564623.0,251137827.0,22,14,52841015.0,22,2401864.3181818184,22,410498809.0,29,14155131.344827587,26,2
CUST00408,Manufacturing,Yogyakarta,Small,2416573905.0,269449450.0,33,9,61938077.0,23,2692959.8695652173,21,516778661.0,30,17225955.366666667,27,1
CUST00409,Logistics,Bandung,Large,131619771749.0,5118559838.0,2055,7,1397441663.0,19,73549561.21052632,17,377307500.0,21,17967023.80952381,17,3
CUST00410,Manufacturing,Jakarta,Small,1877102978.0,279950867.0,31,3,63985503.0,30,2132850.1,29,387808907.0,33,11751785.06060606,27,2
CUST00411,Retail,Jakarta,Small,2306175045.0,182066313.0,40,13,94923205.0,32,2966350.15625,27,618798558.0,27,22918465.111111112,22,2
CUST00412,Hospitality,Semarang,Medium,16508537796.0,1064607605.0,210,3,1049582948.0,22,47708315.81818182,19,464636783.0,27,17208769.740740743,20,3
CUST00413,Hospitality,Surabaya,Medium,26221154427.0,2542022980.0,241,4,705208782.0,31,22748670.387096774,25,118727808.0,23,5162078.608695652,21,3
CUST00414,Agriculture,Makassar,Small,1641473810.0,109185767.0,38,7,82800980.0,22,3763680.909090909,21,355426893.0,22,16155767.863636363,19,1
CUST00415,Agriculture,Semarang,Medium,7563481665.0,305374822.0,97,7,260298467.0,15,17353231.133333333,14,197903390.0,19,10415967.894736841,15,2
CUST00416,Construction,Bandung,Small,1602470414.0,48348778.0,9,12,55319005.0,22,2514500.227272727,17,770431662.0,25,30817266.48,21,2
CUST00417,Wholesale,Semarang,Small,2014277510.0,169098602.0,18,12,87325344.0,32,2728917.0,28,178609983.0,17,10506469.588235294,15,3
CUST00418,Retail,Medan,Small,1923424311.0,250859943.0,7,14,50027889.0,19,2633046.789473684,18,716613987.0,29,24710827.137931034,26,3
CUST00419,Healthcare,Jakarta,Small,4050559712.0,399700411.0,27,2,105057695.0,33,3183566.515151515,26,537613752.0,36,14933715.333333334,29,2
CUST00420,Education,Jakarta,Medium,18829920603.0,2822696911.0,106,12,394621084.0,21,18791480.19047619,17,268685946.0,23,11681997.652173912,19,2
CUST00421,Education,Yogyakarta,Small,2876390273.0,185301656.0,34,5,69368753.0,23,3016032.7391304346,18,217007361.0,19,11421440.05263158,15,2
CUST00422,Education,Yogyakarta,Small,1290704431.0,82159284.0,49,7,71390852.0,23,3103950.086956522,18,309357464.0,24,12889894.333333334,21,1
CUST00423,Manufacturing,Makassar,Medium,28169226093.0,1385079022.0,166,7,588162560.0,26,22621636.923076924,21,404901342.0,33,12269737.636363637,27,2
CUST00424,Construction,Bandung,Medium,19248849984.0,956429747.0,105,6,471468836.0,31,15208672.129032258,28,304887501.0,28,10888839.32142857,23,2
CUST00425,Manufacturing,Medan,Small,1460494394.0,93796443.0,14,10,89753630.0,32,2804800.9375,26,126015654.0,20,6300782.7,17,1
CUST00426,Construction,Surabaya,Medium,15919948681.0,1992235200.0,208,10,677663075.0,25,27106523.0,24,359248925.0,27,13305515.74074074,20,3
CUST00427,Construction,Semarang,Small,4307697535.0,597438081.0,17,12,125962618.0,35,3598931.942857143,25,759788601.0,32,23743393.78125,26,2
CUST00428,Logistics,Makassar,Medium,16672993334.0,2451104426.0,107,8,637005313.0,28,22750189.75,23,480642669.0,21,22887746.14285714,16,3
CUST00429,Retail,Bandung,Medium,8677240612.0,502193205.0,189,3,310892703.0,17,18287806.05882353,13,490953929.0,19,25839680.47368421,17,2
CUST00430,Manufacturing,Yogyakarta,Large,131432251261.0,17842677992.0,810,1,2189432615.0,21,104258695.95238096,19,909066983.0,24,37877790.958333336,19,3
CUST00431,Manufacturing,Semarang,Small,2402936984.0,166741265.0,41,3,60504330.0,21,2881158.5714285714,16,226802000.0,23,9860956.52173913,22,1
CUST00432,Education,Yogyakarta,Small,2451711438.0,106749638.0,26,11,60585934.0,21,2885044.476190476,17,190487277.0,24,7936969.875,19,2
CUST00433,Agriculture,Semarang,Small,1064982512.0,143136835.0,21,2,76503334.0,26,2942435.923076923,23,212926036.0,17,12525060.94117647,15,3
CUST00434,Manufacturing,Surabaya,Small,2195030258.0,233403442.0,27,2,84961064.0,29,2929691.8620689656,22,503939375.0,33,15270890.151515152,23,1
CUST00435,Manufacturing,Bandung,Small,3784093524.0,188325660.0,40,14,45460235.0,18,2525568.611111111,16,455750995.0,19,23986894.47368421,16,2
CUST00436,Healthcare,Semarang,Large,103774107920.0,8465865874.0,1014,14,3932756095.0,37,106290705.27027027,28,690459754.0,31,22272895.29032258,25,5
CUST00437,Manufacturing,Medan,Small,2143840163.0,138215355.0,6,2,53738959.0,23,2336476.4782608696,20,511385861.0,31,16496318.096774194,28,2
CUST00438,Technology,Makassar,Small,4321138541.0,511689125.0,36,5,74444538.0,33,2255895.090909091,26,276915737.0,26,10650605.26923077,21,2
CUST00439,Healthcare,Jakarta,Medium,13722737532.0,1158335557.0,150,13,628633471.0,21,29934927.19047619,19,306202713.0,24,12758446.375,23,3
CUST00440,Manufacturing,Medan,Small,1513382371.0,225060531.0,47,1,81928559.0,22,3724025.409090909,20,581553286.0,37,15717656.378378378,30,1
CUST00441,Manufacturing,Medan,Medium,10811362251.0,395365008.0,282,10,455966868.0,27,16887661.777777776,24,1233547020.0,25,49341880.8,21,4
CUST00442,Hospitality,Makassar,Small,2823726584.0,205007723.0,12,4,75758591.0,23,3293851.782608696,18,315103602.0,27,11670503.777777778,22,2
CUST00443,Retail,Jakarta,Small,923245442.0,81086819.0,5,14,69338378.0,26,2666860.6923076925,23,398063492.0,17,23415499.529411763,15,1
CUST00444,Retail,Medan,Small,2273539959.0,205473508.0,21,10,62100643.0,22,2822756.5,19,505664039.0,22,22984729.045454547,20,2
CUST00445,Technology,Semarang,Small,2880034973.0,195589795.0,16,5,60638297.0,21,2887537.9523809524,17,714246600.0,33,21643836.363636363,29,2
CUST00446,Logistics,Semarang,Large,148954933418.0,17503519933.0,2180,2,2167329561.0,27,80271465.22222222,23,766659940.0,24,31944164.166666668,19,3
CUST00447,Hospitality,Semarang,Small,3291295728.0,444225029.0,17,5,64253539.0,22,2920615.409090909,17,303294424.0,30,10109814.133333333,23,1
CUST00448,Education,Jakarta,Small,2668939436.0,380714379.0,35,10,60216291.0,23,2618099.6086956523,20,391615947.0,22,17800724.863636363,17,1
CUST00449,Retail,Medan,Small,5242348494.0,663740061.0,45,4,88338164.0,25,3533526.56,19,522118369.0,26,20081475.730769232,20,2
CUST00450,Manufacturing,Jakarta,Small,1426716823.0,188425954.0,11,8,55961382.0,19,2945335.8947368423,17,691402517.0,31,22303307.0,22,2
CUST00451,Education,Semarang,Medium,12042634266.0,1156880912.0,142,1,610001492.0,25,24400059.68,18,664081963.0,27,24595628.259259257,21,2
CUST00452,Agriculture,Makassar,Small,1265353364.0,163365454.0,28,12,60135088.0,31,1939841.5483870967,26,503100196.0,21,23957152.19047619,20,1
CUST00453,Retail,Medan,Medium,7178769491.0,476817237.0,149,5,787172685.0,34,23152137.79411765,25,499665953.0,28,17845212.60714286,26,4
CUST00454,Logistics,Medan,Large,76826722707.0,5978459765.0,689,14,1185083359.0,15,79005557.26666667,12,201412240.0,22,9155101.818181818,19,3
CUST00455,Manufacturing,Yogyakarta,Medium,17316716933.0,1178048662.0,123,14,597042938.0,29,20587687.51724138,23,412932289.0,20,20646614.45,19,3
CUST00456,Construction,Yogyakarta,Large,63519092329.0,5468135087.0,1540,11,3366973935.0,27,124702738.33333333,25,524831205.0,21,24991962.14285714,17,4
CUST00457,Manufacturing,Surabaya,Small,1612158888.0,103612733.0,13,12,69204811.0,30,2306827.033333333,21,481228865.0,20,24061443.25,16,2
CUST00458,Construction,Bandung,Small,900387755.0,130910413.0,10,10,45229731.0,19,2380512.1578947366,18,208632321.0,22,9483287.318181818,18,2
CUST00459,Manufacturing,Yogyakarta,Small,1465905586.0,99009250.0,29,1,49786452.0,22,2263020.5454545454,18,309472948.0,25,12378917.92,23,3
CUST00460,Manufacturing,Jakarta,Medium,15705075077.0,655927872.0,186,10,747721454.0,34,21991807.470588237,30,316282283.0,23,13751403.608695652,19,3
CUST00461,Manufacturing,Yogyakarta,Large,123223521397.0,11486657602.0,906,10,2941197840.0,20,147059892.0,16,305220165.0,23,13270441.956521738,20,4
CUST00462,Agriculture,Surabaya,Small,1985173057.0,73157378.0,25,4,50719330.0,20,2535966.5,14,416316089.0,30,13877202.966666667,25,2
CUST00463,Education,Medan,Medium,4570608035.0,197748179.0,211,8,515566898.0,21,24550804.666666668,19,627528980.0,25,25101159.2,19,2
CUST00464,Agriculture,Surabaya,Small,1688579443.0,95112153.0,14,1,61075405.0,22,2776154.772727273,20,512860654.0,30,17095355.133333333,25,1
CUST00465,Hospitality,Medan,Medium,15763947654.0,1351317593.0,265,11,367805407.0,18,20433633.722222224,16,557642486.0,32,17426327.6875,23,3
CUST00466,Retail,Makassar,Small,1264826351.0,103703254.0,41,2,100212084.0,32,3131627.625,24,653864435.0,24,27244351.458333332,18,2
CUST00467,Wholesale,Makassar,Large,43110494808.0,5430328268.0,1002,1,2457492468.0,31,79273950.58064516,26,578681232.0,17,34040072.47058824,16,4
CUST00468,Technology,Medan,Medium,24990177767.0,2967257700.0,193,11,425589268.0,22,19344966.727272727,18,900650594.0,36,25018072.055555556,26,3
CUST00469,Wholesale,Bandung,Small,2553242601.0,207216562.0,17,7,44316753.0,22,2014397.8636363635,19,873301452.0,33,26463680.363636363,25,1
CUST00470,Hospitality,Yogyakarta,Small,1253149867.0,87776262.0,36,2,27133103.0,14,1938078.7857142857,10,155860583.0,22,7084571.954545454,20,1
CUST00471,Manufacturing,Jakarta,Small,2125953795.0,144514375.0,49,1,71387651.0,27,2643987.074074074,21,479890145.0,24,19995422.708333332,18,1
CUST00472,Hospitality,Jakarta,Small,2154064979.0,264690235.0,12,12,78251287.0,31,2524235.064516129,25,356573049.0,27,13206409.222222222,23,1
CUST00473,Manufacturing,Semarang,Small,1463288198.0,53042278.0,47,6,49695259.0,23,2160663.434782609,20,178197077.0,16,11137317.3125,12,2
CUST00474,Logistics,Medan,Medium,49319362715.0,1555463551.0,188,6,484009728.0,28,17286061.714285713,25,332543378.0,15,22169558.533333335,14,3
CUST00475,Construction,Jakarta,Medium,10015951756.0,1256654663.0,174,10,413638325.0,20,20681916.25,16,343231620.0,25,13729264.8,22,4
CUST00476,Hospitality,Bandung,Small,1209810598.0,105565127.0,30,2,51181635.0,26,1968524.423076923,19,499010294.0,33,15121524.06060606,27,3
CUST00477,Manufacturing,Medan,Small,2091684602.0,95601986.0,14,1,63602775.0,25,2544111.0,23,365740217.0,15,24382681.133333333,13,2
CUST00478,Agriculture,Bandung,Medium,12823996559.0,747227505.0,299,14,434168304.0,26,16698780.923076924,24,123496843.0,23,5369427.956521739,21,2
CUST00479,Hospitality,Jakarta,Medium,11999040166.0,1702669492.0,91,10,587747338.0,30,19591577.933333334,22,212672253.0,18,11815125.166666666,17,2
CUST00480,Construction,Jakarta,Small,2541926266.0,338432971.0,33,3,77565952.0,29,2674688.0,25,527753241.0,32,16492288.78125,28,2
CUST00481,Agriculture,Semarang,Medium,7544110106.0,868886892.0,189,10,350798097.0,21,16704671.285714285,20,516854713.0,18,28714150.722222224,17,2
CUST00482,Healthcare,Jakarta,Small,1621068950.0,142438510.0,17,14,59461160.0,16,3716322.5,13,593901786.0,13,45684752.76923077,11,2
CUST00483,Construction,Medan,Small,1480700649.0,136874243.0,5,5,49909980.0,19,2626841.052631579,17,379359441.0,24,15806643.375,22,3
CUST00484,Agriculture,Makassar,Small,3144446976.0,462325977.0,27,6,47623904.0,22,2164722.909090909,21,272048491.0,25,10881939.64,20,2
CUST00485,Agriculture,Medan,Small,1194413157.0,174255866.0,44,3,40528110.0,19,2133058.4210526315,18,645180196.0,26,24814622.923076924,23,1
CUST00486,Logistics,Medan,Small,1082885784.0,60459988.0,7,9,32538043.0,18,1807669.0555555555,15,92370334.0,17,5433549.05882353,15,2
CUST00487,Manufacturing,Semarang,Large,78055817254.0,9939046094.0,1683,11,3533113297.0,27,130856048.03703703,23,382675084.0,22,17394322.0,20,3
CUST00488,Wholesale,Semarang,Medium,17036804665.0,914350313.0,137,5,528009157.0,31,17032553.451612905,23,443961998.0,22,20180090.818181816,20,3
CUST00489,Hospitality,Jakarta,Medium,17477702713.0,972188428.0,118,13,416147467.0,29,14349912.655172413,21,430745386.0,25,17229815.44,24,4
CUST00490,Logistics,Surabaya,Small,763400514.0,84837588.0,39,2,75045810.0,26,2886377.3076923075,21,294664984.0,23,12811521.043478262,18,3
CUST00491,Construction,Surabaya,Small,1064860585.0,83698182.0,19,10,99474102.0,26,3825927.0,20,706166061.0,22,32098457.318181816,20,2
CUST00492,Agriculture,Semarang,Medium,12720838013.0,1803628201.0,299,6,572914163.0,24,23871423.458333332,18,507712773.0,16,31732048.3125,13,2
CUST00493,Wholesale,Jakarta,Small,2413553988.0,98186196.0,7,12,56312619.0,19,2963822.052631579,16,310615064.0,19,16348161.263157895,17,2
CUST00494,Wholesale,Surabaya,Small,2927930531.0,267563301.0,33,8,43073805.0,15,2871587.0,12,663951780.0,29,22894888.96551724,24,1
CUST00495,Construction,Jakarta,Small,2163690171.0,303398226.0,34,11,65421945.0,21,3115330.714285714,18,579127478.0,26,22274133.769230768,23,1
CUST00496,Retail,Jakarta,Medium,24652590230.0,3414226938.0,103,6,532519093.0,21,25358052.04761905,17,824494729.0,31,26596604.16129032,27,3
CUST00497,Agriculture,Jakarta,Small,1678526770.0,81884420.0,22,4,108695861.0,33,3293813.9696969697,25,1070944005.0,30,35698133.5,23,1
CUST00498,Manufacturing,Yogyakarta,Small,4092084049.0,302799996.0,15,6,87956284.0,29,3032975.3103448274,22,970620806.0,32,30331900.1875,26,1
CUST00499,Hospitality,Medan,Medium,17945731844.0,1871642350.0,90,8,537827477.0,22,24446703.5,20,884807920.0,26,34031073.84615385,23,3
CUST00500,Hospitality,Jakarta,Small,2350683764.0,115482949.0,42,8,66524014.0,22,3023818.8181818184,19,578631817.0,28,20665422.035714287,26,2
CUST00501,Healthcare,Yogyakarta,Small,1282271616.0,187420231.0,44,13,81368886.0,26,3129572.5384615385,20,701324972.0,23,30492390.086956523,18,2
CUST00502,Construction,Semarang,Small,2544152341.0,355595968.0,5,10,48159956.0,21,2293331.238095238,15,1030139995.0,21,49054285.47619048,16,3
CUST00503,Wholesale,Surabaya,Small,1254189158.0,62752127.0,33,2,79290533.0,30,2643017.7666666666,23,521964706.0,26,20075565.615384616,20,2
CUST00504,Technology,Medan,Medium,8865051406.0,394837469.0,239,8,653152258.0,26,25121240.692307692,24,245583520.0,24,10232646.666666666,21,3
CUST00505,Healthcare,Makassar,Small,2103482715.0,84663114.0,32,6,90569998.0,36,2515833.277777778,33,398930243.0,29,13756215.27586207,25,2
CUST00506,Wholesale,Surabaya,Small,4385198131.0,610126823.0,35,2,99737011.0,34,2933441.5,25,212257032.0,21,10107477.714285715,17,2
CUST00507,Logistics,Medan,Medium,25084877221.0,1335389856.0,96,1,434812765.0,23,18904902.826086957,22,394687794.0,22,17940354.272727273,21,2
CUST00508,Technology,Makassar,Medium,6878532915.0,549967537.0,54,6,565970482.0,22,25725931.0,20,330539511.0,20,16526975.55,19,3
CUST00509,Logistics,Surabaya,Medium,8819124300.0,739590847.0,253,13,537112349.0,30,17903744.966666665,23,467906940.0,25,18716277.6,24,2
CUST00510,Healthcare,Medan,Small,1756978070.0,179003254.0,47,7,78453440.0,20,3922672.0,18,214169987.0,23,9311738.56521739,20,1
CUST00511,Agriculture,Surabaya,Small,2097475432.0,80979837.0,19,14,61375163.0,23,2668485.347826087,19,266755168.0,28,9526970.285714285,22,1
CUST00512,Retail,Surabaya,Large,119006391370.0,6808478713.0,1426,14,1831589950.0,20,91579497.5,13,537438408.0,22,24429018.545454547,16,4
CUST00513,Logistics,Makassar,Medium,7999906547.0,1134217522.0,87,10,689620900.0,25,27584836.0,21,242116662.0,22,11005302.818181818,19,3
CUST00514,Technology,Surabaya,Small,2619763026.0,364171196.0,47,5,58198229.0,21,2771344.238095238,18,323083187.0,28,11538685.25,24,1
CUST00515,Manufacturing,Surabaya,Small,1872750322.0,231761987.0,49,14,72144757.0,23,3136728.565217391,21,221970042.0,26,8537309.307692308,18,1
CUST00516,Manufacturing,Makassar,Small,1531626497.0,49514650.0,30,10,46308234.0,23,2013401.4782608696,20,231397283.0,13,17799791.0,12,1
CUST00517,Retail,Semarang,Large,171363887190.0,11865374734.0,1577,8,2581868899.0,27,95624774.03703703,21,241027167.0,27,8926932.111111112,18,3
CUST00518,Technology,Jakarta,Small,1460570660.0,153878492.0,40,11,66896835.0,27,2477660.5555555555,17,223867705.0,33,6783869.848484849,26,2
CUST00519,Hospitality,Bandung,Small,2103904707.0,132594019.0,37,13,42275048.0,19,2225002.5263157897,18,261724040.0,19,13774949.47368421,18,2
CUST00520,Manufacturing,Yogyakarta,Small,2443455728.0,340007850.0,24,12,61601576.0,19,3242188.210526316,17,672942423.0,28,24033657.964285713,21,1
CUST00521,Agriculture,Bandung,Medium,20159515328.0,2138253978.0,219,9,467861981.0,21,22279141.95238095,18,442391704.0,24,18432987.666666668,22,3
CUST00522,Retail,Bandung,Medium,21773201736.0,841072788.0,172,4,607617178.0,31,19600554.129032258,25,134326141.0,18,7462563.388888889,16,2
CUST00523,Hospitality,Medan,Small,3657985273.0,508755045.0,9,7,45654122.0,22,2075187.3636363635,20,284398364.0,26,10938398.615384616,21,2
CUST00524,Technology,Jakarta,Medium,45002910033.0,6522361711.0,203,8,625519353.0,27,23167383.444444444,19,341887136.0,31,11028617.290322581,30,3
CUST00525,Technology,Medan,Large,51358942250.0,2019715581.0,1551,13,3819293956.0,41,93153511.12195122,31,348437568.0,23,15149459.47826087,19,3
CUST00526,Construction,Jakarta,Small,3215541149.0,301885383.0,31,6,86227781.0,27,3193621.5185185187,25,442879491.0,24,18453312.125,20,1
CUST00527,Retail,Makassar,Small,2000400985.0,132834055.0,27,2,64431127.0,18,3579507.0555555555,16,606052187.0,28,21644720.964285713,25,2
CUST00528,Wholesale,Makassar,Small,1115632268.0,86060642.0,18,7,81126214.0,21,3863153.0476190476,16,325701929.0,24,13570913.708333334,21,3
CUST00529,Manufacturing,Jakarta,Medium,6532021248.0,336778906.0,171,13,314945121.0,15,20996341.4,12,216204037.0,21,10295430.333333334,16,2
CUST00530,Technology,Surabaya,Medium,15829112647.0,1572917590.0,136,9,427606258.0,23,18591576.43478261,22,634770258.0,24,26448760.75,19,4
CUST00531,Technology,Semarang,Medium,14988283047.0,2172664375.0,180,5,534072065.0,25,21362882.6,22,353688329.0,32,11052760.28125,27,3
CUST00532,Hospitality,Surabaya,Medium,13538000857.0,1223411701.0,104,2,373094917.0,19,19636574.57894737,18,343178343.0,26,13199167.038461538,22,4
CUST00533,Hospitality,Semarang,Small,2239995190.0,89487247.0,8,4,54649117.0,22,2484050.772727273,20,535184417.0,24,22299350.708333332,15,1
CUST00534,Agriculture,Medan,Large,39211318811.0,4093667958.0,2480,3,1466617367.0,17,86271609.8235294,16,410934044.0,26,15805155.538461538,21,4
CUST00535,Education,Semarang,Small,1719559637.0,121790837.0,23,4,57871656.0,25,2314866.24,21,151150354.0,20,7557517.7,16,2
CUST00536,Logistics,Medan,Small,1401995766.0,186060292.0,35,10,74674052.0,23,3246697.913043478,19,1381497540.0,29,47637846.20689655,21,2
CUST00537,Technology,Makassar,Medium,10044265514.0,825250694.0,112,7,531486651.0,30,17716221.7,23,559165310.0,28,19970189.64285714,24,3
CUST00538,Wholesale,Bandung,Medium,14588333929.0,775235051.0,140,10,719981528.0,33,21817622.060606062,27,550184923.0,28,19649461.535714287,27,3
CUST00539,Construction,Makassar,Small,1616662826.0,85574287.0,17,8,63666014.0,22,2893909.727272727,19,387919319.0,25,15516772.76,19,3
CUST00540,Manufacturing,Makassar,Medium,38951054896.0,4761832744.0,280,1,780564124.0,27,28909782.37037037,25,536705180.0,22,24395690.0,20,2
CUST00541,Hospitality,Bandung,Large,70801923243.0,4380551227.0,2640,13,2706703163.0,26,104103967.8076923,20,843712525.0,28,30132590.17857143,20,4
CUST00542,Agriculture,Semarang,Small,2165576998.0,264347669.0,35,8,83452160.0,29,2877660.6896551726,25,1105611503.0,30,36853716.766666666,23,1
CUST00543,Wholesale,Semarang,Large,56761496152.0,3105221500.0,1493,5,1906697789.0,18,105927654.94444445,15,283792807.0,23,12338817.695652174,20,5
CUST00544,Healthcare,Medan,Small,2247807470.0,154204907.0,27,12,49642510.0,24,2068437.9166666667,21,331398428.0,28,11835658.142857144,24,1
CUST00545,Agriculture,Surabaya,Small,1959289831.0,168221562.0,31,7,67119814.0,27,2485919.037037037,18,358145683.0,22,16279349.227272727,14,2
CUST00546,Retail,Medan,Small,1417508572.0,202963841.0,10,11,73620361.0,28,2629298.6071428573,24,162233819.0,13,12479524.538461538,10,1
CUST00547,Manufacturing,Surabaya,Medium,26362438525.0,3738398645.0,214,11,461569037.0,19,24293107.210526317,16,602858522.0,22,27402660.09090909,18,3
CUST00548,Healthcare,Makassar,Medium,17891074874.0,980871472.0,143,1,610070865.0,32,19064714.53125,26,383056896.0,22,17411677.09090909,17,2
CUST00549,Construction,Bandung,Small,1221117059.0,89124798.0,49,2,56150454.0,26,2159632.846153846,20,1297616785.0,26,49908337.884615384,20,1
CUST00550,Education,Makassar,Small,2916411075.0,139777536.0,17,1,66165835.0,22,3007537.9545454546,18,392576090.0,26,15099080.384615384,23,2
CUST00551,Construction,Jakarta,Medium,16006658011.0,1459778551.0,230,5,598272686.0,30,19942422.866666667,28,490679009.0,34,14431735.55882353,28,2
CUST00552,Technology,Semarang,Small,2122419254.0,180978490.0,5,14,79185344.0,27,2932790.5185185187,23,281404623.0,23,12234983.608695652,21,1
CUST00553,Agriculture,Surabaya,Medium,11594871282.0,1601149915.0,201,14,701946266.0,32,21935820.8125,27,537626332.0,15,35841755.46666667,14,2
CUST00554,Agriculture,Medan,Medium,10512283601.0,1488546142.0,285,6,498406237.0,22,22654828.954545453,21,338949579.0,30,11298319.3,20,2
CUST00555,Technology,Bandung,Small,782336788.0,59479569.0,26,10,68455381.0,29,2360530.379310345,25,302866047.0,21,14422192.714285715,19,2
CUST00556,Retail,Surabaya,Large,143264180730.0,12751737447.0,2082,9,2273647152.0,24,94735298.0,19,241809224.0,26,9300354.76923077,21,3
CUST00557,Manufacturing,Medan,Small,1796133684.0,247055224.0,6,8,102441072.0,28,3658609.714285714,25,546083590.0,19,28741241.57894737,17,1
CUST00558,Manufacturing,Semarang,Large,57430372358.0,7282454745.0,2690,7,2785724276.0,33,84415887.15151516,29,229881161.0,22,10449143.681818182,17,5
CUST00559,Education,Makassar,Medium,7447390401.0,226689309.0,288,12,462684772.0,23,20116729.217391305,19,389233377.0,30,12974445.9,25,2
CUST00560,Agriculture,Semarang,Medium,34684264888.0,2372651631.0,111,5,321484344.0,21,15308778.285714285,20,205420545.0,24,8559189.375,18,2
CUST00561,Healthcare,Yogyakarta,Small,1920510521.0,154817940.0,21,14,68964704.0,26,2652488.6153846155,21,229663188.0,18,12759066.0,16,1
CUST00562,Wholesale,Jakarta,Medium,16412723942.0,944814112.0,118,3,564213605.0,24,23508900.208333332,21,607627194.0,29,20952661.862068966,22,2
CUST00563,Manufacturing,Yogyakarta,Small,1840586153.0,99297035.0,12,9,61139032.0,32,1910594.75,27,180309420.0,26,6934977.692307692,22,3
CUST00564,Manufacturing,Bandung,Small,1460763422.0,50446210.0,26,13,62233184.0,28,2222613.714285714,26,140712687.0,19,7405930.894736842,15,2
CUST00565,Retail,Surabaya,Small,1766643103.0,189391856.0,8,5,98093273.0,30,3269775.7666666666,25,439079082.0,27,16262188.222222222,24,2
CUST00566,Agriculture,Bandung,Medium,7423568912.0,456558655.0,219,3,467439796.0,27,17312585.037037037,17,407355385.0,20,20367769.25,18,2
CUST00567,Retail,Makassar,Small,2500326662.0,90716005.0,12,3,58180692.0,23,2529595.304347826,22,442173398.0,27,16376792.518518519,25,2
CUST00568,Retail,Medan,Medium,25538951034.0,1474044847.0,238,3,390022444.0,26,15000863.23076923,21,348337070.0,14,24881219.285714287,12,3
CUST00569,Logistics,Semarang,Medium,14292580340.0,1804147762.0,53,14,330318122.0,11,30028920.181818184,10,399838927.0,22,18174496.681818184,19,4
CUST00570,Retail,Yogyakarta,Small,1554669632.0,205494214.0,6,6,94736827.0,30,3157894.2333333334,24,662471409.0,22,30112336.772727273,20,3
CUST00571,Construction,Yogyakarta,Medium,35322915251.0,3107284422.0,265,1,509456692.0,25,20378267.68,21,163969932.0,21,7808092.0,15,2
CUST00572,Education,Makassar,Small,1483879936.0,118604268.0,35,11,71598566.0,26,2753791.0,23,227007528.0,24,9458647.0,18,3
CUST00573,Retail,Yogyakarta,Medium,18613852915.0,2742610566.0,66,4,610912515.0,27,22626389.444444444,23,742680551.0,28,26524305.39285714,21,3
CUST00574,Agriculture,Makassar,Medium,16404858887.0,886973959.0,163,13,237145942.0,15,15809729.466666667,13,511558264.0,24,21314927.666666668,19,2
CUST00575,Technology,Bandung,Small,1231342288.0,68761988.0,30,8,87097788.0,27,3225844.0,24,265631583.0,25,10625263.32,21,1
CUST00576,Logistics,Semarang,Medium,12734138705.0,828025415.0,106,3,434740955.0,25,17389638.2,19,313322356.0,28,11190084.142857144,24,3
CUST00577,Manufacturing,Surabaya,Small,1137363304.0,57699439.0,32,5,118046367.0,28,4215941.678571428,23,565375069.0,30,18845835.633333333,26,1
CUST00578,Logistics,Medan,Small,1031731274.0,77920340.0,12,2,56343140.0,21,2683006.6666666665,16,645921210.0,27,23923007.777777776,19,1
CUST00579,Construction,Surabaya,Medium,12119442843.0,1688239688.0,97,2,208119884.0,14,14865706.0,14,313613999.0,22,14255181.772727273,20,4
CUST00580,Wholesale,Bandung,Small,1514708557.0,157289973.0,28,11,42854997.0,20,2142749.85,17,339799995.0,22,15445454.318181818,19,1
CUST00581,Construction,Medan,Small,4418972484.0,351014830.0,48,13,62379115.0,22,2835414.3181818184,17,390737815.0,29,13473717.75862069,22,1
CUST00582,Hospitality,Yogyakarta,Small,1760972538.0,250285786.0,41,7,60628548.0,24,2526189.5,18,221664184.0,24,9236007.666666666,20,3
CUST00583,Construction,Jakarta,Medium,9010148129.0,322704833.0,257,10,671150641.0,30,22371688.033333335,27,231458941.0,18,12858830.055555556,17,3
CUST00584,Retail,Bandung,Small,3091789638.0,170769254.0,35,3,50470350.0,20,2523517.5,16,238315021.0,19,12542895.842105264,13,1
CUST00585,Agriculture,Bandung,Small,1820512056.0,178240205.0,36,5,103447406.0,27,3831385.407407407,22,541176862.0,34,15916966.529411765,28,1
CUST00586,Wholesale,Semarang,Medium,21363110054.0,2218907514.0,166,3,432521268.0,27,16019306.222222222,24,144822597.0,16,9051412.3125,13,3
CUST00587,Manufacturing,Surabaya,Medium,10433422238.0,362529087.0,210,6,408740646.0,25,16349625.84,18,516506219.0,27,19129859.962962963,21,4
CUST00588,Manufacturing,Bandung,Small,3951128958.0,309628842.0,29,13,46946106.0,23,2041135.043478261,20,1238835723.0,36,34412103.416666664,32,3
CUST00589,Manufacturing,Bandung,Small,3749474818.0,404562618.0,48,10,60753754.0,23,2641467.565217391,19,380928881.0,26,14651110.807692308,23,1
CUST00590,Manufacturing,Yogyakarta,Small,2410269999.0,274212719.0,6,3,74231206.0,33,2249430.484848485,22,398345499.0,24,16597729.125,18,1
CUST00591,Manufacturing,Yogyakarta,Small,2804305913.0,298873918.0,46,8,74879691.0,23,3255638.7391304346,19,419557371.0,24,17481557.125,21,1
CUST00592,Agriculture,Medan,Small,2648462591.0,181333843.0,5,2,71951127.0,21,3426244.1428571427,21,392547391.0,25,15701895.64,20,1
CUST00593,Wholesale,Makassar,Medium,21117529349.0,870515555.0,121,3,825658293.0,27,30579936.777777776,24,454363378.0,24,18931807.416666668,20,4
CUST00594,Retail,Makassar,Medium,24107805111.0,1958843388.0,120,8,664622859.0,34,19547731.147058822,30,548743640.0,26,21105524.615384616,22,3
CUST00595,Logistics,Jakarta,Medium,14370260481.0,653135991.0,211,8,801278556.0,31,25847695.35483871,24,194813600.0,22,8855163.636363637,21,4
CUST00596,Construction,Makassar,Small,3974627462.0,571212946.0,40,1,48502894.0,26,1865495.923076923,22,178023569.0,25,7120942.76,22,1
CUST00597,Healthcare,Semarang,Medium,17813117195.0,1550106435.0,102,8,850785793.0,33,25781387.666666668,27,786178900.0,34,23122908.82352941,25,3
CUST00598,Wholesale,Jakarta,Small,2537352631.0,172720387.0,32,10,79445880.0,31,2562770.3225806453,25,206412733.0,20,10320636.65,19,2
CUST00599,Wholesale,Medan,Large,44541375691.0,5432109774.0,759,2,1962498238.0,22,89204465.36363636,17,428711627.0,21,20414839.38095238,18,4
CUST00600,Manufacturing,Yogyakarta,Medium,31130076893.0,2794043664.0,220,12,359252887.0,24,14968870.291666666,21,506077911.0,22,23003541.40909091,19,4
CUST00601,Wholesale,Makassar,Small,2347493971.0,157761179.0,46,7,73499263.0,29,2534457.3448275863,28,255435334.0,21,12163587.333333334,19,2
CUST00602,Wholesale,Surabaya,Medium,7772827352.0,990539030.0,122,6,241797947.0,17,14223408.647058824,14,541096586.0,32,16909268.3125,23,2
CUST00603,Wholesale,Yogyakarta,Small,2551753032.0,342083567.0,29,2,97817309.0,25,3912692.36,22,226201008.0,29,7800034.75862069,22,1
CUST00604,Manufacturing,Semarang,Medium,6734926853.0,745967098.0,130,5,337326925.0,20,16866346.25,17,157293484.0,18,8738526.888888888,16,2
CUST00605,Manufacturing,Yogyakarta,Small,2846256427.0,101428428.0,10,7,75092197.0,30,2503073.2333333334,21,230964063.0,29,7964278.0344827585,24,2
CUST00606,Construction,Semarang,Small,2300009485.0,225306044.0,22,8,67796921.0,31,2186997.4516129033,25,311793257.0,20,15589662.85,19,2
CUST00607,Wholesale,Semarang,Medium,11970365202.0,1455541218.0,119,3,575819342.0,33,17449070.96969697,26,129827439.0,15,8655162.6,13,4
CUST00608,Retail,Semarang,Small,3295689817.0,152855285.0,19,1,77052180.0,29,2656971.724137931,25,182687877.0,21,8699422.714285715,16,2
CUST00609,Construction,Medan,Medium,10309517213.0,592183722.0,284,13,484131852.0,27,17930809.333333332,27,353826263.0,30,11794208.766666668,25,2
CUST00610,Healthcare,Semarang,Small,1156551809.0,157174711.0,17,7,55716643.0,19,2932454.8947368423,15,1067182737.0,28,38113669.178571425,24,2
CUST00611,Manufacturing,Semarang,Medium,15756982820.0,510756400.0,230,13,514647511.0,29,17746465.896551725,27,406917939.0,28,14532783.535714285,24,2
CUST00612,Education,Surabaya,Medium,15520192306.0,1867502161.0,206,5,584479261.0,27,21647380.037037037,22,281538810.0,15,18769254.0,12,4
CUST00613,Agriculture,Jakarta,Small,1506074452.0,130806776.0,21,5,74642494.0,24,3110103.9166666665,17,878979007.0,25,35159160.28,19,1
CUST00614,Manufacturing,Bandung,Small,1270641913.0,106241749.0,36,7,81006268.0,34,2382537.294117647,23,732553154.0,35,20930090.114285715,30,1
CUST00615,Technology,Jakarta,Small,1421921013.0,43868515.0,26,1,41667970.0,18,2314887.222222222,15,196614722.0,17,11565571.88235294,16,2
CUST00616,Logistics,Semarang,Small,1467887423.0,188370746.0,17,8,45212006.0,24,1883833.5833333333,19,435333441.0,29,15011497.965517242,25,2
CUST00617,Manufacturing,Surabaya,Small,2932744374.0,214615266.0,27,12,76185962.0,25,3047438.48,21,823758018.0,28,29419929.214285713,20,2
CUST00618,Wholesale,Yogyakarta,Medium,10806470455.0,1025446252.0,73,14,652832010.0,28,23315428.92857143,22,176567468.0,17,10386321.647058824,15,3
CUST00619,Technology,Surabaya,Large,38805446084.0,4318118014.0,2754,10,2111996613.0,21,100571267.28571428,18,570458829.0,23,24802557.782608695,19,3
CUST00620,Education,Semarang,Medium,12228081756.0,1397859881.0,193,5,525648967.0,28,18773177.39285714,23,330243148.0,22,15011052.181818182,21,2
CUST00621,Wholesale,Surabaya,Medium,23421572638.0,3389513946.0,229,8,343916410.0,20,17195820.5,19,318325030.0,24,13263542.916666666,21,4
CUST00622,Wholesale,Makassar,Medium,11518053131.0,1079941811.0,129,10,602005347.0,22,27363879.40909091,20,944502465.0,30,31483415.5,25,2
CUST00623,Retail,Surabaya,Medium,12657453694.0,986855416.0,183,10,637101449.0,30,21236714.966666665,24,434001262.0,14,31000090.14285714,13,4
CUST00624,Construction,Semarang,Small,1654873684.0,239037295.0,14,5,76193953.0,26,2930536.653846154,17,228656029.0,15,15243735.266666668,12,3
CUST00625,Agriculture,Medan,Large,319409120184.0,34193777433.0,1278,12,1601665761.0,22,72802989.13636364,20,150255191.0,15,10017012.733333332,15,4
CUST00626,Retail,Makassar,Medium,18146827819.0,1193662816.0,181,7,201713481.0,13,15516421.615384616,11,566953500.0,24,23623062.5,21,3
CUST00627,Construction,Surabaya,Medium,17413026386.0,786645821.0,275,10,577350743.0,26,22205797.807692308,21,343598248.0,21,16361821.333333334,19,3
CUST00628,Education,Bandung,Small,1219937103.0,159941733.0,39,3,64115599.0,22,2914345.409090909,18,601183445.0,30,20039448.166666668,26,2
CUST00629,Manufacturing,Bandung,Small,2090465497.0,153569342.0,49,2,85473958.0,29,2947377.8620689656,25,295115944.0,18,16395330.222222222,16,1
CUST00630,Wholesale,Surabaya,Small,1953015481.0,213379375.0,17,6,59897394.0,19,3152494.4210526315,17,543673364.0,34,15990393.05882353,26,1
CUST00631,Healthcare,Medan,Medium,40746009543.0,3524447124.0,141,5,338904229.0,18,18828012.722222224,17,275650766.0,20,13782538.3,16,3
CUST00632,Logistics,Yogyakarta,Small,3288476899.0,177155425.0,6,9,50944014.0,22,2315637.0,21,281895925.0,22,12813451.136363637,21,2
CUST00633,Construction,Semarang,Small,1384469144.0,141496060.0,10,10,49815263.0,22,2264330.1363636362,19,428539026.0,23,18632131.56521739,20,3
CUST00634,Construction,Bandung,Large,73380499218.0,2735769444.0,1501,4,1815681314.0,18,100871184.1111111,16,272585395.0,23,11851538.913043479,18,5
CUST00635,Manufacturing,Yogyakarta,Small,1267637656.0,100905346.0,40,11,52942640.0,19,2786454.736842105,18,108570384.0,20,5428519.2,17,2
CUST00636,Construction,Surabaya,Small,2741982029.0,262116462.0,29,3,58522541.0,21,2786787.6666666665,19,455485535.0,22,20703887.954545453,19,3
CUST00637,Construction,Yogyakarta,Small,1006499840.0,82860740.0,48,9,82068005.0,23,3568174.1304347827,19,1057870180.0,33,32056672.12121212,25,1
CUST00638,Wholesale,Makassar,Medium,17485020842.0,2095416456.0,270,8,465830488.0,17,27401793.411764707,15,401598152.0,18,22311008.444444444,15,4
CUST00639,Wholesale,Jakarta,Large,46737382245.0,6045526876.0,2878,6,2403547134.0,23,104502049.30434783,20,478568528.0,26,18406481.846153848,22,3
CUST00640,Retail,Bandung,Small,2546901374.0,312120647.0,27,1,62471143.0,24,2602964.2916666665,22,795608860.0,24,33150369.166666668,22,2
CUST00641,Manufacturing,Surabaya,Medium,21663759329.0,750812903.0,79,14,318643527.0,21,15173501.285714285,17,333035281.0,23,14479794.826086957,18,2
CUST00642,Retail,Semarang,Small,2814946038.0,150023823.0,26,10,47946582.0,19,2523504.3157894737,18,514679876.0,26,19795379.846153848,24,3
CUST00643,Wholesale,Medan,Large,50744654351.0,4789935140.0,2593,13,1723083816.0,17,101357871.52941176,16,546787894.0,28,19528139.07142857,24,4
CUST00644,Retail,Makassar,Medium,10839173025.0,1541098932.0,259,12,526488743.0,28,18803169.39285714,22,456476780.0,23,19846816.52173913,21,2
CUST00645,Manufacturing,Surabaya,Medium,21944947835.0,2857118380.0,148,11,413692029.0,23,17986609.95652174,19,123231943.0,21,5868187.761904762,18,2
CUST00646,Logistics,Semarang,Small,1941134804.0,254490811.0,23,1,43693919.0,18,2427439.9444444445,17,426705188.0,25,17068207.52,21,2
CUST00647,Agriculture,Medan,Large,68053007512.0,4517697764.0,2743,12,1833183939.0,19,96483365.21052632,18,546466426.0,25,21858657.04,21,3
CUST00648,Healthcare,Medan,Medium,12714148609.0,1036632184.0,147,6,505452952.0,23,21976215.304347824,18,274511198.0,26,10558123.0,19,2
CUST00649,Education,Surabaya,Small,1569929040.0,135774864.0,46,13,97091215.0,30,3236373.8333333335,26,229403280.0,19,12073856.842105264,17,1
CUST00650,Construction,Makassar,Medium,33817637838.0,1653161361.0,188,3,208208022.0,17,12247530.705882354,17,144061633.0,17,8474213.705882354,16,4
CUST00651,Manufacturing,Yogyakarta,Small,1147106245.0,38689801.0,31,3,68043105.0,31,2194938.870967742,22,316917535.0,27,11737686.481481481,21,3
CUST00652,Construction,Yogyakarta,Medium,24059924594.0,3455687221.0,201,6,439421061.0,21,20924812.42857143,13,266757413.0,16,16672338.3125,12,2
CUST00653,Agriculture,Medan,Small,2704671887.0,159265984.0,39,13,79652328.0,21,3792968.0,18,639112508.0,35,18260357.37142857,30,2
CUST00654,Education,Yogyakarta,Medium,12905954568.0,758790995.0,216,3,333801618.0,18,18544534.333333332,17,468977975.0,26,18037614.423076924,19,4
CUST00655,Retail,Jakarta,Small,1619358555.0,64783227.0,10,13,77692318.0,26,2988166.076923077,18,692849766.0,28,24744634.5,22,2
CUST00656,Manufacturing,Medan,Small,2673076059.0,378028903.0,10,11,84965218.0,30,2832173.933333333,23,534919060.0,32,16716220.625,26,1
CUST00657,Wholesale,Medan,Small,1454795236.0,144851712.0,48,10,123587188.0,38,3252294.4210526315,29,260948176.0,26,10036468.307692308,24,1
CUST00658,Retail,Semarang,Small,2116072069.0,232861930.0,27,6,76155008.0,25,3046200.32,21,904241380.0,25,36169655.2,18,1
CUST00659,Agriculture,Yogyakarta,Small,3372912569.0,470147674.0,37,5,58004802.0,23,2521947.913043478,19,400783323.0,24,16699305.125,22,3
CUST00660,Agriculture,Makassar,Small,1388302082.0,99228086.0,20,4,61990812.0,25,2479632.48,20,415296900.0,28,14832032.142857144,24,2
CUST00661,Retail,Medan,Medium,17787837538.0,1860267656.0,164,8,343783090.0,18,19099060.555555556,17,429655873.0,25,17186234.92,21,2
CUST00662,Hospitality,Makassar,Small,2305329349.0,79893343.0,9,2,41573989.0,21,1979713.761904762,19,172485556.0,22,7840252.545454546,18,2
CUST00663,Agriculture,Jakarta,Small,1914287732.0,100332995.0,45,12,51111451.0,21,2433878.619047619,18,259950603.0,27,9627800.111111112,20,1
CUST00664,Wholesale,Semarang,Medium,17282043932.0,2242336501.0,226,14,608040955.0,25,24321638.2,21,343415475.0,21,16353117.857142856,19,2
CUST00665,Manufacturing,Surabaya,Small,3454942644.0,421545162.0,17,11,76831928.0,28,2743997.4285714286,24,116317949.0,16,7269871.8125,15,2
CUST00666,Manufacturing,Makassar,Large,140771290550.0,10146389620.0,1461,7,2024299207.0,24,84345800.29166667,21,334858175.0,23,14559051.086956521,20,3
CUST00667,Wholesale,Medan,Medium,9658179836.0,726461972.0,141,4,620749548.0,34,18257339.647058822,30,423816522.0,22,19264387.363636363,20,3
CUST00668,Wholesale,Jakarta,Medium,28250229634.0,2656271121.0,71,2,426690199.0,26,16411161.5,20,403142314.0,25,16125692.56,21,3
CUST00669,Wholesale,Bandung,Medium,17649142291.0,529984692.0,221,7,832697331.0,33,25233252.454545453,29,286073614.0,21,13622553.047619049,17,2
CUST00670,Wholesale,Jakarta,Medium,19722363679.0,1162619934.0,141,13,509349704.0,28,18191060.85714286,24,343579591.0,23,14938243.086956521,19,3
CUST00671,Wholesale,Jakarta,Small,3646813024.0,200530287.0,32,1,103539113.0,24,4314129.708333333,20,749996530.0,25,29999861.2,21,1
CUST00672,Logistics,Semarang,Small,2655238884.0,159468214.0,34,4,42678813.0,18,2371045.1666666665,13,256699382.0,11,23336307.454545453,10,1
CUST00673,Manufacturing,Surabaya,Small,3239057092.0,410416717.0,22,9,63910302.0,24,2662929.25,23,238526953.0,25,9541078.12,22,2
CUST00674,Construction,Bandung,Medium,16319051003.0,1037252962.0,157,14,368742327.0,21,17559158.42857143,21,431768852.0,17,25398167.76470588,14,3
CUST00675,Retail,Yogyakarta,Small,3090056541.0,163719102.0,31,4,56212020.0,22,2555091.8181818184,18,620117122.0,25,24804684.88,21,1
CUST00676,Hospitality,Yogyakarta,Medium,21435075738.0,1940123329.0,287,12,352829045.0,22,16037683.863636363,17,191838365.0,13,14756797.307692308,12,4
CUST00677,Manufacturing,Makassar,Large,62804898783.0,8408156830.0,898,13,2776160717.0,28,99148597.03571428,24,696540089.0,31,22469035.129032258,25,4
CUST00678,Retail,Jakarta,Medium,10801673981.0,636887917.0,158,3,546266555.0,25,21850662.2,23,486146245.0,30,16204874.833333334,23,3
CUST00679,Hospitality,Semarang,Small,4433079472.0,174771273.0,22,10,85793747.0,34,2523345.5,26,851978890.0,29,29378582.413793102,21,2
CUST00680,Technology,Semarang,Small,1602688608.0,116625355.0,37,10,32169669.0,16,2010604.3125,15,625736355.0,28,22347726.964285713,22,1
CUST00681,Technology,Yogyakarta,Medium,15162162190.0,1815187053.0,68,2,409426557.0,21,19496502.714285713,17,91484387.0,17,5381434.529411765,14,4
CUST00682,Wholesale,Makassar,Medium,13318755724.0,1279704213.0,132,14,374030143.0,21,17810959.19047619,18,607947267.0,31,19611202.16129032,29,3
CUST00683,Wholesale,Makassar,Small,2745013266.0,351403434.0,41,3,55686993.0,22,2531226.9545454546,21,268427994.0,21,12782285.42857143,16,1
CUST00684,Healthcare,Makassar,Small,2148497383.0,311856668.0,6,1,45135741.0,19,2375565.3157894737,15,787449313.0,26,30286512.03846154,26,2
CUST00685,Logistics,Bandung,Large,75226295135.0,9412276224.0,2363,10,2808906405.0,23,122126365.43478261,20,203582905.0,23,8851430.652173912,22,4
CUST00686,Agriculture,Surabaya,Medium,8534076670.0,874370512.0,161,8,722430274.0,24,30101261.416666668,19,199838079.0,24,8326586.625,21,2
CUST00687,Agriculture,Bandung,Medium,4406255420.0,393042348.0,213,1,694576982.0,25,27783079.28,14,505738997.0,25,20229559.88,20,3
CUST00688,Wholesale,Medan,Medium,22924255769.0,797954151.0,151,3,545596960.0,34,16046969.411764706,25,783941680.0,16,48996355.0,14,3
CUST00689,Education,Medan,Medium,15103135336.0,2237055827.0,217,14,785141107.0,29,27073831.275862068,23,114130096.0,19,6006847.157894737,18,2
CUST00690,Wholesale,Surabaya,Small,2560849964.0,194670013.0,22,3,59233206.0,24,2468050.25,18,780143622.0,23,33919287.91304348,22,1
CUST00691,Retail,Yogyakarta,Small,2730436811.0,131791047.0,21,13,55527097.0,19,2922478.789473684,15,297158137.0,14,21225581.214285713,11,2
CUST00692,Retail,Surabaya,Small,4104011607.0,451462054.0,38,2,58100983.0,21,2766713.476190476,18,1100971020.0,29,37964517.93103448,27,1
CUST00693,Construction,Semarang,Small,1941348243.0,124468756.0,43,14,44413142.0,24,1850547.5833333333,22,513786760.0,19,27041408.42105263,16,1
CUST00694,Wholesale,Medan,Medium,11649323136.0,1168350138.0,118,5,404979482.0,23,17607803.56521739,20,869330586.0,30,28977686.2,22,2
CUST00695,Manufacturing,Jakarta,Medium,7455915110.0,748664458.0,230,10,647342816.0,32,20229463.0,25,176269552.0,29,6078260.413793104,24,2
CUST00696,Agriculture,Jakarta,Medium,32907227101.0,2747344706.0,231,3,550234053.0,25,22009362.12,21,374093268.0,28,13360473.857142856,24,3
CUST00697,Wholesale,Yogyakarta,Small,2571214703.0,335117298.0,34,3,69126151.0,24,2880256.2916666665,19,287108900.0,30,9570296.666666666,25,2
CUST00698,Agriculture,Semarang,Medium,12631335598.0,780566613.0,168,8,471774725.0,23,20511944.56521739,18,560699188.0,22,25486326.727272727,18,3
CUST00699,Manufacturing,Bandung,Medium,18871496112.0,1582109068.0,94,4,663901686.0,26,25534680.230769232,21,730507781.0,23,31761207.86956522,19,2
CUST00700,Construction,Semarang,Medium,12060002478.0,1139948283.0,174,4,624339954.0,30,20811331.8,24,274083027.0,21,13051572.714285715,17,2
CUST00701,Construction,Jakarta,Medium,9584225594.0,1050766252.0,267,3,549090663.0,24,22878777.625,21,191345352.0,25,7653814.08,22,3
CUST00702,Manufacturing,Jakarta,Small,3248165157.0,403021361.0,8,11,68811429.0,25,2752457.16,23,723474017.0,32,22608563.03125,29,2
CUST00703,Retail,Medan,Small,1108369418.0,85762161.0,29,1,53708495.0,20,2685424.75,18,521686804.0,27,19321733.48148148,23,3
CUST00704,Manufacturing,Semarang,Small,2955245179.0,317764609.0,36,8,43561182.0,23,1893964.4347826086,19,752786236.0,24,31366093.166666668,22,1
CUST00705,Manufacturing,Semarang,Small,2398858323.0,115321070.0,24,1,52221411.0,24,2175892.125,19,126298527.0,18,7016584.833333333,15,2
CUST00706,Hospitality,Jakarta,Small,1262708265.0,179200744.0,35,7,75817632.0,30,2527254.4,24,295637922.0,23,12853822.695652174,21,1
CUST00707,Retail,Bandung,Medium,22455040171.0,1705843311.0,184,5,511935220.0,22,23269782.727272727,19,378214343.0,23,16444101.869565217,20,3
CUST00708,Technology,Yogyakarta,Large,217120336087.0,25520882441.0,2955,4,1011521445.0,8,126440180.625,8,399240227.0,27,14786675.074074075,23,4
CUST00709,Wholesale,Makassar,Medium,14981447356.0,486012082.0,102,4,423848893.0,22,19265858.772727273,21,785533986.0,30,26184466.2,26,2
CUST00710,Healthcare,Yogyakarta,Medium,15142832086.0,827138697.0,67,8,395406929.0,21,18828901.38095238,21,1612566692.0,23,70111595.30434783,20,2
CUST00711,Education,Semarang,Small,3070426442.0,271578928.0,41,11,89050606.0,31,2872600.193548387,22,174849656.0,22,7947711.636363637,19,2
CUST00712,Agriculture,Yogyakarta,Medium,19825407050.0,2684167731.0,285,11,419313872.0,28,14975495.42857143,24,653203751.0,26,25123221.192307692,20,3
CUST00713,Construction,Jakarta,Small,2530793101.0,236048637.0,21,13,62568706.0,26,2406488.6923076925,24,493130636.0,33,14943352.606060605,27,1
CUST00714,Retail,Jakarta,Small,3640195583.0,515395118.0,18,14,66192997.0,28,2364035.6071428573,23,836132708.0,29,28832162.344827585,25,1
CUST00715,Retail,Semarang,Small,2927299489.0,257765194.0,45,6,46255594.0,15,3083706.2666666666,12,207094074.0,21,9861622.57142857,18,1
CUST00716,Logistics,Semarang,Small,2504382201.0,222524105.0,39,14,86579912.0,34,2546468.0,27,627436783.0,23,27279860.13043478,18,2
CUST00717,Technology,Makassar,Small,1286634187.0,57087463.0,17,12,72177241.0,26,2776047.730769231,22,293752074.0,12,24479339.5,10,1
CUST00718,Hospitality,Makassar,Small,7932936859.0,1002078662.0,39,1,97858110.0,33,2965397.272727273,26,293614429.0,25,11744577.16,22,2
CUST00719,Manufacturing,Medan,Small,1217396960.0,72600502.0,47,14,62325035.0,23,2709784.1304347827,21,376769360.0,16,23548085.0,13,2
CUST00720,Education,Semarang,Large,57770322148.0,7969618063.0,1600,10,2668752642.0,27,98842690.44444445,23,311987507.0,22,14181250.318181818,20,4
CUST00721,Logistics,Bandung,Small,949822130.0,132309184.0,17,8,104910008.0,24,4371250.333333333,18,421938236.0,30,14064607.866666667,22,2
CUST00722,Wholesale,Yogyakarta,Small,2548758434.0,364975105.0,20,13,74109763.0,23,3222163.6086956523,17,230305609.0,18,12794756.055555556,15,2
CUST00723,Manufacturing,Semarang,Small,2140729968.0,197862659.0,22,14,57409310.0,24,2392054.5833333335,22,700781424.0,24,29199226.0,21,1
CUST00724,Education,Surabaya,Medium,7673043646.0,853635729.0,139,2,599625057.0,28,21415180.60714286,25,569207928.0,24,23716997.0,21,2
CUST00725,Agriculture,Medan,Small,914450122.0,112863177.0,49,6,80607866.0,31,2600253.7419354836,28,750214816.0,31,24200477.93548387,26,2
CUST00726,Technology,Surabaya,Small,3300106468.0,150886657.0,40,9,56571569.0,18,3142864.9444444445,16,541361885.0,23,23537473.260869566,19,2
CUST00727,Manufacturing,Jakarta,Small,1390691701.0,142010293.0,45,1,88939649.0,26,3420755.730769231,25,397807720.0,29,13717507.586206896,26,1
CUST00728,Education,Makassar,Small,1870292510.0,63806428.0,34,6,33462991.0,20,1673149.55,17,259003853.0,28,9250137.607142856,22,3
CUST00729,Wholesale,Yogyakarta,Small,3041510453.0,272847607.0,46,8,44419652.0,14,3172832.285714286,13,332399873.0,31,10722576.548387097,22,2
CUST00730,Wholesale,Semarang,Small,2249520739.0,109284241.0,45,10,80421309.0,22,3655514.0454545454,17,770397244.0,39,19753775.487179488,29,1
CUST00731,Wholesale,Surabaya,Small,2322214674.0,120640797.0,11,13,53951524.0,20,2697576.2,19,212285789.0,23,9229816.913043479,22,1
CUST00732,Technology,Yogyakarta,Small,2865599705.0,211497615.0,19,2,41827268.0,19,2201435.1578947366,14,132878455.0,19,6993602.894736842,15,3
CUST00733,Healthcare,Jakarta,Small,2425658341.0,198643129.0,44,5,106175429.0,35,3033583.685714286,31,356229794.0,26,13701145.923076924,26,1
CUST00734,Construction,Makassar,Medium,15190284001.0,1591648453.0,191,6,610937809.0,22,27769900.40909091,22,302470487.0,21,14403356.523809524,16,2
CUST00735,Retail,Bandung,Medium,13632507291.0,530732734.0,145,5,524860836.0,22,23857310.727272727,20,217394791.0,17,12787928.88235294,17,3
CUST00736,Technology,Medan,Small,2200077498.0,198981634.0,41,3,61049014.0,24,2543708.9166666665,18,204456581.0,20,10222829.05,18,2
CUST00737,Retail,Yogyakarta,Small,1336623875.0,69390849.0,6,4,51054801.0,19,2687094.789473684,17,192988400.0,20,9649420.0,19,1
CUST00738,Technology,Yogyakarta,Large,59563191399.0,5889430927.0,2299,7,1561108084.0,21,74338480.1904762,18,316993329.0,27,11740493.666666666,22,3
CUST00739,Retail,Bandung,Small,2277415960.0,242518731.0,17,4,76321745.0,32,2385054.53125,24,190757472.0,21,9083689.142857144,18,1
CUST00740,Retail,Yogyakarta,Small,2068443726.0,200235924.0,44,9,86110531.0,31,2777759.064516129,27,272384856.0,23,11842819.826086957,19,1
CUST00741,Construction,Jakarta,Medium,17078753712.0,2025462674.0,277,11,479902944.0,24,19995956.0,22,503714766.0,19,26511303.47368421,17,3
CUST00742,Wholesale,Jakarta,Small,1894767313.0,133151191.0,47,12,101079263.0,36,2807757.3055555555,27,208849996.0,23,9080434.608695652,20,2
CUST00743,Education,Bandung,Small,1842379112.0,224425342.0,47,14,70426169.0,25,2817046.76,22,622083137.0,19,32741217.736842107,17,1
CUST00744,Construction,Medan,Small,1608117494.0,131756363.0,35,13,78711144.0,25,3148445.76,23,564497793.0,24,23520741.375,24,2
CUST00745,Wholesale,Semarang,Medium,11841676430.0,1043277032.0,54,13,689241608.0,30,22974720.266666666,25,772278943.0,31,24912223.967741936,27,4
CUST00746,Logistics,Surabaya,Small,2297794453.0,247638490.0,46,10,67506696.0,32,2109584.25,24,172246271.0,14,12303305.07142857,14,1
CUST00747,Retail,Semarang,Medium,9293775489.0,299287509.0,209,2,556654383.0,20,27832719.15,17,408842760.0,31,13188476.129032258,26,2
CUST00748,Construction,Yogyakarta,Large,52537958909.0,5699281351.0,1416,5,2854756649.0,26,109798332.65384616,19,231347948.0,25,9253917.92,22,3
CUST00749,Logistics,Surabaya,Small,1486354027.0,154923004.0,32,8,68510349.0,26,2635013.423076923,21,285537397.0,26,10982207.576923076,20,1
CUST00750,Agriculture,Bandung,Small,1456383600.0,97842259.0,36,14,73985853.0,27,2740216.777777778,25,295586095.0,24,12316087.291666666,20,3
CUST00751,Manufacturing,Bandung,Small,918230488.0,37000386.0,48,5,46307479.0,18,2572637.722222222,14,272265280.0,20,13613264.0,17,3
CUST00752,Logistics,Medan,Small,1802613518.0,73748982.0,14,10,49644729.0,20,2482236.45,17,302966605.0,26,11652561.73076923,22,2
CUST00753,Agriculture,Surabaya,Small,929741406.0,130895364.0,22,12,58488694.0,26,2249565.153846154,20,166625661.0,21,7934555.285714285,18,2
CUST00754,Retail,Jakarta,Large,115674831889.0,13038117310.0,599,8,3097049810.0,29,106794821.03448276,22,679302229.0,29,23424214.79310345,24,4
CUST00755,Manufacturing,Surabaya,Medium,14892938447.0,673939922.0,202,8,564222668.0,26,21700871.846153848,24,386309459.0,27,14307757.74074074,24,3
CUST00756,Education,Yogyakarta,Medium,22652151695.0,1649230232.0,217,9,472363669.0,25,18894546.76,22,235892719.0,17,13876042.294117646,14,2
CUST00757,Agriculture,Jakarta,Small,1266714471.0,128062248.0,12,10,47348534.0,18,2630474.111111111,17,517116989.0,19,27216683.63157895,18,1
CUST00758,Construction,Makassar,Medium,13035234630.0,1698081826.0,265,6,361151941.0,21,17197711.476190478,19,232606157.0,22,10573007.136363637,22,3
CUST00759,Logistics,Makassar,Large,15557165210.0,548223790.0,2825,12,2520728772.0,23,109596903.13043478,19,750919700.0,23,32648682.608695652,21,4
CUST00760,Education,Makassar,Medium,9315908467.0,544011565.0,255,4,445621465.0,22,20255521.136363637,19,70555787.0,27,2613177.296296296,19,2
CUST00761,Manufacturing,Bandung,Small,3703624147.0,506544226.0,44,12,51243779.0,27,1897917.7407407407,19,726109930.0,27,26892960.37037037,22,3
CUST00762,Retail,Surabaya,Medium,12018288427.0,373767160.0,180,11,531872618.0,28,18995450.64285714,21,744830821.0,22,33855946.40909091,19,3
CUST00763,Wholesale,Makassar,Small,1686094918.0,91332208.0,21,3,46988958.0,21,2237569.4285714286,17,441979629.0,30,14732654.3,25,1
CUST00764,Education,Semarang,Small,2322342890.0,336932244.0,6,12,65537953.0,22,2978997.8636363638,21,122058567.0,25,4882342.68,22,2
CUST00765,Manufacturing,Medan,Small,2973321520.0,308060555.0,19,14,63318539.0,32,1978704.34375,24,166977433.0,21,7951306.333333333,19,1
CUST00766,Agriculture,Semarang,Medium,17320398401.0,1063482230.0,261,5,461205323.0,23,20052405.347826086,21,1352051452.0,24,56335477.166666664,19,2
CUST00767,Education,Makassar,Medium,18658480893.0,709748673.0,288,6,312834166.0,23,13601485.47826087,19,286026692.0,22,13001213.272727273,16,3
CUST00768,Technology,Medan,Small,1869367766.0,62405031.0,8,3,65857788.0,21,3136085.1428571427,18,591600867.0,22,26890948.5,17,3
CUST00769,Retail,Yogyakarta,Small,3675025219.0,218184077.0,10,2,62644264.0,18,3480236.888888889,17,730277567.0,24,30428231.958333332,20,1
CUST00770,Technology,Semarang,Small,2270798459.0,308325151.0,42,7,53823000.0,22,2446500.0,20,743754597.0,26,28605946.03846154,23,2
CUST00771,Manufacturing,Surabaya,Small,2224506779.0,177759533.0,30,11,86025067.0,27,3186113.592592593,19,254469863.0,20,12723493.15,17,2
CUST00772,Technology,Surabaya,Small,1239600418.0,144339078.0,15,5,63064913.0,26,2425573.576923077,21,518827036.0,27,19215816.14814815,20,1
CUST00773,Manufacturing,Semarang,Small,1183640626.0,165939556.0,30,9,28669098.0,14,2047792.7142857143,12,571183101.0,28,20399396.464285713,27,1
CUST00774,Retail,Makassar,Medium,15470529212.0,1221628102.0,141,3,441564033.0,26,16983232.03846154,19,533719880.0,37,14424861.621621622,32,2
CUST00775,Education,Surabaya,Small,1052614075.0,55739373.0,28,14,56230097.0,25,2249203.88,23,183796913.0,26,7069112.038461538,24,1
CUST00776,Manufacturing,Yogyakarta,Small,2842716703.0,261683875.0,32,8,93455452.0,30,3115181.7333333334,23,219333504.0,24,9138896.0,18,2
CUST00777,Wholesale,Jakarta,Small,1366368333.0,189884265.0,39,6,73287144.0,27,2714338.6666666665,19,591699131.0,23,25726049.173913043,19,2
CUST00778,Healthcare,Makassar,Large,74728475187.0,9455015069.0,2006,4,980597993.0,11,89145272.0909091,10,622224382.0,26,23931707.0,20,4
CUST00779,Healthcare,Yogyakarta,Medium,22823365751.0,864996004.0,287,12,376240900.0,20,18812045.0,18,912162204.0,27,33783785.333333336,24,2
CUST00780,Agriculture,Medan,Medium,5490804217.0,621057925.0,274,12,464066601.0,22,21093936.40909091,22,396751114.0,23,17250048.43478261,19,2
CUST00781,Healthcare,Yogyakarta,Small,1172935915.0,115683975.0,20,9,84192548.0,27,3118242.5185185187,23,112653324.0,23,4897970.608695652,20,2
CUST00782,Construction,Makassar,Medium,10149469551.0,1409716472.0,191,5,549961439.0,21,26188639.95238095,17,303354048.0,18,16853002.666666668,16,4
CUST00783,Wholesale,Medan,Small,2552252036.0,114079975.0,47,10,101209297.0,26,3892665.269230769,23,235873023.0,22,10721501.045454545,20,1
CUST00784,Retail,Makassar,Medium,10013716092.0,942133805.0,225,6,513238351.0,25,20529534.04,24,378014605.0,31,12194019.516129032,26,2
CUST00785,Wholesale,Surabaya,Large,52028133337.0,7051660274.0,1683,14,2831497231.0,33,85802946.39393939,28,903622113.0,29,31159383.20689655,22,4
CUST00786,Logistics,Jakarta,Medium,15110535592.0,1196797551.0,242,13,567228919.0,28,20258175.67857143,21,125145245.0,20,6257262.25,19,3
CUST00787,Agriculture,Makassar,Medium,21407054931.0,1880382650.0,129,9,549097721.0,22,24958987.318181816,16,251448931.0,33,7619664.575757576,32,4
CUST00788,Retail,Makassar,Medium,26931249060.0,1035648759.0,131,7,760762636.0,36,21132295.444444444,30,237106267.0,15,15807084.466666667,14,3
CUST00789,Construction,Surabaya,Small,3469051175.0,219858878.0,49,12,78950332.0,26,3036551.230769231,21,284573057.0,25,11382922.28,20,3
CUST00790,Logistics,Bandung,Large,50243128220.0,3463801348.0,1475,5,2758879183.0,33,83602399.48484848,29,193730667.0,24,8072111.125,22,3
CUST00791,Manufacturing,Surabaya,Small,1173728112.0,168329858.0,32,2,75056905.0,30,2501896.8333333335,23,323939410.0,23,14084322.173913043,21,2
CUST00792,Agriculture,Medan,Small,1597474982.0,102110734.0,43,4,67715933.0,22,3077996.9545454546,19,232451677.0,17,13673628.05882353,16,2
CUST00793,Construction,Surabaya,Small,4303207179.0,367081853.0,42,2,110398391.0,28,3942799.6785714286,24,476370375.0,27,17643347.222222224,24,1
CUST00794,Agriculture,Surabaya,Small,1933848976.0,213799634.0,13,3,73533296.0,26,2828203.6923076925,22,315392253.0,38,8299796.131578947,30,2
CUST00795,Manufacturing,Jakarta,Small,447986181.0,22158295.0,16,10,46672758.0,18,2592931.0,15,158473789.0,24,6603074.541666667,20,2
CUST00796,Technology,Surabaya,Small,1032653416.0,91258770.0,19,12,72292182.0,24,3012174.25,18,609252907.0,27,22564922.48148148,20,1
CUST00797,Logistics,Makassar,Small,1652262010.0,195999060.0,25,3,55721548.0,21,2653407.0476190476,18,180181142.0,18,10010063.444444444,15,2
CUST00798,Agriculture,Jakarta,Medium,14121308133.0,1892574792.0,233,4,731344578.0,33,22161956.90909091,30,215683645.0,26,8295524.807692308,20,2
CUST00799,Healthcare,Semarang,Small,1768695240.0,185980273.0,46,6,65542678.0,20,3277133.9,18,245155991.0,27,9079851.518518519,23,2
CUST00800,Logistics,Bandung,Small,3214402283.0,354504926.0,37,12,61242302.0,22,2783741.0,19,327094781.0,28,11681956.464285715,25,1
CUST00801,Healthcare,Jakarta,Medium,27104536777.0,1223878707.0,234,3,413660347.0,27,15320753.592592593,23,374458376.0,24,15602432.333333334,20,3
CUST00802,Manufacturing,Medan,Small,826310677.0,118569946.0,27,10,104078513.0,32,3252453.53125,26,276121507.0,23,12005282.913043479,21,1
CUST00803,Agriculture,Semarang,Medium,25707534475.0,1180204354.0,212,14,349403754.0,21,16638274.0,18,410097895.0,34,12061702.794117646,30,3
CUST00804,Agriculture,Jakarta,Medium,7720043585.0,949262368.0,137,1,557774972.0,24,23240623.833333332,23,423235727.0,27,15675397.296296297,20,2
CUST00805,Retail,Jakarta,Medium,12640006908.0,780873824.0,146,1,540939305.0,31,17449655.0,28,616880466.0,24,25703352.75,22,3
CUST00806,Education,Bandung,Medium,12924309857.0,1835654944.0,193,9,390466518.0,19,20550869.36842105,18,366155861.0,26,14082917.73076923,25,2
CUST00807,Logistics,Makassar,Small,1707634176.0,198760327.0,28,9,78162870.0,25,3126514.8,21,632154029.0,27,23413112.185185187,20,2
CUST00808,Logistics,Medan,Medium,22106413334.0,2662886502.0,270,5,419435870.0,24,17476494.583333332,22,1167567655.0,19,61450929.21052632,18,2
CUST00809,Construction,Yogyakarta,Small,1148177851.0,64627602.0,29,9,76182546.0,21,3627740.285714286,20,216305238.0,27,8011305.111111111,23,1
CUST00810,Manufacturing,Yogyakarta,Small,2692506941.0,223921794.0,27,11,31406718.0,19,1652985.1578947369,17,916364726.0,26,35244797.15384615,20,2
CUST00811,Hospitality,Jakarta,Medium,7982020466.0,831228322.0,272,7,392711089.0,21,18700528.04761905,17,336779171.0,29,11613074.862068966,22,4
CUST00812,Technology,Surabaya,Small,2950142581.0,361088112.0,20,9,82974538.0,28,2963376.3571428573,24,716733350.0,23,31162319.56521739,20,1
CUST00813,Manufacturing,Medan,Medium,17149558423.0,728429640.0,290,12,460578228.0,24,19190759.5,20,370747195.0,26,14259507.5,23,3
CUST00814,Logistics,Semarang,Medium,9208096554.0,1339629227.0,231,7,387980692.0,21,18475271.04761905,20,289067972.0,27,10706221.185185185,23,3
CUST00815,Technology,Surabaya,Medium,12288421872.0,1681381515.0,296,9,504661886.0,22,22939176.636363637,16,1147248747.0,28,40973169.53571428,24,4
CUST00816,Construction,Surabaya,Large,63414776910.0,3959734774.0,2023,2,1758285531.0,18,97682529.5,18,410862355.0,29,14167667.413793104,22,4
CUST00817,Agriculture,Medan,Small,1328771123.0,171054340.0,19,11,84468113.0,28,3016718.3214285714,27,649626777.0,29,22400923.344827585,26,1
CUST00818,Retail,Makassar,Small,1449727341.0,133663224.0,5,11,94401904.0,34,2776526.588235294,30,555636513.0,31,17923758.48387097,23,2
CUST00819,Manufacturing,Jakarta,Medium,10553596297.0,901454190.0,271,8,699476823.0,32,21858650.71875,25,656255670.0,22,29829803.181818184,17,2
CUST00820,Retail,Jakarta,Small,1647853804.0,111612587.0,5,7,54849966.0,23,2384781.1304347827,18,810648286.0,44,18423824.681818184,35,3
CUST00821,Technology,Jakarta,Medium,25547664815.0,2547516831.0,280,6,985872712.0,29,33995610.75862069,26,549811580.0,24,22908815.833333332,20,2
CUST00822,Manufacturing,Jakarta,Medium,31858553957.0,3746142039.0,176,5,930375613.0,32,29074237.90625,25,261774200.0,25,10470968.0,21,2
CUST00823,Retail,Yogyakarta,Medium,9628358168.0,763643848.0,204,4,652661802.0,31,21053606.51612903,25,530537967.0,42,12631856.357142856,35,3
CUST00824,Retail,Jakarta,Small,2443511374.0,257805852.0,30,7,86214013.0,28,3079071.8928571427,24,481916599.0,24,20079858.291666668,23,1
CUST00825,Construction,Yogyakarta,Small,1708539438.0,194632628.0,27,3,63885695.0,17,3757982.0588235296,13,264784262.0,19,13936013.789473685,16,2
CUST00826,Logistics,Yogyakarta,Small,1277525210.0,147342882.0,49,8,69314632.0,21,3300696.761904762,20,949360026.0,28,33905715.21428572,20,1
CUST00827,Retail,Makassar,Small,1573978768.0,57034587.0,47,2,55478966.0,19,2919945.5789473685,17,614981958.0,24,25624248.25,21,2
CUST00828,Retail,Jakarta,Medium,14052014033.0,1871303009.0,104,1,559580747.0,27,20725212.85185185,20,322135934.0,29,11108135.655172413,26,2
CUST00829,Education,Bandung,Small,2107337007.0,179103410.0,42,11,55997895.0,28,1999924.8214285714,24,465432064.0,24,19393002.666666668,22,3
CUST00830,Construction,Semarang,Small,1367443416.0,84084000.0,37,2,110125438.0,26,4235593.769230769,21,833602166.0,22,37891007.54545455,19,1
CUST00831,Wholesale,Surabaya,Small,2396116866.0,141399028.0,11,9,111419349.0,31,3594172.5483870967,24,231680306.0,22,10530923.0,14,1
CUST00832,Construction,Yogyakarta,Medium,25134158594.0,2210843156.0,65,5,439075648.0,16,27442228.0,15,428575032.0,21,20408334.85714286,18,3
CUST00833,Manufacturing,Medan,Medium,15995611889.0,2182117931.0,61,11,417621027.0,23,18157435.95652174,20,267432809.0,25,10697312.36,21,3
CUST00834,Wholesale,Medan,Small,1288038399.0,97120298.0,36,8,38846413.0,20,1942320.65,18,872040193.0,30,29068006.433333334,27,2
CUST00835,Construction,Semarang,Small,1471189465.0,176494318.0,24,3,77750946.0,27,2879664.6666666665,25,407463136.0,21,19403006.476190478,18,2
CUST00836,Retail,Medan,Small,1474876169.0,61381762.0,21,7,69197324.0,31,2232171.7419354836,25,647068848.0,22,29412220.363636363,19,2
CUST00837,Logistics,Bandung,Small,1700386571.0,148149248.0,40,2,62971819.0,21,2998658.0476190476,20,251180351.0,15,16745356.733333332,14,2
CUST00838,Retail,Medan,Medium,13319554361.0,1984644726.0,236,8,393114183.0,22,17868826.5,18,622611918.0,25,24904476.72,22,3
CUST00839,Agriculture,Surabaya,Medium,9304220476.0,1139325396.0,142,14,653322413.0,27,24197126.407407407,20,173076713.0,23,7525074.478260869,20,4
CUST00840,Agriculture,Surabaya,Small,2367879458.0,130857114.0,31,7,30778648.0,16,1923665.5,15,396891825.0,25,15875673.0,19,1
CUST00841,Manufacturing,Yogyakarta,Small,3678318780.0,331684954.0,44,12,36751668.0,23,1597898.608695652,19,540600573.0,30,18020019.1,23,1
CUST00842,Healthcare,Jakarta,Large,91504293834.0,5310449097.0,2540,5,2574181668.0,24,107257569.5,19,501672801.0,24,20903033.375,19,4
CUST00843,Wholesale,Makassar,Small,1876365103.0,148509253.0,24,12,70192760.0,23,3051859.1304347827,18,390402563.0,24,16266773.458333334,21,2
CUST00844,Hospitality,Bandung,Medium,10431574420.0,1289447778.0,299,11,390584623.0,20,19529231.15,18,554590227.0,27,20540378.777777776,25,2
CUST00845,Manufacturing,Yogyakarta,Small,1450054333.0,177699776.0,40,4,90590820.0,21,4313848.571428572,18,194770229.0,30,6492340.966666667,23,1
CUST00846,Retail,Bandung,Small,1777805787.0,101996354.0,9,1,56272104.0,31,1815229.1612903227,23,477464594.0,25,19098583.76,19,2
CUST00847,Manufacturing,Jakarta,Small,2904483573.0,408564405.0,27,5,50162691.0,25,2006507.64,24,389527178.0,24,16230299.083333334,17,2
CUST00848,Hospitality,Medan,Small,1975551916.0,199744462.0,49,12,108877298.0,33,3299312.0606060605,30,73144222.0,16,4571513.875,13,2
CUST00849,Construction,Medan,Large,61246487368.0,4629678016.0,1251,9,2543914846.0,27,94219068.37037037,19,266556414.0,31,8598594.0,23,4
CUST00850,Agriculture,Makassar,Small,1438132479.0,129765958.0,10,10,57349608.0,20,2867480.4,17,554635462.0,23,24114585.304347824,17,1
CUST00851,Manufacturing,Jakarta,Small,1938349788.0,198891262.0,37,4,73891551.0,23,3212676.1304347827,21,232445767.0,25,9297830.68,24,1
CUST00852,Education,Yogyakarta,Small,2985124885.0,290114926.0,23,13,46681423.0,23,2029627.0869565217,20,301050622.0,23,13089157.47826087,18,3
CUST00853,Wholesale,Makassar,Small,4092294717.0,361630372.0,17,9,41708464.0,18,2317136.888888889,13,528845180.0,31,17059521.93548387,23,3
CUST00854,Logistics,Jakarta,Small,1823123632.0,165160300.0,33,12,57178968.0,23,2486042.086956522,19,513774229.0,22,23353374.045454547,20,2
CUST00855,Wholesale,Semarang,Small,1960133825.0,100298929.0,10,2,50835784.0,21,2420751.619047619,17,224763853.0,20,11238192.65,19,1
CUST00856,Wholesale,Surabaya,Medium,14109988074.0,1799417833.0,62,4,271216699.0,19,14274563.105263159,19,698386290.0,35,19953894.0,28,3
CUST00857,Manufacturing,Makassar,Small,4786425241.0,454764190.0,20,9,56649842.0,29,1953442.8275862068,25,940910513.0,25,37636420.52,22,2
CUST00858,Construction,Makassar,Small,1064703017.0,48688425.0,28,4,47252050.0,22,2147820.4545454546,19,324933276.0,29,11204595.72413793,22,1
CUST00859,Agriculture,Yogyakarta,Large,68335211236.0,8332717222.0,2859,5,2571751617.0,26,98913523.73076923,24,631793642.0,26,24299755.46153846,22,3
CUST00860,Manufacturing,Bandung,Small,1696803186.0,240764965.0,14,11,37990844.0,16,2374427.75,16,315861279.0,19,16624277.842105264,18,2
CUST00861,Education,Semarang,Large,107135284511.0,15392857836.0,1071,8,1344332868.0,13,103410220.61538461,13,307043953.0,26,11809382.807692308,21,4
CUST00862,Construction,Yogyakarta,Small,1213666051.0,90153697.0,45,1,94157399.0,27,3487311.074074074,21,274022340.0,23,11914014.782608695,20,2
CUST00863,Construction,Jakarta,Medium,14064418811.0,650648492.0,282,1,524300232.0,26,20165393.53846154,24,422590176.0,31,13631941.161290323,27,4
CUST00864,Construction,Jakarta,Medium,21374830345.0,1970929399.0,255,9,749714803.0,23,32596295.782608695,18,291517180.0,24,12146549.166666666,22,2
CUST00865,Retail,Jakarta,Medium,17147937178.0,746160034.0,171,9,453442478.0,25,18137699.12,20,99332224.0,18,5518456.888888889,17,3
CUST00866,Agriculture,Jakarta,Large,53654551732.0,7623157704.0,547,4,2380123743.0,22,108187442.86363636,19,104872163.0,8,13109020.375,8,4
CUST00867,Manufacturing,Bandung,Small,1492231207.0,77640126.0,48,13,79910342.0,28,2853940.785714286,26,368164676.0,33,11156505.333333334,29,1
CUST00868,Wholesale,Semarang,Large,108485253510.0,6545121813.0,2783,2,2916554857.0,29,100570857.13793103,23,481132000.0,19,25322736.842105262,17,4
CUST00869,Technology,Medan,Small,2051350814.0,161639025.0,23,13,82625414.0,30,2754180.466666667,22,263027704.0,22,11955804.727272727,21,1
CUST00870,Logistics,Surabaya,Small,1588327540.0,120680708.0,33,9,47013432.0,20,2350671.6,18,246929973.0,21,11758570.142857144,18,1
CUST00871,Retail,Bandung,Small,3431454817.0,430165622.0,6,14,81849578.0,23,3558677.304347826,20,258317234.0,18,14350957.444444444,15,2
CUST00872,Wholesale,Bandung,Small,1812582629.0,153630912.0,40,4,123421421.0,31,3981336.1612903224,27,508015767.0,29,17517785.068965517,24,2
CUST00873,Agriculture,Medan,Small,994254326.0,50202080.0,23,6,43564311.0,19,2292858.4736842103,17,315419767.0,25,12616790.68,25,1
CUST00874,Retail,Medan,Medium,24243335161.0,1504667141.0,270,12,340851420.0,20,17042571.0,18,629217992.0,19,33116736.42105263,19,2
CUST00875,Manufacturing,Surabaya,Small,2237317454.0,203805315.0,30,1,50578242.0,23,2199054.0,18,429962594.0,25,17198503.76,23,1
CUST00876,Manufacturing,Surabaya,Medium,13592061168.0,648266155.0,204,12,287848349.0,24,11993681.208333334,22,674405014.0,31,21755000.451612905,26,3
CUST00877,Healthcare,Medan,Medium,25666596274.0,2653892202.0,50,9,569118214.0,32,17784944.1875,27,675034135.0,19,35528112.368421055,17,3
CUST00878,Healthcare,Jakarta,Small,1564131337.0,153112311.0,7,5,104607838.0,28,3735994.214285714,23,213944513.0,17,12584971.352941176,14,2
CUST00879,Manufacturing,Bandung,Small,3464967412.0,401119451.0,42,3,69963384.0,25,2798535.36,22,568098460.0,20,28404923.0,14,2
CUST00880,Wholesale,Yogyakarta,Small,1606288230.0,228935513.0,20,4,72284718.0,25,2891388.72,22,327201746.0,21,15581035.523809524,18,1
CUST00881,Wholesale,Surabaya,Small,3804748298.0,530650328.0,6,1,48905252.0,22,2222966.0,18,228160223.0,24,9506675.958333334,22,2
CUST00882,Healthcare,Surabaya,Small,1516521891.0,217664983.0,35,14,51680584.0,23,2246981.913043478,19,210092914.0,27,7781219.037037037,23,1
CUST00883,Manufacturing,Medan,Small,2314985773.0,137431148.0,32,9,36956103.0,19,1945058.0526315789,14,189810208.0,17,11165306.352941176,15,2
CUST00884,Manufacturing,Semarang,Small,1636137003.0,74915174.0,11,14,47824552.0,17,2813208.9411764704,16,384758976.0,29,13267550.896551725,25,1
CUST00885,Education,Yogyakarta,Large,70453256274.0,4669163030.0,2836,8,2270699056.0,30,75689968.53333333,26,714290508.0,27,26455204.0,18,4
CUST00886,Wholesale,Yogyakarta,Medium,11611405968.0,1595525857.0,282,4,496413730.0,30,16547124.333333334,27,186430618.0,27,6904837.703703703,20,3
CUST00887,Healthcare,Surabaya,Small,2793887364.0,409713571.0,11,2,102404756.0,33,3103174.4242424243,25,234070375.0,24,9752932.291666666,19,1
CUST00888,Wholesale,Jakarta,Medium,35911047475.0,4780442518.0,285,14,644571097.0,33,19532457.484848484,26,833597741.0,41,20331652.219512194,30,3
CUST00889,Manufacturing,Semarang,Small,1499528706.0,64782829.0,33,9,81953250.0,33,2483431.8181818184,26,316318145.0,29,10907522.24137931,22,2
CUST00890,Wholesale,Yogyakarta,Small,1855858723.0,266670863.0,28,4,68750675.0,24,2864611.4583333335,20,462237790.0,17,27190458.23529412,12,2
CUST00891,Healthcare,Surabaya,Medium,8998790577.0,727128945.0,144,9,443647230.0,21,21126058.57142857,17,520955824.0,15,34730388.266666666,15,2
CUST00892,Technology,Yogyakarta,Small,2127988586.0,66217121.0,8,10,80427785.0,26,3093376.346153846,19,265330614.0,22,12060482.454545455,17,2
CUST00893,Technology,Makassar,Small,1457787060.0,121123516.0,33,3,60155113.0,21,2864529.1904761903,19,78104168.0,20,3905208.4,18,1
CUST00894,Retail,Semarang,Large,64042877466.0,2275334587.0,1614,7,3402749976.0,27,126027776.8888889,22,112098369.0,14,8007026.357142857,13,4
CUST00895,Healthcare,Semarang,Medium,11173773139.0,1064473415.0,295,7,228916426.0,22,10405292.090909092,18,293527996.0,22,13342181.636363637,19,2
CUST00896,Wholesale,Makassar,Medium,9867547112.0,696910151.0,270,10,504095881.0,20,25204794.05,16,307942252.0,22,13997375.090909092,21,2
CUST00897,Wholesale,Bandung,Medium,14233815841.0,1235668754.0,172,13,660224641.0,23,28705419.173913043,20,359485156.0,16,22467822.25,13,2
CUST00898,Logistics,Makassar,Medium,31728363366.0,3286437942.0,236,4,651720475.0,24,27155019.791666668,23,458892850.0,33,13905843.93939394,25,2
CUST00899,Manufacturing,Medan,Small,1180136343.0,158440540.0,30,2,63619697.0,25,2544787.88,23,250454326.0,22,11384287.545454545,18,2
CUST00900,Manufacturing,Medan,Small,3350946423.0,366687999.0,23,11,80056016.0,27,2965037.6296296297,21,501585072.0,24,20899378.0,18,2
CUST00901,Wholesale,Surabaya,Small,2321586810.0,190569460.0,30,9,65328934.0,22,2969497.0,20,448636888.0,26,17255264.923076924,24,2
CUST00902,Manufacturing,Semarang,Small,2542575551.0,326292134.0,41,4,85748734.0,28,3062454.785714286,23,183631459.0,27,6801165.148148148,21,2
CUST00903,Wholesale,Bandung,Small,1296849700.0,179833962.0,31,8,52567616.0,18,2920423.111111111,15,229117024.0,19,12058790.736842105,18,1
CUST00904,Agriculture,Bandung,Small,1286213900.0,57070849.0,34,14,46550695.0,16,2909418.4375,14,775945799.0,28,27712349.964285713,22,1
CUST00905,Retail,Yogyakarta,Large,64798843827.0,6080202347.0,1302,2,2073356869.0,23,90145950.82608695,19,476962258.0,24,19873427.416666668,23,4
CUST00906,Logistics,Yogyakarta,Large,45445120155.0,2914915228.0,958,8,2203262300.0,24,91802595.83333333,20,281327099.0,23,12231613.0,22,3
CUST00907,Technology,Makassar,Medium,21046983390.0,750269052.0,130,11,371805075.0,19,19568688.157894738,18,277769465.0,27,10287757.962962963,22,4
CUST00908,Retail,Bandung,Small,1124603419.0,123960091.0,11,10,75608469.0,23,3287324.7391304346,17,731520821.0,26,28135416.192307692,23,2
CUST00909,Wholesale,Makassar,Medium,16276644056.0,2173460863.0,100,5,428795518.0,25,17151820.72,19,222699241.0,21,10604725.761904761,17,2
CUST00910,Retail,Makassar,Small,1395761824.0,69157651.0,45,7,60992442.0,24,2541351.75,17,247077923.0,21,11765615.38095238,18,2
CUST00911,Agriculture,Yogyakarta,Medium,18565788252.0,2366945640.0,188,7,442619978.0,20,22130998.9,18,450883982.0,35,12882399.485714287,25,3
CUST00912,Wholesale,Semarang,Small,1138859098.0,150793472.0,17,12,41367021.0,18,2298167.8333333335,15,438702112.0,25,17548084.48,18,2
CUST00913,Agriculture,Makassar,Medium,29709696079.0,4151064082.0,120,9,536087740.0,24,22336989.166666668,19,437187313.0,25,17487492.52,18,3
CUST00914,Retail,Jakarta,Small,1189501779.0,73551904.0,9,3,79526149.0,29,2742281.0,24,435415283.0,20,21770764.15,19,1
CUST00915,Agriculture,Semarang,Medium,6493804712.0,899225502.0,88,10,428097324.0,22,19458969.272727273,17,295543944.0,18,16419108.0,16,3
CUST00916,Retail,Bandung,Large,95992157805.0,6573497905.0,2261,4,4540001522.0,29,156551776.62068966,24,488429861.0,31,15755801.967741935,26,4
CUST00917,Wholesale,Bandung,Small,1950933498.0,187836973.0,31,10,53362638.0,26,2052409.1538461538,20,486717015.0,27,18026556.111111112,21,1
CUST00918,Logistics,Makassar,Small,2487660193.0,89707257.0,31,4,69966696.0,24,2915279.0,19,613600747.0,34,18047080.79411765,31,1
CUST00919,Education,Semarang,Large,77055953371.0,2717434493.0,1747,13,2566407893.0,25,102656315.72,25,1355845383.0,31,43736947.838709675,28,4
CUST00920,Manufacturing,Yogyakarta,Small,2008912348.0,233927367.0,36,10,78209919.0,25,3128396.76,22,584432645.0,33,17710080.151515152,26,1
CUST00921,Technology,Yogyakarta,Medium,7153011986.0,596114833.0,70,5,358969244.0,16,22435577.75,15,510738384.0,32,15960574.5,30,3
CUST00922,Construction,Medan,Medium,29534100280.0,1794346774.0,131,14,336008878.0,14,24000634.14285714,12,416370086.0,25,16654803.44,18,4
CUST00923,Logistics,Bandung,Small,2898763404.0,153198543.0,17,6,27234123.0,14,1945294.5,14,167672908.0,16,10479556.75,12,1
CUST00924,Education,Surabaya,Small,2887382154.0,318750875.0,33,3,101800166.0,35,2908576.1714285715,30,714622796.0,21,34029656.952380955,20,2
CUST00925,Retail,Medan,Small,2952010767.0,88702566.0,39,13,48054954.0,20,2402747.7,17,610731236.0,23,26553532.0,20,1
CUST00926,Manufacturing,Yogyakarta,Medium,12702847382.0,1609538925.0,118,4,575112799.0,19,30269094.684210528,19,367068318.0,23,15959492.086956521,19,2
CUST00927,Wholesale,Semarang,Small,2580248915.0,101945513.0,33,3,77817580.0,23,3383373.0434782607,21,184165096.0,21,8769766.476190476,19,3
CUST00928,Construction,Yogyakarta,Small,2739302455.0,145124830.0,35,2,39909125.0,17,2347595.588235294,16,1186523481.0,32,37078858.78125,31,1
CUST00929,Agriculture,Semarang,Small,2662053702.0,203243454.0,45,10,66821722.0,29,2304197.3103448274,28,716361013.0,23,31146131.0,22,1
CUST00930,Wholesale,Medan,Medium,17632369027.0,1554876058.0,111,12,611859308.0,26,23533050.307692308,20,355676033.0,24,14819834.708333334,20,3
CUST00931,Manufacturing,Bandung,Medium,8709111099.0,632276361.0,168,9,571876439.0,26,21995247.653846152,24,272237637.0,17,16013978.647058824,15,3
CUST00932,Technology,Yogyakarta,Large,87895030831.0,6019531600.0,2752,1,3332056090.0,31,107485680.32258065,23,431396783.0,30,14379892.766666668,24,4
CUST00933,Hospitality,Makassar,Small,1771054592.0,257989383.0,16,2,58807703.0,23,2556856.652173913,21,1002425177.0,28,35800899.178571425,27,3
CUST00934,Construction,Semarang,Medium,34301720720.0,3669926067.0,183,8,534593795.0,25,21383751.8,22,161689373.0,17,9511139.588235294,15,2
CUST00935,Wholesale,Bandung,Medium,8869867021.0,291037674.0,248,7,769918065.0,31,24836066.612903226,24,229019322.0,25,9160772.88,21,3
CUST00936,Wholesale,Surabaya,Medium,18959385332.0,1547486057.0,75,12,576004073.0,29,19862209.413793102,25,296756321.0,24,12364846.708333334,22,3
CUST00937,Manufacturing,Semarang,Large,39873113745.0,5382911982.0,578,1,2047773966.0,26,78760537.15384616,23,314371830.0,28,11227565.357142856,23,3
CUST00938,Logistics,Medan,Small,1602247507.0,106028316.0,38,5,92771665.0,26,3568140.9615384615,25,238370755.0,19,12545829.210526315,16,1
CUST00939,Manufacturing,Surabaya,Small,1372863950.0,56763478.0,7,10,57554340.0,22,2616106.3636363638,22,466677069.0,26,17949118.03846154,24,2
CUST00940,Agriculture,Surabaya,Medium,22290899180.0,2697336393.0,250,6,654334649.0,31,21107569.322580647,26,220109918.0,21,10481424.666666666,18,3
CUST00941,Wholesale,Jakarta,Small,2217407096.0,227775737.0,8,5,77976591.0,31,2515373.9032258065,25,185460875.0,20,9273043.75,18,1
CUST00942,Agriculture,Yogyakarta,Medium,14444055364.0,1421836713.0,53,4,545375191.0,27,20199081.14814815,22,210298027.0,15,14019868.466666667,14,3
CUST00943,Healthcare,Semarang,Medium,17426781987.0,634843502.0,70,14,511615754.0,23,22244163.217391305,19,726077458.0,25,29043098.32,23,3
CUST00944,Technology,Surabaya,Small,869673819.0,40752812.0,29,13,60723386.0,28,2168692.3571428573,23,139740132.0,23,6075657.9130434785,20,1
CUST00945,Wholesale,Jakarta,Medium,7013202183.0,734323840.0,198,1,676854419.0,29,23339807.55172414,20,291240343.0,20,14562017.15,17,2
CUST00946,Manufacturing,Medan,Small,962701470.0,52889722.0,22,7,52643087.0,22,2392867.590909091,19,337192854.0,22,15326947.909090908,21,2
CUST00947,Manufacturing,Bandung,Small,1160767822.0,105036034.0,46,9,84434238.0,23,3671053.8260869565,19,386071714.0,20,19303585.7,19,2
CUST00948,Logistics,Makassar,Medium,10923104493.0,1041909086.0,280,6,412530865.0,18,22918381.388888888,15,477017081.0,22,21682594.59090909,16,2
CUST00949,Technology,Makassar,Large,50574570414.0,3237827635.0,2467,3,1498240705.0,20,74912035.25,18,293940364.0,25,11757614.56,19,4
CUST00950,Agriculture,Semarang,Small,1270294013.0,182682276.0,21,10,70757051.0,26,2721425.0384615385,20,322909887.0,33,9785148.090909092,31,1
CUST00951,Agriculture,Surabaya,Small,1765360564.0,231431166.0,30,14,83037622.0,29,2863366.275862069,22,314714669.0,28,11239809.607142856,23,2
CUST00952,Healthcare,Makassar,Medium,17532152652.0,2045736092.0,226,4,431449230.0,23,18758662.173913043,20,751090075.0,20,37554503.75,19,2
CUST00953,Wholesale,Yogyakarta,Medium,28909248901.0,1137846759.0,92,10,385416067.0,23,16757220.304347826,21,717983953.0,25,28719358.12,20,3
CUST00954,Logistics,Makassar,Medium,7650420256.0,326945318.0,218,5,516080036.0,25,20643201.44,19,544801971.0,23,23687042.217391305,22,2
CUST00955,Retail,Makassar,Small,4722723161.0,420954080.0,6,12,53094192.0,24,2212258.0,17,192119300.0,25,7684772.0,23,2
CUST00956,Retail,Makassar,Small,2879444447.0,141915153.0,28,12,81975901.0,30,2732530.033333333,28,543561786.0,17,31974222.70588235,16,2
CUST00957,Construction,Jakarta,Small,1814147661.0,267390590.0,35,1,58511084.0,19,3079530.736842105,17,154784826.0,27,5732771.333333333,21,1
CUST00958,Manufacturing,Surabaya,Medium,17793760074.0,872293324.0,224,5,574586240.0,29,19813318.620689657,25,592953981.0,26,22805922.346153848,21,3
CUST00959,Wholesale,Yogyakarta,Small,2467411156.0,218356364.0,6,1,80876792.0,29,2788854.896551724,24,359091630.0,30,11969721.0,25,1
CUST00960,Education,Surabaya,Small,2511831882.0,185108262.0,18,9,64863652.0,20,3243182.6,18,329052063.0,17,19356003.70588235,14,1
CUST00961,Manufacturing,Semarang,Large,67947219567.0,7251760135.0,1907,7,2005487799.0,19,105551989.42105263,16,302832013.0,27,11216000.481481481,22,4
CUST00962,Agriculture,Semarang,Small,1326737385.0,60345813.0,17,3,83710242.0,23,3639575.7391304346,21,363989401.0,24,15166225.041666666,19,1
CUST00963,Wholesale,Semarang,Large,89385000912.0,7297210145.0,690,9,2530766641.0,25,101230665.64,20,654780553.0,20,32739027.65,18,4
CUST00964,Retail,Medan,Medium,17607900978.0,1108674511.0,133,2,360503804.0,22,16386536.545454545,20,746306540.0,30,24876884.666666668,25,3
CUST00965,Wholesale,Makassar,Medium,7944801037.0,1084705139.0,83,12,666492017.0,33,20196727.78787879,27,613226515.0,39,15723756.794871794,31,2
CUST00966,Retail,Medan,Small,1473143813.0,51368945.0,12,7,42113842.0,20,2105692.1,16,307291652.0,29,10596263.862068966,21,2
CUST00967,Healthcare,Jakarta,Small,2419718128.0,337907102.0,6,9,28823035.0,14,2058788.2142857143,14,226798311.0,22,10309014.136363637,18,1
CUST00968,Wholesale,Semarang,Medium,18843067163.0,2448831755.0,201,6,433823719.0,20,21691185.95,18,418454214.0,20,20922710.7,18,2
CUST00969,Agriculture,Yogyakarta,Medium,14167546338.0,930928020.0,197,10,323475696.0,19,17025036.63157895,15,653431617.0,26,25131985.269230768,21,4
CUST00970,Construction,Surabaya,Medium,10343489842.0,1289987079.0,246,5,709182453.0,27,26266016.777777776,20,737921154.0,33,22361247.09090909,23,3
CUST00971,Healthcare,Makassar,Small,1941495595.0,65516987.0,48,12,62003235.0,29,2138042.5862068967,25,253679691.0,21,12079985.285714285,19,3
CUST00972,Logistics,Bandung,Medium,35789586634.0,5226133804.0,79,7,557297605.0,28,19903485.89285714,23,286292602.0,22,13013300.090909092,18,3
CUST00973,Education,Yogyakarta,Medium,18313452213.0,1706656124.0,137,14,783201080.0,24,32633378.333333332,20,386086422.0,27,14299497.111111112,21,3
CUST00974,Wholesale,Makassar,Medium,6973325890.0,462985068.0,284,6,785603392.0,31,25342044.903225806,26,466776458.0,22,21217111.727272727,19,2
CUST00975,Manufacturing,Medan,Medium,19219102031.0,1412795912.0,281,5,403040015.0,21,19192381.666666668,18,185440717.0,19,9760037.736842105,17,3
CUST00976,Wholesale,Medan,Medium,13741847003.0,521759275.0,56,14,350766180.0,17,20633304.70588235,14,268501187.0,20,13425059.35,18,2
CUST00977,Agriculture,Yogyakarta,Medium,15031089512.0,2235452818.0,85,2,501452804.0,22,22793309.272727273,16,416720869.0,27,15434106.25925926,22,2
CUST00978,Manufacturing,Medan,Small,1800177762.0,62493231.0,24,8,53616374.0,20,2680818.7,17,837477019.0,31,27015387.70967742,25,2
CUST00979,Construction,Semarang,Small,1057335483.0,114814849.0,14,13,96823312.0,31,3123332.64516129,22,292159258.0,27,10820713.25925926,20,2
CUST00980,Agriculture,Jakarta,Small,2683398479.0,223066384.0,33,7,96630276.0,29,3332078.4827586208,27,361954853.0,16,22622178.3125,14,1
CUST00981,Retail,Surabaya,Small,863856929.0,124283050.0,45,6,42154743.0,19,2218670.6842105263,11,172330969.0,20,8616548.45,19,2
CUST00982,Education,Jakarta,Small,3177331366.0,189114664.0,38,5,73490352.0,25,2939614.08,17,255357391.0,20,12767869.55,17,2
CUST00983,Manufacturing,Makassar,Small,2426501555.0,227728187.0,41,5,88903102.0,24,3704295.9166666665,21,768195333.0,26,29545974.346153848,25,2
CUST00984,Manufacturing,Surabaya,Small,2430682441.0,213615045.0,24,9,46629117.0,20,2331455.85,20,571847557.0,26,21994136.807692308,23,3
CUST00985,Healthcare,Surabaya,Small,755185201.0,86350876.0,12,1,80926474.0,34,2380190.411764706,28,515641839.0,25,20625673.56,22,2
CUST00986,Construction,Jakarta,Medium,13282211498.0,506865499.0,221,9,643301030.0,30,21443367.666666668,26,227700927.0,19,11984259.315789474,16,2
CUST00987,Healthcare,Yogyakarta,Large,361182181642.0,19234647141.0,1578,6,1804348951.0,21,85921378.61904761,18,398691759.0,27,14766361.444444444,22,3
CUST00988,Retail,Surabaya,Small,1583715375.0,88288614.0,15,4,67768860.0,28,2420316.4285714286,27,771750515.0,20,38587525.75,19,1
CUST00989,Wholesale,Jakarta,Large,57262775930.0,6790110631.0,1787,10,1657438294.0,23,72062534.52173913,20,228190560.0,27,8451502.222222222,21,5
CUST00990,Technology,Surabaya,Small,1501771840.0,79138335.0,22,14,98292265.0,28,3510438.035714286,23,321876698.0,23,13994639.043478262,21,1
CUST00991,Education,Bandung,Small,1939484566.0,191657948.0,46,7,91053629.0,22,4138801.3181818184,18,221989328.0,25,8879573.12,21,3
CUST00992,Healthcare,Yogyakarta,Small,1363466669.0,76121333.0,33,9,79711193.0,24,3321299.7083333335,20,484635317.0,30,16154510.566666666,22,1
CUST00993,Wholesale,Semarang,Small,3484640683.0,464833623.0,29,5,58608821.0,26,2254185.423076923,21,133344119.0,18,7408006.611111111,15,1
CUST00994,Agriculture,Surabaya,Medium,14168468749.0,2026973083.0,70,14,588491911.0,31,18983610.032258064,26,388982030.0,25,15559281.2,20,3
CUST00995,Retail,Bandung,Medium,10872881483.0,1002687964.0,64,5,665075998.0,25,26603039.92,18,668417183.0,33,20255066.151515152,19,2
CUST00996,Manufacturing,Semarang,Small,1113538289.0,80483281.0,22,8,91424072.0,31,2949163.6129032257,26,613901247.0,30,20463374.9,25,2
CUST00997,Logistics,Semarang,Small,2487176554.0,144472458.0,28,7,51928389.0,22,2360381.3181818184,17,331317107.0,19,17437742.47368421,15,1
CUST00998,Manufacturing,Makassar,Small,2461810397.0,88560478.0,42,13,90660007.0,33,2747272.9393939395,27,650999661.0,25,26039986.44,21,2
CUST00999,Hospitality,Surabaya,Small,1400253334.0,87123775.0,14,13,78692273.0,24,3278844.7083333335,21,514279241.0,27,19047379.296296295,26,1
CUST01000,Construction,Jakarta,Small,731103032.0,79330742.0,31,8,86694280.0,35,2476979.4285714286,29,545468647.0,30,18182288.233333334,22,2
