customer_id,product_id,future_adopted
CUST00001,P001,0
CUST00001,P002,0
CUST00001,P005,0
CUST00001,P006,0
CUST00001,P007,1
CUST00001,P009,0
CUST00001,P010,0
CUST00002,P001,0
CUST00002,P004,0
CUST00002,P006,0
CUST00002,P007,0
CUST00002,P008,0
CUST00002,P010,0
CUST00003,P001,1
CUST00003,P002,0
CUST00003,P005,0
CUST00003,P006,0
CUST00003,P007,0
CUST00003,P008,0
CUST00003,P010,0
CUST00004,P002,0
CUST00004,P004,0
CUST00004,P005,0
CUST00004,P006,0
CUST00004,P007,0
CUST00004,P008,0
CUST00005,P002,0
CUST00005,P004,0
CUST00005,P005,0
CUST00005,P006,0
CUST00005,P008,0
CUST00005,P009,0
CUST00005,P010,0
CUST00006,P001,0
CUST00006,P002,0
CUST00006,P004,0
CUST00006,P005,0
CUST00006,P006,0
CUST00006,P009,0
CUST00006,P010,0
CUST00007,P001,0
CUST00007,P002,0
CUST00007,P004,0
CUST00007,P005,1
CUST00007,P006,0
CUST00007,P007,0
CUST00007,P008,0
CUST00007,P010,0
CUST00008,P001,0
CUST00008,P002,0
CUST00008,P004,0
CUST00008,P006,0
CUST00008,P009,0
CUST00008,P010,0
CUST00009,P002,0
CUST00009,P004,0
CUST00009,P005,0
CUST00009,P007,0
CUST00009,P008,0
CUST00009,P009,0
CUST00009,P010,0
CUST00010,P002,0
CUST00010,P004,1
CUST00010,P005,0
CUST00010,P006,0
CUST00010,P007,0
CUST00010,P008,0
CUST00010,P009,0
CUST00010,P010,0
CUST00011,P002,0
CUST00011,P004,0
CUST00011,P006,0
CUST00011,P007,0
CUST00011,P008,0
CUST00011,P009,0
CUST00011,P010,0
CUST00012,P001,0
CUST00012,P004,0
CUST00012,P005,1
CUST00012,P007,0
CUST00012,P008,0
CUST00012,P009,0
CUST00013,P001,0
CUST00013,P002,0
CUST00013,P004,0
CUST00013,P005,0
CUST00013,P006,0
CUST00013,P007,0
CUST00013,P008,0
CUST00014,P001,0
CUST00014,P002,0
CUST00014,P004,0
CUST00014,P006,0
CUST00014,P007,0
CUST00014,P008,0
CUST00014,P009,0
CUST00014,P010,0
CUST00015,P001,0
CUST00015,P004,0
CUST00015,P005,1
CUST00015,P006,0
CUST00015,P008,0
CUST00015,P009,0
CUST00015,P010,0
CUST00016,P001,0
CUST00016,P002,0
CUST00016,P006,0
CUST00016,P007,0
CUST00016,P008,1
CUST00016,P009,0
CUST00016,P010,0
CUST00017,P001,0
CUST00017,P002,0
CUST00017,P004,0
CUST00017,P005,0
CUST00017,P007,0
CUST00017,P008,0
CUST00017,P010,0
CUST00018,P001,1
CUST00018,P005,0
CUST00018,P008,0
CUST00018,P009,0
CUST00018,P010,0
CUST00019,P001,0
CUST00019,P002,1
CUST00019,P004,0
CUST00019,P005,0
CUST00019,P008,0
CUST00019,P009,0
CUST00019,P010,0
CUST00020,P004,0
CUST00020,P005,0
CUST00020,P006,0
CUST00020,P007,0
CUST00020,P009,0
CUST00020,P010,0
CUST00021,P001,0
CUST00021,P002,0
CUST00021,P004,0
CUST00021,P005,0
CUST00021,P007,0
CUST00021,P008,0
CUST00022,P001,0
CUST00022,P005,0
CUST00022,P006,0
CUST00022,P008,0
CUST00022,P009,0
CUST00022,P010,0
CUST00023,P001,0
CUST00023,P004,0
CUST00023,P006,1
CUST00023,P008,1
CUST00023,P009,0
CUST00023,P010,0
CUST00024,P001,0
CUST00024,P002,0
CUST00024,P004,0
CUST00024,P005,0
CUST00024,P007,0
CUST00024,P008,0
CUST00024,P010,0
CUST00025,P001,0
CUST00025,P004,0
CUST00025,P005,0
CUST00025,P006,0
CUST00025,P007,0
CUST00025,P008,0
CUST00026,P001,0
CUST00026,P002,1
CUST00026,P005,0
CUST00026,P006,0
CUST00026,P008,0
CUST00026,P010,0
CUST00027,P001,0
CUST00027,P002,0
CUST00027,P004,0
CUST00027,P005,0
CUST00027,P006,0
CUST00027,P009,0
CUST00027,P010,0
CUST00028,P001,0
CUST00028,P002,0
CUST00028,P004,0
CUST00028,P006,0
CUST00028,P007,1
CUST00028,P008,0
CUST00028,P009,1
CUST00028,P010,0
CUST00029,P001,0
CUST00029,P002,0
CUST00029,P004,0
CUST00029,P005,0
CUST00029,P006,0
CUST00029,P009,0
CUST00030,P001,0
CUST00030,P002,0
CUST00030,P004,0
CUST00030,P005,0
CUST00030,P006,0
CUST00030,P008,0
CUST00030,P009,0
CUST00030,P010,0
CUST00031,P001,0
CUST00031,P002,0
CUST00031,P004,0
CUST00031,P005,0
CUST00031,P006,0
CUST00031,P008,0
CUST00031,P009,0
CUST00031,P010,0
CUST00032,P001,0
CUST00032,P002,0
CUST00032,P004,0
CUST00032,P005,0
CUST00032,P007,0
CUST00032,P008,0
CUST00032,P009,0
CUST00032,P010,0
CUST00033,P001,0
CUST00033,P004,1
CUST00033,P005,0
CUST00033,P006,0
CUST00033,P009,0
CUST00033,P010,0
CUST00034,P001,0
CUST00034,P002,0
CUST00034,P005,0
CUST00034,P006,1
CUST00034,P007,0
CUST00034,P008,0
CUST00034,P009,0
CUST00034,P010,0
CUST00035,P001,0
CUST00035,P002,0
CUST00035,P004,0
CUST00035,P006,0
CUST00035,P007,0
CUST00035,P008,0
CUST00035,P009,0
CUST00035,P010,0
CUST00036,P001,0
CUST00036,P002,0
CUST00036,P004,0
CUST00036,P005,0
CUST00036,P006,0
CUST00036,P008,0
CUST00036,P010,0
CUST00037,P002,0
CUST00037,P004,0
CUST00037,P006,0
CUST00037,P007,0
CUST00037,P008,0
CUST00037,P009,1
CUST00037,P010,0
CUST00038,P002,0
CUST00038,P004,0
CUST00038,P006,0
CUST00038,P008,0
CUST00038,P009,0
CUST00038,P010,0
CUST00039,P001,0
CUST00039,P002,0
CUST00039,P004,0
CUST00039,P005,0
CUST00039,P007,0
CUST00039,P008,0
CUST00039,P009,0
CUST00039,P010,0
CUST00040,P001,0
CUST00040,P002,0
CUST00040,P004,0
CUST00040,P005,0
CUST00040,P007,0
CUST00040,P008,0
CUST00040,P010,0
CUST00041,P004,0
CUST00041,P005,0
CUST00041,P006,0
CUST00041,P008,0
CUST00041,P009,0
CUST00041,P010,0
CUST00042,P001,1
CUST00042,P002,0
CUST00042,P004,0
CUST00042,P005,0
CUST00042,P006,0
CUST00042,P007,0
CUST00042,P008,0
CUST00042,P010,0
CUST00043,P001,0
CUST00043,P002,0
CUST00043,P004,0
CUST00043,P005,0
CUST00043,P006,0
CUST00043,P008,0
CUST00043,P009,0
CUST00043,P010,0
CUST00044,P002,0
CUST00044,P004,0
CUST00044,P006,0
CUST00044,P007,0
CUST00044,P009,0
CUST00044,P010,1
CUST00045,P001,0
CUST00045,P002,0
CUST00045,P004,0
CUST00045,P006,0
CUST00045,P007,0
CUST00045,P008,0
CUST00045,P009,0
CUST00046,P001,0
CUST00046,P002,1
CUST00046,P004,0
CUST00046,P005,0
CUST00046,P006,0
CUST00046,P007,0
CUST00046,P008,0
CUST00046,P009,0
CUST00046,P010,0
CUST00047,P001,1
CUST00047,P002,0
CUST00047,P005,0
CUST00047,P006,0
CUST00047,P007,0
CUST00047,P008,0
CUST00047,P009,0
CUST00047,P010,0
CUST00048,P001,0
CUST00048,P002,0
CUST00048,P005,0
CUST00048,P006,0
CUST00048,P007,0
CUST00048,P008,0
CUST00048,P009,0
CUST00048,P010,0
CUST00049,P001,0
CUST00049,P004,0
CUST00049,P006,0
CUST00049,P007,0
CUST00049,P008,0
CUST00049,P009,0
CUST00049,P010,0
CUST00050,P002,0
CUST00050,P004,0
CUST00050,P005,0
CUST00050,P006,0
CUST00050,P008,0
CUST00050,P009,0
CUST00050,P010,0
CUST00051,P001,0
CUST00051,P004,0
CUST00051,P005,0
CUST00051,P006,0
CUST00051,P007,0
CUST00051,P009,0
CUST00051,P010,0
CUST00052,P001,0
CUST00052,P002,0
CUST00052,P004,0
CUST00052,P005,0
CUST00052,P007,0
CUST00052,P008,0
CUST00052,P009,0
CUST00053,P002,0
CUST00053,P004,0
CUST00053,P005,0
CUST00053,P006,0
CUST00053,P007,0
CUST00053,P008,0
CUST00053,P009,0
CUST00054,P001,0
CUST00054,P002,0
CUST00054,P004,0
CUST00054,P005,1
CUST00054,P006,0
CUST00054,P007,0
CUST00054,P009,0
CUST00055,P002,0
CUST00055,P004,0
CUST00055,P005,0
CUST00055,P007,0
CUST00055,P008,0
CUST00055,P009,0
CUST00055,P010,0
CUST00056,P002,0
CUST00056,P004,0
CUST00056,P005,0
CUST00056,P008,0
CUST00056,P009,0
CUST00056,P010,0
CUST00057,P002,0
CUST00057,P005,0
CUST00057,P006,0
CUST00057,P007,0
CUST00057,P010,0
CUST00058,P001,0
CUST00058,P002,0
CUST00058,P004,0
CUST00058,P006,0
CUST00058,P007,0
CUST00058,P008,1
CUST00058,P009,0
CUST00058,P010,0
CUST00059,P001,0
CUST00059,P006,1
CUST00059,P007,1
CUST00059,P008,1
CUST00059,P009,1
CUST00059,P010,1
CUST00060,P001,0
CUST00060,P002,0
CUST00060,P004,0
CUST00060,P005,0
CUST00060,P007,0
CUST00060,P009,0
CUST00060,P010,0
CUST00061,P001,0
CUST00061,P002,0
CUST00061,P004,0
CUST00061,P005,0
CUST00061,P006,0
CUST00061,P007,0
CUST00061,P008,0
CUST00061,P010,0
CUST00062,P001,0
CUST00062,P002,0
CUST00062,P004,0
CUST00062,P006,0
CUST00062,P007,0
CUST00062,P008,0
CUST00062,P009,0
CUST00062,P010,0
CUST00063,P001,0
CUST00063,P002,0
CUST00063,P004,0
CUST00063,P005,0
CUST00063,P007,0
CUST00063,P008,0
CUST00063,P009,0
CUST00063,P010,0
CUST00064,P001,0
CUST00064,P002,0
CUST00064,P004,0
CUST00064,P005,0
CUST00064,P007,0
CUST00064,P010,0
CUST00065,P001,0
CUST00065,P002,0
CUST00065,P004,0
CUST00065,P006,0
CUST00065,P008,0
CUST00065,P009,0
CUST00065,P010,0
CUST00066,P001,1
CUST00066,P002,0
CUST00066,P006,0
CUST00066,P007,0
CUST00066,P008,0
CUST00066,P009,0
CUST00066,P010,0
CUST00067,P001,0
CUST00067,P004,0
CUST00067,P006,1
CUST00067,P007,0
CUST00067,P008,0
CUST00067,P009,1
CUST00067,P010,0
CUST00068,P001,0
CUST00068,P002,0
CUST00068,P004,0
CUST00068,P006,0
CUST00068,P007,0
CUST00068,P010,0
CUST00069,P001,1
CUST00069,P002,0
CUST00069,P004,0
CUST00069,P005,0
CUST00069,P006,0
CUST00069,P008,0
CUST00069,P009,0
CUST00069,P010,0
CUST00070,P001,0
CUST00070,P002,0
CUST00070,P004,0
CUST00070,P006,0
CUST00070,P007,0
CUST00070,P008,0
CUST00070,P009,0
CUST00070,P010,0
CUST00071,P001,0
CUST00071,P002,0
CUST00071,P004,0
CUST00071,P005,1
CUST00071,P007,0
CUST00071,P008,0
CUST00071,P009,0
CUST00072,P001,0
CUST00072,P002,0
CUST00072,P004,0
CUST00072,P005,0
CUST00072,P010,0
CUST00073,P002,0
CUST00073,P004,0
CUST00073,P005,0
CUST00073,P006,0
CUST00073,P008,0
CUST00073,P009,0
CUST00074,P001,0
CUST00074,P002,0
CUST00074,P004,0
CUST00074,P005,0
CUST00074,P008,0
CUST00074,P009,0
CUST00074,P010,0
CUST00075,P001,1
CUST00075,P002,0
CUST00075,P004,0
CUST00075,P007,0
CUST00075,P008,0
CUST00075,P009,0
CUST00075,P010,0
CUST00076,P001,0
CUST00076,P002,0
CUST00076,P005,0
CUST00076,P006,0
CUST00076,P007,0
CUST00076,P008,0
CUST00076,P010,0
CUST00077,P001,0
CUST00077,P002,0
CUST00077,P006,0
CUST00077,P007,0
CUST00077,P008,0
CUST00077,P009,0
CUST00077,P010,0
CUST00078,P001,0
CUST00078,P002,0
CUST00078,P004,0
CUST00078,P005,0
CUST00078,P006,0
CUST00078,P007,0
CUST00078,P009,0
CUST00078,P010,0
CUST00079,P001,0
CUST00079,P002,0
CUST00079,P004,1
CUST00079,P006,0
CUST00079,P007,0
CUST00079,P009,0
CUST00079,P010,0
CUST00080,P001,0
CUST00080,P002,0
CUST00080,P004,0
CUST00080,P005,0
CUST00080,P006,0
CUST00080,P007,0
CUST00080,P008,0
CUST00080,P010,0
CUST00081,P001,0
CUST00081,P002,0
CUST00081,P005,0
CUST00081,P006,0
CUST00081,P007,0
CUST00081,P008,0
CUST00081,P010,0
CUST00082,P001,0
CUST00082,P002,0
CUST00082,P004,0
CUST00082,P005,0
CUST00082,P006,0
CUST00082,P008,0
CUST00082,P009,0
CUST00082,P010,0
CUST00083,P002,0
CUST00083,P004,0
CUST00083,P007,0
CUST00083,P008,0
CUST00083,P009,0
CUST00083,P010,0
CUST00084,P001,0
CUST00084,P002,0
CUST00084,P004,0
CUST00084,P006,0
CUST00084,P008,0
CUST00084,P009,0
CUST00084,P010,0
CUST00085,P002,0
CUST00085,P004,0
CUST00085,P005,0
CUST00085,P006,0
CUST00085,P008,0
CUST00085,P009,0
CUST00085,P010,0
CUST00086,P001,0
CUST00086,P002,0
CUST00086,P004,0
CUST00086,P005,0
CUST00086,P007,0
CUST00086,P008,1
CUST00086,P009,0
CUST00087,P001,0
CUST00087,P002,0
CUST00087,P004,0
CUST00087,P005,0
CUST00087,P006,0
CUST00087,P008,0
CUST00087,P009,0
CUST00088,P002,0
CUST00088,P004,0
CUST00088,P005,0
CUST00088,P006,0
CUST00088,P008,0
CUST00088,P009,0
CUST00089,P002,0
CUST00089,P004,0
CUST00089,P005,1
CUST00089,P007,0
CUST00089,P008,0
CUST00089,P010,0
CUST00090,P002,0
CUST00090,P004,0
CUST00090,P005,0
CUST00090,P007,0
CUST00090,P008,0
CUST00090,P009,0
CUST00090,P010,0
CUST00091,P001,1
CUST00091,P002,0
CUST00091,P004,0
CUST00091,P005,0
CUST00091,P006,0
CUST00091,P008,0
CUST00091,P009,0
CUST00091,P010,0
CUST00092,P002,0
CUST00092,P005,1
CUST00092,P006,0
CUST00092,P007,0
CUST00092,P008,0
CUST00092,P009,0
CUST00093,P001,0
CUST00093,P004,0
CUST00093,P006,0
CUST00093,P007,0
CUST00093,P008,0
CUST00093,P009,0
CUST00093,P010,1
CUST00094,P001,0
CUST00094,P002,0
CUST00094,P004,0
CUST00094,P006,0
CUST00094,P007,1
CUST00094,P008,0
CUST00094,P010,0
CUST00095,P001,0
CUST00095,P002,0
CUST00095,P004,0
CUST00095,P006,0
CUST00095,P007,0
CUST00095,P008,0
CUST00095,P009,0
CUST00095,P010,0
CUST00096,P002,0
CUST00096,P004,1
CUST00096,P007,0
CUST00096,P009,0
CUST00096,P010,0
CUST00097,P001,0
CUST00097,P002,0
CUST00097,P004,0
CUST00097,P005,0
CUST00097,P006,0
CUST00097,P007,0
CUST00097,P008,0
CUST00097,P009,0
CUST00097,P010,0
CUST00098,P001,1
CUST00098,P002,0
CUST00098,P004,0
CUST00098,P005,1
CUST00098,P007,0
CUST00098,P009,0
CUST00099,P001,0
CUST00099,P002,0
CUST00099,P006,1
CUST00099,P008,0
CUST00099,P010,0
CUST00100,P001,0
CUST00100,P002,0
CUST00100,P004,0
CUST00100,P005,0
CUST00100,P006,0
CUST00100,P008,0
CUST00100,P009,0
CUST00100,P010,1
CUST00101,P004,0
CUST00101,P005,0
CUST00101,P008,0
CUST00101,P009,0
CUST00101,P010,0
CUST00102,P001,0
CUST00102,P002,0
CUST00102,P004,0
CUST00102,P005,0
CUST00102,P007,0
CUST00102,P008,0
CUST00102,P009,0
CUST00102,P010,0
CUST00103,P001,0
CUST00103,P002,0
CUST00103,P004,0
CUST00103,P006,0
CUST00103,P008,0
CUST00103,P009,0
CUST00103,P010,0
CUST00104,P001,0
CUST00104,P002,0
CUST00104,P005,0
CUST00104,P006,0
CUST00104,P007,0
CUST00104,P008,0
CUST00104,P009,0
CUST00105,P001,0
CUST00105,P002,0
CUST00105,P004,0
CUST00105,P005,0
CUST00105,P007,0
CUST00105,P010,0
CUST00106,P004,0
CUST00106,P005,0
CUST00106,P006,0
CUST00106,P007,0
CUST00106,P009,0
CUST00107,P001,0
CUST00107,P002,0
CUST00107,P004,0
CUST00107,P005,1
CUST00107,P007,0
CUST00107,P008,0
CUST00108,P001,0
CUST00108,P002,0
CUST00108,P006,0
CUST00108,P007,0
CUST00108,P008,0
CUST00108,P009,0
CUST00108,P010,0
CUST00109,P001,0
CUST00109,P002,0
CUST00109,P004,0
CUST00109,P006,0
CUST00109,P007,1
CUST00109,P009,0
CUST00109,P010,0
CUST00110,P001,0
CUST00110,P004,0
CUST00110,P005,0
CUST00110,P006,0
CUST00110,P007,0
CUST00110,P008,0
CUST00110,P009,0
CUST00110,P010,0
CUST00111,P001,0
CUST00111,P002,0
CUST00111,P004,0
CUST00111,P005,0
CUST00111,P006,0
CUST00111,P007,0
CUST00111,P009,0
CUST00111,P010,0
CUST00112,P002,0
CUST00112,P004,0
CUST00112,P005,0
CUST00112,P006,0
CUST00112,P009,0
CUST00112,P010,0
CUST00113,P001,0
CUST00113,P002,0
CUST00113,P004,0
CUST00113,P006,0
CUST00113,P008,0
CUST00113,P009,0
CUST00113,P010,0
CUST00114,P001,0
CUST00114,P002,0
CUST00114,P004,0
CUST00114,P006,0
CUST00114,P007,0
CUST00114,P008,0
CUST00114,P009,0
CUST00114,P010,0
CUST00115,P002,0
CUST00115,P004,0
CUST00115,P005,0
CUST00115,P008,0
CUST00115,P009,0
CUST00116,P001,0
CUST00116,P002,0
CUST00116,P004,0
CUST00116,P005,0
CUST00116,P007,0
CUST00116,P008,0
CUST00116,P009,1
CUST00116,P010,0
CUST00117,P001,0
CUST00117,P002,0
CUST00117,P004,0
CUST00117,P007,0
CUST00117,P008,0
CUST00117,P009,0
CUST00117,P010,0
CUST00118,P002,0
CUST00118,P004,0
CUST00118,P005,0
CUST00118,P006,0
CUST00118,P007,1
CUST00118,P008,0
CUST00118,P009,0
CUST00118,P010,0
CUST00119,P002,0
CUST00119,P004,0
CUST00119,P006,0
CUST00119,P007,0
CUST00119,P008,0
CUST00120,P004,0
CUST00120,P005,0
CUST00120,P006,0
CUST00120,P007,0
CUST00120,P008,0
CUST00121,P001,0
CUST00121,P002,0
CUST00121,P004,0
CUST00121,P005,0
CUST00121,P006,0
CUST00121,P008,0
CUST00121,P010,0
CUST00122,P001,0
CUST00122,P002,0
CUST00122,P004,0
CUST00122,P006,0
CUST00122,P007,0
CUST00122,P009,0
CUST00122,P010,0
CUST00123,P001,0
CUST00123,P002,0
CUST00123,P004,0
CUST00123,P007,0
CUST00123,P008,0
CUST00123,P009,0
CUST00123,P010,0
CUST00124,P001,0
CUST00124,P004,0
CUST00124,P005,0
CUST00124,P006,0
CUST00124,P007,0
CUST00124,P009,0
CUST00124,P010,0
CUST00125,P001,0
CUST00125,P002,0
CUST00125,P004,0
CUST00125,P005,0
CUST00125,P006,0
CUST00125,P007,0
CUST00125,P009,0
CUST00125,P010,0
CUST00126,P002,0
CUST00126,P004,0
CUST00126,P006,0
CUST00126,P007,0
CUST00126,P008,0
CUST00126,P009,0
CUST00126,P010,0
CUST00127,P001,0
CUST00127,P002,0
CUST00127,P004,0
CUST00127,P007,0
CUST00127,P008,0
CUST00127,P009,0
CUST00127,P010,0
CUST00128,P002,0
CUST00128,P004,0
CUST00128,P005,0
CUST00128,P006,0
CUST00128,P007,0
CUST00128,P008,0
CUST00128,P009,0
CUST00128,P010,0
CUST00129,P002,0
CUST00129,P004,0
CUST00129,P005,0
CUST00129,P006,0
CUST00129,P007,0
CUST00129,P008,0
CUST00129,P009,0
CUST00129,P010,0
CUST00130,P001,0
CUST00130,P002,0
CUST00130,P004,0
CUST00130,P005,0
CUST00130,P006,0
CUST00130,P008,0
CUST00130,P009,0
CUST00130,P010,0
CUST00131,P001,0
CUST00131,P002,0
CUST00131,P004,0
CUST00131,P005,0
CUST00131,P006,0
CUST00131,P007,0
CUST00131,P010,0
CUST00132,P001,0
CUST00132,P005,0
CUST00132,P006,0
CUST00132,P009,0
CUST00132,P010,0
CUST00133,P001,0
CUST00133,P004,0
CUST00133,P005,0
CUST00133,P006,0
CUST00133,P007,0
CUST00133,P008,0
CUST00133,P010,0
CUST00134,P002,0
CUST00134,P004,0
CUST00134,P005,1
CUST00134,P009,0
CUST00134,P010,0
CUST00135,P001,0
CUST00135,P002,0
CUST00135,P004,0
CUST00135,P006,0
CUST00135,P007,0
CUST00135,P008,0
CUST00135,P009,0
CUST00136,P002,0
CUST00136,P004,0
CUST00136,P005,0
CUST00136,P006,0
CUST00136,P007,0
CUST00136,P008,0
CUST00136,P009,0
CUST00136,P010,0
CUST00137,P002,0
CUST00137,P005,0
CUST00137,P006,0
CUST00137,P007,0
CUST00137,P008,0
CUST00137,P009,0
CUST00137,P010,0
CUST00138,P001,0
CUST00138,P002,0
CUST00138,P005,0
CUST00138,P006,0
CUST00138,P007,0
CUST00138,P008,0
CUST00138,P009,0
CUST00138,P010,0
CUST00139,P001,1
CUST00139,P002,0
CUST00139,P004,0
CUST00139,P005,0
CUST00139,P006,0
CUST00139,P007,0
CUST00139,P008,0
CUST00139,P009,0
CUST00140,P001,0
CUST00140,P002,0
CUST00140,P007,0
CUST00140,P008,0
CUST00140,P009,0
CUST00140,P010,0
CUST00141,P001,0
CUST00141,P004,0
CUST00141,P006,0
CUST00141,P007,0
CUST00141,P008,0
CUST00141,P009,0
CUST00141,P010,0
CUST00142,P002,0
CUST00142,P004,0
CUST00142,P005,1
CUST00142,P006,0
CUST00142,P007,0
CUST00142,P008,0
CUST00142,P009,0
CUST00143,P004,0
CUST00143,P006,0
CUST00143,P007,0
CUST00143,P008,0
CUST00143,P009,0
CUST00144,P001,0
CUST00144,P002,0
CUST00144,P004,0
CUST00144,P005,0
CUST00144,P006,0
CUST00144,P007,0
CUST00144,P008,0
CUST00144,P010,0
CUST00145,P002,1
CUST00145,P004,0
CUST00145,P005,0
CUST00145,P006,0
CUST00145,P007,0
CUST00145,P010,0
CUST00146,P004,0
CUST00146,P006,0
CUST00146,P008,0
CUST00146,P009,0
CUST00146,P010,0
CUST00147,P001,0
CUST00147,P002,0
CUST00147,P004,0
CUST00147,P005,0
CUST00147,P009,0
CUST00147,P010,0
CUST00148,P002,0
CUST00148,P004,0
CUST00148,P005,0
CUST00148,P006,0
CUST00148,P007,0
CUST00148,P008,0
CUST00148,P009,0
CUST00148,P010,0
CUST00149,P001,0
CUST00149,P004,0
CUST00149,P006,0
CUST00149,P007,0
CUST00149,P009,0
CUST00149,P010,0
CUST00150,P001,0
CUST00150,P002,0
CUST00150,P004,0
CUST00150,P005,0
CUST00150,P006,0
CUST00150,P007,0
CUST00150,P010,0
CUST00151,P001,0
CUST00151,P004,0
CUST00151,P006,0
CUST00151,P008,0
CUST00151,P010,0
CUST00152,P001,0
CUST00152,P002,0
CUST00152,P005,0
CUST00152,P006,0
CUST00152,P008,0
CUST00152,P010,0
CUST00153,P001,1
CUST00153,P004,0
CUST00153,P006,0
CUST00153,P007,0
CUST00153,P008,0
CUST00153,P009,0
CUST00153,P010,0
CUST00154,P001,0
CUST00154,P004,0
CUST00154,P005,0
CUST00154,P007,0
CUST00154,P008,0
CUST00154,P009,0
CUST00154,P010,0
CUST00155,P001,0
CUST00155,P002,0
CUST00155,P004,0
CUST00155,P005,0
CUST00155,P006,0
CUST00155,P007,0
CUST00155,P008,0
CUST00155,P009,0
CUST00156,P001,0
CUST00156,P004,0
CUST00156,P005,0
CUST00156,P006,0
CUST00156,P009,0
CUST00156,P010,0
CUST00157,P001,1
CUST00157,P002,0
CUST00157,P004,0
CUST00157,P005,0
CUST00157,P007,0
CUST00157,P008,0
CUST00157,P009,0
CUST00157,P010,0
CUST00158,P001,0
CUST00158,P002,0
CUST00158,P004,0
CUST00158,P005,0
CUST00158,P006,0
CUST00158,P007,0
CUST00158,P010,0
CUST00159,P001,1
CUST00159,P002,0
CUST00159,P004,0
CUST00159,P005,0
CUST00159,P006,0
CUST00159,P007,1
CUST00159,P010,0
CUST00160,P001,0
CUST00160,P002,0
CUST00160,P004,0
CUST00160,P005,0
CUST00160,P007,1
CUST00160,P008,0
CUST00160,P009,0
CUST00160,P010,0
CUST00161,P002,0
CUST00161,P004,0
CUST00161,P005,1
CUST00161,P008,1
CUST00161,P010,0
CUST00162,P001,0
CUST00162,P004,0
CUST00162,P005,1
CUST00162,P006,0
CUST00162,P007,0
CUST00162,P009,0
CUST00162,P010,0
CUST00163,P004,0
CUST00163,P005,0
CUST00163,P006,0
CUST00163,P008,0
CUST00163,P009,0
CUST00164,P001,0
CUST00164,P004,0
CUST00164,P005,0
CUST00164,P006,0
CUST00164,P007,0
CUST00164,P008,0
CUST00164,P009,0
CUST00165,P004,0
CUST00165,P006,0
CUST00165,P007,0
CUST00165,P008,0
CUST00165,P009,0
CUST00165,P010,0
CUST00166,P001,0
CUST00166,P004,0
CUST00166,P005,0
CUST00166,P006,0
CUST00166,P007,0
CUST00166,P008,0
CUST00166,P009,0
CUST00167,P001,1
CUST00167,P002,0
CUST00167,P004,0
CUST00167,P005,1
CUST00167,P007,0
CUST00167,P008,0
CUST00167,P009,0
CUST00168,P002,0
CUST00168,P004,0
CUST00168,P005,0
CUST00168,P006,0
CUST00168,P007,0
CUST00168,P008,0
CUST00168,P009,0
CUST00168,P010,0
CUST00169,P002,0
CUST00169,P004,0
CUST00169,P005,1
CUST00169,P006,0
CUST00169,P007,1
CUST00169,P008,0
CUST00169,P009,0
CUST00170,P002,0
CUST00170,P004,0
CUST00170,P005,0
CUST00170,P006,0
CUST00170,P008,0
CUST00170,P009,0
CUST00170,P010,0
CUST00171,P001,0
CUST00171,P002,0
CUST00171,P004,0
CUST00171,P005,0
CUST00171,P006,0
CUST00171,P007,0
CUST00171,P008,1
CUST00171,P010,0
CUST00172,P002,1
CUST00172,P004,0
CUST00172,P005,0
CUST00172,P006,0
CUST00172,P007,0
CUST00172,P008,0
CUST00172,P009,0
CUST00172,P010,0
CUST00173,P001,0
CUST00173,P004,0
CUST00173,P006,0
CUST00173,P007,0
CUST00173,P008,0
CUST00173,P009,0
CUST00173,P010,0
CUST00174,P002,0
CUST00174,P004,0
CUST00174,P006,1
CUST00174,P008,0
CUST00174,P009,0
CUST00174,P010,0
CUST00175,P001,0
CUST00175,P005,0
CUST00175,P006,0
CUST00175,P008,0
CUST00175,P009,0
CUST00175,P010,0
CUST00176,P004,0
CUST00176,P005,1
CUST00176,P006,0
CUST00176,P007,0
CUST00176,P008,0
CUST00176,P009,0
CUST00176,P010,1
CUST00177,P001,0
CUST00177,P002,0
CUST00177,P004,0
CUST00177,P005,0
CUST00177,P007,0
CUST00177,P008,0
CUST00177,P009,0
CUST00177,P010,0
CUST00178,P001,0
CUST00178,P002,0
CUST00178,P004,0
CUST00178,P006,0
CUST00178,P007,0
CUST00178,P008,0
CUST00178,P010,0
CUST00179,P001,0
CUST00179,P002,0
CUST00179,P005,0
CUST00179,P006,0
CUST00179,P007,0
CUST00179,P009,0
CUST00179,P010,0
CUST00180,P001,0
CUST00180,P004,0
CUST00180,P005,0
CUST00180,P006,0
CUST00180,P007,0
CUST00180,P009,0
CUST00180,P010,0
CUST00181,P002,0
CUST00181,P004,0
CUST00181,P005,0
CUST00181,P007,0
CUST00181,P008,0
CUST00181,P009,0
CUST00181,P010,0
CUST00182,P001,0
CUST00182,P002,0
CUST00182,P005,0
CUST00182,P008,0
CUST00182,P009,0
CUST00182,P010,0
CUST00183,P002,0
CUST00183,P004,0
CUST00183,P006,0
CUST00183,P007,0
CUST00183,P009,0
CUST00183,P010,0
CUST00184,P001,0
CUST00184,P002,0
CUST00184,P005,0
CUST00184,P006,0
CUST00184,P007,0
CUST00184,P008,0
CUST00184,P009,0
CUST00185,P002,0
CUST00185,P004,0
CUST00185,P005,0
CUST00185,P006,0
CUST00185,P007,0
CUST00185,P009,0
CUST00185,P010,0
CUST00186,P001,0
CUST00186,P002,0
CUST00186,P004,0
CUST00186,P007,0
CUST00186,P008,0
CUST00186,P010,0
CUST00187,P001,0
CUST00187,P002,0
CUST00187,P005,0
CUST00187,P006,0
CUST00187,P007,0
CUST00187,P009,0
CUST00187,P010,0
CUST00188,P001,0
CUST00188,P002,0
CUST00188,P004,0
CUST00188,P006,0
CUST00188,P009,0
CUST00188,P010,0
CUST00189,P004,0
CUST00189,P005,0
CUST00189,P007,0
CUST00189,P008,0
CUST00189,P009,0
CUST00189,P010,0
CUST00190,P002,0
CUST00190,P004,0
CUST00190,P005,0
CUST00190,P006,0
CUST00190,P009,0
CUST00191,P002,0
CUST00191,P004,0
CUST00191,P005,0
CUST00191,P006,0
CUST00191,P007,0
CUST00191,P008,0
CUST00191,P009,0
CUST00192,P002,0
CUST00192,P004,0
CUST00192,P005,0
CUST00192,P007,0
CUST00192,P008,0
CUST00192,P009,0
CUST00192,P010,0
CUST00193,P001,0
CUST00193,P002,0
CUST00193,P004,0
CUST00193,P005,1
CUST00193,P006,0
CUST00193,P007,0
CUST00193,P008,1
CUST00193,P009,0
CUST00194,P001,0
CUST00194,P002,0
CUST00194,P004,0
CUST00194,P005,0
CUST00194,P006,0
CUST00194,P007,0
CUST00194,P008,0
CUST00194,P009,0
CUST00195,P001,0
CUST00195,P002,0
CUST00195,P004,0
CUST00195,P005,0
CUST00195,P006,0
CUST00195,P008,0
CUST00196,P001,0
CUST00196,P002,0
CUST00196,P004,0
CUST00196,P005,0
CUST00196,P007,0
CUST00196,P008,0
CUST00196,P010,0
CUST00197,P001,1
CUST00197,P002,0
CUST00197,P004,1
CUST00197,P005,0
CUST00197,P006,0
CUST00197,P007,0
CUST00197,P008,0
CUST00197,P010,0
CUST00198,P001,0
CUST00198,P002,0
CUST00198,P004,0
CUST00198,P005,0
CUST00198,P006,0
CUST00198,P007,0
CUST00198,P009,0
CUST00199,P002,0
CUST00199,P004,0
CUST00199,P006,0
CUST00199,P007,0
CUST00199,P008,0
CUST00199,P009,0
CUST00199,P010,0
CUST00200,P001,0
CUST00200,P002,0
CUST00200,P004,0
CUST00200,P005,0
CUST00200,P007,0
CUST00200,P009,0
CUST00200,P010,0
CUST00201,P001,0
CUST00201,P002,0
CUST00201,P004,0
CUST00201,P005,0
CUST00201,P006,0
CUST00201,P008,0
CUST00201,P009,0
CUST00201,P010,0
CUST00202,P001,1
CUST00202,P002,0
CUST00202,P004,0
CUST00202,P005,0
CUST00202,P006,0
CUST00202,P007,0
CUST00202,P008,0
CUST00202,P009,0
CUST00203,P001,0
CUST00203,P002,0
CUST00203,P004,0
CUST00203,P005,1
CUST00203,P006,0
CUST00203,P008,0
CUST00203,P009,0
CUST00203,P010,0
CUST00204,P002,0
CUST00204,P004,0
CUST00204,P005,0
CUST00204,P006,0
CUST00204,P007,0
CUST00204,P008,0
CUST00204,P009,0
CUST00204,P010,0
CUST00205,P001,0
CUST00205,P005,0
CUST00205,P006,0
CUST00205,P007,1
CUST00205,P009,0
CUST00206,P001,0
CUST00206,P002,0
CUST00206,P004,0
CUST00206,P006,0
CUST00206,P008,0
CUST00206,P009,0
CUST00206,P010,0
CUST00207,P004,1
CUST00207,P005,0
CUST00207,P006,1
CUST00207,P007,0
CUST00207,P009,0
CUST00207,P010,0
CUST00208,P001,0
CUST00208,P002,0
CUST00208,P007,0
CUST00208,P008,0
CUST00208,P009,0
CUST00208,P010,0
CUST00209,P001,0
CUST00209,P002,0
CUST00209,P004,0
CUST00209,P006,0
CUST00209,P007,0
CUST00209,P008,0
CUST00209,P009,0
CUST00209,P010,0
CUST00210,P001,0
CUST00210,P002,0
CUST00210,P006,0
CUST00210,P007,0
CUST00210,P009,0
CUST00210,P010,0
CUST00211,P001,0
CUST00211,P002,0
CUST00211,P004,0
CUST00211,P005,0
CUST00211,P006,0
CUST00211,P007,0
CUST00211,P009,0
CUST00211,P010,0
CUST00212,P001,0
CUST00212,P002,0
CUST00212,P004,0
CUST00212,P006,0
CUST00212,P007,0
CUST00212,P008,0
CUST00212,P009,0
CUST00212,P010,0
CUST00213,P001,0
CUST00213,P004,0
CUST00213,P005,0
CUST00213,P006,0
CUST00213,P007,0
CUST00213,P008,0
CUST00213,P010,0
CUST00214,P001,0
CUST00214,P002,0
CUST00214,P004,0
CUST00214,P005,0
CUST00214,P006,0
CUST00214,P008,0
CUST00214,P009,0
CUST00214,P010,0
CUST00215,P001,0
CUST00215,P004,0
CUST00215,P006,0
CUST00215,P007,0
CUST00215,P008,0
CUST00215,P010,0
CUST00216,P001,0
CUST00216,P002,0
CUST00216,P004,0
CUST00216,P006,0
CUST00216,P007,0
CUST00216,P009,0
CUST00216,P010,0
CUST00217,P001,0
CUST00217,P002,0
CUST00217,P005,0
CUST00217,P007,0
CUST00217,P008,0
CUST00217,P010,0
CUST00218,P001,0
CUST00218,P002,0
CUST00218,P004,0
CUST00218,P005,0
CUST00218,P007,0
CUST00218,P008,0
CUST00218,P009,0
CUST00218,P010,0
CUST00219,P002,1
CUST00219,P004,0
CUST00219,P005,0
CUST00219,P006,0
CUST00219,P008,0
CUST00219,P009,0
CUST00219,P010,0
CUST00220,P001,0
CUST00220,P002,0
CUST00220,P005,1
CUST00220,P006,0
CUST00220,P007,0
CUST00220,P008,0
CUST00220,P009,0
CUST00221,P002,0
CUST00221,P004,0
CUST00221,P005,0
CUST00221,P006,0
CUST00221,P007,0
CUST00221,P008,0
CUST00221,P009,0
CUST00222,P001,0
CUST00222,P002,0
CUST00222,P004,0
CUST00222,P006,0
CUST00222,P007,0
CUST00222,P008,1
CUST00222,P009,0
CUST00222,P010,0
CUST00223,P001,0
CUST00223,P002,0
CUST00223,P004,0
CUST00223,P006,0
CUST00223,P007,0
CUST00223,P008,0
CUST00223,P009,0
CUST00223,P010,0
CUST00224,P001,0
CUST00224,P002,0
CUST00224,P004,0
CUST00224,P005,0
CUST00224,P006,0
CUST00224,P007,0
CUST00224,P008,0
CUST00224,P010,0
CUST00225,P002,1
CUST00225,P004,0
CUST00225,P008,0
CUST00225,P009,0
CUST00225,P010,0
CUST00226,P001,0
CUST00226,P002,0
CUST00226,P004,0
CUST00226,P005,0
CUST00226,P006,0
CUST00226,P007,0
CUST00226,P010,0
CUST00227,P001,0
CUST00227,P002,0
CUST00227,P004,0
CUST00227,P005,0
CUST00227,P006,0
CUST00227,P009,0
CUST00227,P010,0
CUST00228,P001,0
CUST00228,P002,0
CUST00228,P005,0
CUST00228,P006,0
CUST00228,P007,0
CUST00228,P008,0
CUST00228,P009,0
CUST00228,P010,0
CUST00229,P001,0
CUST00229,P002,0
CUST00229,P004,0
CUST00229,P005,0
CUST00229,P006,0
CUST00229,P008,0
CUST00229,P009,0
CUST00229,P010,1
CUST00230,P001,0
CUST00230,P002,0
CUST00230,P004,0
CUST00230,P005,1
CUST00230,P006,0
CUST00230,P008,0
CUST00230,P009,0
CUST00231,P001,0
CUST00231,P002,0
CUST00231,P004,0
CUST00231,P007,0
CUST00231,P008,0
CUST00231,P009,0
CUST00231,P010,0
CUST00232,P001,0
CUST00232,P004,0
CUST00232,P006,0
CUST00232,P007,0
CUST00232,P008,0
CUST00232,P009,0
CUST00232,P010,0
CUST00233,P001,0
CUST00233,P002,0
CUST00233,P004,0
CUST00233,P005,0
CUST00233,P006,0
CUST00233,P008,0
CUST00233,P009,0
CUST00234,P001,1
CUST00234,P002,0
CUST00234,P005,0
CUST00234,P006,0
CUST00234,P007,1
CUST00234,P008,0
CUST00234,P010,0
CUST00235,P002,0
CUST00235,P004,0
CUST00235,P005,0
CUST00235,P006,0
CUST00235,P007,0
CUST00235,P008,0
CUST00235,P010,0
CUST00236,P001,0
CUST00236,P002,0
CUST00236,P004,0
CUST00236,P005,0
CUST00236,P007,0
CUST00236,P008,0
CUST00236,P009,0
CUST00236,P010,0
CUST00237,P001,1
CUST00237,P002,0
CUST00237,P004,0
CUST00237,P006,0
CUST00237,P008,0
CUST00237,P009,0
CUST00237,P010,0
CUST00238,P001,0
CUST00238,P002,0
CUST00238,P004,0
CUST00238,P005,0
CUST00238,P006,0
CUST00238,P008,0
CUST00238,P009,0
CUST00238,P010,0
CUST00239,P002,0
CUST00239,P004,0
CUST00239,P006,0
CUST00239,P007,0
CUST00239,P008,0
CUST00239,P009,0
CUST00239,P010,0
CUST00240,P001,0
CUST00240,P002,0
CUST00240,P004,0
CUST00240,P005,0
CUST00240,P006,0
CUST00240,P008,0
CUST00240,P009,0
CUST00241,P002,0
CUST00241,P004,0
CUST00241,P005,0
CUST00241,P006,0
CUST00241,P007,0
CUST00241,P008,0
CUST00241,P009,0
CUST00242,P002,0
CUST00242,P004,0
CUST00242,P006,0
CUST00242,P007,0
CUST00242,P008,0
CUST00242,P009,1
CUST00242,P010,0
CUST00243,P002,0
CUST00243,P004,0
CUST00243,P005,0
CUST00243,P006,0
CUST00243,P007,0
CUST00243,P008,0
CUST00243,P009,0
CUST00243,P010,0
CUST00244,P001,0
CUST00244,P002,0
CUST00244,P004,0
CUST00244,P005,1
CUST00244,P008,0
CUST00244,P009,0
CUST00244,P010,0
CUST00245,P001,0
CUST00245,P002,0
CUST00245,P004,0
CUST00245,P005,0
CUST00245,P006,0
CUST00245,P009,0
CUST00245,P010,0
CUST00246,P002,0
CUST00246,P004,0
CUST00246,P005,0
CUST00246,P006,0
CUST00246,P007,0
CUST00246,P008,0
CUST00246,P010,0
CUST00247,P001,0
CUST00247,P002,0
CUST00247,P004,0
CUST00247,P006,0
CUST00247,P007,0
CUST00247,P008,0
CUST00247,P009,0
CUST00247,P010,0
CUST00248,P001,0
CUST00248,P002,0
CUST00248,P004,0
CUST00248,P005,0
CUST00248,P007,0
CUST00248,P008,0
CUST00248,P009,0
CUST00248,P010,0
CUST00249,P002,1
CUST00249,P004,0
CUST00249,P008,0
CUST00249,P009,0
CUST00249,P010,0
CUST00250,P001,0
CUST00250,P002,0
CUST00250,P004,0
CUST00250,P005,0
CUST00250,P007,0
CUST00250,P008,0
CUST00250,P009,0
CUST00250,P010,0
CUST00251,P001,0
CUST00251,P002,0
CUST00251,P004,0
CUST00251,P006,0
CUST00251,P009,0
CUST00252,P004,0
CUST00252,P005,0
CUST00252,P006,0
CUST00252,P007,0
CUST00252,P008,0
CUST00252,P009,0
CUST00253,P001,1
CUST00253,P002,0
CUST00253,P004,0
CUST00253,P005,0
CUST00253,P006,0
CUST00253,P007,0
CUST00253,P008,0
CUST00253,P009,0
CUST00254,P001,0
CUST00254,P002,0
CUST00254,P004,0
CUST00254,P005,0
CUST00254,P006,0
CUST00254,P007,0
CUST00254,P008,0
CUST00254,P010,0
CUST00255,P001,0
CUST00255,P002,0
CUST00255,P004,0
CUST00255,P005,0
CUST00255,P006,0
CUST00255,P007,0
CUST00255,P008,0
CUST00255,P010,0
CUST00256,P002,0
CUST00256,P004,0
CUST00256,P006,0
CUST00256,P007,0
CUST00256,P008,0
CUST00256,P009,0
CUST00256,P010,0
CUST00257,P001,0
CUST00257,P002,0
CUST00257,P004,1
CUST00257,P005,0
CUST00257,P007,0
CUST00257,P009,0
CUST00258,P002,0
CUST00258,P004,0
CUST00258,P007,0
CUST00258,P008,0
CUST00258,P010,0
CUST00259,P001,0
CUST00259,P002,0
CUST00259,P004,0
CUST00259,P006,0
CUST00259,P008,0
CUST00259,P009,0
CUST00260,P001,0
CUST00260,P004,0
CUST00260,P005,0
CUST00260,P007,0
CUST00260,P008,0
CUST00260,P009,0
CUST00260,P010,0
CUST00261,P001,0
CUST00261,P004,0
CUST00261,P005,0
CUST00261,P006,0
CUST00262,P002,0
CUST00262,P004,0
CUST00262,P005,0
CUST00262,P006,0
CUST00262,P007,0
CUST00262,P008,1
CUST00262,P010,0
CUST00263,P001,0
CUST00263,P002,0
CUST00263,P004,0
CUST00263,P006,0
CUST00263,P007,0
CUST00263,P008,0
CUST00263,P009,0
CUST00263,P010,0
CUST00264,P006,0
CUST00264,P007,0
CUST00264,P008,0
CUST00264,P010,0
CUST00265,P001,1
CUST00265,P002,0
CUST00265,P004,0
CUST00265,P005,0
CUST00265,P006,0
CUST00265,P007,0
CUST00266,P001,0
CUST00266,P002,0
CUST00266,P005,0
CUST00266,P006,0
CUST00266,P007,0
CUST00266,P008,0
CUST00266,P009,0
CUST00266,P010,0
CUST00267,P001,1
CUST00267,P002,0
CUST00267,P004,0
CUST00267,P005,0
CUST00267,P008,0
CUST00267,P009,0
CUST00268,P001,0
CUST00268,P002,0
CUST00268,P004,0
CUST00268,P005,0
CUST00268,P007,0
CUST00268,P009,0
CUST00268,P010,0
CUST00269,P001,0
CUST00269,P002,0
CUST00269,P004,0
CUST00269,P006,0
CUST00269,P007,0
CUST00269,P010,0
CUST00270,P001,0
CUST00270,P002,0
CUST00270,P004,0
CUST00270,P005,0
CUST00270,P006,0
CUST00270,P008,0
CUST00270,P009,1
CUST00270,P010,0
CUST00271,P002,0
CUST00271,P004,0
CUST00271,P007,0
CUST00271,P008,0
CUST00271,P009,0
CUST00271,P010,0
CUST00272,P002,0
CUST00272,P004,0
CUST00272,P006,0
CUST00272,P007,0
CUST00272,P008,0
CUST00272,P010,0
CUST00273,P001,0
CUST00273,P002,0
CUST00273,P004,0
CUST00273,P005,0
CUST00273,P007,0
CUST00273,P008,0
CUST00273,P009,0
CUST00273,P010,0
CUST00274,P001,0
CUST00274,P002,0
CUST00274,P004,0
CUST00274,P006,0
CUST00274,P007,0
CUST00274,P008,0
CUST00274,P009,0
CUST00274,P010,0
CUST00275,P001,0
CUST00275,P004,0
CUST00275,P005,0
CUST00275,P007,0
CUST00275,P008,0
CUST00275,P009,0
CUST00275,P010,0
CUST00276,P001,0
CUST00276,P005,0
CUST00276,P006,0
CUST00276,P008,0
CUST00276,P009,1
CUST00276,P010,0
CUST00277,P002,0
CUST00277,P004,0
CUST00277,P007,0
CUST00277,P008,0
CUST00277,P009,0
CUST00277,P010,0
CUST00278,P001,0
CUST00278,P002,0
CUST00278,P005,0
CUST00278,P006,0
CUST00278,P008,0
CUST00278,P010,0
CUST00279,P001,0
CUST00279,P002,0
CUST00279,P004,0
CUST00279,P006,0
CUST00279,P007,0
CUST00279,P008,0
CUST00279,P009,0
CUST00279,P010,0
CUST00280,P001,0
CUST00280,P002,0
CUST00280,P004,0
CUST00280,P006,0
CUST00280,P007,0
CUST00280,P008,0
CUST00280,P009,0
CUST00281,P001,0
CUST00281,P002,0
CUST00281,P004,0
CUST00281,P006,0
CUST00281,P008,0
CUST00281,P010,0
CUST00282,P001,1
CUST00282,P002,0
CUST00282,P004,0
CUST00282,P007,0
CUST00282,P009,0
CUST00282,P010,0
CUST00283,P001,0
CUST00283,P004,0
CUST00283,P006,0
CUST00283,P008,0
CUST00283,P009,0
CUST00283,P010,0
CUST00284,P001,0
CUST00284,P004,0
CUST00284,P005,0
CUST00284,P006,0
CUST00284,P007,1
CUST00284,P008,0
CUST00284,P009,0
CUST00284,P010,0
CUST00285,P001,0
CUST00285,P004,0
CUST00285,P005,0
CUST00285,P006,0
CUST00285,P007,0
CUST00285,P008,0
CUST00285,P009,0
CUST00286,P002,0
CUST00286,P004,0
CUST00286,P005,1
CUST00286,P006,0
CUST00286,P008,0
CUST00286,P009,0
CUST00286,P010,0
CUST00287,P001,0
CUST00287,P002,0
CUST00287,P005,0
CUST00287,P006,0
CUST00287,P007,0
CUST00287,P008,0
CUST00287,P010,0
CUST00288,P005,0
CUST00288,P006,0
CUST00288,P007,0
CUST00288,P009,0
CUST00288,P010,0
CUST00289,P001,1
CUST00289,P002,0
CUST00289,P005,0
CUST00289,P006,0
CUST00289,P007,0
CUST00289,P008,0
CUST00289,P009,0
CUST00290,P002,0
CUST00290,P004,0
CUST00290,P005,0
CUST00290,P006,0
CUST00290,P007,0
CUST00290,P009,0
CUST00290,P010,0
CUST00291,P001,0
CUST00291,P002,0
CUST00291,P004,0
CUST00291,P006,0
CUST00291,P008,0
CUST00291,P009,0
CUST00291,P010,1
CUST00292,P004,0
CUST00292,P005,0
CUST00292,P008,0
CUST00292,P009,0
CUST00292,P010,0
CUST00293,P002,0
CUST00293,P004,0
CUST00293,P005,0
CUST00293,P006,0
CUST00293,P007,0
CUST00293,P008,0
CUST00293,P010,0
CUST00294,P001,0
CUST00294,P002,0
CUST00294,P004,0
CUST00294,P006,0
CUST00294,P008,0
CUST00294,P009,0
CUST00294,P010,0
CUST00295,P001,0
CUST00295,P005,0
CUST00295,P006,0
CUST00295,P007,0
CUST00295,P008,0
CUST00295,P009,0
CUST00295,P010,0
CUST00296,P002,0
CUST00296,P005,0
CUST00296,P006,0
CUST00296,P007,0
CUST00296,P008,0
CUST00296,P009,0
CUST00296,P010,0
CUST00297,P001,0
CUST00297,P002,0
CUST00297,P004,0
CUST00297,P005,0
CUST00297,P006,0
CUST00297,P007,0
CUST00297,P009,0
CUST00297,P010,0
CUST00298,P001,0
CUST00298,P002,0
CUST00298,P004,0
CUST00298,P006,0
CUST00298,P008,0
CUST00298,P009,0
CUST00299,P001,0
CUST00299,P002,0
CUST00299,P004,0
CUST00299,P005,0
CUST00299,P006,0
CUST00299,P008,0
CUST00300,P001,0
CUST00300,P004,0
CUST00300,P005,0
CUST00300,P006,0
CUST00300,P007,0
CUST00300,P008,0
CUST00300,P009,0
CUST00300,P010,0
CUST00301,P001,0
CUST00301,P002,0
CUST00301,P004,0
CUST00301,P005,0
CUST00301,P006,0
CUST00301,P008,0
CUST00301,P009,0
CUST00301,P010,0
CUST00302,P004,0
CUST00302,P005,0
CUST00302,P006,0
CUST00302,P007,0
CUST00302,P008,0
CUST00302,P009,0
CUST00302,P010,0
CUST00303,P002,0
CUST00303,P005,0
CUST00303,P006,0
CUST00303,P007,0
CUST00303,P008,0
CUST00303,P009,0
CUST00303,P010,0
CUST00304,P002,0
CUST00304,P006,0
CUST00304,P007,0
CUST00304,P008,0
CUST00304,P009,0
CUST00304,P010,0
CUST00305,P002,0
CUST00305,P004,0
CUST00305,P005,0
CUST00305,P006,0
CUST00305,P007,0
CUST00305,P008,0
CUST00305,P010,0
CUST00306,P001,0
CUST00306,P002,0
CUST00306,P004,0
CUST00306,P006,0
CUST00306,P007,0
CUST00306,P008,0
CUST00306,P009,0
CUST00307,P001,0
CUST00307,P002,0
CUST00307,P004,0
CUST00307,P005,1
CUST00307,P008,0
CUST00307,P009,0
CUST00307,P010,0
CUST00308,P001,0
CUST00308,P002,0
CUST00308,P004,0
CUST00308,P005,0
CUST00308,P007,0
CUST00308,P008,0
CUST00308,P010,0
CUST00309,P001,0
CUST00309,P002,0
CUST00309,P004,0
CUST00309,P005,0
CUST00309,P007,0
CUST00309,P008,0
CUST00309,P009,0
CUST00309,P010,0
CUST00310,P002,0
CUST00310,P005,0
CUST00310,P006,0
CUST00310,P007,0
CUST00310,P009,0
CUST00310,P010,0
CUST00311,P001,0
CUST00311,P002,0
CUST00311,P004,0
CUST00311,P005,0
CUST00311,P006,0
CUST00311,P007,0
CUST00311,P009,0
CUST00311,P010,0
CUST00312,P001,0
CUST00312,P002,0
CUST00312,P004,0
CUST00312,P005,0
CUST00312,P006,0
CUST00312,P007,0
CUST00312,P009,0
CUST00312,P010,0
CUST00313,P001,0
CUST00313,P004,0
CUST00313,P005,1
CUST00313,P006,0
CUST00313,P007,0
CUST00313,P009,0
CUST00313,P010,0
CUST00314,P001,0
CUST00314,P004,0
CUST00314,P005,0
CUST00314,P006,0
CUST00314,P009,0
CUST00314,P010,0
CUST00315,P001,0
CUST00315,P002,0
CUST00315,P004,0
CUST00315,P005,0
CUST00315,P007,0
CUST00315,P008,0
CUST00316,P001,0
CUST00316,P005,0
CUST00316,P006,0
CUST00316,P007,0
CUST00316,P008,0
CUST00316,P009,1
CUST00317,P002,0
CUST00317,P005,0
CUST00317,P007,0
CUST00317,P008,0
CUST00317,P010,0
CUST00318,P001,0
CUST00318,P002,0
CUST00318,P004,0
CUST00318,P006,0
CUST00318,P008,1
CUST00318,P009,0
CUST00318,P010,0
CUST00319,P004,0
CUST00319,P005,0
CUST00319,P006,0
CUST00319,P007,0
CUST00319,P009,0
CUST00319,P010,0
CUST00320,P002,0
CUST00320,P004,0
CUST00320,P005,0
CUST00320,P006,0
CUST00320,P007,0
CUST00320,P009,0
CUST00320,P010,0
CUST00321,P001,0
CUST00321,P004,0
CUST00321,P005,0
CUST00321,P006,1
CUST00321,P007,0
CUST00321,P008,1
CUST00321,P009,0
CUST00321,P010,0
CUST00322,P001,0
CUST00322,P002,0
CUST00322,P004,1
CUST00322,P005,0
CUST00322,P008,0
CUST00322,P009,0
CUST00322,P010,0
CUST00323,P001,1
CUST00323,P004,0
CUST00323,P006,0
CUST00323,P008,0
CUST00323,P009,0
CUST00323,P010,0
CUST00324,P001,0
CUST00324,P002,0
CUST00324,P004,0
CUST00324,P005,0
CUST00324,P006,0
CUST00324,P008,0
CUST00324,P009,0
CUST00324,P010,0
CUST00325,P001,0
CUST00325,P002,0
CUST00325,P004,0
CUST00325,P006,0
CUST00325,P007,0
CUST00325,P008,0
CUST00325,P010,0
CUST00326,P002,0
CUST00326,P006,0
CUST00326,P007,0
CUST00326,P008,0
CUST00326,P009,1
CUST00326,P010,0
CUST00327,P001,0
CUST00327,P002,0
CUST00327,P005,0
CUST00327,P006,0
CUST00327,P008,0
CUST00327,P009,0
CUST00328,P002,0
CUST00328,P005,0
CUST00328,P006,1
CUST00328,P007,0
CUST00328,P008,0
CUST00328,P009,0
CUST00328,P010,0
CUST00329,P001,1
CUST00329,P002,0
CUST00329,P004,0
CUST00329,P007,0
CUST00329,P009,0
CUST00329,P010,0
CUST00330,P004,0
CUST00330,P005,0
CUST00330,P006,0
CUST00330,P008,0
CUST00330,P009,0
CUST00330,P010,0
CUST00331,P001,0
CUST00331,P002,0
CUST00331,P004,0
CUST00331,P006,0
CUST00331,P007,0
CUST00331,P008,0
CUST00331,P009,0
CUST00331,P010,0
CUST00332,P001,0
CUST00332,P002,0
CUST00332,P004,0
CUST00332,P007,0
CUST00332,P008,0
CUST00332,P009,0
CUST00332,P010,0
CUST00333,P002,0
CUST00333,P004,0
CUST00333,P005,0
CUST00333,P006,0
CUST00333,P007,0
CUST00333,P008,0
CUST00333,P010,0
CUST00334,P001,0
CUST00334,P002,0
CUST00334,P004,0
CUST00334,P006,1
CUST00334,P008,0
CUST00334,P009,0
CUST00334,P010,0
CUST00335,P001,0
CUST00335,P002,0
CUST00335,P004,0
CUST00335,P006,0
CUST00335,P007,1
CUST00335,P008,0
CUST00335,P009,0
CUST00335,P010,0
CUST00336,P001,0
CUST00336,P002,0
CUST00336,P004,0
CUST00336,P007,0
CUST00336,P008,0
CUST00336,P009,0
CUST00337,P001,0
CUST00337,P002,0
CUST00337,P004,0
CUST00337,P005,0
CUST00337,P006,0
CUST00337,P007,0
CUST00337,P010,0
CUST00338,P001,0
CUST00338,P002,0
CUST00338,P004,0
CUST00338,P007,0
CUST00338,P008,0
CUST00338,P009,0
CUST00338,P010,0
CUST00339,P001,0
CUST00339,P002,0
CUST00339,P004,0
CUST00339,P005,0
CUST00339,P006,0
CUST00339,P007,0
CUST00339,P009,0
CUST00339,P010,0
CUST00340,P002,0
CUST00340,P004,0
CUST00340,P005,0
CUST00340,P007,0
CUST00340,P008,0
CUST00340,P009,0
CUST00340,P010,0
CUST00341,P001,0
CUST00341,P004,0
CUST00341,P005,0
CUST00341,P007,0
CUST00341,P008,0
CUST00341,P009,0
CUST00341,P010,0
CUST00342,P002,0
CUST00342,P004,0
CUST00342,P006,0
CUST00342,P007,0
CUST00342,P008,0
CUST00342,P009,0
CUST00343,P002,0
CUST00343,P004,0
CUST00343,P006,0
CUST00343,P007,0
CUST00343,P008,0
CUST00343,P009,0
CUST00343,P010,0
CUST00344,P001,0
CUST00344,P002,1
CUST00344,P004,0
CUST00344,P006,0
CUST00344,P007,0
CUST00344,P008,0
CUST00344,P010,0
CUST00345,P001,0
CUST00345,P002,0
CUST00345,P004,0
CUST00345,P007,0
CUST00345,P008,0
CUST00345,P009,0
CUST00346,P002,0
CUST00346,P004,0
CUST00346,P005,0
CUST00346,P006,0
CUST00346,P007,0
CUST00346,P009,0
CUST00346,P010,0
CUST00347,P001,0
CUST00347,P002,0
CUST00347,P004,0
CUST00347,P006,0
CUST00347,P007,0
CUST00347,P008,1
CUST00347,P010,0
CUST00348,P001,0
CUST00348,P002,0
CUST00348,P004,0
CUST00348,P005,0
CUST00348,P006,0
CUST00348,P009,0
CUST00348,P010,0
CUST00349,P002,0
CUST00349,P004,1
CUST00349,P006,0
CUST00349,P007,0
CUST00349,P008,1
CUST00349,P010,0
CUST00350,P002,0
CUST00350,P004,0
CUST00350,P005,0
CUST00350,P006,0
CUST00350,P007,0
CUST00350,P008,0
CUST00350,P009,0
CUST00350,P010,1
CUST00351,P001,0
CUST00351,P002,0
CUST00351,P006,0
CUST00351,P007,0
CUST00351,P008,0
CUST00351,P009,1
CUST00351,P010,0
CUST00352,P001,0
CUST00352,P002,0
CUST00352,P004,0
CUST00352,P005,0
CUST00352,P006,0
CUST00352,P007,0
CUST00352,P008,0
CUST00352,P009,0
CUST00352,P010,0
CUST00353,P001,0
CUST00353,P002,0
CUST00353,P004,0
CUST00353,P006,0
CUST00353,P007,0
CUST00353,P008,0
CUST00353,P009,0
CUST00353,P010,0
CUST00354,P002,0
CUST00354,P004,0
CUST00354,P005,0
CUST00354,P006,0
CUST00354,P009,0
CUST00354,P010,0
CUST00355,P002,0
CUST00355,P006,0
CUST00355,P007,0
CUST00355,P008,0
CUST00355,P009,0
CUST00355,P010,0
CUST00356,P002,0
CUST00356,P005,0
CUST00356,P006,0
CUST00356,P008,0
CUST00356,P009,0
CUST00356,P010,0
CUST00357,P001,0
CUST00357,P002,0
CUST00357,P005,0
CUST00357,P006,0
CUST00357,P007,0
CUST00357,P008,0
CUST00357,P009,0
CUST00358,P004,0
CUST00358,P005,0
CUST00358,P006,0
CUST00358,P007,0
CUST00358,P008,0
CUST00358,P009,0
CUST00359,P002,0
CUST00359,P004,0
CUST00359,P005,0
CUST00359,P006,0
CUST00359,P007,0
CUST00359,P009,0
CUST00359,P010,0
CUST00360,P002,0
CUST00360,P004,0
CUST00360,P006,0
CUST00360,P007,0
CUST00360,P008,0
CUST00360,P009,0
CUST00361,P001,0
CUST00361,P002,0
CUST00361,P005,0
CUST00361,P006,0
CUST00361,P007,0
CUST00361,P008,0
CUST00361,P009,0
CUST00361,P010,0
CUST00362,P002,0
CUST00362,P004,0
CUST00362,P005,0
CUST00362,P006,0
CUST00362,P007,0
CUST00362,P008,0
CUST00362,P009,0
CUST00363,P001,0
CUST00363,P002,0
CUST00363,P004,0
CUST00363,P006,0
CUST00363,P007,0
CUST00363,P008,0
CUST00363,P009,0
CUST00363,P010,0
CUST00364,P001,0
CUST00364,P004,0
CUST00364,P005,0
CUST00364,P006,0
CUST00364,P007,0
CUST00364,P009,0
CUST00364,P010,0
CUST00365,P004,0
CUST00365,P005,0
CUST00365,P006,1
CUST00365,P007,0
CUST00365,P008,0
CUST00365,P009,0
CUST00365,P010,0
CUST00366,P001,0
CUST00366,P002,0
CUST00366,P004,0
CUST00366,P005,0
CUST00366,P009,1
CUST00367,P001,0
CUST00367,P002,0
CUST00367,P006,0
CUST00367,P007,0
CUST00367,P008,0
CUST00367,P009,0
CUST00367,P010,0
CUST00368,P001,1
CUST00368,P002,0
CUST00368,P004,0
CUST00368,P006,1
CUST00368,P008,0
CUST00368,P009,0
CUST00368,P010,0
CUST00369,P002,0
CUST00369,P005,0
CUST00369,P006,1
CUST00369,P007,0
CUST00369,P008,0
CUST00369,P009,0
CUST00369,P010,0
CUST00370,P001,0
CUST00370,P002,0
CUST00370,P004,0
CUST00370,P007,0
CUST00370,P008,0
CUST00370,P009,0
CUST00370,P010,0
CUST00371,P004,0
CUST00371,P005,0
CUST00371,P006,0
CUST00371,P008,0
CUST00371,P009,0
CUST00371,P010,0
CUST00372,P001,0
CUST00372,P004,0
CUST00372,P005,0
CUST00372,P006,0
CUST00372,P009,0
CUST00372,P010,0
CUST00373,P001,0
CUST00373,P002,0
CUST00373,P004,0
CUST00373,P005,0
CUST00373,P006,1
CUST00373,P007,0
CUST00373,P008,0
CUST00373,P009,0
CUST00374,P001,0
CUST00374,P002,0
CUST00374,P004,0
CUST00374,P005,0
CUST00374,P006,0
CUST00374,P007,0
CUST00374,P008,0
CUST00374,P010,0
CUST00375,P002,0
CUST00375,P004,0
CUST00375,P005,0
CUST00375,P006,0
CUST00375,P007,0
CUST00375,P008,0
CUST00375,P009,0
CUST00375,P010,0
CUST00376,P001,0
CUST00376,P002,1
CUST00376,P004,0
CUST00376,P005,0
CUST00376,P007,0
CUST00376,P009,0
CUST00376,P010,0
CUST00377,P001,0
CUST00377,P004,0
CUST00377,P007,0
CUST00377,P008,0
CUST00377,P010,0
CUST00378,P001,0
CUST00378,P002,0
CUST00378,P004,0
CUST00378,P006,1
CUST00378,P008,0
CUST00378,P009,0
CUST00378,P010,0
CUST00379,P002,0
CUST00379,P004,0
CUST00379,P005,0
CUST00379,P006,0
CUST00379,P007,0
CUST00379,P008,0
CUST00379,P009,0
CUST00379,P010,0
CUST00380,P001,0
CUST00380,P002,0
CUST00380,P004,0
CUST00380,P005,0
CUST00380,P006,0
CUST00380,P007,0
CUST00380,P009,0
CUST00381,P002,0
CUST00381,P004,0
CUST00381,P006,0
CUST00381,P007,0
CUST00381,P008,0
CUST00381,P009,0
CUST00381,P010,0
CUST00382,P001,0
CUST00382,P002,0
CUST00382,P005,1
CUST00382,P006,0
CUST00382,P007,0
CUST00382,P008,0
CUST00382,P009,0
CUST00382,P010,0
CUST00383,P001,0
CUST00383,P002,0
CUST00383,P004,0
CUST00383,P005,0
CUST00383,P006,0
CUST00383,P009,0
CUST00383,P010,0
CUST00384,P001,0
CUST00384,P002,0
CUST00384,P004,0
CUST00384,P005,0
CUST00384,P008,0
CUST00384,P009,0
CUST00384,P010,0
CUST00385,P002,0
CUST00385,P004,0
CUST00385,P005,0
CUST00385,P006,0
CUST00385,P007,0
CUST00385,P008,0
CUST00385,P009,0
CUST00386,P001,0
CUST00386,P002,0
CUST00386,P004,0
CUST00386,P007,0
CUST00386,P008,0
CUST00386,P010,0
CUST00387,P001,1
CUST00387,P002,0
CUST00387,P004,0
CUST00387,P006,0
CUST00387,P007,0
CUST00387,P008,0
CUST00387,P009,0
CUST00388,P002,1
CUST00388,P004,0
CUST00388,P005,0
CUST00388,P006,0
CUST00388,P007,0
CUST00388,P009,0
CUST00388,P010,0
CUST00389,P001,0
CUST00389,P002,0
CUST00389,P004,0
CUST00389,P007,0
CUST00389,P009,0
CUST00389,P010,0
CUST00390,P001,0
CUST00390,P005,0
CUST00390,P006,0
CUST00390,P007,0
CUST00390,P008,0
CUST00390,P010,0
CUST00391,P001,0
CUST00391,P002,0
CUST00391,P005,0
CUST00391,P006,0
CUST00391,P007,0
CUST00391,P008,0
CUST00391,P010,0
CUST00392,P001,0
CUST00392,P004,0
CUST00392,P005,0
CUST00392,P008,0
CUST00392,P010,0
CUST00393,P001,0
CUST00393,P002,0
CUST00393,P004,0
CUST00393,P007,0
CUST00393,P009,1
CUST00393,P010,0
CUST00394,P001,0
CUST00394,P002,0
CUST00394,P004,0
CUST00394,P005,0
CUST00394,P006,0
CUST00394,P008,0
CUST00394,P010,0
CUST00395,P001,1
CUST00395,P002,0
CUST00395,P004,0
CUST00395,P006,0
CUST00395,P007,0
CUST00395,P008,0
CUST00395,P010,0
CUST00396,P001,1
CUST00396,P002,0
CUST00396,P004,0
CUST00396,P005,0
CUST00396,P006,0
CUST00396,P007,0
CUST00396,P008,0
CUST00397,P001,0
CUST00397,P002,0
CUST00397,P004,0
CUST00397,P005,0
CUST00397,P006,0
CUST00397,P007,0
CUST00397,P010,0
CUST00398,P001,0
CUST00398,P002,0
CUST00398,P004,0
CUST00398,P007,0
CUST00398,P010,1
CUST00399,P001,0
CUST00399,P002,0
CUST00399,P004,0
CUST00399,P007,0
CUST00399,P009,0
CUST00399,P010,0
CUST00400,P001,0
CUST00400,P002,0
CUST00400,P004,0
CUST00400,P005,0
CUST00400,P007,0
CUST00400,P008,0
CUST00400,P009,0
CUST00400,P010,0
CUST00401,P001,0
CUST00401,P002,0
CUST00401,P004,0
CUST00401,P006,0
CUST00401,P008,0
CUST00401,P009,0
CUST00402,P002,0
CUST00402,P004,0
CUST00402,P005,0
CUST00402,P006,0
CUST00402,P007,0
CUST00402,P008,0
CUST00402,P009,0
CUST00402,P010,0
CUST00403,P001,0
CUST00403,P005,0
CUST00403,P006,0
CUST00403,P007,0
CUST00403,P008,0
CUST00403,P009,0
CUST00403,P010,0
CUST00404,P001,0
CUST00404,P002,0
CUST00404,P004,0
CUST00404,P005,0
CUST00404,P006,0
CUST00404,P007,0
CUST00404,P010,0
CUST00405,P001,0
CUST00405,P004,0
CUST00405,P005,0
CUST00405,P007,0
CUST00405,P008,0
CUST00405,P009,0
CUST00406,P002,0
CUST00406,P004,0
CUST00406,P006,0
CUST00406,P007,0
CUST00406,P008,0
CUST00406,P009,0
CUST00406,P010,0
CUST00407,P001,0
CUST00407,P002,0
CUST00407,P004,0
CUST00407,P005,0
CUST00407,P006,0
CUST00407,P007,0
CUST00407,P010,0
CUST00408,P002,0
CUST00408,P004,0
CUST00408,P005,0
CUST00408,P006,0
CUST00408,P007,0
CUST00408,P008,0
CUST00408,P009,0
CUST00408,P010,0
CUST00409,P002,1
CUST00409,P005,0
CUST00409,P006,0
CUST00409,P007,0
CUST00409,P009,0
CUST00409,P010,0
CUST00410,P001,0
CUST00410,P002,0
CUST00410,P004,0
CUST00410,P007,0
CUST00410,P008,0
CUST00410,P009,0
CUST00410,P010,0
CUST00411,P001,0
CUST00411,P002,0
CUST00411,P004,0
CUST00411,P005,1
CUST00411,P007,0
CUST00411,P009,0
CUST00411,P010,0
CUST00412,P001,0
CUST00412,P004,0
CUST00412,P005,1
CUST00412,P007,0
CUST00412,P008,0
CUST00412,P009,0
CUST00412,P010,0
CUST00413,P001,0
CUST00413,P006,0
CUST00413,P007,0
CUST00413,P008,0
CUST00413,P009,0
CUST00413,P010,0
CUST00414,P001,0
CUST00414,P002,0
CUST00414,P004,0
CUST00414,P005,1
CUST00414,P006,0
CUST00414,P008,0
CUST00414,P009,0
CUST00414,P010,0
CUST00415,P001,0
CUST00415,P002,0
CUST00415,P004,0
CUST00415,P005,0
CUST00415,P006,0
CUST00415,P007,0
CUST00415,P009,0
CUST00416,P001,0
CUST00416,P002,0
CUST00416,P004,0
CUST00416,P006,0
CUST00416,P007,0
CUST00416,P008,0
CUST00416,P009,0
CUST00417,P001,0
CUST00417,P005,0
CUST00417,P006,0
CUST00417,P007,1
CUST00417,P009,0
CUST00417,P010,0
CUST00418,P001,0
CUST00418,P004,0
CUST00418,P006,0
CUST00418,P007,0
CUST00418,P009,0
CUST00418,P010,0
CUST00419,P001,0
CUST00419,P002,0
CUST00419,P004,0
CUST00419,P006,0
CUST00419,P007,0
CUST00419,P008,0
CUST00419,P010,0
CUST00420,P002,0
CUST00420,P004,0
CUST00420,P005,0
CUST00420,P007,0
CUST00420,P008,0
CUST00420,P009,0
CUST00420,P010,0
CUST00421,P001,1
CUST00421,P004,0
CUST00421,P005,0
CUST00421,P006,0
CUST00421,P007,0
CUST00421,P008,0
CUST00421,P009,0
CUST00421,P010,0
CUST00422,P001,0
CUST00422,P002,0
CUST00422,P004,0
CUST00422,P006,0
CUST00422,P007,0
CUST00422,P008,0
CUST00422,P009,0
CUST00422,P010,0
CUST00423,P001,0
CUST00423,P004,0
CUST00423,P005,0
CUST00423,P006,0
CUST00423,P007,0
CUST00423,P009,0
CUST00423,P010,0
CUST00424,P002,0
CUST00424,P004,0
CUST00424,P005,0
CUST00424,P006,0
CUST00424,P007,0
CUST00424,P008,0
CUST00424,P009,0
CUST00425,P001,0
CUST00425,P002,0
CUST00425,P004,1
CUST00425,P005,0
CUST00425,P006,0
CUST00425,P007,1
CUST00425,P009,0
CUST00425,P010,0
CUST00426,P002,0
CUST00426,P004,1
CUST00426,P006,0
CUST00426,P007,0
CUST00426,P008,0
CUST00426,P010,0
CUST00427,P001,0
CUST00427,P002,0
CUST00427,P004,0
CUST00427,P006,0
CUST00427,P007,0
CUST00427,P008,0
CUST00427,P010,1
CUST00428,P002,0
CUST00428,P004,0
CUST00428,P005,0
CUST00428,P006,1
CUST00428,P007,0
CUST00428,P008,0
CUST00429,P001,0
CUST00429,P002,0
CUST00429,P006,0
CUST00429,P007,0
CUST00429,P008,0
CUST00429,P009,0
CUST00429,P010,0
CUST00430,P001,0
CUST00430,P002,0
CUST00430,P004,0
CUST00430,P007,0
CUST00430,P009,0
CUST00430,P010,0
CUST00431,P001,0
CUST00431,P002,0
CUST00431,P004,0
CUST00431,P005,0
CUST00431,P006,0
CUST00431,P008,0
CUST00431,P009,0
CUST00431,P010,1
CUST00432,P001,0
CUST00432,P002,0
CUST00432,P004,0
CUST00432,P005,0
CUST00432,P006,0
CUST00432,P007,0
CUST00432,P008,0
CUST00432,P009,0
CUST00433,P004,0
CUST00433,P005,0
CUST00433,P006,0
CUST00433,P007,0
CUST00433,P008,0
CUST00433,P009,0
CUST00433,P010,0
CUST00434,P001,0
CUST00434,P002,0
CUST00434,P004,0
CUST00434,P005,0
CUST00434,P006,0
CUST00434,P008,0
CUST00434,P009,0
CUST00434,P010,0
CUST00435,P002,0
CUST00435,P004,0
CUST00435,P005,0
CUST00435,P006,0
CUST00435,P007,0
CUST00435,P009,0
CUST00435,P010,0
CUST00436,P001,0
CUST00436,P004,0
CUST00436,P005,0
CUST00436,P008,0
CUST00436,P010,0
CUST00437,P002,0
CUST00437,P004,0
CUST00437,P005,0
CUST00437,P007,0
CUST00437,P008,0
CUST00437,P009,0
CUST00437,P010,0
CUST00438,P001,0
CUST00438,P002,1
CUST00438,P004,0
CUST00438,P005,0
CUST00438,P006,0
CUST00438,P009,0
CUST00438,P010,0
CUST00439,P001,1
CUST00439,P002,0
CUST00439,P005,0
CUST00439,P006,0
CUST00439,P007,1
CUST00439,P008,0
CUST00440,P001,0
CUST00440,P002,0
CUST00440,P004,0
CUST00440,P006,0
CUST00440,P007,0
CUST00440,P008,0
CUST00440,P009,0
CUST00440,P010,0
CUST00441,P004,0
CUST00441,P006,1
CUST00441,P007,0
CUST00441,P009,0
CUST00441,P010,0
CUST00442,P002,0
CUST00442,P005,0
CUST00442,P006,0
CUST00442,P007,0
CUST00442,P008,0
CUST00442,P009,0
CUST00442,P010,0
CUST00443,P001,0
CUST00443,P002,0
CUST00443,P004,0
CUST00443,P005,0
CUST00443,P006,0
CUST00443,P007,0
CUST00443,P009,0
CUST00443,P010,0
CUST00444,P001,0
CUST00444,P002,0
CUST00444,P004,0
CUST00444,P006,0
CUST00444,P007,0
CUST00444,P009,0
CUST00444,P010,0
CUST00445,P001,0
CUST00445,P002,0
CUST00445,P004,0
CUST00445,P006,0
CUST00445,P007,0
CUST00445,P009,0
CUST00445,P010,0
CUST00446,P002,0
CUST00446,P004,0
CUST00446,P006,0
CUST00446,P007,0
CUST00446,P008,0
CUST00446,P009,0
CUST00447,P001,0
CUST00447,P002,0
CUST00447,P004,0
CUST00447,P005,0
CUST00447,P006,0
CUST00447,P007,0
CUST00447,P008,0
CUST00447,P009,0
CUST00447,P010,0
CUST00448,P001,0
CUST00448,P002,0
CUST00448,P004,0
CUST00448,P005,0
CUST00448,P006,0
CUST00448,P007,0
CUST00448,P009,0
CUST00448,P010,0
CUST00449,P001,0
CUST00449,P002,0
CUST00449,P004,0
CUST00449,P005,0
CUST00449,P007,0
CUST00449,P008,0
CUST00449,P009,0
CUST00450,P001,0
CUST00450,P004,0
CUST00450,P005,0
CUST00450,P006,0
CUST00450,P007,0
CUST00450,P009,0
CUST00450,P010,1
CUST00451,P001,0
CUST00451,P002,0
CUST00451,P004,0
CUST00451,P006,0
CUST00451,P008,0
CUST00451,P009,0
CUST00451,P010,0
CUST00452,P001,1
CUST00452,P002,0
CUST00452,P004,0
CUST00452,P005,0
CUST00452,P007,0
CUST00452,P008,0
CUST00452,P009,0
CUST00452,P010,0
CUST00453,P001,0
CUST00453,P002,0
CUST00453,P004,0
CUST00453,P006,0
CUST00453,P008,0
CUST00454,P001,0
CUST00454,P004,0
CUST00454,P005,0
CUST00454,P006,0
CUST00454,P007,0
CUST00454,P008,0
CUST00454,P009,0
CUST00455,P002,0
CUST00455,P004,1
CUST00455,P007,0
CUST00455,P008,0
CUST00455,P009,0
CUST00455,P010,0
CUST00456,P006,0
CUST00456,P007,0
CUST00456,P008,0
CUST00456,P009,0
CUST00456,P010,0
CUST00457,P001,0
CUST00457,P004,0
CUST00457,P005,0
CUST00457,P006,0
CUST00457,P007,0
CUST00457,P008,0
CUST00457,P009,0
CUST00457,P010,0
CUST00458,P001,0
CUST00458,P002,0
CUST00458,P004,0
CUST00458,P006,0
CUST00458,P007,0
CUST00458,P009,0
CUST00458,P010,0
CUST00459,P001,0
CUST00459,P004,0
CUST00459,P005,1
CUST00459,P006,0
CUST00459,P009,0
CUST00459,P010,1
CUST00460,P002,1
CUST00460,P005,0
CUST00460,P006,0
CUST00460,P007,0
CUST00460,P009,0
CUST00460,P010,0
CUST00461,P002,0
CUST00461,P004,0
CUST00461,P006,1
CUST00461,P008,0
CUST00461,P009,0
CUST00461,P010,0
CUST00462,P001,0
CUST00462,P002,0
CUST00462,P004,0
CUST00462,P005,0
CUST00462,P006,0
CUST00462,P008,0
CUST00462,P009,0
CUST00463,P001,0
CUST00463,P002,0
CUST00463,P004,0
CUST00463,P005,0
CUST00463,P006,0
CUST00463,P007,0
CUST00463,P008,0
CUST00463,P010,0
CUST00464,P001,0
CUST00464,P002,0
CUST00464,P004,0
CUST00464,P005,1
CUST00464,P006,0
CUST00464,P007,0
CUST00464,P008,0
CUST00464,P009,0
CUST00465,P001,0
CUST00465,P002,0
CUST00465,P004,0
CUST00465,P006,0
CUST00465,P007,0
CUST00465,P008,0
CUST00465,P010,0
CUST00466,P001,0
CUST00466,P002,0
CUST00466,P005,0
CUST00466,P006,0
CUST00466,P007,0
CUST00466,P009,1
CUST00466,P010,0
CUST00467,P001,0
CUST00467,P004,1
CUST00467,P005,0
CUST00467,P006,0
CUST00467,P010,0
CUST00468,P002,0
CUST00468,P004,0
CUST00468,P005,0
CUST00468,P007,0
CUST00468,P008,0
CUST00468,P009,0
CUST00468,P010,0
CUST00469,P001,0
CUST00469,P004,0
CUST00469,P005,0
CUST00469,P006,0
CUST00469,P007,0
CUST00469,P008,0
CUST00469,P009,0
CUST00469,P010,0
CUST00470,P001,0
CUST00470,P002,0
CUST00470,P004,0
CUST00470,P005,0
CUST00470,P007,0
CUST00470,P008,0
CUST00470,P009,0
CUST00470,P010,0
CUST00471,P001,1
CUST00471,P002,0
CUST00471,P004,0
CUST00471,P006,0
CUST00471,P007,0
CUST00471,P008,0
CUST00471,P009,0
CUST00471,P010,0
CUST00472,P001,0
CUST00472,P002,0
CUST00472,P004,0
CUST00472,P005,0
CUST00472,P007,0
CUST00472,P008,0
CUST00472,P009,0
CUST00472,P010,0
CUST00473,P002,0
CUST00473,P004,0
CUST00473,P005,0
CUST00473,P006,0
CUST00473,P007,1
CUST00473,P008,0
CUST00473,P009,0
CUST00474,P001,0
CUST00474,P002,0
CUST00474,P004,0
CUST00474,P005,0
CUST00474,P006,1
CUST00474,P007,0
CUST00474,P009,0
CUST00475,P002,0
CUST00475,P006,0
CUST00475,P007,0
CUST00475,P008,0
CUST00475,P010,0
CUST00476,P001,0
CUST00476,P002,0
CUST00476,P004,0
CUST00476,P006,0
CUST00476,P007,0
CUST00476,P010,0
CUST00477,P001,0
CUST00477,P002,0
CUST00477,P004,0
CUST00477,P006,0
CUST00477,P007,1
CUST00477,P009,0
CUST00477,P010,0
CUST00478,P002,0
CUST00478,P004,0
CUST00478,P005,0
CUST00478,P006,1
CUST00478,P007,0
CUST00478,P008,0
CUST00478,P010,0
CUST00479,P001,0
CUST00479,P002,0
CUST00479,P005,0
CUST00479,P006,0
CUST00479,P007,0
CUST00479,P008,0
CUST00479,P010,0
CUST00480,P002,0
CUST00480,P004,0
CUST00480,P005,0
CUST00480,P006,0
CUST00480,P007,0
CUST00480,P009,0
CUST00480,P010,0
CUST00481,P001,0
CUST00481,P002,0
CUST00481,P004,0
CUST00481,P005,0
CUST00481,P006,0
CUST00481,P008,0
CUST00481,P009,0
CUST00482,P001,0
CUST00482,P002,0
CUST00482,P004,0
CUST00482,P005,0
CUST00482,P006,0
CUST00482,P007,0
CUST00482,P009,0
CUST00482,P010,0
CUST00483,P001,0
CUST00483,P004,0
CUST00483,P006,0
CUST00483,P008,0
CUST00483,P009,0
CUST00483,P010,0
CUST00484,P001,0
CUST00484,P002,0
CUST00484,P004,0
CUST00484,P006,0
CUST00484,P007,0
CUST00484,P008,0
CUST00484,P009,0
CUST00485,P001,0
CUST00485,P002,0
CUST00485,P004,0
CUST00485,P005,0
CUST00485,P006,0
CUST00485,P007,0
CUST00485,P008,0
CUST00485,P009,0
CUST00486,P001,0
CUST00486,P002,0
CUST00486,P004,0
CUST00486,P006,0
CUST00486,P007,0
CUST00486,P008,0
CUST00486,P009,0
CUST00487,P001,0
CUST00487,P004,0
CUST00487,P006,0
CUST00487,P007,0
CUST00487,P008,0
CUST00487,P009,0
CUST00487,P010,0
CUST00488,P001,0
CUST00488,P004,0
CUST00488,P005,0
CUST00488,P006,1
CUST00488,P008,0
CUST00488,P009,0
CUST00489,P002,0
CUST00489,P004,0
CUST00489,P007,0
CUST00489,P008,0
CUST00489,P010,0
CUST00490,P002,0
CUST00490,P004,0
CUST00490,P006,0
CUST00490,P007,0
CUST00490,P008,0
CUST00490,P009,0
CUST00491,P002,0
CUST00491,P004,0
CUST00491,P005,0
CUST00491,P006,0
CUST00491,P008,0
CUST00491,P009,0
CUST00491,P010,0
CUST00492,P002,0
CUST00492,P004,1
CUST00492,P005,0
CUST00492,P006,0
CUST00492,P007,0
CUST00492,P008,0
CUST00492,P009,0
CUST00492,P010,0
CUST00493,P001,1
CUST00493,P002,0
CUST00493,P004,0
CUST00493,P006,0
CUST00493,P007,0
CUST00493,P009,0
CUST00493,P010,0
CUST00494,P001,0
CUST00494,P002,0
CUST00494,P004,0
CUST00494,P005,0
CUST00494,P006,0
CUST00494,P007,0
CUST00494,P008,0
CUST00494,P009,0
CUST00495,P001,0
CUST00495,P004,0
CUST00495,P005,0
CUST00495,P006,0
CUST00495,P007,0
CUST00495,P008,0
CUST00495,P009,0
CUST00495,P010,0
CUST00496,P001,0
CUST00496,P004,0
CUST00496,P005,0
CUST00496,P006,0
CUST00496,P007,0
CUST00496,P009,0
CUST00496,P010,0
CUST00497,P001,0
CUST00497,P002,0
CUST00497,P004,0
CUST00497,P005,0
CUST00497,P006,0
CUST00497,P008,0
CUST00497,P009,0
CUST00497,P010,0
CUST00498,P001,0
CUST00498,P002,0
CUST00498,P004,0
CUST00498,P006,0
CUST00498,P007,1
CUST00498,P008,0
CUST00498,P009,0
CUST00498,P010,0
CUST00499,P001,0
CUST00499,P002,0
CUST00499,P005,0
CUST00499,P006,0
CUST00499,P007,0
CUST00499,P010,0
CUST00500,P001,0
CUST00500,P002,0
CUST00500,P004,0
CUST00500,P006,0
CUST00500,P007,0
CUST00500,P009,0
CUST00500,P010,0
CUST00501,P001,0
CUST00501,P002,0
CUST00501,P004,0
CUST00501,P005,0
CUST00501,P006,0
CUST00501,P007,0
CUST00501,P008,0
CUST00501,P010,0
CUST00502,P001,0
CUST00502,P002,0
CUST00502,P004,0
CUST00502,P006,0
CUST00502,P007,0
CUST00502,P009,0
CUST00503,P001,0
CUST00503,P002,0
CUST00503,P004,0
CUST00503,P005,0
CUST00503,P007,0
CUST00503,P008,0
CUST00503,P010,0
CUST00504,P001,0
CUST00504,P002,0
CUST00504,P005,0
CUST00504,P007,0
CUST00504,P008,0
CUST00504,P010,0
CUST00505,P001,0
CUST00505,P002,0
CUST00505,P004,0
CUST00505,P005,0
CUST00505,P007,0
CUST00505,P008,1
CUST00505,P009,0
CUST00506,P002,0
CUST00506,P004,0
CUST00506,P006,0
CUST00506,P007,0
CUST00506,P008,0
CUST00506,P009,0
CUST00506,P010,0
CUST00507,P001,0
CUST00507,P002,0
CUST00507,P004,0
CUST00507,P005,0
CUST00507,P007,0
CUST00507,P008,0
CUST00507,P009,0
CUST00507,P010,0
CUST00508,P001,0
CUST00508,P002,0
CUST00508,P007,0
CUST00508,P008,0
CUST00508,P009,0
CUST00508,P010,0
CUST00509,P001,0
CUST00509,P002,0
CUST00509,P004,0
CUST00509,P005,0
CUST00509,P007,0
CUST00509,P008,0
CUST00509,P009,0
CUST00510,P001,0
CUST00510,P002,0
CUST00510,P004,0
CUST00510,P006,0
CUST00510,P007,0
CUST00510,P008,0
CUST00510,P009,0
CUST00510,P010,0
CUST00511,P002,0
CUST00511,P004,0
CUST00511,P005,1
CUST00511,P006,0
CUST00511,P007,0
CUST00511,P008,0
CUST00511,P009,0
CUST00511,P010,0
CUST00512,P001,0
CUST00512,P002,0
CUST00512,P004,0
CUST00512,P007,0
CUST00512,P008,0
CUST00512,P009,0
CUST00513,P001,0
CUST00513,P002,0
CUST00513,P004,0
CUST00513,P005,0
CUST00513,P006,0
CUST00513,P009,0
CUST00513,P010,0
CUST00514,P001,0
CUST00514,P002,0
CUST00514,P004,0
CUST00514,P005,0
CUST00514,P007,0
CUST00514,P008,0
CUST00514,P009,0
CUST00514,P010,0
CUST00515,P001,0
CUST00515,P002,0
CUST00515,P004,0
CUST00515,P005,0
CUST00515,P006,0
CUST00515,P007,0
CUST00515,P008,0
CUST00515,P009,0
CUST00516,P001,0
CUST00516,P004,0
CUST00516,P005,0
CUST00516,P006,0
CUST00516,P007,0
CUST00516,P008,0
CUST00516,P009,0
CUST00516,P010,1
CUST00517,P001,0
CUST00517,P002,0
CUST00517,P004,0
CUST00517,P005,0
CUST00517,P007,0
CUST00517,P009,0
CUST00517,P010,0
CUST00518,P001,0
CUST00518,P002,0
CUST00518,P004,0
CUST00518,P005,0
CUST00518,P006,0
CUST00518,P007,0
CUST00518,P009,0
CUST00519,P002,0
CUST00519,P004,0
CUST00519,P005,0
CUST00519,P006,0
CUST00519,P007,0
CUST00519,P008,0
CUST00519,P010,0
CUST00520,P001,0
CUST00520,P004,0
CUST00520,P005,0
CUST00520,P006,0
CUST00520,P007,0
CUST00520,P008,0
CUST00520,P009,0
CUST00520,P010,0
CUST00521,P001,0
CUST00521,P002,0
CUST00521,P004,0
CUST00521,P005,0
CUST00521,P007,0
CUST00521,P008,0
CUST00522,P001,0
CUST00522,P002,0
CUST00522,P005,0
CUST00522,P006,0
CUST00522,P007,0
CUST00522,P008,0
CUST00522,P009,0
CUST00522,P010,0
CUST00523,P001,0
CUST00523,P002,0
CUST00523,P004,0
CUST00523,P006,0
CUST00523,P007,0
CUST00523,P009,0
CUST00523,P010,0
CUST00524,P001,0
CUST00524,P002,0
CUST00524,P007,0
CUST00524,P008,0
CUST00524,P009,0
CUST00524,P010,0
CUST00525,P002,0
CUST00525,P004,0
CUST00525,P005,0
CUST00525,P007,0
CUST00525,P009,0
CUST00525,P010,0
CUST00526,P001,0
CUST00526,P002,0
CUST00526,P004,0
CUST00526,P005,0
CUST00526,P006,0
CUST00526,P008,0
CUST00526,P009,0
CUST00526,P010,0
CUST00527,P001,0
CUST00527,P004,0
CUST00527,P005,0
CUST00527,P006,0
CUST00527,P007,0
CUST00527,P009,0
CUST00527,P010,1
CUST00528,P001,0
CUST00528,P002,0
CUST00528,P005,0
CUST00528,P006,0
CUST00528,P009,0
CUST00528,P010,0
CUST00529,P001,0
CUST00529,P002,0
CUST00529,P004,0
CUST00529,P005,0
CUST00529,P006,0
CUST00529,P008,0
CUST00529,P009,1
CUST00529,P010,0
CUST00530,P001,0
CUST00530,P004,0
CUST00530,P007,0
CUST00530,P009,0
CUST00530,P010,0
CUST00531,P001,0
CUST00531,P002,0
CUST00531,P004,0
CUST00531,P005,0
CUST00531,P007,0
CUST00531,P008,0
CUST00532,P001,0
CUST00532,P002,0
CUST00532,P004,0
CUST00532,P007,0
CUST00532,P008,0
CUST00533,P001,0
CUST00533,P002,0
CUST00533,P004,0
CUST00533,P005,0
CUST00533,P006,0
CUST00533,P007,0
CUST00533,P008,0
CUST00533,P009,0
CUST00534,P001,0
CUST00534,P004,0
CUST00534,P006,0
CUST00534,P008,1
CUST00534,P009,0
CUST00535,P001,0
CUST00535,P002,0
CUST00535,P004,0
CUST00535,P005,0
CUST00535,P006,0
CUST00535,P007,0
CUST00535,P008,0
CUST00535,P009,0
CUST00536,P001,0
CUST00536,P002,0
CUST00536,P006,0
CUST00536,P007,0
CUST00536,P008,0
CUST00536,P009,0
CUST00536,P010,0
CUST00537,P001,0
CUST00537,P002,0
CUST00537,P004,0
CUST00537,P006,0
CUST00537,P007,0
CUST00537,P009,0
CUST00537,P010,0
CUST00538,P001,0
CUST00538,P002,0
CUST00538,P004,0
CUST00538,P005,0
CUST00538,P009,0
CUST00538,P010,0
CUST00539,P001,0
CUST00539,P002,0
CUST00539,P004,0
CUST00539,P005,0
CUST00539,P008,0
CUST00539,P009,0
CUST00539,P010,0
CUST00540,P001,0
CUST00540,P002,0
CUST00540,P004,0
CUST00540,P005,0
CUST00540,P006,0
CUST00540,P007,0
CUST00540,P009,0
CUST00541,P001,0
CUST00541,P004,0
CUST00541,P006,0
CUST00541,P008,0
CUST00541,P009,0
CUST00541,P010,0
CUST00542,P001,0
CUST00542,P002,0
CUST00542,P004,0
CUST00542,P006,0
CUST00542,P007,0
CUST00542,P008,0
CUST00542,P009,0
CUST00542,P010,0
CUST00543,P002,0
CUST00543,P008,0
CUST00543,P009,0
CUST00543,P010,0
CUST00544,P001,0
CUST00544,P002,0
CUST00544,P004,0
CUST00544,P006,0
CUST00544,P007,0
CUST00544,P008,0
CUST00544,P009,0
CUST00544,P010,0
CUST00545,P001,0
CUST00545,P002,0
CUST00545,P004,0
CUST00545,P005,0
CUST00545,P008,0
CUST00545,P009,0
CUST00545,P010,0
CUST00546,P001,0
CUST00546,P002,0
CUST00546,P004,0
CUST00546,P005,0
CUST00546,P006,0
CUST00546,P007,0
CUST00546,P008,0
CUST00546,P009,0
CUST00546,P010,0
CUST00547,P001,0
CUST00547,P002,0
CUST00547,P004,0
CUST00547,P005,0
CUST00547,P006,0
CUST00547,P010,0
CUST00548,P001,0
CUST00548,P002,0
CUST00548,P004,0
CUST00548,P005,0
CUST00548,P006,0
CUST00548,P009,0
CUST00548,P010,0
CUST00549,P002,0
CUST00549,P004,0
CUST00549,P005,0
CUST00549,P006,0
CUST00549,P007,0
CUST00549,P008,0
CUST00549,P009,0
CUST00549,P010,0
CUST00550,P001,0
CUST00550,P002,0
CUST00550,P004,1
CUST00550,P007,0
CUST00550,P008,0
CUST00550,P009,0
CUST00550,P010,0
CUST00551,P002,0
CUST00551,P004,0
CUST00551,P006,1
CUST00551,P007,0
CUST00551,P008,0
CUST00551,P009,0
CUST00551,P010,0
CUST00552,P001,0
CUST00552,P002,0
CUST00552,P004,0
CUST00552,P006,0
CUST00552,P007,0
CUST00552,P008,0
CUST00552,P009,0
CUST00552,P010,0
CUST00553,P002,0
CUST00553,P004,0
CUST00553,P005,0
CUST00553,P006,0
CUST00553,P008,0
CUST00553,P009,0
CUST00553,P010,0
CUST00554,P001,0
CUST00554,P002,0
CUST00554,P004,0
CUST00554,P005,0
CUST00554,P006,0
CUST00554,P007,0
CUST00554,P010,1
CUST00555,P001,0
CUST00555,P002,0
CUST00555,P004,0
CUST00555,P005,0
CUST00555,P007,0
CUST00555,P009,0
CUST00555,P010,0
CUST00556,P001,0
CUST00556,P004,0
CUST00556,P006,0
CUST00556,P007,0
CUST00556,P009,0
CUST00556,P010,0
CUST00557,P001,0
CUST00557,P004,0
CUST00557,P005,0
CUST00557,P006,0
CUST00557,P007,0
CUST00557,P008,0
CUST00557,P009,0
CUST00557,P010,0
CUST00558,P001,0
CUST00558,P006,0
CUST00558,P007,0
CUST00558,P010,0
CUST00559,P001,0
CUST00559,P002,0
CUST00559,P004,0
CUST00559,P005,1
CUST00559,P006,1
CUST00559,P009,1
CUST00559,P010,0
CUST00560,P002,0
CUST00560,P004,0
CUST00560,P005,0
CUST00560,P006,0
CUST00560,P008,0
CUST00560,P009,0
CUST00560,P010,0
CUST00561,P001,0
CUST00561,P002,0
CUST00561,P004,0
CUST00561,P005,0
CUST00561,P006,0
CUST00561,P007,0
CUST00561,P009,0
CUST00561,P010,0
CUST00562,P001,0
CUST00562,P004,0
CUST00562,P005,0
CUST00562,P006,0
CUST00562,P007,0
CUST00562,P009,0
CUST00562,P010,0
CUST00563,P001,0
CUST00563,P005,0
CUST00563,P006,0
CUST00563,P007,0
CUST00563,P009,0
CUST00563,P010,0
CUST00564,P001,0
CUST00564,P002,1
CUST00564,P004,0
CUST00564,P007,0
CUST00564,P008,0
CUST00564,P009,0
CUST00564,P010,0
CUST00565,P001,0
CUST00565,P002,0
CUST00565,P004,0
CUST00565,P005,0
CUST00565,P006,0
CUST00565,P007,0
CUST00565,P010,0
CUST00566,P001,0
CUST00566,P002,0
CUST00566,P004,0
CUST00566,P005,0
CUST00566,P006,0
CUST00566,P007,0
CUST00566,P009,0
CUST00566,P010,0
CUST00567,P001,0
CUST00567,P002,0
CUST00567,P004,0
CUST00567,P005,0
CUST00567,P006,0
CUST00567,P007,0
CUST00567,P009,0
CUST00567,P010,0
CUST00568,P002,0
CUST00568,P004,0
CUST00568,P005,0
CUST00568,P008,0
CUST00568,P009,0
CUST00568,P010,0
CUST00569,P002,0
CUST00569,P004,0
CUST00569,P005,0
CUST00569,P007,0
CUST00569,P008,1
CUST00570,P001,0
CUST00570,P002,0
CUST00570,P004,0
CUST00570,P005,0
CUST00570,P007,0
CUST00570,P010,0
CUST00571,P001,0
CUST00571,P002,1
CUST00571,P004,0
CUST00571,P006,0
CUST00571,P007,0
CUST00571,P008,0
CUST00571,P009,0
CUST00571,P010,0
CUST00572,P001,0
CUST00572,P002,0
CUST00572,P004,0
CUST00572,P005,0
CUST00572,P007,0
CUST00572,P008,0
CUST00573,P001,0
CUST00573,P002,0
CUST00573,P005,0
CUST00573,P008,0
CUST00573,P009,0
CUST00573,P010,0
CUST00574,P002,0
CUST00574,P005,0
CUST00574,P006,0
CUST00574,P007,0
CUST00574,P008,0
CUST00574,P009,1
CUST00574,P010,1
CUST00575,P002,0
CUST00575,P004,0
CUST00575,P005,0
CUST00575,P006,0
CUST00575,P007,0
CUST00575,P008,0
CUST00575,P009,0
CUST00575,P010,0
CUST00576,P001,0
CUST00576,P002,0
CUST00576,P006,1
CUST00576,P007,0
CUST00576,P009,0
CUST00576,P010,0
CUST00577,P001,0
CUST00577,P002,0
CUST00577,P004,0
CUST00577,P005,0
CUST00577,P006,0
CUST00577,P008,0
CUST00577,P009,0
CUST00577,P010,0
CUST00578,P001,0
CUST00578,P002,0
CUST00578,P004,0
CUST00578,P005,1
CUST00578,P006,0
CUST00578,P007,0
CUST00578,P008,1
CUST00578,P009,0
CUST00579,P004,0
CUST00579,P007,0
CUST00579,P008,0
CUST00579,P009,0
CUST00579,P010,0
CUST00580,P001,0
CUST00580,P002,0
CUST00580,P004,0
CUST00580,P005,0
CUST00580,P006,0
CUST00580,P007,0
CUST00580,P009,0
CUST00580,P010,0
CUST00581,P002,0
CUST00581,P004,0
CUST00581,P005,0
CUST00581,P006,0
CUST00581,P007,0
CUST00581,P008,0
CUST00581,P009,0
CUST00581,P010,0
CUST00582,P001,1
CUST00582,P002,0
CUST00582,P004,0
CUST00582,P007,0
CUST00582,P008,0
CUST00582,P009,0
CUST00582,P010,0
CUST00583,P004,0
CUST00583,P005,0
CUST00583,P006,0
CUST00583,P007,0
CUST00583,P009,0
CUST00583,P010,0
CUST00584,P001,0
CUST00584,P002,0
CUST00584,P004,0
CUST00584,P005,0
CUST00584,P006,0
CUST00584,P007,0
CUST00584,P009,0
CUST00584,P010,0
CUST00585,P001,1
CUST00585,P002,0
CUST00585,P005,0
CUST00585,P006,0
CUST00585,P007,0
CUST00585,P008,0
CUST00585,P009,0
CUST00585,P010,0
CUST00586,P002,0
CUST00586,P004,0
CUST00586,P005,1
CUST00586,P006,0
CUST00586,P009,0
CUST00586,P010,0
CUST00587,P002,0
CUST00587,P004,0
CUST00587,P006,0
CUST00587,P009,1
CUST00587,P010,0
CUST00588,P001,0
CUST00588,P005,0
CUST00588,P006,0
CUST00588,P007,1
CUST00588,P008,1
CUST00588,P009,0
CUST00589,P001,0
CUST00589,P002,0
CUST00589,P004,0
CUST00589,P005,0
CUST00589,P007,0
CUST00589,P008,0
CUST00589,P009,0
CUST00589,P010,0
CUST00590,P001,0
CUST00590,P002,0
CUST00590,P004,0
CUST00590,P005,0
CUST00590,P006,0
CUST00590,P007,0
CUST00590,P009,0
CUST00590,P010,0
CUST00591,P002,0
CUST00591,P004,0
CUST00591,P005,0
CUST00591,P006,0
CUST00591,P007,0
CUST00591,P008,0
CUST00591,P009,0
CUST00591,P010,0
CUST00592,P002,0
CUST00592,P004,0
CUST00592,P005,0
CUST00592,P006,0
CUST00592,P007,0
CUST00592,P008,0
CUST00592,P009,0
CUST00592,P010,0
CUST00593,P002,0
CUST00593,P004,0
CUST00593,P006,0
CUST00593,P008,0
CUST00593,P009,0
CUST00593,P010,0
CUST00594,P001,0
CUST00594,P002,0
CUST00594,P004,0
CUST00594,P006,0
CUST00594,P007,0
CUST00594,P008,0
CUST00595,P002,0
CUST00595,P004,0
CUST00595,P007,0
CUST00595,P008,0
CUST00595,P009,0
CUST00596,P001,0
CUST00596,P004,0
CUST00596,P005,0
CUST00596,P006,0
CUST00596,P007,0
CUST00596,P008,0
CUST00596,P009,0
CUST00596,P010,0
CUST00597,P001,0
CUST00597,P002,0
CUST00597,P004,0
CUST00597,P007,0
CUST00597,P008,0
CUST00597,P009,0
CUST00597,P010,0
CUST00598,P002,0
CUST00598,P004,0
CUST00598,P005,0
CUST00598,P006,0
CUST00598,P007,0
CUST00598,P009,0
CUST00598,P010,0
CUST00599,P002,0
CUST00599,P004,0
CUST00599,P007,0
CUST00599,P009,0
CUST00599,P010,0
CUST00600,P001,1
CUST00600,P002,0
CUST00600,P004,1
CUST00600,P008,0
CUST00600,P010,0
CUST00601,P001,1
CUST00601,P002,0
CUST00601,P004,0
CUST00601,P007,1
CUST00601,P008,0
CUST00601,P009,0
CUST00601,P010,0
CUST00602,P001,0
CUST00602,P002,0
CUST00602,P006,0
CUST00602,P007,1
CUST00602,P008,0
CUST00602,P009,0
CUST00602,P010,0
CUST00603,P001,0
CUST00603,P002,0
CUST00603,P004,0
CUST00603,P005,0
CUST00603,P006,0
CUST00603,P008,0
CUST00603,P009,0
CUST00603,P010,0
CUST00604,P001,0
CUST00604,P002,0
CUST00604,P005,0
CUST00604,P006,0
CUST00604,P007,0
CUST00604,P008,0
CUST00604,P009,0
CUST00605,P002,0
CUST00605,P004,0
CUST00605,P005,0
CUST00605,P006,0
CUST00605,P007,0
CUST00605,P009,0
CUST00605,P010,0
CUST00606,P002,0
CUST00606,P004,0
CUST00606,P005,0
CUST00606,P006,0
CUST00606,P007,1
CUST00606,P008,0
CUST00606,P010,0
CUST00607,P001,0
CUST00607,P002,0
CUST00607,P006,1
CUST00607,P009,0
CUST00607,P010,0
CUST00608,P001,1
CUST00608,P002,0
CUST00608,P004,0
CUST00608,P007,1
CUST00608,P008,0
CUST00608,P009,0
CUST00608,P010,0
CUST00609,P001,1
CUST00609,P002,0
CUST00609,P004,0
CUST00609,P006,0
CUST00609,P007,0
CUST00609,P009,0
CUST00609,P010,0
CUST00610,P001,1
CUST00610,P002,0
CUST00610,P004,0
CUST00610,P006,0
CUST00610,P007,0
CUST00610,P008,0
CUST00610,P010,0
CUST00611,P002,0
CUST00611,P004,0
CUST00611,P005,0
CUST00611,P006,0
CUST00611,P007,0
CUST00611,P008,0
CUST00611,P009,0
CUST00611,P010,0
CUST00612,P001,0
CUST00612,P004,0
CUST00612,P006,0
CUST00612,P008,0
CUST00612,P009,1
CUST00612,P010,0
CUST00613,P001,0
CUST00613,P002,0
CUST00613,P004,0
CUST00613,P005,0
CUST00613,P006,0
CUST00613,P008,0
CUST00613,P009,0
CUST00613,P010,0
CUST00614,P001,0
CUST00614,P002,0
CUST00614,P004,0
CUST00614,P005,0
CUST00614,P006,0
CUST00614,P008,0
CUST00614,P009,0
CUST00614,P010,0
CUST00615,P001,0
CUST00615,P005,0
CUST00615,P006,0
CUST00615,P007,0
CUST00615,P008,0
CUST00615,P009,0
CUST00615,P010,0
CUST00616,P001,0
CUST00616,P004,0
CUST00616,P005,0
CUST00616,P006,0
CUST00616,P008,1
CUST00616,P009,0
CUST00616,P010,0
CUST00617,P001,0
CUST00617,P004,1
CUST00617,P005,0
CUST00617,P006,0
CUST00617,P008,0
CUST00617,P009,0
CUST00617,P010,1
CUST00618,P001,0
CUST00618,P002,0
CUST00618,P004,0
CUST00618,P006,0
CUST00618,P007,0
CUST00618,P008,0
CUST00619,P001,0
CUST00619,P002,0
CUST00619,P005,0
CUST00619,P006,0
CUST00619,P007,0
CUST00619,P009,0
CUST00619,P010,0
CUST00620,P001,0
CUST00620,P002,0
CUST00620,P004,0
CUST00620,P006,0
CUST00620,P007,0
CUST00620,P008,0
CUST00620,P010,0
CUST00621,P004,0
CUST00621,P005,0
CUST00621,P006,0
CUST00621,P009,0
CUST00621,P010,0
CUST00622,P001,0
CUST00622,P002,0
CUST00622,P004,0
CUST00622,P006,0
CUST00622,P007,0
CUST00622,P008,0
CUST00622,P010,0
CUST00623,P002,1
CUST00623,P004,0
CUST00623,P007,0
CUST00623,P008,0
CUST00623,P010,0
CUST00624,P001,1
CUST00624,P004,0
CUST00624,P005,0
CUST00624,P007,0
CUST00624,P009,0
CUST00624,P010,1
CUST00625,P001,0
CUST00625,P004,0
CUST00625,P005,0
CUST00625,P006,0
CUST00625,P008,0
CUST00626,P001,0
CUST00626,P002,0
CUST00626,P005,0
CUST00626,P006,0
CUST00626,P007,0
CUST00626,P009,0
CUST00627,P001,0
CUST00627,P002,0
CUST00627,P004,0
CUST00627,P006,0
CUST00627,P007,0
CUST00627,P008,0
CUST00627,P009,0
CUST00628,P001,0
CUST00628,P002,0
CUST00628,P004,0
CUST00628,P005,0
CUST00628,P007,0
CUST00628,P008,0
CUST00628,P009,0
CUST00628,P010,0
CUST00629,P001,0
CUST00629,P002,0
CUST00629,P004,0
CUST00629,P005,0
CUST00629,P006,0
CUST00629,P007,0
CUST00629,P009,0
CUST00629,P010,0
CUST00630,P001,0
CUST00630,P002,0
CUST00630,P005,0
CUST00630,P006,0
CUST00630,P007,0
CUST00630,P008,0
CUST00630,P009,0
CUST00630,P010,0
CUST00631,P001,0
CUST00631,P002,0
CUST00631,P005,0
CUST00631,P006,0
CUST00631,P007,0
CUST00631,P008,0
CUST00631,P010,0
CUST00632,P001,0
CUST00632,P002,0
CUST00632,P004,0
CUST00632,P006,0
CUST00632,P007,0
CUST00632,P008,0
CUST00632,P010,0
CUST00633,P001,0
CUST00633,P002,0
CUST00633,P004,0
CUST00633,P006,0
CUST00633,P007,0
CUST00633,P009,0
CUST00633,P010,0
CUST00634,P002,0
CUST00634,P004,0
CUST00634,P006,0
CUST00634,P007,0
CUST00634,P008,0
CUST00635,P001,0
CUST00635,P004,0
CUST00635,P005,0
CUST00635,P006,0
CUST00635,P007,0
CUST00635,P009,0
CUST00635,P010,0
CUST00636,P001,0
CUST00636,P004,0
CUST00636,P007,0
CUST00636,P008,0
CUST00636,P009,0
CUST00636,P010,0
CUST00637,P001,0
CUST00637,P002,0
CUST00637,P004,0
CUST00637,P005,0
CUST00637,P006,0
CUST00637,P007,0
CUST00637,P009,0
CUST00637,P010,0
CUST00638,P002,0
CUST00638,P004,0
CUST00638,P005,0
CUST00638,P006,0
CUST00638,P007,0
CUST00638,P009,0
CUST00639,P001,0
CUST00639,P002,1
CUST00639,P005,0
CUST00639,P006,1
CUST00639,P009,0
CUST00639,P010,0
CUST00640,P001,0
CUST00640,P002,0
CUST00640,P005,0
CUST00640,P007,0
CUST00640,P008,0
CUST00640,P009,0
CUST00640,P010,0
CUST00641,P001,0
CUST00641,P002,0
CUST00641,P004,0
CUST00641,P005,0
CUST00641,P006,0
CUST00641,P007,0
CUST00641,P008,0
CUST00642,P002,0
CUST00642,P004,0
CUST00642,P007,0
CUST00642,P008,0
CUST00642,P009,0
CUST00642,P010,0
CUST00643,P001,0
CUST00643,P002,0
CUST00643,P004,0
CUST00643,P006,0
CUST00643,P008,0
CUST00644,P001,0
CUST00644,P002,0
CUST00644,P004,0
CUST00644,P005,0
CUST00644,P007,0
CUST00644,P009,0
CUST00644,P010,0
CUST00645,P001,1
CUST00645,P002,0
CUST00645,P004,0
CUST00645,P005,0
CUST00645,P006,0
CUST00645,P008,0
CUST00645,P010,0
CUST00646,P001,0
CUST00646,P002,0
CUST00646,P004,0
CUST00646,P005,0
CUST00646,P007,0
CUST00646,P008,0
CUST00646,P009,0
CUST00647,P001,1
CUST00647,P004,0
CUST00647,P005,1
CUST00647,P006,0
CUST00647,P009,0
CUST00647,P010,0
CUST00648,P001,0
CUST00648,P002,0
CUST00648,P004,0
CUST00648,P005,0
CUST00648,P007,0
CUST00648,P008,0
CUST00648,P009,0
CUST00649,P001,0
CUST00649,P002,0
CUST00649,P004,0
CUST00649,P005,0
CUST00649,P006,0
CUST00649,P007,0
CUST00649,P008,0
CUST00649,P010,0
CUST00650,P004,0
CUST00650,P005,0
CUST00650,P006,0
CUST00650,P007,0
CUST00650,P009,0
CUST00650,P010,0
CUST00651,P001,0
CUST00651,P002,0
CUST00651,P004,0
CUST00651,P006,0
CUST00651,P007,0
CUST00651,P009,0
CUST00651,P010,0
CUST00652,P002,0
CUST00652,P004,0
CUST00652,P005,0
CUST00652,P006,0
CUST00652,P007,0
CUST00652,P008,0
CUST00652,P010,0
CUST00653,P002,0
CUST00653,P004,0
CUST00653,P005,0
CUST00653,P006,0
CUST00653,P008,0
CUST00653,P009,0
CUST00653,P010,0
CUST00654,P002,0
CUST00654,P004,0
CUST00654,P007,0
CUST00654,P008,0
CUST00654,P010,0
CUST00655,P001,0
CUST00655,P002,0
CUST00655,P004,0
CUST00655,P007,0
CUST00655,P008,0
CUST00655,P009,0
CUST00655,P010,0
CUST00656,P001,1
CUST00656,P002,0
CUST00656,P004,0
CUST00656,P005,0
CUST00656,P007,1
CUST00656,P008,0
CUST00656,P009,0
CUST00656,P010,0
CUST00657,P001,0
CUST00657,P002,0
CUST00657,P004,0
CUST00657,P005,0
CUST00657,P007,0
CUST00657,P008,1
CUST00657,P009,0
CUST00657,P010,0
CUST00658,P001,0
CUST00658,P002,0
CUST00658,P004,0
CUST00658,P005,0
CUST00658,P006,0
CUST00658,P007,0
CUST00658,P008,0
CUST00658,P010,0
CUST00659,P001,1
CUST00659,P002,0
CUST00659,P006,0
CUST00659,P007,0
CUST00659,P008,0
CUST00659,P009,0
CUST00659,P010,0
CUST00660,P001,0
CUST00660,P002,0
CUST00660,P004,0
CUST00660,P005,0
CUST00660,P006,0
CUST00660,P008,0
CUST00660,P009,0
CUST00661,P002,0
CUST00661,P004,0
CUST00661,P005,0
CUST00661,P007,0
CUST00661,P008,0
CUST00661,P009,0
CUST00661,P010,0
CUST00662,P001,0
CUST00662,P002,0
CUST00662,P004,0
CUST00662,P007,0
CUST00662,P008,0
CUST00662,P009,0
CUST00662,P010,0
CUST00663,P001,0
CUST00663,P002,0
CUST00663,P004,0
CUST00663,P005,0
CUST00663,P006,0
CUST00663,P007,0
CUST00663,P008,0
CUST00663,P009,0
CUST00664,P001,0
CUST00664,P002,0
CUST00664,P004,0
CUST00664,P005,0
CUST00664,P006,0
CUST00664,P009,0
CUST00664,P010,0
CUST00665,P001,0
CUST00665,P004,0
CUST00665,P005,0
CUST00665,P006,0
CUST00665,P007,0
CUST00665,P008,0
CUST00665,P010,0
CUST00666,P002,0
CUST00666,P004,0
CUST00666,P006,0
CUST00666,P007,0
CUST00666,P009,0
CUST00666,P010,0
CUST00667,P002,0
CUST00667,P004,0
CUST00667,P005,0
CUST00667,P006,0
CUST00667,P008,0
CUST00667,P009,0
CUST00667,P010,0
CUST00668,P001,0
CUST00668,P002,0
CUST00668,P004,0
CUST00668,P005,0
CUST00668,P006,0
CUST00668,P008,1
CUST00668,P010,0
CUST00669,P002,0
CUST00669,P004,0
CUST00669,P005,0
CUST00669,P006,0
CUST00669,P007,0
CUST00669,P009,0
CUST00669,P010,0
CUST00670,P001,0
CUST00670,P004,1
CUST00670,P006,0
CUST00670,P008,1
CUST00670,P009,0
CUST00670,P010,0
CUST00671,P001,0
CUST00671,P002,0
CUST00671,P004,0
CUST00671,P005,0
CUST00671,P006,0
CUST00671,P007,0
CUST00671,P008,1
CUST00671,P009,0
CUST00672,P001,0
CUST00672,P004,1
CUST00672,P005,0
CUST00672,P006,0
CUST00672,P007,0
CUST00672,P008,0
CUST00672,P009,0
CUST00672,P010,0
CUST00673,P002,0
CUST00673,P004,0
CUST00673,P005,0
CUST00673,P006,0
CUST00673,P007,0
CUST00673,P008,0
CUST00673,P010,0
CUST00674,P001,0
CUST00674,P004,0
CUST00674,P007,0
CUST00674,P008,0
CUST00674,P009,1
CUST00674,P010,0
CUST00675,P001,0
CUST00675,P002,0
CUST00675,P004,0
CUST00675,P005,0
CUST00675,P006,0
CUST00675,P007,0
CUST00675,P009,0
CUST00675,P010,0
CUST00676,P001,0
CUST00676,P002,0
CUST00676,P004,0
CUST00676,P005,1
CUST00676,P007,0
CUST00676,P009,0
CUST00677,P002,0
CUST00677,P004,0
CUST00677,P006,0
CUST00677,P009,0
CUST00677,P010,0
CUST00678,P001,0
CUST00678,P002,0
CUST00678,P004,0
CUST00678,P005,0
CUST00678,P007,0
CUST00678,P008,0
CUST00679,P001,0
CUST00679,P002,0
CUST00679,P004,0
CUST00679,P005,0
CUST00679,P006,0
CUST00679,P007,0
CUST00679,P008,0
CUST00680,P001,0
CUST00680,P002,0
CUST00680,P004,0
CUST00680,P005,0
CUST00680,P006,0
CUST00680,P007,0
CUST00680,P009,0
CUST00680,P010,0
CUST00681,P001,0
CUST00681,P004,0
CUST00681,P007,0
CUST00681,P009,0
CUST00681,P010,0
CUST00682,P001,0
CUST00682,P002,0
CUST00682,P004,0
CUST00682,P005,0
CUST00682,P008,1
CUST00682,P010,0
CUST00683,P001,0
CUST00683,P002,0
CUST00683,P004,0
CUST00683,P006,0
CUST00683,P007,0
CUST00683,P008,0
CUST00683,P009,1
CUST00683,P010,0
CUST00684,P001,0
CUST00684,P004,0
CUST00684,P005,0
CUST00684,P007,0
CUST00684,P008,0
CUST00684,P009,0
CUST00684,P010,0
CUST00685,P001,0
CUST00685,P002,1
CUST00685,P004,0
CUST00685,P006,0
CUST00685,P009,0
CUST00686,P001,0
CUST00686,P004,0
CUST00686,P005,0
CUST00686,P006,0
CUST00686,P008,0
CUST00686,P009,0
CUST00686,P010,0
CUST00687,P002,0
CUST00687,P004,0
CUST00687,P005,0
CUST00687,P008,0
CUST00687,P009,1
CUST00687,P010,0
CUST00688,P001,0
CUST00688,P002,0
CUST00688,P005,0
CUST00688,P006,0
CUST00688,P007,1
CUST00688,P008,0
CUST00688,P010,0
CUST00689,P001,0
CUST00689,P002,0
CUST00689,P005,0
CUST00689,P007,0
CUST00689,P008,0
CUST00689,P009,0
CUST00689,P010,0
CUST00690,P001,0
CUST00690,P002,0
CUST00690,P004,0
CUST00690,P006,0
CUST00690,P007,0
CUST00690,P008,0
CUST00690,P009,0
CUST00690,P010,0
CUST00691,P001,0
CUST00691,P002,0
CUST00691,P004,0
CUST00691,P005,0
CUST00691,P007,0
CUST00691,P008,0
CUST00691,P010,0
CUST00692,P001,0
CUST00692,P002,0
CUST00692,P004,0
CUST00692,P005,0
CUST00692,P006,0
CUST00692,P007,0
CUST00692,P008,0
CUST00692,P009,0
CUST00692,P010,0
CUST00693,P001,0
CUST00693,P002,0
CUST00693,P004,0
CUST00693,P005,0
CUST00693,P006,0
CUST00693,P008,0
CUST00693,P009,0
CUST00693,P010,0
CUST00694,P001,0
CUST00694,P002,0
CUST00694,P004,0
CUST00694,P006,0
CUST00694,P007,0
CUST00694,P008,0
CUST00694,P009,0
CUST00694,P010,0
CUST00695,P001,0
CUST00695,P002,0
CUST00695,P004,0
CUST00695,P005,0
CUST00695,P006,0
CUST00695,P008,0
CUST00695,P009,0
CUST00695,P010,1
CUST00696,P001,1
CUST00696,P004,0
CUST00696,P005,1
CUST00696,P007,0
CUST00696,P008,0
CUST00696,P009,1
CUST00697,P001,0
CUST00697,P002,0
CUST00697,P004,1
CUST00697,P005,0
CUST00697,P006,0
CUST00697,P008,0
CUST00697,P010,0
CUST00698,P002,0
CUST00698,P004,0
CUST00698,P005,0
CUST00698,P006,1
CUST00698,P007,0
CUST00698,P010,0
CUST00699,P001,0
CUST00699,P002,0
CUST00699,P004,0
CUST00699,P005,0
CUST00699,P007,0
CUST00699,P009,0
CUST00699,P010,0
CUST00700,P001,0
CUST00700,P004,1
CUST00700,P005,0
CUST00700,P006,0
CUST00700,P007,0
CUST00700,P008,0
CUST00700,P010,0
CUST00701,P001,0
CUST00701,P004,0
CUST00701,P005,0
CUST00701,P008,0
CUST00701,P009,0
CUST00701,P010,0
CUST00702,P001,0
CUST00702,P002,0
CUST00702,P004,0
CUST00702,P007,0
CUST00702,P008,1
CUST00702,P009,0
CUST00702,P010,0
CUST00703,P001,0
CUST00703,P002,0
CUST00703,P005,0
CUST00703,P006,0
CUST00703,P007,0
CUST00703,P008,0
CUST00703,P010,0
CUST00704,P001,0
CUST00704,P002,0
CUST00704,P004,0
CUST00704,P005,0
CUST00704,P006,0
CUST00704,P007,0
CUST00704,P008,0
CUST00704,P010,0
CUST00705,P001,0
CUST00705,P002,0
CUST00705,P004,0
CUST00705,P006,0
CUST00705,P008,1
CUST00705,P009,0
CUST00705,P010,0
CUST00706,P001,0
CUST00706,P002,0
CUST00706,P004,0
CUST00706,P006,0
CUST00706,P007,0
CUST00706,P008,0
CUST00706,P009,0
CUST00706,P010,0
CUST00707,P001,0
CUST00707,P002,0
CUST00707,P004,0
CUST00707,P006,0
CUST00707,P007,0
CUST00707,P010,0
CUST00708,P001,1
CUST00708,P002,0
CUST00708,P007,0
CUST00708,P008,0
CUST00708,P010,0
CUST00709,P001,1
CUST00709,P002,0
CUST00709,P004,0
CUST00709,P006,0
CUST00709,P007,0
CUST00709,P009,0
CUST00709,P010,0
CUST00710,P002,0
CUST00710,P004,0
CUST00710,P006,0
CUST00710,P007,0
CUST00710,P008,0
CUST00710,P009,0
CUST00710,P010,0
CUST00711,P001,0
CUST00711,P002,0
CUST00711,P004,0
CUST00711,P006,0
CUST00711,P007,0
CUST00711,P009,0
CUST00711,P010,0
CUST00712,P002,0
CUST00712,P004,0
CUST00712,P005,0
CUST00712,P007,0
CUST00712,P008,0
CUST00712,P009,0
CUST00712,P010,0
CUST00713,P002,0
CUST00713,P004,1
CUST00713,P005,0
CUST00713,P006,0
CUST00713,P007,0
CUST00713,P008,0
CUST00713,P009,0
CUST00713,P010,0
CUST00714,P001,0
CUST00714,P002,0
CUST00714,P004,0
CUST00714,P005,0
CUST00714,P006,0
CUST00714,P008,0
CUST00714,P009,0
CUST00714,P010,0
CUST00715,P001,1
CUST00715,P002,1
CUST00715,P004,0
CUST00715,P006,0
CUST00715,P007,0
CUST00715,P008,0
CUST00715,P009,0
CUST00715,P010,0
CUST00716,P001,0
CUST00716,P002,0
CUST00716,P004,0
CUST00716,P005,0
CUST00716,P008,0
CUST00716,P009,0
CUST00716,P010,0
CUST00717,P001,0
CUST00717,P002,0
CUST00717,P004,0
CUST00717,P005,0
CUST00717,P007,0
CUST00717,P008,0
CUST00717,P009,0
CUST00717,P010,0
CUST00718,P001,0
CUST00718,P002,0
CUST00718,P004,0
CUST00718,P006,0
CUST00718,P008,0
CUST00718,P009,0
CUST00718,P010,0
CUST00719,P001,0
CUST00719,P004,0
CUST00719,P005,0
CUST00719,P007,0
CUST00719,P008,0
CUST00719,P009,0
CUST00719,P010,0
CUST00720,P001,1
CUST00720,P004,0
CUST00720,P006,0
CUST00720,P008,0
CUST00720,P009,0
CUST00721,P001,0
CUST00721,P004,0
CUST00721,P005,1
CUST00721,P006,0
CUST00721,P007,0
CUST00721,P008,0
CUST00721,P009,0
CUST00721,P010,0
CUST00722,P001,1
CUST00722,P002,0
CUST00722,P004,0
CUST00722,P006,0
CUST00722,P007,0
CUST00722,P008,0
CUST00722,P010,0
CUST00723,P001,0
CUST00723,P002,0
CUST00723,P004,0
CUST00723,P005,0
CUST00723,P006,0
CUST00723,P008,0
CUST00723,P009,0
CUST00723,P010,0
CUST00724,P002,1
CUST00724,P004,0
CUST00724,P006,1
CUST00724,P007,0
CUST00724,P008,0
CUST00724,P009,0
CUST00724,P010,0
CUST00725,P001,0
CUST00725,P002,0
CUST00725,P005,0
CUST00725,P006,0
CUST00725,P007,0
CUST00725,P008,0
CUST00725,P010,0
CUST00726,P001,0
CUST00726,P002,0
CUST00726,P004,0
CUST00726,P005,0
CUST00726,P006,0
CUST00726,P007,0
CUST00726,P009,0
CUST00727,P001,0
CUST00727,P002,0
CUST00727,P004,0
CUST00727,P006,0
CUST00727,P007,0
CUST00727,P008,0
CUST00727,P009,0
CUST00727,P010,0
CUST00728,P002,1
CUST00728,P004,0
CUST00728,P005,0
CUST00728,P006,0
CUST00728,P007,0
CUST00728,P008,0
CUST00729,P002,0
CUST00729,P004,0
CUST00729,P005,0
CUST00729,P006,0
CUST00729,P008,0
CUST00729,P009,0
CUST00729,P010,0
CUST00730,P001,0
CUST00730,P002,0
CUST00730,P005,1
CUST00730,P006,0
CUST00730,P007,0
CUST00730,P008,0
CUST00730,P009,0
CUST00730,P010,0
CUST00731,P001,0
CUST00731,P002,0
CUST00731,P004,0
CUST00731,P006,0
CUST00731,P007,0
CUST00731,P008,0
CUST00731,P009,0
CUST00731,P010,0
CUST00732,P001,0
CUST00732,P002,0
CUST00732,P005,0
CUST00732,P007,0
CUST00732,P008,0
CUST00732,P010,0
CUST00733,P001,0
CUST00733,P002,0
CUST00733,P004,0
CUST00733,P006,0
CUST00733,P007,0
CUST00733,P008,0
CUST00733,P009,0
CUST00733,P010,0
CUST00734,P001,0
CUST00734,P002,0
CUST00734,P004,0
CUST00734,P006,0
CUST00734,P007,0
CUST00734,P008,0
CUST00734,P010,0
CUST00735,P001,0
CUST00735,P002,0
CUST00735,P004,0
CUST00735,P006,1
CUST00735,P007,0
CUST00735,P008,0
CUST00735,P010,0
CUST00736,P001,0
CUST00736,P002,0
CUST00736,P005,0
CUST00736,P006,0
CUST00736,P007,0
CUST00736,P008,0
CUST00736,P010,0
CUST00737,P001,0
CUST00737,P002,0
CUST00737,P004,0
CUST00737,P005,0
CUST00737,P006,0
CUST00737,P007,0
CUST00737,P009,0
CUST00737,P010,0
CUST00738,P001,0
CUST00738,P002,0
CUST00738,P004,1
CUST00738,P005,0
CUST00738,P009,0
CUST00738,P010,0
CUST00739,P001,0
CUST00739,P002,0
CUST00739,P004,0
CUST00739,P005,0
CUST00739,P007,0
CUST00739,P008,0
CUST00739,P009,0
CUST00739,P010,0
CUST00740,P001,0
CUST00740,P002,0
CUST00740,P004,0
CUST00740,P006,0
CUST00740,P007,0
CUST00740,P008,0
CUST00740,P009,0
CUST00740,P010,0
CUST00741,P002,0
CUST00741,P004,0
CUST00741,P006,0
CUST00741,P007,0
CUST00741,P008,0
CUST00741,P010,0
CUST00742,P002,0
CUST00742,P004,0
CUST00742,P005,0
CUST00742,P006,0
CUST00742,P007,0
CUST00742,P008,0
CUST00742,P009,0
CUST00743,P001,0
CUST00743,P002,0
CUST00743,P004,0
CUST00743,P005,0
CUST00743,P006,0
CUST00743,P007,0
CUST00743,P008,0
CUST00743,P009,0
CUST00743,P010,0
CUST00744,P001,0
CUST00744,P004,0
CUST00744,P005,0
CUST00744,P006,0
CUST00744,P007,0
CUST00744,P008,1
CUST00744,P009,0
CUST00745,P002,0
CUST00745,P004,0
CUST00745,P005,0
CUST00745,P006,0
CUST00745,P007,0
CUST00746,P001,1
CUST00746,P002,0
CUST00746,P004,0
CUST00746,P005,0
CUST00746,P007,0
CUST00746,P008,0
CUST00746,P009,0
CUST00746,P010,1
CUST00747,P001,0
CUST00747,P004,0
CUST00747,P005,1
CUST00747,P006,0
CUST00747,P007,0
CUST00747,P009,0
CUST00747,P010,0
CUST00748,P001,0
CUST00748,P004,0
CUST00748,P005,0
CUST00748,P007,0
CUST00748,P008,0
CUST00748,P010,0
CUST00749,P001,0
CUST00749,P002,0
CUST00749,P004,0
CUST00749,P005,0
CUST00749,P006,0
CUST00749,P007,0
CUST00749,P008,0
CUST00749,P009,0
CUST00750,P002,0
CUST00750,P005,0
CUST00750,P007,0
CUST00750,P008,0
CUST00750,P009,0
CUST00750,P010,1
CUST00751,P005,0
CUST00751,P006,0
CUST00751,P007,0
CUST00751,P008,0
CUST00751,P009,0
CUST00751,P010,0
CUST00752,P001,1
CUST00752,P002,0
CUST00752,P004,0
CUST00752,P006,0
CUST00752,P008,0
CUST00752,P009,0
CUST00752,P010,0
CUST00753,P002,0
CUST00753,P004,0
CUST00753,P005,0
CUST00753,P006,0
CUST00753,P007,0
CUST00753,P008,0
CUST00753,P009,0
CUST00754,P002,0
CUST00754,P004,1
CUST00754,P005,0
CUST00754,P008,0
CUST00754,P010,0
CUST00755,P002,0
CUST00755,P004,0
CUST00755,P007,0
CUST00755,P008,0
CUST00755,P009,0
CUST00755,P010,0
CUST00756,P001,0
CUST00756,P002,1
CUST00756,P004,0
CUST00756,P007,0
CUST00756,P008,0
CUST00756,P009,0
CUST00756,P010,0
CUST00757,P001,0
CUST00757,P002,0
CUST00757,P004,0
CUST00757,P005,0
CUST00757,P006,0
CUST00757,P007,0
CUST00757,P008,0
CUST00757,P009,0
CUST00758,P001,0
CUST00758,P004,0
CUST00758,P006,0
CUST00758,P007,0
CUST00758,P008,0
CUST00758,P009,0
CUST00759,P004,0
CUST00759,P006,0
CUST00759,P007,1
CUST00759,P009,0
CUST00759,P010,0
CUST00760,P004,0
CUST00760,P005,0
CUST00760,P006,0
CUST00760,P007,0
CUST00760,P008,0
CUST00760,P009,0
CUST00760,P010,0
CUST00761,P001,0
CUST00761,P002,0
CUST00761,P005,0
CUST00761,P007,0
CUST00761,P009,0
CUST00761,P010,1
CUST00762,P002,0
CUST00762,P004,0
CUST00762,P005,0
CUST00762,P007,0
CUST00762,P009,0
CUST00762,P010,0
CUST00763,P002,0
CUST00763,P004,0
CUST00763,P005,0
CUST00763,P006,0
CUST00763,P007,0
CUST00763,P008,0
CUST00763,P009,0
CUST00763,P010,0
CUST00764,P002,0
CUST00764,P004,0
CUST00764,P006,0
CUST00764,P007,0
CUST00764,P008,0
CUST00764,P009,0
CUST00764,P010,0
CUST00765,P001,0
CUST00765,P002,0
CUST00765,P004,0
CUST00765,P005,0
CUST00765,P006,0
CUST00765,P007,1
CUST00765,P008,0
CUST00765,P010,1
CUST00766,P001,0
CUST00766,P002,0
CUST00766,P004,1
CUST00766,P006,0
CUST00766,P007,0
CUST00766,P008,0
CUST00766,P010,0
CUST00767,P001,0
CUST00767,P002,0
CUST00767,P004,0
CUST00767,P008,0
CUST00767,P009,0
CUST00767,P010,0
CUST00768,P001,0
CUST00768,P002,0
CUST00768,P004,0
CUST00768,P005,1
CUST00768,P007,0
CUST00768,P008,0
CUST00768,P010,0
CUST00769,P001,0
CUST00769,P002,0
CUST00769,P004,0
CUST00769,P006,0
CUST00769,P007,0
CUST00769,P008,0
CUST00769,P009,0
CUST00769,P010,0
CUST00770,P001,0
CUST00770,P004,0
CUST00770,P006,0
CUST00770,P007,0
CUST00770,P008,0
CUST00770,P009,0
CUST00770,P010,0
CUST00771,P001,0
CUST00771,P004,0
CUST00771,P005,0
CUST00771,P006,0
CUST00771,P007,0
CUST00771,P008,0
CUST00771,P009,0
CUST00772,P001,0
CUST00772,P002,0
CUST00772,P004,0
CUST00772,P006,0
CUST00772,P007,0
CUST00772,P008,0
CUST00772,P009,0
CUST00772,P010,0
CUST00773,P001,0
CUST00773,P004,0
CUST00773,P005,0
CUST00773,P006,0
CUST00773,P007,0
CUST00773,P008,0
CUST00773,P009,0
CUST00773,P010,0
CUST00774,P001,0
CUST00774,P002,0
CUST00774,P004,0
CUST00774,P005,0
CUST00774,P006,0
CUST00774,P007,0
CUST00774,P008,0
CUST00774,P010,0
CUST00775,P001,0
CUST00775,P004,0
CUST00775,P005,0
CUST00775,P006,0
CUST00775,P007,0
CUST00775,P008,0
CUST00775,P009,0
CUST00775,P010,0
CUST00776,P001,0
CUST00776,P002,0
CUST00776,P004,0
CUST00776,P005,0
CUST00776,P006,0
CUST00776,P008,0
CUST00776,P010,0
CUST00777,P002,0
CUST00777,P004,0
CUST00777,P005,0
CUST00777,P006,0
CUST00777,P007,0
CUST00777,P009,0
CUST00777,P010,0
CUST00778,P001,1
CUST00778,P002,0
CUST00778,P005,1
CUST00778,P006,0
CUST00778,P009,0
CUST00778,P010,0
CUST00779,P002,0
CUST00779,P004,0
CUST00779,P006,0
CUST00779,P007,0
CUST00779,P008,0
CUST00779,P009,0
CUST00779,P010,0
CUST00780,P001,0
CUST00780,P002,0
CUST00780,P004,0
CUST00780,P005,1
CUST00780,P006,0
CUST00780,P007,0
CUST00780,P008,0
CUST00781,P002,0
CUST00781,P004,1
CUST00781,P005,0
CUST00781,P006,0
CUST00781,P008,0
CUST00781,P009,0
CUST00781,P010,0
CUST00782,P004,0
CUST00782,P005,0
CUST00782,P006,0
CUST00782,P008,0
CUST00782,P009,0
CUST00783,P001,0
CUST00783,P002,0
CUST00783,P004,0
CUST00783,P005,0
CUST00783,P006,0
CUST00783,P007,0
CUST00783,P009,0
CUST00783,P010,0
CUST00784,P001,0
CUST00784,P004,0
CUST00784,P005,0
CUST00784,P006,0
CUST00784,P007,0
CUST00784,P009,0
CUST00784,P010,0
CUST00785,P001,0
CUST00785,P002,0
CUST00785,P004,0
CUST00785,P005,0
CUST00785,P006,1
CUST00785,P010,0
CUST00786,P002,0
CUST00786,P004,0
CUST00786,P005,0
CUST00786,P006,0
CUST00786,P008,0
CUST00786,P009,0
CUST00787,P001,0
CUST00787,P002,0
CUST00787,P004,0
CUST00787,P006,1
CUST00787,P008,0
CUST00787,P009,0
CUST00788,P001,0
CUST00788,P002,0
CUST00788,P005,0
CUST00788,P006,0
CUST00788,P007,0
CUST00788,P008,0
CUST00788,P009,0
CUST00789,P001,0
CUST00789,P004,0
CUST00789,P006,0
CUST00789,P007,0
CUST00789,P008,0
CUST00789,P009,0
CUST00789,P010,0
CUST00790,P002,0
CUST00790,P004,0
CUST00790,P006,1
CUST00790,P007,0
CUST00790,P008,0
CUST00790,P010,0
CUST00791,P001,0
CUST00791,P002,0
CUST00791,P004,0
CUST00791,P005,0
CUST00791,P006,0
CUST00791,P007,0
CUST00791,P009,0
CUST00792,P002,0
CUST00792,P004,0
CUST00792,P005,0
CUST00792,P006,0
CUST00792,P008,0
CUST00792,P009,0
CUST00792,P010,0
CUST00793,P001,0
CUST00793,P002,0
CUST00793,P004,0
CUST00793,P005,0
CUST00793,P006,0
CUST00793,P007,0
CUST00793,P008,0
CUST00793,P009,0
CUST00793,P010,0
CUST00794,P001,0
CUST00794,P002,0
CUST00794,P004,0
CUST00794,P005,0
CUST00794,P008,0
CUST00794,P009,0
CUST00794,P010,0
CUST00795,P001,0
CUST00795,P004,0
CUST00795,P006,0
CUST00795,P007,0
CUST00795,P008,0
CUST00795,P009,0
CUST00795,P010,0
CUST00796,P001,0
CUST00796,P002,0
CUST00796,P005,0
CUST00796,P006,0
CUST00796,P007,0
CUST00796,P008,0
CUST00796,P009,0
CUST00796,P010,0
CUST00797,P001,0
CUST00797,P002,0
CUST00797,P004,0
CUST00797,P007,0
CUST00797,P008,0
CUST00797,P009,0
CUST00797,P010,0
CUST00798,P001,0
CUST00798,P002,0
CUST00798,P004,0
CUST00798,P005,0
CUST00798,P006,0
CUST00798,P007,0
CUST00798,P008,0
CUST00798,P009,0
CUST00799,P001,0
CUST00799,P002,0
CUST00799,P004,0
CUST00799,P005,0
CUST00799,P006,0
CUST00799,P007,0
CUST00799,P008,0
CUST00799,P010,0
CUST00800,P001,0
CUST00800,P002,0
CUST00800,P004,0
CUST00800,P005,0
CUST00800,P006,0
CUST00800,P008,0
CUST00800,P009,0
CUST00800,P010,0
CUST00801,P001,0
CUST00801,P002,0
CUST00801,P004,0
CUST00801,P005,0
CUST00801,P007,0
CUST00801,P008,0
CUST00801,P010,0
CUST00802,P002,0
CUST00802,P004,0
CUST00802,P005,0
CUST00802,P006,0
CUST00802,P007,0
CUST00802,P008,0
CUST00802,P009,0
CUST00802,P010,0
CUST00803,P002,0
CUST00803,P004,0
CUST00803,P005,0
CUST00803,P006,0
CUST00803,P007,0
CUST00803,P008,0
CUST00803,P009,0
CUST00804,P002,0
CUST00804,P004,0
CUST00804,P005,0
CUST00804,P007,0
CUST00804,P008,0
CUST00804,P009,0
CUST00804,P010,0
CUST00805,P002,0
CUST00805,P004,0
CUST00805,P005,0
CUST00805,P006,0
CUST00805,P007,0
CUST00805,P010,0
CUST00806,P001,0
CUST00806,P002,0
CUST00806,P004,0
CUST00806,P005,0
CUST00806,P006,0
CUST00806,P007,0
CUST00806,P009,0
CUST00806,P010,0
CUST00807,P001,0
CUST00807,P002,0
CUST00807,P004,0
CUST00807,P007,0
CUST00807,P008,0
CUST00807,P009,0
CUST00807,P010,0
CUST00808,P001,0
CUST00808,P002,0
CUST00808,P004,0
CUST00808,P005,0
CUST00808,P006,0
CUST00808,P007,0
CUST00808,P008,0
CUST00808,P009,0
CUST00809,P002,0
CUST00809,P004,0
CUST00809,P005,0
CUST00809,P006,0
CUST00809,P007,0
CUST00809,P008,0
CUST00809,P009,0
CUST00809,P010,0
CUST00810,P001,0
CUST00810,P002,0
CUST00810,P004,0
CUST00810,P005,0
CUST00810,P006,0
CUST00810,P009,0
CUST00810,P010,0
CUST00811,P001,0
CUST00811,P006,0
CUST00811,P007,0
CUST00811,P009,0
CUST00811,P010,0
CUST00812,P001,0
CUST00812,P002,0
CUST00812,P004,0
CUST00812,P005,0
CUST00812,P006,0
CUST00812,P007,0
CUST00812,P009,0
CUST00812,P010,0
CUST00813,P001,1
CUST00813,P004,0
CUST00813,P005,0
CUST00813,P006,0
CUST00813,P008,0
CUST00813,P009,0
CUST00813,P010,0
CUST00814,P001,0
CUST00814,P002,0
CUST00814,P004,0
CUST00814,P006,0
CUST00814,P007,0
CUST00814,P009,0
CUST00815,P002,0
CUST00815,P004,0
CUST00815,P006,0
CUST00815,P007,0
CUST00815,P009,0
CUST00816,P004,1
CUST00816,P005,0
CUST00816,P007,0
CUST00816,P008,0
CUST00816,P009,0
CUST00817,P001,0
CUST00817,P002,0
CUST00817,P004,1
CUST00817,P005,0
CUST00817,P006,0
CUST00817,P008,0
CUST00817,P009,0
CUST00817,P010,0
CUST00818,P002,0
CUST00818,P004,0
CUST00818,P005,0
CUST00818,P006,0
CUST00818,P007,0
CUST00818,P008,0
CUST00818,P010,0
CUST00819,P001,0
CUST00819,P002,0
CUST00819,P004,0
CUST00819,P005,0
CUST00819,P008,0
CUST00819,P009,0
CUST00819,P010,0
CUST00820,P001,0
CUST00820,P002,0
CUST00820,P004,0
CUST00820,P006,0
CUST00820,P009,0
CUST00820,P010,0
CUST00821,P001,0
CUST00821,P004,1
CUST00821,P005,0
CUST00821,P006,1
CUST00821,P007,0
CUST00821,P009,0
CUST00821,P010,0
CUST00822,P001,0
CUST00822,P002,0
CUST00822,P004,0
CUST00822,P005,0
CUST00822,P007,0
CUST00822,P009,1
CUST00822,P010,0
CUST00823,P001,1
CUST00823,P002,0
CUST00823,P004,0
CUST00823,P005,0
CUST00823,P006,0
CUST00823,P007,0
CUST00823,P010,0
CUST00824,P001,1
CUST00824,P002,0
CUST00824,P004,0
CUST00824,P006,0
CUST00824,P007,0
CUST00824,P008,0
CUST00824,P009,0
CUST00824,P010,0
CUST00825,P001,0
CUST00825,P002,0
CUST00825,P004,0
CUST00825,P005,0
CUST00825,P006,0
CUST00825,P007,0
CUST00825,P008,0
CUST00825,P010,0
CUST00826,P001,0
CUST00826,P002,0
CUST00826,P004,0
CUST00826,P005,0
CUST00826,P006,0
CUST00826,P007,0
CUST00826,P009,0
CUST00826,P010,0
CUST00827,P001,0
CUST00827,P002,0
CUST00827,P004,0
CUST00827,P006,0
CUST00827,P008,0
CUST00827,P009,0
CUST00827,P010,0
CUST00828,P002,0
CUST00828,P004,0
CUST00828,P005,0
CUST00828,P006,0
CUST00828,P007,0
CUST00828,P008,0
CUST00828,P009,0
CUST00829,P001,0
CUST00829,P002,0
CUST00829,P004,0
CUST00829,P005,0
CUST00829,P006,0
CUST00829,P007,0
CUST00829,P010,0
CUST00830,P001,0
CUST00830,P002,0
CUST00830,P004,0
CUST00830,P006,0
CUST00830,P007,0
CUST00830,P008,0
CUST00830,P009,0
CUST00830,P010,0
CUST00831,P001,0
CUST00831,P002,0
CUST00831,P004,0
CUST00831,P005,0
CUST00831,P006,0
CUST00831,P007,0
CUST00831,P008,1
CUST00831,P009,0
CUST00832,P001,0
CUST00832,P006,0
CUST00832,P007,0
CUST00832,P008,0
CUST00832,P009,0
CUST00832,P010,0
CUST00833,P004,0
CUST00833,P006,0
CUST00833,P007,0
CUST00833,P008,0
CUST00833,P009,0
CUST00833,P010,0
CUST00834,P002,0
CUST00834,P004,0
CUST00834,P005,0
CUST00834,P006,0
CUST00834,P007,0
CUST00834,P009,0
CUST00834,P010,0
CUST00835,P001,0
CUST00835,P002,0
CUST00835,P004,0
CUST00835,P006,0
CUST00835,P007,0
CUST00835,P008,0
CUST00835,P009,0
CUST00835,P010,0
CUST00836,P001,0
CUST00836,P004,0
CUST00836,P005,0
CUST00836,P006,0
CUST00836,P007,0
CUST00836,P008,0
CUST00836,P010,0
CUST00837,P001,0
CUST00837,P004,0
CUST00837,P005,0
CUST00837,P006,0
CUST00837,P007,0
CUST00837,P009,0
CUST00837,P010,1
CUST00838,P001,0
CUST00838,P002,0
CUST00838,P004,0
CUST00838,P007,0
CUST00838,P008,0
CUST00838,P010,0
CUST00839,P001,0
CUST00839,P002,0
CUST00839,P004,0
CUST00839,P005,1
CUST00839,P008,0
CUST00840,P001,0
CUST00840,P002,0
CUST00840,P004,0
CUST00840,P005,0
CUST00840,P007,1
CUST00840,P008,1
CUST00840,P009,0
CUST00840,P010,0
CUST00841,P001,0
CUST00841,P002,0
CUST00841,P004,0
CUST00841,P006,0
CUST00841,P007,0
CUST00841,P008,0
CUST00841,P009,0
CUST00841,P010,0
CUST00842,P002,0
CUST00842,P005,1
CUST00842,P007,0
CUST00842,P008,0
CUST00842,P010,0
CUST00843,P001,0
CUST00843,P002,0
CUST00843,P004,0
CUST00843,P006,0
CUST00843,P008,0
CUST00843,P009,0
CUST00843,P010,0
CUST00844,P001,0
CUST00844,P002,0
CUST00844,P005,0
CUST00844,P007,0
CUST00844,P008,0
CUST00844,P009,1
CUST00844,P010,0
CUST00845,P002,0
CUST00845,P004,0
CUST00845,P005,0
CUST00845,P006,0
CUST00845,P007,0
CUST00845,P008,0
CUST00845,P009,0
CUST00845,P010,0
CUST00846,P001,0
CUST00846,P002,0
CUST00846,P004,0
CUST00846,P006,0
CUST00846,P007,0
CUST00846,P008,0
CUST00846,P009,0
CUST00846,P010,0
CUST00847,P001,0
CUST00847,P002,0
CUST00847,P004,0
CUST00847,P005,0
CUST00847,P006,0
CUST00847,P008,0
CUST00847,P009,0
CUST00848,P001,0
CUST00848,P002,0
CUST00848,P004,0
CUST00848,P006,0
CUST00848,P007,0
CUST00848,P009,0
CUST00848,P010,0
CUST00849,P004,0
CUST00849,P007,0
CUST00849,P008,0
CUST00849,P009,0
CUST00849,P010,0
CUST00850,P001,0
CUST00850,P002,0
CUST00850,P004,0
CUST00850,P005,0
CUST00850,P006,0
CUST00850,P007,0
CUST00850,P008,0
CUST00850,P009,0
CUST00851,P001,0
CUST00851,P002,0
CUST00851,P005,0
CUST00851,P006,0
CUST00851,P007,1
CUST00851,P008,0
CUST00851,P009,0
CUST00851,P010,1
CUST00852,P002,0
CUST00852,P005,0
CUST00852,P007,0
CUST00852,P008,0
CUST00852,P009,0
CUST00852,P010,0
CUST00853,P001,0
CUST00853,P004,0
CUST00853,P006,0
CUST00853,P007,0
CUST00853,P008,0
CUST00853,P009,0
CUST00853,P010,0
CUST00854,P001,0
CUST00854,P002,0
CUST00854,P005,0
CUST00854,P006,0
CUST00854,P007,0
CUST00854,P008,0
CUST00854,P009,0
CUST00854,P010,0
CUST00855,P001,0
CUST00855,P002,0
CUST00855,P004,0
CUST00855,P006,0
CUST00855,P007,0
CUST00855,P008,0
CUST00855,P009,0
CUST00855,P010,0
CUST00856,P001,0
CUST00856,P002,0
CUST00856,P004,1
CUST00856,P008,0
CUST00856,P009,0
CUST00856,P010,0
CUST00857,P002,0
CUST00857,P004,0
CUST00857,P005,1
CUST00857,P007,1
CUST00857,P008,0
CUST00857,P009,0
CUST00857,P010,0
CUST00858,P001,0
CUST00858,P002,0
CUST00858,P004,0
CUST00858,P006,0
CUST00858,P007,0
CUST00858,P008,0
CUST00858,P009,0
CUST00858,P010,0
CUST00859,P002,1
CUST00859,P005,0
CUST00859,P006,0
CUST00859,P007,0
CUST00859,P008,0
CUST00859,P010,0
CUST00860,P001,0
CUST00860,P002,0
CUST00860,P004,0
CUST00860,P005,0
CUST00860,P008,0
CUST00860,P009,0
CUST00860,P010,1
CUST00861,P002,0
CUST00861,P005,0
CUST00861,P006,0
CUST00861,P007,0
CUST00861,P008,0
CUST00862,P002,0
CUST00862,P004,0
CUST00862,P006,0
CUST00862,P007,0
CUST00862,P008,0
CUST00862,P009,0
CUST00862,P010,0
CUST00863,P004,0
CUST00863,P006,0
CUST00863,P007,0
CUST00863,P008,0
CUST00863,P010,0
CUST00864,P001,0
CUST00864,P004,1
CUST00864,P005,0
CUST00864,P006,0
CUST00864,P007,0
CUST00864,P008,1
CUST00864,P010,0
CUST00865,P002,0
CUST00865,P004,0
CUST00865,P006,0
CUST00865,P007,0
CUST00865,P008,0
CUST00865,P010,0
CUST00866,P002,1
CUST00866,P004,0
CUST00866,P006,1
CUST00866,P008,0
CUST00866,P009,0
CUST00867,P001,0
CUST00867,P002,0
CUST00867,P005,0
CUST00867,P006,0
CUST00867,P007,0
CUST00867,P008,0
CUST00867,P009,0
CUST00867,P010,0
CUST00868,P002,0
CUST00868,P004,0
CUST00868,P005,0
CUST00868,P006,0
CUST00868,P007,1
CUST00869,P001,0
CUST00869,P002,0
CUST00869,P004,1
CUST00869,P005,0
CUST00869,P006,0
CUST00869,P007,0
CUST00869,P008,1
CUST00869,P009,0
CUST00869,P010,1
CUST00870,P001,0
CUST00870,P002,0
CUST00870,P004,0
CUST00870,P005,0
CUST00870,P006,0
CUST00870,P007,0
CUST00870,P008,0
CUST00870,P009,0
CUST00870,P010,0
CUST00871,P001,0
CUST00871,P002,0
CUST00871,P004,0
CUST00871,P005,0
CUST00871,P007,0
CUST00871,P008,0
CUST00871,P009,0
CUST00872,P001,0
CUST00872,P002,0
CUST00872,P004,0
CUST00872,P005,0
CUST00872,P006,0
CUST00872,P009,0
CUST00872,P010,0
CUST00873,P001,0
CUST00873,P002,0
CUST00873,P004,0
CUST00873,P005,0
CUST00873,P006,0
CUST00873,P008,0
CUST00873,P009,0
CUST00873,P010,0
CUST00874,P001,0
CUST00874,P002,0
CUST00874,P004,0
CUST00874,P006,1
CUST00874,P007,0
CUST00874,P009,0
CUST00874,P010,0
CUST00875,P001,0
CUST00875,P002,0
CUST00875,P004,0
CUST00875,P006,0
CUST00875,P007,0
CUST00875,P008,0
CUST00875,P009,0
CUST00875,P010,0
CUST00876,P001,1
CUST00876,P002,0
CUST00876,P004,0
CUST00876,P006,0
CUST00876,P009,0
CUST00876,P010,0
CUST00877,P001,0
CUST00877,P002,0
CUST00877,P004,0
CUST00877,P007,0
CUST00877,P008,0
CUST00877,P009,0
CUST00877,P010,0
CUST00878,P001,0
CUST00878,P002,0
CUST00878,P005,0
CUST00878,P006,1
CUST00878,P007,0
CUST00878,P008,0
CUST00878,P009,0
CUST00879,P001,0
CUST00879,P004,0
CUST00879,P005,0
CUST00879,P006,0
CUST00879,P007,0
CUST00879,P009,0
CUST00879,P010,0
CUST00880,P001,0
CUST00880,P002,0
CUST00880,P004,0
CUST00880,P005,0
CUST00880,P006,0
CUST00880,P007,0
CUST00880,P008,1
CUST00880,P010,0
CUST00881,P001,1
CUST00881,P004,0
CUST00881,P005,0
CUST00881,P006,0
CUST00881,P007,0
CUST00881,P009,0
CUST00881,P010,0
CUST00882,P001,0
CUST00882,P002,0
CUST00882,P004,0
CUST00882,P005,0
CUST00882,P006,0
CUST00882,P007,0
CUST00882,P008,0
CUST00882,P010,0
CUST00883,P001,0
CUST00883,P004,0
CUST00883,P006,0
CUST00883,P007,0
CUST00883,P008,0
CUST00883,P009,0
CUST00883,P010,0
CUST00884,P001,0
CUST00884,P004,0
CUST00884,P005,0
CUST00884,P006,0
CUST00884,P007,0
CUST00884,P008,0
CUST00884,P009,0
CUST00884,P010,0
CUST00885,P002,0
CUST00885,P004,0
CUST00885,P005,0
CUST00885,P007,0
CUST00885,P008,1
CUST00885,P009,0
CUST00886,P002,0
CUST00886,P005,0
CUST00886,P006,1
CUST00886,P007,0
CUST00886,P009,0
CUST00886,P010,0
CUST00887,P001,0
CUST00887,P002,0
CUST00887,P004,0
CUST00887,P006,0
CUST00887,P007,0
CUST00887,P008,0
CUST00887,P009,0
CUST00887,P010,0
CUST00888,P002,1
CUST00888,P004,0
CUST00888,P005,0
CUST00888,P007,0
CUST00888,P009,0
CUST00888,P010,0
CUST00889,P002,0
CUST00889,P004,0
CUST00889,P006,0
CUST00889,P007,0
CUST00889,P008,0
CUST00889,P009,0
CUST00889,P010,0
CUST00890,P001,1
CUST00890,P002,0
CUST00890,P004,0
CUST00890,P005,0
CUST00890,P006,0
CUST00890,P009,0
CUST00890,P010,0
CUST00891,P001,1
CUST00891,P002,0
CUST00891,P004,0
CUST00891,P007,0
CUST00891,P008,0
CUST00891,P009,0
CUST00891,P010,0
CUST00892,P002,0
CUST00892,P004,0
CUST00892,P005,0
CUST00892,P006,0
CUST00892,P007,0
CUST00892,P008,0
CUST00892,P009,0
CUST00892,P010,0
CUST00893,P001,0
CUST00893,P002,0
CUST00893,P004,0
CUST00893,P005,0
CUST00893,P006,0
CUST00893,P007,0
CUST00893,P008,0
CUST00893,P009,0
CUST00893,P010,0
CUST00894,P001,0
CUST00894,P002,0
CUST00894,P004,0
CUST00894,P005,1
CUST00894,P008,0
CUST00895,P001,0
CUST00895,P004,0
CUST00895,P005,0
CUST00895,P006,0
CUST00895,P007,0
CUST00895,P008,0
CUST00895,P009,0
CUST00895,P010,0
CUST00896,P001,0
CUST00896,P002,0
CUST00896,P004,0
CUST00896,P005,1
CUST00896,P006,1
CUST00896,P008,0
CUST00896,P009,0
CUST00897,P001,0
CUST00897,P002,0
CUST00897,P006,0
CUST00897,P007,0
CUST00897,P008,0
CUST00897,P009,0
CUST00897,P010,0
CUST00898,P002,0
CUST00898,P004,0
CUST00898,P005,0
CUST00898,P006,0
CUST00898,P007,0
CUST00898,P008,1
CUST00898,P009,0
CUST00899,P001,0
CUST00899,P005,0
CUST00899,P006,0
CUST00899,P007,0
CUST00899,P008,0
CUST00899,P009,0
CUST00899,P010,0
CUST00900,P002,0
CUST00900,P004,0
CUST00900,P005,0
CUST00900,P006,0
CUST00900,P007,1
CUST00900,P009,0
CUST00900,P010,0
CUST00901,P002,0
CUST00901,P004,0
CUST00901,P006,0
CUST00901,P007,0
CUST00901,P008,0
CUST00901,P009,0
CUST00901,P010,0
CUST00902,P001,0
CUST00902,P002,0
CUST00902,P004,0
CUST00902,P005,0
CUST00902,P006,0
CUST00902,P009,0
CUST00902,P010,0
CUST00903,P001,0
CUST00903,P002,0
CUST00903,P004,0
CUST00903,P005,0
CUST00903,P006,0
CUST00903,P007,0
CUST00903,P009,0
CUST00903,P010,0
CUST00904,P001,0
CUST00904,P002,0
CUST00904,P004,0
CUST00904,P005,0
CUST00904,P006,0
CUST00904,P007,0
CUST00904,P008,0
CUST00904,P009,0
CUST00905,P001,0
CUST00905,P002,0
CUST00905,P004,0
CUST00905,P005,0
CUST00905,P010,0
CUST00906,P001,0
CUST00906,P002,0
CUST00906,P005,1
CUST00906,P006,0
CUST00906,P008,0
CUST00906,P009,0
CUST00907,P001,0
CUST00907,P002,0
CUST00907,P004,0
CUST00907,P006,1
CUST00907,P010,0
CUST00908,P001,0
CUST00908,P002,0
CUST00908,P004,0
CUST00908,P005,0
CUST00908,P007,0
CUST00908,P008,0
CUST00908,P010,0
CUST00909,P002,0
CUST00909,P004,0
CUST00909,P006,0
CUST00909,P007,0
CUST00909,P008,0
CUST00909,P009,1
CUST00909,P010,0
CUST00910,P002,0
CUST00910,P004,0
CUST00910,P005,0
CUST00910,P007,0
CUST00910,P008,0
CUST00910,P009,0
CUST00910,P010,0
CUST00911,P001,0
CUST00911,P002,0
CUST00911,P004,0
CUST00911,P005,0
CUST00911,P008,0
CUST00911,P010,0
CUST00912,P002,0
CUST00912,P004,0
CUST00912,P006,0
CUST00912,P007,0
CUST00912,P008,1
CUST00912,P009,0
CUST00912,P010,0
CUST00913,P002,0
CUST00913,P005,0
CUST00913,P006,0
CUST00913,P008,0
CUST00913,P009,0
CUST00913,P010,0
CUST00914,P002,0
CUST00914,P004,0
CUST00914,P005,0
CUST00914,P006,0
CUST00914,P007,0
CUST00914,P008,0
CUST00914,P009,0
CUST00914,P010,0
CUST00915,P002,0
CUST00915,P005,0
CUST00915,P007,0
CUST00915,P008,0
CUST00915,P009,0
CUST00915,P010,0
CUST00916,P001,0
CUST00916,P002,0
CUST00916,P004,0
CUST00916,P007,0
CUST00916,P010,0
CUST00917,P001,0
CUST00917,P002,0
CUST00917,P004,0
CUST00917,P006,0
CUST00917,P007,1
CUST00917,P008,0
CUST00917,P009,0
CUST00917,P010,0
CUST00918,P001,0
CUST00918,P002,0
CUST00918,P004,0
CUST00918,P006,0
CUST00918,P007,0
CUST00918,P008,0
CUST00918,P009,0
CUST00918,P010,0
CUST00919,P001,1
CUST00919,P002,0
CUST00919,P004,0
CUST00919,P006,0
CUST00919,P007,0
CUST00919,P008,0
CUST00920,P001,0
CUST00920,P004,0
CUST00920,P005,0
CUST00920,P006,0
CUST00920,P007,0
CUST00920,P008,0
CUST00920,P009,0
CUST00920,P010,0
CUST00921,P002,0
CUST00921,P004,0
CUST00921,P006,0
CUST00921,P007,0
CUST00921,P008,1
CUST00921,P009,0
CUST00922,P004,0
CUST00922,P006,1
CUST00922,P007,0
CUST00922,P008,0
CUST00922,P010,0
CUST00923,P001,0
CUST00923,P002,0
CUST00923,P004,0
CUST00923,P005,0
CUST00923,P006,0
CUST00923,P007,0
CUST00923,P008,0
CUST00923,P009,0
CUST00924,P001,0
CUST00924,P004,0
CUST00924,P005,0
CUST00924,P006,0
CUST00924,P008,0
CUST00924,P009,0
CUST00924,P010,0
CUST00925,P001,0
CUST00925,P004,0
CUST00925,P005,0
CUST00925,P006,0
CUST00925,P007,0
CUST00925,P008,0
CUST00925,P009,0
CUST00925,P010,0
CUST00926,P002,0
CUST00926,P004,0
CUST00926,P005,0
CUST00926,P006,1
CUST00926,P008,0
CUST00926,P009,0
CUST00926,P010,0
CUST00927,P002,0
CUST00927,P004,0
CUST00927,P005,0
CUST00927,P006,0
CUST00927,P008,0
CUST00927,P009,0
CUST00927,P010,0
CUST00928,P002,0
CUST00928,P004,0
CUST00928,P005,0
CUST00928,P006,0
CUST00928,P007,0
CUST00928,P008,0
CUST00928,P009,0
CUST00928,P010,0
CUST00929,P001,0
CUST00929,P002,0
CUST00929,P004,0
CUST00929,P005,0
CUST00929,P006,0
CUST00929,P008,0
CUST00929,P009,0
CUST00929,P010,0
CUST00930,P001,0
CUST00930,P002,0
CUST00930,P004,0
CUST00930,P006,0
CUST00930,P007,0
CUST00930,P010,0
CUST00931,P002,0
CUST00931,P004,0
CUST00931,P005,0
CUST00931,P006,0
CUST00931,P007,0
CUST00931,P008,0
CUST00932,P001,0
CUST00932,P006,0
CUST00932,P007,0
CUST00932,P008,0
CUST00932,P010,0
CUST00933,P002,0
CUST00933,P004,0
CUST00933,P005,0
CUST00933,P006,0
CUST00933,P007,0
CUST00933,P010,0
CUST00934,P001,0
CUST00934,P005,0
CUST00934,P006,0
CUST00934,P007,0
CUST00934,P008,0
CUST00934,P009,0
CUST00934,P010,0
CUST00935,P001,1
CUST00935,P002,1
CUST00935,P004,0
CUST00935,P007,0
CUST00935,P008,0
CUST00935,P009,1
CUST00936,P001,0
CUST00936,P002,0
CUST00936,P005,0
CUST00936,P006,0
CUST00936,P007,0
CUST00936,P009,0
CUST00936,P010,0
CUST00937,P001,0
CUST00937,P002,0
CUST00937,P004,1
CUST00937,P006,0
CUST00937,P009,0
CUST00937,P010,0
CUST00938,P002,0
CUST00938,P004,0
CUST00938,P005,0
CUST00938,P006,0
CUST00938,P007,0
CUST00938,P008,0
CUST00938,P009,0
CUST00938,P010,0
CUST00939,P001,0
CUST00939,P004,0
CUST00939,P006,0
CUST00939,P007,0
CUST00939,P008,1
CUST00939,P009,0
CUST00939,P010,0
CUST00940,P002,0
CUST00940,P004,0
CUST00940,P005,0
CUST00940,P006,0
CUST00940,P009,0
CUST00940,P010,1
CUST00941,P001,0
CUST00941,P002,0
CUST00941,P004,0
CUST00941,P005,0
CUST00941,P006,0
CUST00941,P008,0
CUST00941,P009,0
CUST00941,P010,0
CUST00942,P002,0
CUST00942,P004,0
CUST00942,P006,0
CUST00942,P007,1
CUST00942,P008,0
CUST00942,P009,0
CUST00943,P001,0
CUST00943,P005,0
CUST00943,P006,0
CUST00943,P007,0
CUST00943,P008,0
CUST00943,P009,0
CUST00943,P010,0
CUST00944,P001,0
CUST00944,P002,1
CUST00944,P004,0
CUST00944,P005,0
CUST00944,P006,0
CUST00944,P007,0
CUST00944,P008,0
CUST00944,P010,0
CUST00945,P001,0
CUST00945,P002,0
CUST00945,P004,0
CUST00945,P006,0
CUST00945,P007,0
CUST00945,P009,0
CUST00945,P010,1
CUST00946,P001,0
CUST00946,P002,0
CUST00946,P004,0
CUST00946,P005,0
CUST00946,P007,0
CUST00946,P008,0
CUST00946,P010,0
CUST00947,P001,1
CUST00947,P004,0
CUST00947,P005,0
CUST00947,P006,0
CUST00947,P008,0
CUST00947,P009,0
CUST00947,P010,1
CUST00948,P004,0
CUST00948,P005,0
CUST00948,P006,0
CUST00948,P007,0
CUST00948,P008,0
CUST00948,P009,0
CUST00948,P010,0
CUST00949,P002,0
CUST00949,P004,0
CUST00949,P007,0
CUST00949,P008,0
CUST00949,P009,0
CUST00949,P010,0
CUST00950,P001,0
CUST00950,P002,0
CUST00950,P004,0
CUST00950,P005,0
CUST00950,P007,1
CUST00950,P008,0
CUST00950,P009,0
CUST00950,P010,0
CUST00951,P001,0
CUST00951,P002,0
CUST00951,P004,0
CUST00951,P005,0
CUST00951,P006,0
CUST00951,P008,0
CUST00951,P009,0
CUST00952,P001,0
CUST00952,P002,0
CUST00952,P004,0
CUST00952,P006,1
CUST00952,P007,0
CUST00952,P009,0
CUST00952,P010,0
CUST00953,P002,0
CUST00953,P006,0
CUST00953,P007,0
CUST00953,P008,0
CUST00953,P009,0
CUST00953,P010,0
CUST00954,P001,0
CUST00954,P002,0
CUST00954,P005,0
CUST00954,P006,0
CUST00954,P007,0
CUST00954,P009,0
CUST00954,P010,0
CUST00955,P001,0
CUST00955,P002,0
CUST00955,P004,0
CUST00955,P006,0
CUST00955,P008,0
CUST00955,P009,0
CUST00955,P010,0
CUST00956,P001,0
CUST00956,P002,0
CUST00956,P004,0
CUST00956,P006,0
CUST00956,P007,0
CUST00956,P008,0
CUST00956,P010,0
CUST00957,P001,0
CUST00957,P002,0
CUST00957,P004,0
CUST00957,P005,0
CUST00957,P006,0
CUST00957,P007,0
CUST00957,P008,0
CUST00957,P009,0
CUST00957,P010,0
CUST00958,P001,0
CUST00958,P002,0
CUST00958,P004,0
CUST00958,P005,0
CUST00958,P006,0
CUST00958,P009,0
CUST00958,P010,0
CUST00959,P001,0
CUST00959,P002,0
CUST00959,P004,0
CUST00959,P005,0
CUST00959,P006,0
CUST00959,P007,0
CUST00959,P008,0
CUST00959,P010,0
CUST00960,P002,0
CUST00960,P004,0
CUST00960,P005,0
CUST00960,P006,0
CUST00960,P007,0
CUST00960,P008,0
CUST00960,P009,0
CUST00960,P010,0
CUST00961,P001,0
CUST00961,P004,0
CUST00961,P006,0
CUST00961,P007,0
CUST00961,P008,0
CUST00961,P009,0
CUST00962,P001,0
CUST00962,P004,0
CUST00962,P005,0
CUST00962,P006,0
CUST00962,P007,0
CUST00962,P008,0
CUST00962,P009,0
CUST00962,P010,1
CUST00963,P002,0
CUST00963,P004,0
CUST00963,P006,0
CUST00963,P007,0
CUST00963,P010,0
CUST00964,P002,0
CUST00964,P004,0
CUST00964,P005,0
CUST00964,P007,0
CUST00964,P008,0
CUST00964,P009,0
CUST00964,P010,0
CUST00965,P001,0
CUST00965,P004,0
CUST00965,P005,0
CUST00965,P006,0
CUST00965,P007,0
CUST00965,P009,0
CUST00965,P010,0
CUST00966,P001,0
CUST00966,P002,0
CUST00966,P004,0
CUST00966,P006,0
CUST00966,P007,0
CUST00966,P008,0
CUST00966,P009,1
CUST00967,P001,0
CUST00967,P002,0
CUST00967,P004,0
CUST00967,P005,0
CUST00967,P006,0
CUST00967,P007,0
CUST00967,P008,0
CUST00967,P010,0
CUST00968,P002,0
CUST00968,P004,0
CUST00968,P006,0
CUST00968,P007,0
CUST00968,P008,0
CUST00968,P009,0
CUST00968,P010,0
CUST00969,P002,0
CUST00969,P004,0
CUST00969,P006,0
CUST00969,P008,0
CUST00969,P009,0
CUST00970,P001,0
CUST00970,P002,0
CUST00970,P004,1
CUST00970,P006,0
CUST00970,P008,0
CUST00970,P009,0
CUST00971,P001,0
CUST00971,P004,0
CUST00971,P006,0
CUST00971,P007,0
CUST00971,P008,0
CUST00971,P009,0
CUST00972,P002,0
CUST00972,P004,0
CUST00972,P006,0
CUST00972,P007,0
CUST00972,P008,0
CUST00972,P009,0
CUST00972,P010,0
CUST00973,P001,0
CUST00973,P002,0
CUST00973,P004,0
CUST00973,P006,0
CUST00973,P007,0
CUST00973,P008,0
CUST00974,P001,0
CUST00974,P002,0
CUST00974,P005,1
CUST00974,P006,0
CUST00974,P007,0
CUST00974,P009,0
CUST00974,P010,0
CUST00975,P001,0
CUST00975,P002,0
CUST00975,P005,0
CUST00975,P007,0
CUST00975,P009,0
CUST00975,P010,0
CUST00976,P001,0
CUST00976,P002,0
CUST00976,P004,0
CUST00976,P005,0
CUST00976,P006,0
CUST00976,P007,0
CUST00976,P010,0
CUST00977,P001,0
CUST00977,P004,0
CUST00977,P005,0
CUST00977,P006,0
CUST00977,P007,0
CUST00977,P008,0
CUST00977,P009,0
CUST00978,P001,0
CUST00978,P004,0
CUST00978,P005,1
CUST00978,P006,0
CUST00978,P007,0
CUST00978,P008,0
CUST00978,P009,0
CUST00978,P010,0
CUST00979,P001,0
CUST00979,P004,0
CUST00979,P006,0
CUST00979,P007,0
CUST00979,P008,0
CUST00979,P009,0
CUST00979,P010,0
CUST00980,P001,0
CUST00980,P002,0
CUST00980,P004,0
CUST00980,P005,0
CUST00980,P006,0
CUST00980,P007,0
CUST00980,P008,0
CUST00980,P009,0
CUST00981,P001,0
CUST00981,P002,0
CUST00981,P004,0
CUST00981,P005,0
CUST00981,P007,0
CUST00981,P009,0
CUST00981,P010,0
CUST00982,P001,0
CUST00982,P002,0
CUST00982,P004,0
CUST00982,P006,0
CUST00982,P007,0
CUST00982,P009,0
CUST00982,P010,0
CUST00983,P001,0
CUST00983,P004,0
CUST00983,P005,0
CUST00983,P006,0
CUST00983,P008,0
CUST00983,P009,0
CUST00983,P010,0
CUST00984,P001,0
CUST00984,P002,0
CUST00984,P004,0
CUST00984,P005,0
CUST00984,P006,0
CUST00984,P008,0
CUST00984,P009,0
CUST00985,P001,0
CUST00985,P002,0
CUST00985,P004,0
CUST00985,P005,0
CUST00985,P007,0
CUST00985,P009,0
CUST00985,P010,0
CUST00986,P001,0
CUST00986,P002,0
CUST00986,P005,0
CUST00986,P007,0
CUST00986,P008,0
CUST00986,P009,0
CUST00986,P010,0
CUST00987,P001,0
CUST00987,P002,0
CUST00987,P004,1
CUST00987,P005,0
CUST00987,P007,0
CUST00987,P008,0
CUST00987,P009,0
CUST00988,P001,0
CUST00988,P002,0
CUST00988,P005,1
CUST00988,P006,0
CUST00988,P007,0
CUST00988,P008,1
CUST00988,P009,0
CUST00988,P010,0
CUST00989,P002,0
CUST00989,P005,0
CUST00989,P009,0
CUST00989,P010,0
CUST00990,P001,0
CUST00990,P002,0
CUST00990,P004,0
CUST00990,P005,0
CUST00990,P006,0
CUST00990,P007,0
CUST00990,P008,0
CUST00990,P009,0
CUST00991,P001,0
CUST00991,P002,0
CUST00991,P004,0
CUST00991,P006,0
CUST00991,P008,0
CUST00991,P009,0
CUST00991,P010,0
CUST00992,P001,0
CUST00992,P002,0
CUST00992,P005,0
CUST00992,P006,0
CUST00992,P007,0
CUST00992,P008,0
CUST00992,P009,0
CUST00992,P010,0
CUST00993,P001,0
CUST00993,P002,0
CUST00993,P004,0
CUST00993,P006,0
CUST00993,P007,0
CUST00993,P008,0
CUST00993,P009,0
CUST00993,P010,0
CUST00994,P001,1
CUST00994,P002,0
CUST00994,P004,0
CUST00994,P005,0
CUST00994,P008,0
CUST00994,P010,0
CUST00995,P001,0
CUST00995,P002,0
CUST00995,P004,0
CUST00995,P005,0
CUST00995,P007,0
CUST00995,P009,0
CUST00995,P010,0
CUST00996,P001,0
CUST00996,P002,0
CUST00996,P004,0
CUST00996,P005,0
CUST00996,P007,0
CUST00996,P009,0
CUST00996,P010,0
CUST00997,P001,0
CUST00997,P002,0
CUST00997,P004,0
CUST00997,P006,0
CUST00997,P007,0
CUST00997,P008,0
CUST00997,P009,0
CUST00997,P010,0
CUST00998,P001,0
CUST00998,P002,0
CUST00998,P005,0
CUST00998,P006,0
CUST00998,P007,0
CUST00998,P008,0
CUST00998,P009,0
CUST00999,P001,0
CUST00999,P002,0
CUST00999,P004,0
CUST00999,P005,0
CUST00999,P006,0
CUST00999,P007,0
CUST00999,P008,0
CUST00999,P010,0
CUST01000,P001,0
CUST01000,P004,0
CUST01000,P005,0
CUST01000,P006,0
CUST01000,P007,0
CUST01000,P008,0
CUST01000,P010,0
