customer_id,month,outgoing_tx_count,outgoing_amount,avg_outgoing_amount,incoming_tx_count,incoming_amount,avg_incoming_amount,unique_counterparties_out,unique_counterparties_in
CUST00001,2025-01,0.0,0.0,0.0,1.0,2527676.0,2527676.0,0.0,1.0
CUST00001,2025-02,2.0,5845641.0,2922820.5,1.0,765184.0,765184.0,2.0,1.0
CUST00001,2025-03,3.0,5083437.0,1694479.0,1.0,2047901.0,2047901.0,3.0,1.0
CUST00001,2025-04,2.0,3073742.0,1536871.0,2.0,2117373.0,1058686.5,2.0,2.0
CUST00001,2025-05,1.0,738264.0,738264.0,4.0,198843000.0,49710750.0,1.0,4.0
CUST00001,2025-06,1.0,743949.0,743949.0,3.0,3158459.0,1052819.6666666667,1.0,3.0
CUST00001,2025-07,1.0,1641481.0,1641481.0,4.0,10765593.0,2691398.25,1.0,4.0
CUST00001,2025-08,2.0,2371473.0,1185736.5,1.0,196220226.0,196220226.0,2.0,1.0
CUST00001,2025-09,3.0,25105348.0,8368449.333333333,2.0,6556369.0,3278184.5,3.0,2.0
CUST00001,2025-10,2.0,3609438.0,1804719.0,0.0,0.0,0.0,2.0,0.0
CUST00001,2025-11,1.0,5050975.0,5050975.0,4.0,9675036.0,2418759.0,1.0,4.0
CUST00001,2025-12,1.0,1476339.0,1476339.0,1.0,766107.0,766107.0,1.0,1.0
CUST00002,2025-01,0.0,0.0,0.0,1.0,9030593.0,9030593.0,0.0,1.0
CUST00002,2025-02,0.0,0.0,0.0,4.0,15162684.0,3790671.0,0.0,4.0
CUST00002,2025-03,2.0,16327877.0,8163938.5,3.0,32782329.0,10927443.0,2.0,3.0
CUST00002,2025-04,1.0,19299257.0,19299257.0,4.0,21439774.0,5359943.5,1.0,4.0
CUST00002,2025-05,1.0,8013163.0,8013163.0,4.0,113174578.0,28293644.5,1.0,4.0
CUST00002,2025-06,3.0,32375635.0,10791878.333333334,0.0,0.0,0.0,3.0,0.0
CUST00002,2025-07,2.0,118649863.0,59324931.5,1.0,8123214.0,8123214.0,2.0,1.0
CUST00002,2025-08,2.0,22263829.0,11131914.5,2.0,13098006.0,6549003.0,2.0,2.0
CUST00002,2025-09,3.0,44212997.0,14737665.666666666,2.0,139395616.0,69697808.0,3.0,2.0
CUST00002,2025-10,1.0,43040650.0,43040650.0,2.0,49387225.0,24693612.5,1.0,2.0
CUST00002,2025-11,1.0,15320733.0,15320733.0,3.0,18344244.0,6114748.0,1.0,3.0
CUST00002,2025-12,1.0,12540770.0,12540770.0,1.0,24207358.0,24207358.0,1.0,1.0
CUST00003,2025-01,0.0,0.0,0.0,2.0,20016541.0,10008270.5,0.0,2.0
CUST00003,2025-02,2.0,2047932.0,1023966.0,1.0,20530412.0,20530412.0,2.0,1.0
CUST00003,2025-03,1.0,374041.0,374041.0,1.0,4000665.0,4000665.0,1.0,1.0
CUST00003,2025-04,1.0,2294421.0,2294421.0,2.0,54972852.0,27486426.0,1.0,2.0
CUST00003,2025-05,1.0,195108.0,195108.0,3.0,34778172.0,11592724.0,1.0,3.0
CUST00003,2025-06,7.0,17844998.0,2549285.4285714286,3.0,18852400.0,6284133.333333333,7.0,3.0
CUST00003,2025-07,1.0,2069013.0,2069013.0,6.0,148627601.0,24771266.833333332,1.0,5.0
CUST00003,2025-08,2.0,2102469.0,1051234.5,1.0,2167180.0,2167180.0,2.0,1.0
CUST00003,2025-09,1.0,678649.0,678649.0,0.0,0.0,0.0,1.0,0.0
CUST00003,2025-10,2.0,3279040.0,1639520.0,3.0,103607058.0,34535686.0,2.0,3.0
CUST00003,2025-11,3.0,4976925.0,1658975.0,3.0,88978650.0,29659550.0,2.0,3.0
CUST00003,2025-12,0.0,0.0,0.0,1.0,19380808.0,19380808.0,0.0,1.0
CUST00004,2025-01,3.0,75549458.0,25183152.666666668,5.0,201968812.0,40393762.4,3.0,4.0
CUST00004,2025-02,0.0,0.0,0.0,1.0,5882852.0,5882852.0,0.0,1.0
CUST00004,2025-03,2.0,98481594.0,49240797.0,1.0,168218769.0,168218769.0,2.0,1.0
CUST00004,2025-04,1.0,58807361.0,58807361.0,3.0,6045727.0,2015242.3333333333,1.0,3.0
CUST00004,2025-05,2.0,20190746.0,10095373.0,4.0,14342497.0,3585624.25,2.0,4.0
CUST00004,2025-06,2.0,22727541.0,11363770.5,2.0,35543557.0,17771778.5,2.0,2.0
CUST00004,2025-07,2.0,23684859.0,11842429.5,2.0,20275497.0,10137748.5,2.0,2.0
CUST00004,2025-08,2.0,45954330.0,22977165.0,3.0,19386820.0,6462273.333333333,2.0,3.0
CUST00004,2025-09,4.0,56316322.0,14079080.5,3.0,9724152.0,3241384.0,4.0,3.0
CUST00004,2025-10,3.0,140947824.0,46982608.0,2.0,27845062.0,13922531.0,3.0,2.0
CUST00004,2025-11,2.0,27120880.0,13560440.0,2.0,133559345.0,66779672.5,2.0,2.0
CUST00004,2025-12,6.0,162281686.0,27046947.666666668,2.0,6297203.0,3148601.5,6.0,2.0
CUST00005,2025-01,5.0,10440606.0,2088121.2,2.0,61179929.0,30589964.5,5.0,2.0
CUST00005,2025-02,3.0,5450806.0,1816935.3333333333,0.0,0.0,0.0,3.0,0.0
CUST00005,2025-03,0.0,0.0,0.0,2.0,42087631.0,21043815.5,0.0,2.0
CUST00005,2025-04,1.0,1233221.0,1233221.0,2.0,2317903.0,1158951.5,1.0,2.0
CUST00005,2025-05,3.0,6253921.0,2084640.3333333333,2.0,42219601.0,21109800.5,3.0,2.0
CUST00005,2025-06,1.0,1963926.0,1963926.0,2.0,42879371.0,21439685.5,1.0,2.0
CUST00005,2025-07,2.0,3271202.0,1635601.0,1.0,43728113.0,43728113.0,2.0,1.0
CUST00005,2025-08,3.0,13483851.0,4494617.0,2.0,4105795.0,2052897.5,3.0,2.0
CUST00005,2025-09,2.0,3329713.0,1664856.5,3.0,29632725.0,9877575.0,2.0,3.0
CUST00005,2025-10,0.0,0.0,0.0,2.0,13341961.0,6670980.5,0.0,2.0
CUST00005,2025-11,5.0,19101569.0,3820313.8,3.0,29564251.0,9854750.333333334,5.0,3.0
CUST00005,2025-12,2.0,3575107.0,1787553.5,3.0,147176927.0,49058975.666666664,2.0,3.0
CUST00006,2025-01,1.0,19513243.0,19513243.0,3.0,13420446.0,4473482.0,1.0,3.0
CUST00006,2025-02,0.0,0.0,0.0,1.0,8132220.0,8132220.0,0.0,1.0
CUST00006,2025-03,2.0,49493948.0,24746974.0,2.0,11969616.0,5984808.0,2.0,2.0
CUST00006,2025-04,0.0,0.0,0.0,1.0,1791028.0,1791028.0,0.0,1.0
CUST00006,2025-05,2.0,6548119.0,3274059.5,5.0,394056543.0,78811308.6,2.0,5.0
CUST00006,2025-06,0.0,0.0,0.0,2.0,98232478.0,49116239.0,0.0,2.0
CUST00006,2025-07,3.0,30034115.0,10011371.666666666,3.0,21444363.0,7148121.0,3.0,3.0
CUST00006,2025-08,4.0,58411951.0,14602987.75,2.0,7480623.0,3740311.5,4.0,2.0
CUST00006,2025-09,4.0,89677507.0,22419376.75,2.0,53165339.0,26582669.5,4.0,2.0
CUST00006,2025-10,1.0,5064754.0,5064754.0,3.0,58766358.0,19588786.0,1.0,3.0
CUST00006,2025-11,1.0,18121705.0,18121705.0,3.0,30353342.0,10117780.666666666,1.0,3.0
CUST00006,2025-12,2.0,34692133.0,17346066.5,3.0,33361686.0,11120562.0,2.0,3.0
CUST00007,2025-01,2.0,20369722.0,10184861.0,1.0,4238735.0,4238735.0,2.0,1.0
CUST00007,2025-02,1.0,23629840.0,23629840.0,1.0,4214742.0,4214742.0,1.0,1.0
CUST00007,2025-03,3.0,109121153.0,36373717.666666664,2.0,9700208.0,4850104.0,3.0,2.0
CUST00007,2025-04,2.0,49751725.0,24875862.5,1.0,20186885.0,20186885.0,2.0,1.0
CUST00007,2025-05,3.0,43789034.0,14596344.666666666,1.0,17357844.0,17357844.0,3.0,1.0
CUST00007,2025-06,1.0,14781658.0,14781658.0,2.0,18085171.0,9042585.5,1.0,2.0
CUST00007,2025-07,2.0,120423897.0,60211948.5,1.0,17902528.0,17902528.0,2.0,1.0
CUST00007,2025-08,0.0,0.0,0.0,5.0,70866405.0,14173281.0,0.0,5.0
CUST00007,2025-09,2.0,74564074.0,37282037.0,0.0,0.0,0.0,2.0,0.0
CUST00007,2025-10,2.0,37494173.0,18747086.5,7.0,48926414.0,6989487.714285715,2.0,7.0
CUST00007,2025-11,5.0,57777542.0,11555508.4,2.0,4169998.0,2084999.0,5.0,2.0
CUST00007,2025-12,0.0,0.0,0.0,4.0,190589227.0,47647306.75,0.0,4.0
CUST00008,2025-01,3.0,4876715.0,1625571.6666666667,2.0,15065537.0,7532768.5,3.0,2.0
CUST00008,2025-02,2.0,7325815.0,3662907.5,2.0,24892295.0,12446147.5,2.0,2.0
CUST00008,2025-03,2.0,3091023.0,1545511.5,5.0,57906265.0,11581253.0,2.0,5.0
CUST00008,2025-04,5.0,14979838.0,2995967.6,4.0,23787334.0,5946833.5,4.0,4.0
CUST00008,2025-05,1.0,5093009.0,5093009.0,2.0,11317156.0,5658578.0,1.0,2.0
CUST00008,2025-06,3.0,7536249.0,2512083.0,2.0,2750021.0,1375010.5,3.0,2.0
CUST00008,2025-07,4.0,6033718.0,1508429.5,3.0,148490363.0,49496787.666666664,3.0,3.0
CUST00008,2025-08,1.0,1515851.0,1515851.0,3.0,45764884.0,15254961.333333334,1.0,3.0
CUST00008,2025-09,2.0,3735731.0,1867865.5,0.0,0.0,0.0,2.0,0.0
CUST00008,2025-10,2.0,4430157.0,2215078.5,1.0,6925486.0,6925486.0,2.0,1.0
CUST00008,2025-11,1.0,764814.0,764814.0,0.0,0.0,0.0,1.0,0.0
CUST00008,2025-12,1.0,1792472.0,1792472.0,2.0,90574669.0,45287334.5,1.0,2.0
CUST00009,2025-01,5.0,19568746.0,3913749.2,1.0,2404597.0,2404597.0,5.0,1.0
CUST00009,2025-02,3.0,7827056.0,2609018.6666666665,1.0,9385622.0,9385622.0,3.0,1.0
CUST00009,2025-03,3.0,8956422.0,2985474.0,2.0,3640113.0,1820056.5,3.0,2.0
CUST00009,2025-04,2.0,6774880.0,3387440.0,2.0,140619738.0,70309869.0,2.0,2.0
CUST00009,2025-05,3.0,3905498.0,1301832.6666666667,1.0,3547529.0,3547529.0,3.0,1.0
CUST00009,2025-06,1.0,3181180.0,3181180.0,3.0,22096131.0,7365377.0,1.0,3.0
CUST00009,2025-07,0.0,0.0,0.0,2.0,147810443.0,73905221.5,0.0,2.0
CUST00009,2025-08,2.0,6404283.0,3202141.5,3.0,40388137.0,13462712.333333334,2.0,3.0
CUST00009,2025-09,2.0,19899253.0,9949626.5,2.0,27281311.0,13640655.5,2.0,2.0
CUST00009,2025-10,2.0,3153886.0,1576943.0,4.0,120673667.0,30168416.75,2.0,4.0
CUST00009,2025-11,3.0,2004260.0,668086.6666666666,1.0,15244993.0,15244993.0,3.0,1.0
CUST00009,2025-12,0.0,0.0,0.0,4.0,13948176.0,3487044.0,0.0,3.0
CUST00010,2025-01,2.0,6138661.0,3069330.5,3.0,61941538.0,20647179.333333332,2.0,3.0
CUST00010,2025-02,1.0,1183036.0,1183036.0,3.0,21904201.0,7301400.333333333,1.0,3.0
CUST00010,2025-03,3.0,12561428.0,4187142.6666666665,0.0,0.0,0.0,3.0,0.0
CUST00010,2025-04,4.0,14762211.0,3690552.75,2.0,15378473.0,7689236.5,4.0,2.0
CUST00010,2025-05,1.0,5415085.0,5415085.0,5.0,102460249.0,20492049.8,1.0,5.0
CUST00010,2025-06,3.0,3873339.0,1291113.0,2.0,13169184.0,6584592.0,3.0,2.0
CUST00010,2025-07,2.0,4873280.0,2436640.0,3.0,10730586.0,3576862.0,2.0,3.0
CUST00010,2025-08,5.0,28898242.0,5779648.4,0.0,0.0,0.0,5.0,0.0
CUST00010,2025-09,1.0,2900432.0,2900432.0,1.0,1878727.0,1878727.0,1.0,1.0
CUST00010,2025-10,3.0,7944152.0,2648050.6666666665,3.0,47160692.0,15720230.666666666,3.0,3.0
CUST00010,2025-11,2.0,2885887.0,1442943.5,1.0,16782731.0,16782731.0,2.0,1.0
CUST00010,2025-12,3.0,3775544.0,1258514.6666666667,3.0,17635479.0,5878493.0,3.0,2.0
CUST00011,2025-01,6.0,57813324.0,9635554.0,4.0,57599356.0,14399839.0,6.0,4.0
CUST00011,2025-02,1.0,13792301.0,13792301.0,2.0,3532814.0,1766407.0,1.0,2.0
CUST00011,2025-03,1.0,46628775.0,46628775.0,0.0,0.0,0.0,1.0,0.0
CUST00011,2025-04,1.0,8011371.0,8011371.0,2.0,53306569.0,26653284.5,1.0,2.0
CUST00011,2025-05,2.0,15950325.0,7975162.5,4.0,48553919.0,12138479.75,2.0,3.0
CUST00011,2025-06,2.0,47349581.0,23674790.5,2.0,11513272.0,5756636.0,2.0,2.0
CUST00011,2025-07,4.0,41056469.0,10264117.25,3.0,85202485.0,28400828.333333332,4.0,3.0
CUST00011,2025-08,1.0,6025222.0,6025222.0,3.0,25748153.0,8582717.666666666,1.0,3.0
CUST00011,2025-09,0.0,0.0,0.0,2.0,4426987.0,2213493.5,0.0,2.0
CUST00011,2025-10,3.0,41501530.0,13833843.333333334,0.0,0.0,0.0,3.0,0.0
CUST00011,2025-11,1.0,18803150.0,18803150.0,0.0,0.0,0.0,1.0,0.0
CUST00011,2025-12,5.0,28927095.0,5785419.0,0.0,0.0,0.0,5.0,0.0
CUST00012,2025-01,2.0,37326961.0,18663480.5,1.0,2099219.0,2099219.0,2.0,1.0
CUST00012,2025-02,5.0,110414256.0,22082851.2,1.0,22673694.0,22673694.0,5.0,1.0
CUST00012,2025-03,0.0,0.0,0.0,3.0,51121597.0,17040532.333333332,0.0,3.0
CUST00012,2025-04,5.0,136012540.0,27202508.0,4.0,39351632.0,9837908.0,4.0,4.0
CUST00012,2025-05,2.0,38155795.0,19077897.5,1.0,6341579.0,6341579.0,2.0,1.0
CUST00012,2025-06,1.0,8876577.0,8876577.0,1.0,12486118.0,12486118.0,1.0,1.0
CUST00012,2025-07,1.0,16154070.0,16154070.0,3.0,8151137.0,2717045.6666666665,1.0,3.0
CUST00012,2025-08,4.0,121722592.0,30430648.0,1.0,2863573.0,2863573.0,3.0,1.0
CUST00012,2025-09,2.0,24099142.0,12049571.0,1.0,1402323.0,1402323.0,2.0,1.0
CUST00012,2025-10,1.0,51814083.0,51814083.0,0.0,0.0,0.0,1.0,0.0
CUST00012,2025-11,3.0,170356740.0,56785580.0,3.0,180898634.0,60299544.666666664,3.0,3.0
CUST00012,2025-12,2.0,45029834.0,22514917.0,0.0,0.0,0.0,2.0,0.0
CUST00013,2025-01,0.0,0.0,0.0,1.0,6122422.0,6122422.0,0.0,1.0
CUST00013,2025-02,3.0,10799833.0,3599944.3333333335,1.0,1152546.0,1152546.0,3.0,1.0
CUST00013,2025-03,0.0,0.0,0.0,3.0,363791642.0,121263880.66666667,0.0,3.0
CUST00013,2025-04,3.0,4917434.0,1639144.6666666667,3.0,8004139.0,2668046.3333333335,3.0,2.0
CUST00013,2025-05,2.0,9083647.0,4541823.5,3.0,13345880.0,4448626.666666667,2.0,3.0
CUST00013,2025-06,1.0,8610915.0,8610915.0,0.0,0.0,0.0,1.0,0.0
CUST00013,2025-07,3.0,11911543.0,3970514.3333333335,3.0,87231915.0,29077305.0,3.0,3.0
CUST00013,2025-08,2.0,7453897.0,3726948.5,1.0,13743583.0,13743583.0,2.0,1.0
CUST00013,2025-09,1.0,2108962.0,2108962.0,1.0,3761228.0,3761228.0,1.0,1.0
CUST00013,2025-10,5.0,20298822.0,4059764.4,2.0,2895550.0,1447775.0,5.0,2.0
CUST00013,2025-11,1.0,1374400.0,1374400.0,1.0,4702471.0,4702471.0,1.0,1.0
CUST00013,2025-12,1.0,2734975.0,2734975.0,2.0,8516419.0,4258209.5,1.0,2.0
CUST00014,2025-01,2.0,2963228.0,1481614.0,3.0,83886769.0,27962256.333333332,2.0,3.0
CUST00014,2025-02,0.0,0.0,0.0,4.0,80678113.0,20169528.25,0.0,4.0
CUST00014,2025-03,4.0,13153416.0,3288354.0,2.0,16770314.0,8385157.0,4.0,2.0
CUST00014,2025-04,2.0,11056818.0,5528409.0,2.0,1671210.0,835605.0,2.0,2.0
CUST00014,2025-05,2.0,4672238.0,2336119.0,2.0,3835732.0,1917866.0,2.0,2.0
CUST00014,2025-06,0.0,0.0,0.0,1.0,1673163.0,1673163.0,0.0,1.0
CUST00014,2025-07,6.0,20959622.0,3493270.3333333335,2.0,1698142.0,849071.0,6.0,2.0
CUST00014,2025-08,2.0,3124059.0,1562029.5,0.0,0.0,0.0,2.0,0.0
CUST00014,2025-09,3.0,9800428.0,3266809.3333333335,2.0,8272381.0,4136190.5,3.0,2.0
CUST00014,2025-10,2.0,3477552.0,1738776.0,1.0,2148918.0,2148918.0,2.0,1.0
CUST00014,2025-11,0.0,0.0,0.0,1.0,696364.0,696364.0,0.0,1.0
CUST00014,2025-12,4.0,19540527.0,4885131.75,1.0,1312052.0,1312052.0,4.0,1.0
CUST00015,2025-01,5.0,9492433.0,1898486.6,4.0,183945553.0,45986388.25,5.0,4.0
CUST00015,2025-02,1.0,980466.0,980466.0,0.0,0.0,0.0,1.0,0.0
CUST00015,2025-03,1.0,4263857.0,4263857.0,2.0,29841640.0,14920820.0,1.0,2.0
CUST00015,2025-04,3.0,12167125.0,4055708.3333333335,2.0,26194197.0,13097098.5,3.0,2.0
CUST00015,2025-05,3.0,7469398.0,2489799.3333333335,2.0,7179276.0,3589638.0,3.0,2.0
CUST00015,2025-06,2.0,4223671.0,2111835.5,2.0,8207324.0,4103662.0,2.0,1.0
CUST00015,2025-07,4.0,12164956.0,3041239.0,3.0,19529309.0,6509769.666666667,4.0,3.0
CUST00015,2025-08,3.0,9712648.0,3237549.3333333335,1.0,6096523.0,6096523.0,3.0,1.0
CUST00015,2025-09,2.0,10409194.0,5204597.0,4.0,155321918.0,38830479.5,2.0,4.0
CUST00015,2025-10,1.0,1335093.0,1335093.0,1.0,33979778.0,33979778.0,1.0,1.0
CUST00015,2025-11,2.0,20652930.0,10326465.0,1.0,3037225.0,3037225.0,2.0,1.0
CUST00015,2025-12,4.0,12809312.0,3202328.0,3.0,24419297.0,8139765.666666667,4.0,3.0
CUST00016,2025-01,2.0,10416973.0,5208486.5,3.0,7908213.0,2636071.0,2.0,3.0
CUST00016,2025-02,5.0,55784137.0,11156827.4,3.0,32644088.0,10881362.666666666,5.0,3.0
CUST00016,2025-03,0.0,0.0,0.0,4.0,12158458.0,3039614.5,0.0,4.0
CUST00016,2025-04,3.0,24582974.0,8194324.666666667,3.0,6198491.0,2066163.6666666667,3.0,3.0
CUST00016,2025-05,0.0,0.0,0.0,3.0,56413989.0,18804663.0,0.0,3.0
CUST00016,2025-06,4.0,95605771.0,23901442.75,3.0,566750940.0,188916980.0,4.0,3.0
CUST00016,2025-07,3.0,98270894.0,32756964.666666668,0.0,0.0,0.0,3.0,0.0
CUST00016,2025-08,2.0,36333919.0,18166959.5,1.0,3352078.0,3352078.0,2.0,1.0
CUST00016,2025-09,3.0,41862059.0,13954019.666666666,4.0,30097119.0,7524279.75,3.0,4.0
CUST00016,2025-10,3.0,97648455.0,32549485.0,1.0,7019049.0,7019049.0,3.0,1.0
CUST00016,2025-11,2.0,27428322.0,13714161.0,1.0,1250540.0,1250540.0,2.0,1.0
CUST00016,2025-12,1.0,18374567.0,18374567.0,4.0,33133832.0,8283458.0,1.0,4.0
CUST00017,2025-01,2.0,8548280.0,4274140.0,2.0,34267908.0,17133954.0,2.0,2.0
CUST00017,2025-02,1.0,4955674.0,4955674.0,0.0,0.0,0.0,1.0,0.0
CUST00017,2025-03,2.0,3031204.0,1515602.0,3.0,144091220.0,48030406.666666664,2.0,3.0
CUST00017,2025-04,0.0,0.0,0.0,1.0,13759363.0,13759363.0,0.0,1.0
CUST00017,2025-05,2.0,6286094.0,3143047.0,0.0,0.0,0.0,2.0,0.0
CUST00017,2025-06,2.0,5245631.0,2622815.5,3.0,71455109.0,23818369.666666668,2.0,2.0
CUST00017,2025-07,3.0,8623965.0,2874655.0,1.0,25417659.0,25417659.0,3.0,1.0
CUST00017,2025-08,2.0,1806555.0,903277.5,2.0,184049967.0,92024983.5,2.0,2.0
CUST00017,2025-09,2.0,2907787.0,1453893.5,3.0,35253104.0,11751034.666666666,2.0,3.0
CUST00017,2025-10,6.0,17867074.0,2977845.6666666665,1.0,22030202.0,22030202.0,6.0,1.0
CUST00017,2025-11,0.0,0.0,0.0,5.0,209840232.0,41968046.4,0.0,5.0
CUST00017,2025-12,1.0,3126255.0,3126255.0,1.0,28234117.0,28234117.0,1.0,1.0
CUST00018,2025-01,1.0,49560485.0,49560485.0,3.0,146887008.0,48962336.0,1.0,3.0
CUST00018,2025-02,5.0,445378199.0,89075639.8,2.0,3743024.0,1871512.0,5.0,2.0
CUST00018,2025-03,1.0,155915940.0,155915940.0,1.0,79495654.0,79495654.0,1.0,1.0
CUST00018,2025-04,1.0,256617627.0,256617627.0,1.0,47424355.0,47424355.0,1.0,1.0
CUST00018,2025-05,3.0,166206144.0,55402048.0,5.0,16901260.0,3380252.0,3.0,5.0
CUST00018,2025-06,4.0,527575467.0,131893866.75,1.0,2619332.0,2619332.0,4.0,1.0
CUST00018,2025-07,1.0,203908575.0,203908575.0,1.0,983407.0,983407.0,1.0,1.0
CUST00018,2025-08,2.0,103119875.0,51559937.5,1.0,9201455.0,9201455.0,2.0,1.0
CUST00018,2025-09,2.0,62255803.0,31127901.5,2.0,33523734.0,16761867.0,2.0,2.0
CUST00018,2025-10,3.0,756287359.0,252095786.33333334,2.0,41433225.0,20716612.5,3.0,2.0
CUST00018,2025-11,3.0,222266985.0,74088995.0,0.0,0.0,0.0,3.0,0.0
CUST00018,2025-12,0.0,0.0,0.0,2.0,116085105.0,58042552.5,0.0,2.0
CUST00019,2025-01,3.0,9847699.0,3282566.3333333335,2.0,33707966.0,16853983.0,2.0,2.0
CUST00019,2025-02,2.0,7276480.0,3638240.0,0.0,0.0,0.0,2.0,0.0
CUST00019,2025-03,0.0,0.0,0.0,2.0,14158049.0,7079024.5,0.0,2.0
CUST00019,2025-04,2.0,7703096.0,3851548.0,2.0,55129601.0,27564800.5,2.0,2.0
CUST00019,2025-05,1.0,751108.0,751108.0,3.0,39418634.0,13139544.666666666,1.0,3.0
CUST00019,2025-06,3.0,15268797.0,5089599.0,1.0,25114093.0,25114093.0,3.0,1.0
CUST00019,2025-07,1.0,1122214.0,1122214.0,2.0,2809181.0,1404590.5,1.0,2.0
CUST00019,2025-08,2.0,8570613.0,4285306.5,0.0,0.0,0.0,2.0,0.0
CUST00019,2025-09,2.0,6383347.0,3191673.5,2.0,93740721.0,46870360.5,2.0,2.0
CUST00019,2025-10,3.0,4000635.0,1333545.0,2.0,21734675.0,10867337.5,2.0,2.0
CUST00019,2025-11,2.0,4881008.0,2440504.0,3.0,9222684.0,3074228.0,2.0,2.0
CUST00019,2025-12,0.0,0.0,0.0,2.0,2521019.0,1260509.5,0.0,2.0
CUST00020,2025-01,2.0,73121191.0,36560595.5,2.0,22639598.0,11319799.0,1.0,2.0
CUST00020,2025-02,1.0,13413505.0,13413505.0,1.0,10494590.0,10494590.0,1.0,1.0
CUST00020,2025-03,2.0,88383251.0,44191625.5,3.0,17280628.0,5760209.333333333,2.0,3.0
CUST00020,2025-04,1.0,34269487.0,34269487.0,2.0,53687087.0,26843543.5,1.0,2.0
CUST00020,2025-05,1.0,8179158.0,8179158.0,2.0,11606697.0,5803348.5,1.0,2.0
CUST00020,2025-06,0.0,0.0,0.0,1.0,1992542.0,1992542.0,0.0,1.0
CUST00020,2025-07,1.0,9193427.0,9193427.0,1.0,2538467.0,2538467.0,1.0,1.0
CUST00020,2025-09,2.0,49271079.0,24635539.5,3.0,22686992.0,7562330.666666667,2.0,3.0
CUST00020,2025-10,0.0,0.0,0.0,2.0,7896194.0,3948097.0,0.0,2.0
CUST00020,2025-11,1.0,23018522.0,23018522.0,3.0,37109359.0,12369786.333333334,1.0,3.0
CUST00020,2025-12,3.0,79799557.0,26599852.333333332,1.0,2246375.0,2246375.0,3.0,1.0
CUST00021,2025-01,2.0,2208271.0,1104135.5,3.0,8300747.0,2766915.6666666665,2.0,3.0
CUST00021,2025-02,2.0,1383525.0,691762.5,2.0,3931012.0,1965506.0,2.0,2.0
CUST00021,2025-03,1.0,6620138.0,6620138.0,3.0,3880054.0,1293351.3333333333,1.0,3.0
CUST00021,2025-04,1.0,1120550.0,1120550.0,1.0,910490.0,910490.0,1.0,1.0
CUST00021,2025-05,4.0,3882219.0,970554.75,1.0,2819212.0,2819212.0,4.0,1.0
CUST00021,2025-06,0.0,0.0,0.0,3.0,3899707.0,1299902.3333333333,0.0,3.0
CUST00021,2025-07,2.0,2403440.0,1201720.0,1.0,80717396.0,80717396.0,2.0,1.0
CUST00021,2025-08,1.0,2971550.0,2971550.0,4.0,26618672.0,6654668.0,1.0,4.0
CUST00021,2025-09,3.0,8097474.0,2699158.0,1.0,6040369.0,6040369.0,3.0,1.0
CUST00021,2025-10,0.0,0.0,0.0,4.0,26524253.0,6631063.25,0.0,4.0
CUST00021,2025-11,3.0,12553715.0,4184571.6666666665,6.0,39850918.0,6641819.666666667,3.0,6.0
CUST00021,2025-12,1.0,1900533.0,1900533.0,0.0,0.0,0.0,1.0,0.0
CUST00022,2025-01,1.0,9476556.0,9476556.0,2.0,3495072.0,1747536.0,1.0,2.0
CUST00022,2025-02,2.0,1559449.0,779724.5,1.0,2855082.0,2855082.0,2.0,1.0
CUST00022,2025-03,3.0,8453576.0,2817858.6666666665,2.0,16380206.0,8190103.0,3.0,2.0
CUST00022,2025-04,1.0,3278891.0,3278891.0,1.0,770852.0,770852.0,1.0,1.0
CUST00022,2025-05,1.0,1614285.0,1614285.0,1.0,6475752.0,6475752.0,1.0,1.0
CUST00022,2025-06,1.0,3915464.0,3915464.0,1.0,1103500.0,1103500.0,1.0,1.0
CUST00022,2025-07,3.0,4735604.0,1578534.6666666667,1.0,14529563.0,14529563.0,3.0,1.0
CUST00022,2025-08,0.0,0.0,0.0,3.0,36723140.0,12241046.666666666,0.0,3.0
CUST00022,2025-09,0.0,0.0,0.0,2.0,1693528.0,846764.0,0.0,2.0
CUST00022,2025-10,2.0,4415856.0,2207928.0,1.0,1435255.0,1435255.0,2.0,1.0
CUST00022,2025-11,2.0,8566458.0,4283229.0,1.0,8586852.0,8586852.0,1.0,1.0
CUST00022,2025-12,0.0,0.0,0.0,1.0,2297208.0,2297208.0,0.0,1.0
CUST00023,2025-01,3.0,63428341.0,21142780.333333332,1.0,3970948.0,3970948.0,3.0,1.0
CUST00023,2025-02,2.0,55245353.0,27622676.5,3.0,60330989.0,20110329.666666668,2.0,3.0
CUST00023,2025-03,3.0,47965677.0,15988559.0,4.0,183507396.0,45876849.0,3.0,4.0
CUST00023,2025-04,2.0,13960322.0,6980161.0,0.0,0.0,0.0,2.0,0.0
CUST00023,2025-05,2.0,41803758.0,20901879.0,0.0,0.0,0.0,2.0,0.0
CUST00023,2025-06,1.0,24912901.0,24912901.0,4.0,62836827.0,15709206.75,1.0,4.0
CUST00023,2025-07,5.0,125962969.0,25192593.8,1.0,5211065.0,5211065.0,5.0,1.0
CUST00023,2025-08,1.0,6967677.0,6967677.0,4.0,18593403.0,4648350.75,1.0,4.0
CUST00023,2025-09,1.0,46494731.0,46494731.0,6.0,65546515.0,10924419.166666666,1.0,6.0
CUST00023,2025-10,1.0,35747114.0,35747114.0,3.0,11314084.0,3771361.3333333335,1.0,3.0
CUST00023,2025-11,4.0,131272468.0,32818117.0,1.0,866625.0,866625.0,4.0,1.0
CUST00023,2025-12,1.0,6999056.0,6999056.0,1.0,39981837.0,39981837.0,1.0,1.0
CUST00024,2025-01,3.0,104953875.0,34984625.0,2.0,12755141.0,6377570.5,3.0,2.0
CUST00024,2025-02,4.0,28927147.0,7231786.75,2.0,3947924.0,1973962.0,4.0,2.0
CUST00024,2025-03,3.0,95394599.0,31798199.666666668,0.0,0.0,0.0,3.0,0.0
CUST00024,2025-04,2.0,24640535.0,12320267.5,2.0,21469503.0,10734751.5,2.0,2.0
CUST00024,2025-05,1.0,10099777.0,10099777.0,3.0,48286183.0,16095394.333333334,1.0,3.0
CUST00024,2025-06,3.0,65493873.0,21831291.0,3.0,68741425.0,22913808.333333332,3.0,3.0
CUST00024,2025-07,3.0,22788167.0,7596055.666666667,2.0,4488435.0,2244217.5,3.0,2.0
CUST00024,2025-08,2.0,15984892.0,7992446.0,1.0,18860978.0,18860978.0,2.0,1.0
CUST00024,2025-09,0.0,0.0,0.0,1.0,1488573.0,1488573.0,0.0,1.0
CUST00024,2025-10,2.0,26924599.0,13462299.5,5.0,90101286.0,18020257.2,2.0,5.0
CUST00024,2025-11,2.0,19740842.0,9870421.0,2.0,8866782.0,4433391.0,2.0,2.0
CUST00024,2025-12,1.0,3275283.0,3275283.0,2.0,183878597.0,91939298.5,1.0,2.0
CUST00025,2025-02,1.0,172613679.0,172613679.0,3.0,333837534.0,111279178.0,1.0,3.0
CUST00025,2025-03,1.0,128369111.0,128369111.0,6.0,34379012.0,5729835.333333333,1.0,6.0
CUST00025,2025-04,3.0,327663033.0,109221011.0,1.0,2535846.0,2535846.0,3.0,1.0
CUST00025,2025-05,3.0,364015183.0,121338394.33333333,2.0,48617919.0,24308959.5,3.0,2.0
CUST00025,2025-06,0.0,0.0,0.0,1.0,767479.0,767479.0,0.0,1.0
CUST00025,2025-07,0.0,0.0,0.0,2.0,105899134.0,52949567.0,0.0,2.0
CUST00025,2025-08,3.0,237749840.0,79249946.66666667,2.0,4902520.0,2451260.0,3.0,2.0
CUST00025,2025-09,0.0,0.0,0.0,3.0,71794552.0,23931517.333333332,0.0,2.0
CUST00025,2025-10,3.0,181564745.0,60521581.666666664,2.0,23645889.0,11822944.5,3.0,2.0
CUST00025,2025-11,1.0,668633553.0,668633553.0,0.0,0.0,0.0,1.0,0.0
CUST00025,2025-12,5.0,587429382.0,117485876.4,1.0,888632.0,888632.0,5.0,1.0
CUST00026,2025-01,2.0,2488912.0,1244456.0,2.0,3484538.0,1742269.0,2.0,2.0
CUST00026,2025-02,4.0,8917829.0,2229457.25,2.0,99445233.0,49722616.5,4.0,2.0
CUST00026,2025-03,1.0,1991349.0,1991349.0,5.0,279946581.0,55989316.2,1.0,5.0
CUST00026,2025-04,3.0,8382910.0,2794303.3333333335,2.0,23741319.0,11870659.5,3.0,2.0
CUST00026,2025-05,3.0,3942190.0,1314063.3333333333,0.0,0.0,0.0,3.0,0.0
CUST00026,2025-06,2.0,7548513.0,3774256.5,2.0,20345701.0,10172850.5,2.0,2.0
CUST00026,2025-07,1.0,718586.0,718586.0,2.0,5142713.0,2571356.5,1.0,2.0
CUST00026,2025-08,3.0,6787093.0,2262364.3333333335,0.0,0.0,0.0,3.0,0.0
CUST00026,2025-09,2.0,4689811.0,2344905.5,1.0,2796437.0,2796437.0,2.0,1.0
CUST00026,2025-10,5.0,20352382.0,4070476.4,3.0,98372735.0,32790911.666666668,5.0,3.0
CUST00026,2025-11,1.0,1474431.0,1474431.0,0.0,0.0,0.0,1.0,0.0
CUST00026,2025-12,4.0,11680300.0,2920075.0,4.0,67437533.0,16859383.25,4.0,4.0
CUST00027,2025-01,2.0,1986351.0,993175.5,0.0,0.0,0.0,1.0,0.0
CUST00027,2025-02,1.0,2812474.0,2812474.0,2.0,5313451.0,2656725.5,1.0,2.0
CUST00027,2025-03,1.0,1532675.0,1532675.0,3.0,97124706.0,32374902.0,1.0,3.0
CUST00027,2025-04,2.0,6344998.0,3172499.0,0.0,0.0,0.0,2.0,0.0
CUST00027,2025-05,2.0,11063116.0,5531558.0,1.0,4179654.0,4179654.0,2.0,1.0
CUST00027,2025-06,0.0,0.0,0.0,2.0,11541768.0,5770884.0,0.0,2.0
CUST00027,2025-07,2.0,3282264.0,1641132.0,4.0,38226413.0,9556603.25,2.0,4.0
CUST00027,2025-08,2.0,1551275.0,775637.5,1.0,1149807.0,1149807.0,2.0,1.0
CUST00027,2025-09,2.0,2481565.0,1240782.5,2.0,19818618.0,9909309.0,2.0,2.0
CUST00027,2025-10,1.0,1315087.0,1315087.0,2.0,5301594.0,2650797.0,1.0,2.0
CUST00027,2025-11,4.0,11690155.0,2922538.75,2.0,1360230.0,680115.0,4.0,2.0
CUST00027,2025-12,1.0,1804138.0,1804138.0,3.0,22924418.0,7641472.666666667,1.0,3.0
CUST00028,2025-01,2.0,5396959.0,2698479.5,0.0,0.0,0.0,2.0,0.0
CUST00028,2025-02,0.0,0.0,0.0,2.0,104343130.0,52171565.0,0.0,2.0
CUST00028,2025-03,0.0,0.0,0.0,4.0,13789560.0,3447390.0,0.0,4.0
CUST00028,2025-04,3.0,51291055.0,17097018.333333332,4.0,36768606.0,9192151.5,3.0,4.0
CUST00028,2025-05,2.0,16364219.0,8182109.5,1.0,699666.0,699666.0,2.0,1.0
CUST00028,2025-07,0.0,0.0,0.0,1.0,61791462.0,61791462.0,0.0,1.0
CUST00028,2025-08,4.0,43942920.0,10985730.0,0.0,0.0,0.0,4.0,0.0
CUST00028,2025-09,3.0,25865607.0,8621869.0,4.0,300642561.0,75160640.25,3.0,4.0
CUST00028,2025-10,2.0,56779581.0,28389790.5,1.0,960372.0,960372.0,2.0,1.0
CUST00028,2025-11,1.0,14416506.0,14416506.0,4.0,139308642.0,34827160.5,1.0,4.0
CUST00028,2025-12,2.0,18559044.0,9279522.0,3.0,25204329.0,8401443.0,2.0,3.0
CUST00029,2025-01,3.0,29858739.0,9952913.0,5.0,201765314.0,40353062.8,3.0,5.0
CUST00029,2025-02,0.0,0.0,0.0,3.0,172350363.0,57450121.0,0.0,3.0
CUST00029,2025-03,1.0,11096440.0,11096440.0,1.0,635788.0,635788.0,1.0,1.0
CUST00029,2025-04,2.0,34475827.0,17237913.5,0.0,0.0,0.0,2.0,0.0
CUST00029,2025-05,1.0,45951001.0,45951001.0,1.0,2810471.0,2810471.0,1.0,1.0
CUST00029,2025-06,3.0,28562646.0,9520882.0,0.0,0.0,0.0,3.0,0.0
CUST00029,2025-07,1.0,32141700.0,32141700.0,1.0,3443810.0,3443810.0,1.0,1.0
CUST00029,2025-08,6.0,46876031.0,7812671.833333333,3.0,69133099.0,23044366.333333332,6.0,3.0
CUST00029,2025-09,1.0,12732509.0,12732509.0,2.0,18739176.0,9369588.0,1.0,2.0
CUST00029,2025-10,2.0,25382057.0,12691028.5,6.0,37501303.0,6250217.166666667,2.0,6.0
CUST00029,2025-11,3.0,25564177.0,8521392.333333334,4.0,3231785.0,807946.25,3.0,4.0
CUST00029,2025-12,2.0,41537917.0,20768958.5,2.0,5193046.0,2596523.0,2.0,2.0
CUST00030,2025-01,2.0,3293231.0,1646615.5,1.0,618006.0,618006.0,2.0,1.0
CUST00030,2025-02,0.0,0.0,0.0,1.0,22648173.0,22648173.0,0.0,1.0
CUST00030,2025-03,2.0,5821775.0,2910887.5,5.0,42923021.0,8584604.2,2.0,5.0
CUST00030,2025-04,1.0,1480135.0,1480135.0,1.0,4774469.0,4774469.0,1.0,1.0
CUST00030,2025-05,1.0,911840.0,911840.0,2.0,2572064.0,1286032.0,1.0,2.0
CUST00030,2025-06,5.0,9792081.0,1958416.2,4.0,81045509.0,20261377.25,5.0,4.0
CUST00030,2025-07,5.0,19641375.0,3928275.0,1.0,2292280.0,2292280.0,5.0,1.0
CUST00030,2025-08,0.0,0.0,0.0,2.0,34150550.0,17075275.0,0.0,2.0
CUST00030,2025-09,3.0,1575606.0,525202.0,2.0,11203238.0,5601619.0,3.0,2.0
CUST00030,2025-10,3.0,5628421.0,1876140.3333333333,2.0,8555186.0,4277593.0,3.0,2.0
CUST00030,2025-11,0.0,0.0,0.0,1.0,10102927.0,10102927.0,0.0,1.0
CUST00030,2025-12,6.0,11978175.0,1996362.5,1.0,1059154.0,1059154.0,6.0,1.0
CUST00031,2025-01,1.0,6408355.0,6408355.0,1.0,905503.0,905503.0,1.0,1.0
CUST00031,2025-02,1.0,561984.0,561984.0,3.0,19907750.0,6635916.666666667,1.0,3.0
CUST00031,2025-03,3.0,12162865.0,4054288.3333333335,4.0,19517602.0,4879400.5,3.0,4.0
CUST00031,2025-05,0.0,0.0,0.0,2.0,6854399.0,3427199.5,0.0,2.0
CUST00031,2025-06,4.0,13458151.0,3364537.75,4.0,144243667.0,36060916.75,4.0,4.0
CUST00031,2025-07,1.0,1001858.0,1001858.0,2.0,11316615.0,5658307.5,1.0,2.0
CUST00031,2025-08,3.0,5541855.0,1847285.0,2.0,23842593.0,11921296.5,3.0,2.0
CUST00031,2025-09,0.0,0.0,0.0,4.0,40556123.0,10139030.75,0.0,4.0
CUST00031,2025-10,3.0,9499336.0,3166445.3333333335,2.0,13578394.0,6789197.0,3.0,2.0
CUST00031,2025-11,2.0,4451268.0,2225634.0,1.0,1030672.0,1030672.0,2.0,1.0
CUST00031,2025-12,2.0,9106131.0,4553065.5,0.0,0.0,0.0,2.0,0.0
CUST00032,2025-01,4.0,22521760.0,5630440.0,2.0,25947751.0,12973875.5,4.0,2.0
CUST00032,2025-02,3.0,5907363.0,1969121.0,2.0,4816423.0,2408211.5,3.0,2.0
CUST00032,2025-03,0.0,0.0,0.0,1.0,1501544.0,1501544.0,0.0,1.0
CUST00032,2025-04,5.0,14704254.0,2940850.8,4.0,24128899.0,6032224.75,5.0,4.0
CUST00032,2025-05,1.0,5299076.0,5299076.0,1.0,2734538.0,2734538.0,1.0,1.0
CUST00032,2025-06,1.0,2856807.0,2856807.0,1.0,13252076.0,13252076.0,1.0,1.0
CUST00032,2025-07,3.0,5893191.0,1964397.0,3.0,98798491.0,32932830.333333332,3.0,3.0
CUST00032,2025-08,3.0,7229646.0,2409882.0,1.0,2755289.0,2755289.0,3.0,1.0
CUST00032,2025-09,2.0,4017927.0,2008963.5,1.0,12732509.0,12732509.0,2.0,1.0
CUST00032,2025-10,1.0,5821569.0,5821569.0,0.0,0.0,0.0,1.0,0.0
CUST00032,2025-11,0.0,0.0,0.0,2.0,22554915.0,11277457.5,0.0,2.0
CUST00032,2025-12,3.0,2919460.0,973153.3333333334,1.0,8034534.0,8034534.0,3.0,1.0
CUST00033,2025-02,1.0,62894636.0,62894636.0,0.0,0.0,0.0,1.0,0.0
CUST00033,2025-03,0.0,0.0,0.0,1.0,1249359.0,1249359.0,0.0,1.0
CUST00033,2025-04,3.0,49524350.0,16508116.666666666,4.0,56412957.0,14103239.25,3.0,3.0
CUST00033,2025-05,2.0,20056127.0,10028063.5,4.0,262979341.0,65744835.25,2.0,4.0
CUST00033,2025-06,4.0,108734424.0,27183606.0,1.0,13625965.0,13625965.0,4.0,1.0
CUST00033,2025-07,3.0,61810518.0,20603506.0,2.0,11215483.0,5607741.5,3.0,2.0
CUST00033,2025-08,1.0,16782212.0,16782212.0,1.0,1427728.0,1427728.0,1.0,1.0
CUST00033,2025-10,1.0,7254963.0,7254963.0,2.0,3386614.0,1693307.0,1.0,2.0
CUST00033,2025-11,0.0,0.0,0.0,4.0,20917249.0,5229312.25,0.0,4.0
CUST00033,2025-12,1.0,40511109.0,40511109.0,1.0,34689955.0,34689955.0,1.0,1.0
CUST00034,2025-01,3.0,8275704.0,2758568.0,2.0,8081964.0,4040982.0,3.0,2.0
CUST00034,2025-02,5.0,6383504.0,1276700.8,2.0,16523948.0,8261974.0,5.0,2.0
CUST00034,2025-03,2.0,3892087.0,1946043.5,1.0,25585006.0,25585006.0,2.0,1.0
CUST00034,2025-04,1.0,629796.0,629796.0,1.0,6102360.0,6102360.0,1.0,1.0
CUST00034,2025-05,1.0,6475752.0,6475752.0,0.0,0.0,0.0,1.0,0.0
CUST00034,2025-06,3.0,21813534.0,7271178.0,3.0,11008612.0,3669537.3333333335,3.0,3.0
CUST00034,2025-07,1.0,2549729.0,2549729.0,2.0,73207534.0,36603767.0,1.0,2.0
CUST00034,2025-08,3.0,4935974.0,1645324.6666666667,0.0,0.0,0.0,3.0,0.0
CUST00034,2025-09,1.0,2408444.0,2408444.0,2.0,70836828.0,35418414.0,1.0,2.0
CUST00034,2025-10,2.0,2230555.0,1115277.5,1.0,110597779.0,110597779.0,2.0,1.0
CUST00034,2025-11,1.0,464090.0,464090.0,3.0,17189584.0,5729861.333333333,1.0,3.0
CUST00034,2025-12,3.0,3694207.0,1231402.3333333333,2.0,1143577.0,571788.5,3.0,2.0
CUST00035,2025-01,2.0,9272269.0,4636134.5,3.0,46527463.0,15509154.333333334,2.0,2.0
CUST00035,2025-02,2.0,2248601.0,1124300.5,3.0,25121921.0,8373973.666666667,2.0,3.0
CUST00035,2025-03,3.0,3146455.0,1048818.3333333333,2.0,7861631.0,3930815.5,3.0,2.0
CUST00035,2025-04,2.0,6590264.0,3295132.0,2.0,11526336.0,5763168.0,2.0,1.0
CUST00035,2025-05,0.0,0.0,0.0,3.0,30156090.0,10052030.0,0.0,3.0
CUST00035,2025-06,2.0,5818376.0,2909188.0,2.0,180060362.0,90030181.0,2.0,2.0
CUST00035,2025-07,0.0,0.0,0.0,3.0,116510320.0,38836773.333333336,0.0,3.0
CUST00035,2025-08,0.0,0.0,0.0,4.0,277609340.0,69402335.0,0.0,4.0
CUST00035,2025-09,3.0,4390573.0,1463524.3333333333,1.0,4748971.0,4748971.0,2.0,1.0
CUST00035,2025-10,1.0,2660120.0,2660120.0,1.0,12706863.0,12706863.0,1.0,1.0
CUST00035,2025-11,4.0,5021869.0,1255467.25,2.0,12583963.0,6291981.5,4.0,2.0
CUST00035,2025-12,1.0,546751.0,546751.0,1.0,1892015.0,1892015.0,1.0,1.0
CUST00036,2025-01,3.0,5749260.0,1916420.0,2.0,39213124.0,19606562.0,3.0,2.0
CUST00036,2025-02,2.0,8112508.0,4056254.0,2.0,62235370.0,31117685.0,2.0,2.0
CUST00036,2025-03,1.0,3066179.0,3066179.0,2.0,13728636.0,6864318.0,1.0,2.0
CUST00036,2025-04,1.0,512909.0,512909.0,1.0,1842476.0,1842476.0,1.0,1.0
CUST00036,2025-05,0.0,0.0,0.0,1.0,1146710.0,1146710.0,0.0,1.0
CUST00036,2025-06,3.0,11948305.0,3982768.3333333335,1.0,4730608.0,4730608.0,3.0,1.0
CUST00036,2025-07,2.0,7923039.0,3961519.5,3.0,116477420.0,38825806.666666664,2.0,3.0
CUST00036,2025-08,5.0,17206400.0,3441280.0,3.0,48121144.0,16040381.333333334,5.0,3.0
CUST00036,2025-09,2.0,5181578.0,2590789.0,3.0,25379848.0,8459949.333333334,2.0,3.0
CUST00036,2025-10,3.0,4363304.0,1454434.6666666667,1.0,70245147.0,70245147.0,3.0,1.0
CUST00036,2025-11,0.0,0.0,0.0,1.0,842724.0,842724.0,0.0,1.0
CUST00036,2025-12,3.0,3331408.0,1110469.3333333333,1.0,1342720.0,1342720.0,3.0,1.0
CUST00037,2025-01,3.0,8851213.0,2950404.3333333335,4.0,78954415.0,19738603.75,3.0,4.0
CUST00037,2025-02,0.0,0.0,0.0,3.0,82650074.0,27550024.666666668,0.0,3.0
CUST00037,2025-03,5.0,15925581.0,3185116.2,1.0,59937141.0,59937141.0,5.0,1.0
CUST00037,2025-04,0.0,0.0,0.0,3.0,9891347.0,3297115.6666666665,0.0,3.0
CUST00037,2025-05,2.0,3059800.0,1529900.0,0.0,0.0,0.0,2.0,0.0
CUST00037,2025-06,4.0,11639316.0,2909829.0,4.0,63201372.0,15800343.0,4.0,4.0
CUST00037,2025-07,6.0,16690957.0,2781826.1666666665,3.0,137340032.0,45780010.666666664,6.0,3.0
CUST00037,2025-08,3.0,5732610.0,1910870.0,5.0,89493499.0,17898699.8,3.0,5.0
CUST00037,2025-09,3.0,4636474.0,1545491.3333333333,3.0,72793963.0,24264654.333333332,3.0,3.0
CUST00037,2025-10,1.0,2143704.0,2143704.0,3.0,47757731.0,15919243.666666666,1.0,3.0
CUST00037,2025-11,1.0,2181492.0,2181492.0,2.0,77317913.0,38658956.5,1.0,2.0
CUST00037,2025-12,1.0,2697064.0,2697064.0,0.0,0.0,0.0,1.0,0.0
CUST00038,2025-01,2.0,8643792.0,4321896.0,1.0,1226936.0,1226936.0,2.0,1.0
CUST00038,2025-02,0.0,0.0,0.0,3.0,65453542.0,21817847.333333332,0.0,3.0
CUST00038,2025-03,2.0,5085566.0,2542783.0,2.0,1629843.0,814921.5,2.0,2.0
CUST00038,2025-04,2.0,4310212.0,2155106.0,3.0,28898430.0,9632810.0,2.0,3.0
CUST00038,2025-05,2.0,1454551.0,727275.5,1.0,4099084.0,4099084.0,2.0,1.0
CUST00038,2025-06,1.0,798086.0,798086.0,3.0,83991594.0,27997198.0,1.0,3.0
CUST00038,2025-07,2.0,3859502.0,1929751.0,2.0,57661988.0,28830994.0,2.0,2.0
CUST00038,2025-08,2.0,10566504.0,5283252.0,0.0,0.0,0.0,2.0,0.0
CUST00038,2025-09,1.0,13701174.0,13701174.0,2.0,4877370.0,2438685.0,1.0,2.0
CUST00038,2025-10,3.0,6132355.0,2044118.3333333333,3.0,11890806.0,3963602.0,3.0,3.0
CUST00038,2025-11,5.0,9057813.0,1811562.6,1.0,731318.0,731318.0,4.0,1.0
CUST00038,2025-12,1.0,2016446.0,2016446.0,3.0,20543420.0,6847806.666666667,1.0,3.0
CUST00039,2025-01,1.0,4860161.0,4860161.0,3.0,140585909.0,46861969.666666664,1.0,3.0
CUST00039,2025-02,1.0,4033615.0,4033615.0,1.0,2260202.0,2260202.0,1.0,1.0
CUST00039,2025-03,0.0,0.0,0.0,3.0,18772991.0,6257663.666666667,0.0,3.0
CUST00039,2025-04,1.0,12906762.0,12906762.0,2.0,11124821.0,5562410.5,1.0,2.0
CUST00039,2025-06,3.0,4757058.0,1585686.0,1.0,5729277.0,5729277.0,3.0,1.0
CUST00039,2025-07,4.0,8651230.0,2162807.5,2.0,180389339.0,90194669.5,3.0,2.0
CUST00039,2025-08,0.0,0.0,0.0,1.0,3962631.0,3962631.0,0.0,1.0
CUST00039,2025-09,2.0,4133004.0,2066502.0,0.0,0.0,0.0,2.0,0.0
CUST00039,2025-10,2.0,2201799.0,1100899.5,1.0,1642881.0,1642881.0,2.0,1.0
CUST00039,2025-11,3.0,12840532.0,4280177.333333333,2.0,2694858.0,1347429.0,3.0,2.0
CUST00039,2025-12,2.0,3827834.0,1913917.0,0.0,0.0,0.0,2.0,0.0
CUST00040,2025-01,4.0,8185466.0,2046366.5,4.0,51035596.0,12758899.0,4.0,4.0
CUST00040,2025-02,2.0,1734077.0,867038.5,0.0,0.0,0.0,2.0,0.0
CUST00040,2025-03,5.0,14124208.0,2824841.6,2.0,24804348.0,12402174.0,5.0,2.0
CUST00040,2025-04,3.0,3029442.0,1009814.0,3.0,799923975.0,266641325.0,3.0,3.0
CUST00040,2025-05,2.0,7610195.0,3805097.5,1.0,28904449.0,28904449.0,2.0,1.0
CUST00040,2025-06,1.0,1614285.0,1614285.0,1.0,20384947.0,20384947.0,1.0,1.0
CUST00040,2025-07,0.0,0.0,0.0,2.0,80985022.0,40492511.0,0.0,2.0
CUST00040,2025-08,1.0,1221810.0,1221810.0,2.0,7777937.0,3888968.5,1.0,2.0
CUST00040,2025-09,2.0,2273960.0,1136980.0,2.0,71260629.0,35630314.5,2.0,2.0
CUST00040,2025-10,2.0,3133568.0,1566784.0,3.0,66126850.0,22042283.333333332,2.0,3.0
CUST00040,2025-12,0.0,0.0,0.0,1.0,1074970.0,1074970.0,0.0,1.0
CUST00041,2025-01,0.0,0.0,0.0,1.0,7762140.0,7762140.0,0.0,1.0
CUST00041,2025-02,2.0,26680168.0,13340084.0,1.0,320977359.0,320977359.0,2.0,1.0
CUST00041,2025-03,3.0,31557223.0,10519074.333333334,3.0,96392118.0,32130706.0,3.0,3.0
CUST00041,2025-04,1.0,18334124.0,18334124.0,1.0,9877219.0,9877219.0,1.0,1.0
CUST00041,2025-05,4.0,65541978.0,16385494.5,3.0,12330466.0,4110155.3333333335,4.0,3.0
CUST00041,2025-06,2.0,79023232.0,39511616.0,1.0,3401850.0,3401850.0,2.0,1.0
CUST00041,2025-07,1.0,3552604.0,3552604.0,1.0,2698664.0,2698664.0,1.0,1.0
CUST00041,2025-08,3.0,24969849.0,8323283.0,4.0,13713182.0,3428295.5,3.0,4.0
CUST00041,2025-09,3.0,49910303.0,16636767.666666666,3.0,9112956.0,3037652.0,3.0,3.0
CUST00041,2025-10,2.0,27948732.0,13974366.0,2.0,40200282.0,20100141.0,2.0,2.0
CUST00041,2025-11,2.0,44519206.0,22259603.0,0.0,0.0,0.0,2.0,0.0
CUST00041,2025-12,4.0,144047433.0,36011858.25,2.0,12072112.0,6036056.0,4.0,2.0
CUST00042,2025-01,3.0,4283861.0,1427953.6666666667,0.0,0.0,0.0,3.0,0.0
CUST00042,2025-02,2.0,7728270.0,3864135.0,1.0,2038382.0,2038382.0,2.0,1.0
CUST00042,2025-03,5.0,14163672.0,2832734.4,1.0,4054190.0,4054190.0,5.0,1.0
CUST00042,2025-04,2.0,16213796.0,8106898.0,3.0,60807597.0,20269199.0,2.0,3.0
CUST00042,2025-05,2.0,1650512.0,825256.0,3.0,9893709.0,3297903.0,2.0,3.0
CUST00042,2025-06,4.0,17385134.0,4346283.5,1.0,3523686.0,3523686.0,4.0,1.0
CUST00042,2025-07,2.0,7013821.0,3506910.5,1.0,1034972.0,1034972.0,2.0,1.0
CUST00042,2025-08,2.0,8989443.0,4494721.5,0.0,0.0,0.0,2.0,0.0
CUST00042,2025-09,4.0,9774899.0,2443724.75,2.0,11729914.0,5864957.0,4.0,2.0
CUST00042,2025-10,3.0,17211582.0,5737194.0,3.0,90855748.0,30285249.333333332,3.0,3.0
CUST00042,2025-11,3.0,8505703.0,2835234.3333333335,4.0,50986827.0,12746706.75,3.0,4.0
CUST00042,2025-12,2.0,7946069.0,3973034.5,3.0,4982250.0,1660750.0,2.0,2.0
CUST00043,2025-01,1.0,1378370.0,1378370.0,3.0,129608339.0,43202779.666666664,1.0,3.0
CUST00043,2025-02,1.0,1662978.0,1662978.0,0.0,0.0,0.0,1.0,0.0
CUST00043,2025-03,4.0,11243928.0,2810982.0,6.0,14348812.0,2391468.6666666665,4.0,6.0
CUST00043,2025-04,3.0,7183780.0,2394593.3333333335,1.0,43355406.0,43355406.0,3.0,1.0
CUST00043,2025-05,5.0,12575162.0,2515032.4,6.0,30575285.0,5095880.833333333,5.0,6.0
CUST00043,2025-06,0.0,0.0,0.0,1.0,13956704.0,13956704.0,0.0,1.0
CUST00043,2025-07,3.0,46842557.0,15614185.666666666,4.0,41712671.0,10428167.75,3.0,4.0
CUST00043,2025-08,2.0,3602822.0,1801411.0,4.0,170544373.0,42636093.25,2.0,4.0
CUST00043,2025-09,2.0,10830646.0,5415323.0,1.0,6995229.0,6995229.0,2.0,1.0
CUST00043,2025-10,1.0,6338933.0,6338933.0,4.0,214404936.0,53601234.0,1.0,4.0
CUST00043,2025-11,0.0,0.0,0.0,3.0,54375550.0,18125183.333333332,0.0,3.0
CUST00043,2025-12,0.0,0.0,0.0,3.0,17345622.0,5781874.0,0.0,3.0
CUST00044,2025-01,2.0,15101226.0,7550613.0,3.0,179027101.0,59675700.333333336,2.0,3.0
CUST00044,2025-02,3.0,118695341.0,39565113.666666664,0.0,0.0,0.0,3.0,0.0
CUST00044,2025-03,2.0,32716807.0,16358403.5,3.0,61412236.0,20470745.333333332,2.0,3.0
CUST00044,2025-04,1.0,11240203.0,11240203.0,3.0,361508865.0,120502955.0,1.0,2.0
CUST00044,2025-05,2.0,29144639.0,14572319.5,1.0,5662172.0,5662172.0,2.0,1.0
CUST00044,2025-06,2.0,54496363.0,27248181.5,3.0,9023251.0,3007750.3333333335,2.0,3.0
CUST00044,2025-07,2.0,33418254.0,16709127.0,3.0,60813111.0,20271037.0,2.0,3.0
CUST00044,2025-08,0.0,0.0,0.0,1.0,12945133.0,12945133.0,0.0,1.0
CUST00044,2025-09,2.0,24741787.0,12370893.5,4.0,176002156.0,44000539.0,2.0,3.0
CUST00044,2025-10,3.0,53831190.0,17943730.0,3.0,25799257.0,8599752.333333334,3.0,3.0
CUST00044,2025-11,6.0,203826941.0,33971156.833333336,1.0,8883919.0,8883919.0,5.0,1.0
CUST00044,2025-12,2.0,101435219.0,50717609.5,1.0,2087430.0,2087430.0,2.0,1.0
CUST00045,2025-01,3.0,41180059.0,13726686.333333334,2.0,12333358.0,6166679.0,3.0,2.0
CUST00045,2025-02,1.0,38152210.0,38152210.0,0.0,0.0,0.0,1.0,0.0
CUST00045,2025-03,0.0,0.0,0.0,4.0,65003954.0,16250988.5,0.0,4.0
CUST00045,2025-04,3.0,75583493.0,25194497.666666668,1.0,6167241.0,6167241.0,3.0,1.0
CUST00045,2025-05,2.0,43887877.0,21943938.5,6.0,50639838.0,8439973.0,2.0,6.0
CUST00045,2025-06,1.0,8921155.0,8921155.0,1.0,29757152.0,29757152.0,1.0,1.0
CUST00045,2025-07,2.0,24366195.0,12183097.5,3.0,17993332.0,5997777.333333333,2.0,3.0
CUST00045,2025-08,1.0,67511901.0,67511901.0,4.0,36006365.0,9001591.25,1.0,4.0
CUST00045,2025-09,0.0,0.0,0.0,4.0,39026599.0,9756649.75,0.0,3.0
CUST00045,2025-10,3.0,45618393.0,15206131.0,1.0,3282587.0,3282587.0,3.0,1.0
CUST00045,2025-11,3.0,65303647.0,21767882.333333332,1.0,65597247.0,65597247.0,3.0,1.0
CUST00045,2025-12,3.0,59682326.0,19894108.666666668,3.0,36059971.0,12019990.333333334,3.0,3.0
CUST00046,2025-01,1.0,3239134.0,3239134.0,1.0,3064377.0,3064377.0,1.0,1.0
CUST00046,2025-02,3.0,4001630.0,1333876.6666666667,2.0,42366423.0,21183211.5,3.0,2.0
CUST00046,2025-03,2.0,5062212.0,2531106.0,2.0,18380529.0,9190264.5,2.0,2.0
CUST00046,2025-04,3.0,23572614.0,7857538.0,2.0,27469193.0,13734596.5,3.0,2.0
CUST00046,2025-05,0.0,0.0,0.0,2.0,13436051.0,6718025.5,0.0,2.0
CUST00046,2025-06,0.0,0.0,0.0,2.0,27214516.0,13607258.0,0.0,2.0
CUST00046,2025-07,2.0,6211305.0,3105652.5,3.0,67701427.0,22567142.333333332,2.0,3.0
CUST00046,2025-08,3.0,8707150.0,2902383.3333333335,2.0,66299432.0,33149716.0,3.0,2.0
CUST00046,2025-09,1.0,16935670.0,16935670.0,1.0,1430689.0,1430689.0,1.0,1.0
CUST00046,2025-10,1.0,1489158.0,1489158.0,1.0,8481711.0,8481711.0,1.0,1.0
CUST00046,2025-11,1.0,3974829.0,3974829.0,1.0,4282844.0,4282844.0,1.0,1.0
CUST00046,2025-12,1.0,967192.0,967192.0,0.0,0.0,0.0,1.0,0.0
CUST00047,2025-01,3.0,8909468.0,2969822.6666666665,3.0,20719106.0,6906368.666666667,3.0,3.0
CUST00047,2025-02,3.0,20192709.0,6730903.0,1.0,1193294.0,1193294.0,3.0,1.0
CUST00047,2025-03,1.0,26225548.0,26225548.0,2.0,21633889.0,10816944.5,1.0,2.0
CUST00047,2025-04,1.0,975248.0,975248.0,2.0,67175830.0,33587915.0,1.0,2.0
CUST00047,2025-05,2.0,3318170.0,1659085.0,2.0,76450983.0,38225491.5,2.0,2.0
CUST00047,2025-06,2.0,7680608.0,3840304.0,0.0,0.0,0.0,2.0,0.0
CUST00047,2025-07,1.0,4997795.0,4997795.0,4.0,38295514.0,9573878.5,1.0,4.0
CUST00047,2025-08,4.0,17358926.0,4339731.5,1.0,34123179.0,34123179.0,4.0,1.0
CUST00047,2025-09,2.0,5734341.0,2867170.5,0.0,0.0,0.0,2.0,0.0
CUST00047,2025-10,1.0,832230.0,832230.0,2.0,292002631.0,146001315.5,1.0,2.0
CUST00047,2025-11,2.0,7062892.0,3531446.0,1.0,1076963.0,1076963.0,2.0,1.0
CUST00047,2025-12,2.0,14046083.0,7023041.5,3.0,94216732.0,31405577.333333332,2.0,3.0
CUST00048,2025-01,3.0,14431508.0,4810502.666666667,3.0,2236111.0,745370.3333333334,3.0,3.0
CUST00048,2025-02,1.0,1940241.0,1940241.0,1.0,10156365.0,10156365.0,1.0,1.0
CUST00048,2025-03,1.0,1437718.0,1437718.0,1.0,546796.0,546796.0,1.0,1.0
CUST00048,2025-04,3.0,5249751.0,1749917.0,2.0,48487935.0,24243967.5,3.0,2.0
CUST00048,2025-05,2.0,7601049.0,3800524.5,0.0,0.0,0.0,2.0,0.0
CUST00048,2025-06,1.0,2765931.0,2765931.0,2.0,58507333.0,29253666.5,1.0,2.0
CUST00048,2025-07,0.0,0.0,0.0,1.0,827810.0,827810.0,0.0,1.0
CUST00048,2025-08,0.0,0.0,0.0,2.0,29966514.0,14983257.0,0.0,2.0
CUST00048,2025-09,2.0,8111599.0,4055799.5,3.0,7987220.0,2662406.6666666665,2.0,3.0
CUST00048,2025-10,3.0,8701483.0,2900494.3333333335,3.0,168733907.0,56244635.666666664,3.0,3.0
CUST00048,2025-11,1.0,1612834.0,1612834.0,3.0,55378846.0,18459615.333333332,1.0,3.0
CUST00048,2025-12,2.0,2688511.0,1344255.5,3.0,10824308.0,3608102.6666666665,2.0,3.0
CUST00049,2025-01,2.0,46998859.0,23499429.5,3.0,105566312.0,35188770.666666664,2.0,3.0
CUST00049,2025-02,3.0,247142929.0,82380976.33333333,0.0,0.0,0.0,3.0,0.0
CUST00049,2025-03,3.0,81774420.0,27258140.0,3.0,44095337.0,14698445.666666666,3.0,3.0
CUST00049,2025-04,3.0,26426486.0,8808828.666666666,2.0,2761808.0,1380904.0,3.0,2.0
CUST00049,2025-05,2.0,31474688.0,15737344.0,1.0,2147951.0,2147951.0,2.0,1.0
CUST00049,2025-06,5.0,127039966.0,25407993.2,1.0,9859489.0,9859489.0,4.0,1.0
CUST00049,2025-07,2.0,25168445.0,12584222.5,3.0,49211164.0,16403721.333333334,2.0,3.0
CUST00049,2025-08,1.0,2319576.0,2319576.0,2.0,11110810.0,5555405.0,1.0,2.0
CUST00049,2025-09,0.0,0.0,0.0,1.0,1213219.0,1213219.0,0.0,1.0
CUST00049,2025-10,3.0,135018766.0,45006255.333333336,1.0,51983498.0,51983498.0,3.0,1.0
CUST00049,2025-11,2.0,89441609.0,44720804.5,1.0,3895481.0,3895481.0,2.0,1.0
CUST00049,2025-12,3.0,60423087.0,20141029.0,1.0,786865.0,786865.0,3.0,1.0
CUST00050,2025-01,5.0,404658263.0,80931652.6,3.0,48917666.0,16305888.666666666,5.0,3.0
CUST00050,2025-02,2.0,155965481.0,77982740.5,1.0,2520611.0,2520611.0,2.0,1.0
CUST00050,2025-03,1.0,31529401.0,31529401.0,1.0,28387770.0,28387770.0,1.0,1.0
CUST00050,2025-04,2.0,127258484.0,63629242.0,0.0,0.0,0.0,2.0,0.0
CUST00050,2025-05,5.0,333652212.0,66730442.4,2.0,8697675.0,4348837.5,5.0,2.0
CUST00050,2025-06,1.0,299908108.0,299908108.0,2.0,1644338.0,822169.0,1.0,2.0
CUST00050,2025-07,1.0,44430632.0,44430632.0,3.0,3158733.0,1052911.0,1.0,3.0
CUST00050,2025-08,3.0,135034876.0,45011625.333333336,4.0,57548172.0,14387043.0,3.0,4.0
CUST00050,2025-09,3.0,226760137.0,75586712.33333333,0.0,0.0,0.0,2.0,0.0
CUST00050,2025-10,0.0,0.0,0.0,2.0,31716915.0,15858457.5,0.0,2.0
CUST00050,2025-11,2.0,126274773.0,63137386.5,3.0,19274770.0,6424923.333333333,2.0,3.0
CUST00050,2025-12,2.0,117012804.0,58506402.0,2.0,8427561.0,4213780.5,2.0,2.0
CUST00051,2025-01,3.0,47297587.0,15765862.333333334,3.0,3728700.0,1242900.0,3.0,3.0
CUST00051,2025-02,2.0,51291740.0,25645870.0,3.0,54281376.0,18093792.0,2.0,3.0
CUST00051,2025-03,2.0,26829820.0,13414910.0,2.0,2093162.0,1046581.0,2.0,2.0
CUST00051,2025-04,1.0,11260476.0,11260476.0,0.0,0.0,0.0,1.0,0.0
CUST00051,2025-05,2.0,27260980.0,13630490.0,5.0,119209636.0,23841927.2,2.0,4.0
CUST00051,2025-06,2.0,34253032.0,17126516.0,0.0,0.0,0.0,2.0,0.0
CUST00051,2025-07,4.0,54777457.0,13694364.25,5.0,21466163.0,4293232.6,4.0,5.0
CUST00051,2025-08,2.0,46575037.0,23287518.5,2.0,6737751.0,3368875.5,2.0,2.0
CUST00051,2025-09,2.0,21190561.0,10595280.5,3.0,279496348.0,93165449.33333333,2.0,3.0
CUST00051,2025-10,1.0,14239882.0,14239882.0,2.0,13590482.0,6795241.0,1.0,2.0
CUST00051,2025-11,3.0,64054823.0,21351607.666666668,5.0,27587312.0,5517462.4,3.0,5.0
CUST00051,2025-12,2.0,17043218.0,8521609.0,3.0,6705018.0,2235006.0,2.0,3.0
CUST00052,2025-01,3.0,91728312.0,30576104.0,4.0,25514483.0,6378620.75,2.0,4.0
CUST00052,2025-02,2.0,35271998.0,17635999.0,0.0,0.0,0.0,2.0,0.0
CUST00052,2025-03,1.0,27515969.0,27515969.0,1.0,2049943.0,2049943.0,1.0,1.0
CUST00052,2025-04,2.0,34018860.0,17009430.0,0.0,0.0,0.0,2.0,0.0
CUST00052,2025-05,1.0,13114999.0,13114999.0,2.0,4229024.0,2114512.0,1.0,2.0
CUST00052,2025-06,0.0,0.0,0.0,3.0,31204151.0,10401383.666666666,0.0,3.0
CUST00052,2025-07,3.0,49940257.0,16646752.333333334,3.0,175738392.0,58579464.0,3.0,3.0
CUST00052,2025-08,2.0,51635803.0,25817901.5,1.0,3272918.0,3272918.0,2.0,1.0
CUST00052,2025-09,1.0,9463089.0,9463089.0,3.0,28116552.0,9372184.0,1.0,3.0
CUST00052,2025-10,1.0,15001061.0,15001061.0,3.0,18280674.0,6093558.0,1.0,3.0
CUST00052,2025-11,6.0,93645422.0,15607570.333333334,1.0,4668756.0,4668756.0,5.0,1.0
CUST00052,2025-12,2.0,41979197.0,20989598.5,1.0,721008.0,721008.0,2.0,1.0
CUST00053,2025-01,3.0,105611569.0,35203856.333333336,1.0,2659685.0,2659685.0,3.0,1.0
CUST00053,2025-02,4.0,57914965.0,14478741.25,3.0,98827111.0,32942370.333333332,4.0,3.0
CUST00053,2025-04,1.0,10370761.0,10370761.0,3.0,35731685.0,11910561.666666666,1.0,3.0
CUST00053,2025-05,1.0,33783086.0,33783086.0,2.0,75392332.0,37696166.0,1.0,2.0
CUST00053,2025-06,2.0,37902201.0,18951100.5,1.0,592619.0,592619.0,2.0,1.0
CUST00053,2025-07,2.0,103901722.0,51950861.0,2.0,37578691.0,18789345.5,2.0,2.0
CUST00053,2025-08,0.0,0.0,0.0,5.0,83426330.0,16685266.0,0.0,5.0
CUST00053,2025-09,3.0,22625520.0,7541840.0,1.0,1835712.0,1835712.0,3.0,1.0
CUST00053,2025-10,0.0,0.0,0.0,1.0,4957580.0,4957580.0,0.0,1.0
CUST00053,2025-11,3.0,51914447.0,17304815.666666668,3.0,10202237.0,3400745.6666666665,3.0,3.0
CUST00053,2025-12,0.0,0.0,0.0,2.0,10159009.0,5079504.5,0.0,2.0
CUST00054,2025-01,3.0,5905351.0,1968450.3333333333,3.0,136186875.0,45395625.0,3.0,3.0
CUST00054,2025-02,2.0,7811792.0,3905896.0,0.0,0.0,0.0,2.0,0.0
CUST00054,2025-03,0.0,0.0,0.0,1.0,2309804.0,2309804.0,0.0,1.0
CUST00054,2025-04,3.0,8681446.0,2893815.3333333335,2.0,15435273.0,7717636.5,3.0,2.0
CUST00054,2025-05,3.0,5965780.0,1988593.3333333333,2.0,4199187.0,2099593.5,3.0,2.0
CUST00054,2025-06,0.0,0.0,0.0,1.0,11375298.0,11375298.0,0.0,1.0
CUST00054,2025-07,2.0,4201389.0,2100694.5,2.0,5142521.0,2571260.5,2.0,2.0
CUST00054,2025-08,1.0,2788336.0,2788336.0,3.0,31406373.0,10468791.0,1.0,3.0
CUST00054,2025-09,0.0,0.0,0.0,5.0,220202141.0,44040428.2,0.0,5.0
CUST00054,2025-10,1.0,6066095.0,6066095.0,4.0,31726898.0,7931724.5,1.0,4.0
CUST00054,2025-11,0.0,0.0,0.0,1.0,14086755.0,14086755.0,0.0,1.0
CUST00054,2025-12,2.0,3161641.0,1580820.5,2.0,36277747.0,18138873.5,2.0,2.0
CUST00055,2025-01,0.0,0.0,0.0,4.0,133272922.0,33318230.5,0.0,3.0
CUST00055,2025-02,3.0,4220563.0,1406854.3333333333,0.0,0.0,0.0,3.0,0.0
CUST00055,2025-03,1.0,571352.0,571352.0,1.0,2707403.0,2707403.0,1.0,1.0
CUST00055,2025-04,1.0,3328065.0,3328065.0,5.0,100979342.0,20195868.4,1.0,4.0
CUST00055,2025-05,1.0,35401228.0,35401228.0,1.0,74698497.0,74698497.0,1.0,1.0
CUST00055,2025-06,0.0,0.0,0.0,4.0,291046472.0,72761618.0,0.0,3.0
CUST00055,2025-07,3.0,4202008.0,1400669.3333333333,1.0,9945583.0,9945583.0,3.0,1.0
CUST00055,2025-08,4.0,8403281.0,2100820.25,1.0,12290591.0,12290591.0,4.0,1.0
CUST00055,2025-10,4.0,12369709.0,3092427.25,3.0,13609741.0,4536580.333333333,4.0,3.0
CUST00055,2025-11,0.0,0.0,0.0,2.0,9131944.0,4565972.0,0.0,2.0
CUST00055,2025-12,0.0,0.0,0.0,4.0,44811963.0,11202990.75,0.0,4.0
CUST00056,2025-01,5.0,77507519.0,15501503.8,2.0,18235537.0,9117768.5,5.0,2.0
CUST00056,2025-02,6.0,56913932.0,9485655.333333334,4.0,52788358.0,13197089.5,6.0,4.0
CUST00056,2025-03,4.0,46536039.0,11634009.75,3.0,84213511.0,28071170.333333332,4.0,3.0
CUST00056,2025-04,2.0,17295729.0,8647864.5,1.0,610233.0,610233.0,2.0,1.0
CUST00056,2025-05,1.0,6328316.0,6328316.0,1.0,8368730.0,8368730.0,1.0,1.0
CUST00056,2025-06,2.0,54600491.0,27300245.5,3.0,8443221.0,2814407.0,2.0,3.0
CUST00056,2025-07,1.0,8350537.0,8350537.0,3.0,14742231.0,4914077.0,1.0,3.0
CUST00056,2025-08,2.0,60332015.0,30166007.5,3.0,43030119.0,14343373.0,2.0,3.0
CUST00056,2025-09,2.0,16852412.0,8426206.0,1.0,107316667.0,107316667.0,2.0,1.0
CUST00056,2025-10,4.0,40374283.0,10093570.75,2.0,20629481.0,10314740.5,4.0,2.0
CUST00056,2025-11,2.0,30073300.0,15036650.0,2.0,30544140.0,15272070.0,2.0,2.0
CUST00056,2025-12,5.0,137673116.0,27534623.2,2.0,3426483.0,1713241.5,5.0,2.0
CUST00057,2025-01,4.0,277591039.0,69397759.75,1.0,28928644.0,28928644.0,4.0,1.0
CUST00057,2025-02,5.0,600631904.0,120126380.8,2.0,3521602.0,1760801.0,5.0,2.0
CUST00057,2025-03,2.0,301469181.0,150734590.5,3.0,12328365.0,4109455.0,2.0,3.0
CUST00057,2025-04,1.0,30574637.0,30574637.0,2.0,27161439.0,13580719.5,1.0,2.0
CUST00057,2025-05,2.0,97885978.0,48942989.0,2.0,19560133.0,9780066.5,2.0,2.0
CUST00057,2025-06,1.0,156555785.0,156555785.0,3.0,53398273.0,17799424.333333332,1.0,3.0
CUST00057,2025-07,2.0,141103138.0,70551569.0,3.0,38321054.0,12773684.666666666,2.0,3.0
CUST00057,2025-08,2.0,151533835.0,75766917.5,4.0,134816268.0,33704067.0,2.0,4.0
CUST00057,2025-09,3.0,206070571.0,68690190.33333333,1.0,4130682.0,4130682.0,3.0,1.0
CUST00057,2025-10,1.0,88973019.0,88973019.0,3.0,18645704.0,6215234.666666667,1.0,3.0
CUST00057,2025-11,0.0,0.0,0.0,1.0,11217097.0,11217097.0,0.0,1.0
CUST00057,2025-12,2.0,101095420.0,50547710.0,3.0,120881028.0,40293676.0,2.0,3.0
CUST00058,2025-01,5.0,36201278.0,7240255.6,3.0,26753439.0,8917813.0,5.0,3.0
CUST00058,2025-02,3.0,5358907.0,1786302.3333333333,1.0,10043542.0,10043542.0,3.0,1.0
CUST00058,2025-03,4.0,7988710.0,1997177.5,0.0,0.0,0.0,4.0,0.0
CUST00058,2025-04,3.0,4808817.0,1602939.0,1.0,4984990.0,4984990.0,3.0,1.0
CUST00058,2025-05,3.0,8938025.0,2979341.6666666665,3.0,144105787.0,48035262.333333336,3.0,3.0
CUST00058,2025-06,2.0,4192591.0,2096295.5,1.0,2301100.0,2301100.0,2.0,1.0
CUST00058,2025-07,1.0,1516629.0,1516629.0,2.0,7820511.0,3910255.5,1.0,2.0
CUST00058,2025-08,4.0,7242117.0,1810529.25,4.0,214977329.0,53744332.25,4.0,4.0
CUST00058,2025-09,1.0,2038684.0,2038684.0,0.0,0.0,0.0,1.0,0.0
CUST00058,2025-10,4.0,5504486.0,1376121.5,3.0,4834748.0,1611582.6666666667,4.0,3.0
CUST00058,2025-11,0.0,0.0,0.0,3.0,34301221.0,11433740.333333334,0.0,3.0
CUST00058,2025-12,1.0,572727.0,572727.0,2.0,4144699.0,2072349.5,1.0,2.0
CUST00059,2025-01,0.0,0.0,0.0,1.0,1006908.0,1006908.0,0.0,1.0
CUST00059,2025-02,1.0,1477051.0,1477051.0,6.0,125967405.0,20994567.5,1.0,6.0
CUST00059,2025-03,1.0,15023313.0,15023313.0,0.0,0.0,0.0,1.0,0.0
CUST00059,2025-04,0.0,0.0,0.0,2.0,71522093.0,35761046.5,0.0,2.0
CUST00059,2025-05,2.0,67243642.0,33621821.0,0.0,0.0,0.0,2.0,0.0
CUST00059,2025-06,1.0,26742475.0,26742475.0,3.0,149468132.0,49822710.666666664,1.0,3.0
CUST00059,2025-07,2.0,27151466.0,13575733.0,0.0,0.0,0.0,2.0,0.0
CUST00059,2025-08,1.0,20454800.0,20454800.0,3.0,90959572.0,30319857.333333332,1.0,3.0
CUST00059,2025-09,1.0,12507900.0,12507900.0,2.0,40324366.0,20162183.0,1.0,2.0
CUST00059,2025-11,5.0,51123734.0,10224746.8,0.0,0.0,0.0,4.0,0.0
CUST00059,2025-12,3.0,51825324.0,17275108.0,2.0,34237046.0,17118523.0,3.0,2.0
CUST00060,2025-01,1.0,1911114.0,1911114.0,1.0,1766185.0,1766185.0,1.0,1.0
CUST00060,2025-02,2.0,8119609.0,4059804.5,3.0,9879537.0,3293179.0,2.0,3.0
CUST00060,2025-03,3.0,6937231.0,2312410.3333333335,2.0,3268975.0,1634487.5,3.0,2.0
CUST00060,2025-04,3.0,8993377.0,2997792.3333333335,0.0,0.0,0.0,3.0,0.0
CUST00060,2025-05,1.0,8189380.0,8189380.0,2.0,2842278.0,1421139.0,1.0,2.0
CUST00060,2025-06,4.0,15668597.0,3917149.25,4.0,56949008.0,14237252.0,4.0,4.0
CUST00060,2025-07,2.0,2779141.0,1389570.5,2.0,32262797.0,16131398.5,2.0,2.0
CUST00060,2025-08,2.0,2703310.0,1351655.0,3.0,13474328.0,4491442.666666667,2.0,3.0
CUST00060,2025-09,3.0,5591649.0,1863883.0,2.0,2815723.0,1407861.5,3.0,2.0
CUST00060,2025-10,1.0,2696897.0,2696897.0,3.0,15954901.0,5318300.333333333,1.0,3.0
CUST00060,2025-11,2.0,6510283.0,3255141.5,1.0,24442123.0,24442123.0,2.0,1.0
CUST00060,2025-12,2.0,10949446.0,5474723.0,4.0,17029547.0,4257386.75,2.0,4.0
CUST00061,2025-01,2.0,7794321.0,3897160.5,2.0,12012908.0,6006454.0,2.0,2.0
CUST00061,2025-02,2.0,639488.0,319744.0,2.0,7632300.0,3816150.0,2.0,2.0
CUST00061,2025-03,3.0,5754423.0,1918141.0,3.0,55366940.0,18455646.666666668,3.0,3.0
CUST00061,2025-04,2.0,5588088.0,2794044.0,3.0,7944623.0,2648207.6666666665,2.0,3.0
CUST00061,2025-05,1.0,1095994.0,1095994.0,2.0,190128346.0,95064173.0,1.0,2.0
CUST00061,2025-06,1.0,4730608.0,4730608.0,1.0,19641699.0,19641699.0,1.0,1.0
CUST00061,2025-07,4.0,7359505.0,1839876.25,1.0,27715849.0,27715849.0,3.0,1.0
CUST00061,2025-08,2.0,4981559.0,2490779.5,3.0,30807398.0,10269132.666666666,2.0,3.0
CUST00061,2025-09,2.0,5735905.0,2867952.5,2.0,26022944.0,13011472.0,2.0,2.0
CUST00061,2025-10,1.0,1261438.0,1261438.0,1.0,461072.0,461072.0,1.0,1.0
CUST00061,2025-11,0.0,0.0,0.0,1.0,6844396.0,6844396.0,0.0,1.0
CUST00061,2025-12,1.0,4820794.0,4820794.0,2.0,22452142.0,11226071.0,1.0,2.0
CUST00062,2025-01,1.0,13749554.0,13749554.0,1.0,18211333.0,18211333.0,1.0,1.0
CUST00062,2025-02,0.0,0.0,0.0,1.0,845612.0,845612.0,0.0,1.0
CUST00062,2025-03,5.0,14966392.0,2993278.4,2.0,7403508.0,3701754.0,5.0,2.0
CUST00062,2025-04,1.0,3567799.0,3567799.0,8.0,104418213.0,13052276.625,1.0,8.0
CUST00062,2025-05,1.0,500298.0,500298.0,1.0,2461360.0,2461360.0,1.0,1.0
CUST00062,2025-06,1.0,1049257.0,1049257.0,1.0,2705002.0,2705002.0,1.0,1.0
CUST00062,2025-07,2.0,2493693.0,1246846.5,0.0,0.0,0.0,2.0,0.0
CUST00062,2025-08,3.0,8537667.0,2845889.0,4.0,129221468.0,32305367.0,2.0,4.0
CUST00062,2025-09,2.0,2204659.0,1102329.5,3.0,28614069.0,9538023.0,2.0,3.0
CUST00062,2025-10,1.0,1909777.0,1909777.0,5.0,86274894.0,17254978.8,1.0,5.0
CUST00062,2025-12,2.0,8983883.0,4491941.5,0.0,0.0,0.0,2.0,0.0
CUST00063,2025-01,3.0,3289878.0,1096626.0,4.0,12916327.0,3229081.75,3.0,4.0
CUST00063,2025-02,0.0,0.0,0.0,1.0,35237864.0,35237864.0,0.0,1.0
CUST00063,2025-03,3.0,5441693.0,1813897.6666666667,2.0,14669274.0,7334637.0,3.0,2.0
CUST00063,2025-05,2.0,6299197.0,3149598.5,2.0,89087152.0,44543576.0,2.0,2.0
CUST00063,2025-06,5.0,16445930.0,3289186.0,2.0,28387662.0,14193831.0,5.0,2.0
CUST00063,2025-07,0.0,0.0,0.0,3.0,26997780.0,8999260.0,0.0,3.0
CUST00063,2025-08,3.0,6154758.0,2051586.0,4.0,12814940.0,3203735.0,3.0,4.0
CUST00063,2025-09,1.0,2048982.0,2048982.0,1.0,897816.0,897816.0,1.0,1.0
CUST00063,2025-10,3.0,6140842.0,2046947.3333333333,2.0,13798506.0,6899253.0,3.0,2.0
CUST00063,2025-11,0.0,0.0,0.0,2.0,55077219.0,27538609.5,0.0,2.0
CUST00063,2025-12,1.0,2306958.0,2306958.0,5.0,176595344.0,35319068.8,1.0,5.0
CUST00064,2025-01,0.0,0.0,0.0,1.0,12109595.0,12109595.0,0.0,1.0
CUST00064,2025-02,2.0,23231297.0,11615648.5,0.0,0.0,0.0,2.0,0.0
CUST00064,2025-03,4.0,60747851.0,15186962.75,1.0,1784356.0,1784356.0,4.0,1.0
CUST00064,2025-04,2.0,43938857.0,21969428.5,1.0,3907948.0,3907948.0,2.0,1.0
CUST00064,2025-05,4.0,49935436.0,12483859.0,7.0,11216543.0,1602363.2857142857,4.0,7.0
CUST00064,2025-06,1.0,10813636.0,10813636.0,3.0,33043677.0,11014559.0,1.0,3.0
CUST00064,2025-07,4.0,94040348.0,23510087.0,3.0,55001682.0,18333894.0,4.0,3.0
CUST00064,2025-08,1.0,29416793.0,29416793.0,3.0,136832179.0,45610726.333333336,1.0,3.0
CUST00064,2025-09,1.0,25847129.0,25847129.0,3.0,149750829.0,49916943.0,1.0,3.0
CUST00064,2025-10,4.0,40677122.0,10169280.5,4.0,14454409.0,3613602.25,4.0,4.0
CUST00064,2025-11,2.0,47149473.0,23574736.5,3.0,62943069.0,20981023.0,2.0,3.0
CUST00064,2025-12,1.0,8398463.0,8398463.0,0.0,0.0,0.0,1.0,0.0
CUST00065,2025-01,3.0,7499147.0,2499715.6666666665,1.0,212927687.0,212927687.0,3.0,1.0
CUST00065,2025-02,1.0,1097391.0,1097391.0,1.0,1945424.0,1945424.0,1.0,1.0
CUST00065,2025-03,0.0,0.0,0.0,2.0,5562511.0,2781255.5,0.0,2.0
CUST00065,2025-05,3.0,4714619.0,1571539.6666666667,1.0,14856591.0,14856591.0,3.0,1.0
CUST00065,2025-06,2.0,3985963.0,1992981.5,2.0,169765905.0,84882952.5,2.0,2.0
CUST00065,2025-07,3.0,13906761.0,4635587.0,0.0,0.0,0.0,3.0,0.0
CUST00065,2025-08,2.0,10103485.0,5051742.5,0.0,0.0,0.0,2.0,0.0
CUST00065,2025-09,1.0,378921.0,378921.0,3.0,56795864.0,18931954.666666668,1.0,3.0
CUST00065,2025-10,0.0,0.0,0.0,2.0,41888720.0,20944360.0,0.0,2.0
CUST00065,2025-11,2.0,8328741.0,4164370.5,3.0,27397442.0,9132480.666666666,2.0,2.0
CUST00065,2025-12,4.0,8996805.0,2249201.25,5.0,70105901.0,14021180.2,4.0,5.0
CUST00066,2025-01,1.0,8781988.0,8781988.0,0.0,0.0,0.0,1.0,0.0
CUST00066,2025-02,2.0,58043307.0,29021653.5,0.0,0.0,0.0,2.0,0.0
CUST00066,2025-03,1.0,39901161.0,39901161.0,1.0,7543729.0,7543729.0,1.0,1.0
CUST00066,2025-04,5.0,122147336.0,24429467.2,1.0,1985590.0,1985590.0,5.0,1.0
CUST00066,2025-05,2.0,71351985.0,35675992.5,5.0,88390611.0,17678122.2,2.0,5.0
CUST00066,2025-06,3.0,30507592.0,10169197.333333334,2.0,32079806.0,16039903.0,3.0,2.0
CUST00066,2025-07,5.0,92540914.0,18508182.8,5.0,103308193.0,20661638.6,4.0,5.0
CUST00066,2025-08,0.0,0.0,0.0,4.0,16730537.0,4182634.25,0.0,4.0
CUST00066,2025-09,2.0,22339464.0,11169732.0,1.0,69989883.0,69989883.0,2.0,1.0
CUST00066,2025-10,2.0,24849357.0,12424678.5,2.0,25928359.0,12964179.5,2.0,2.0
CUST00066,2025-11,1.0,4437661.0,4437661.0,4.0,74559217.0,18639804.25,1.0,4.0
CUST00066,2025-12,1.0,27234049.0,27234049.0,4.0,20184617.0,5046154.25,1.0,4.0
CUST00067,2025-01,4.0,105132412.0,26283103.0,1.0,365529.0,365529.0,3.0,1.0
CUST00067,2025-02,1.0,12097800.0,12097800.0,5.0,215159796.0,43031959.2,1.0,5.0
CUST00067,2025-03,2.0,63724988.0,31862494.0,4.0,19457508.0,4864377.0,2.0,4.0
CUST00067,2025-04,1.0,4742135.0,4742135.0,2.0,9882470.0,4941235.0,1.0,2.0
CUST00067,2025-05,3.0,98448689.0,32816229.666666668,2.0,114521216.0,57260608.0,3.0,2.0
CUST00067,2025-06,1.0,52815985.0,52815985.0,2.0,23008859.0,11504429.5,1.0,2.0
CUST00067,2025-07,1.0,27963736.0,27963736.0,2.0,5926249.0,2963124.5,1.0,2.0
CUST00067,2025-08,2.0,113094721.0,56547360.5,1.0,2963577.0,2963577.0,2.0,1.0
CUST00067,2025-09,2.0,77958277.0,38979138.5,2.0,5686199.0,2843099.5,2.0,2.0
CUST00067,2025-10,2.0,106530998.0,53265499.0,2.0,17386705.0,8693352.5,2.0,2.0
CUST00067,2025-11,2.0,26526178.0,13263089.0,4.0,38798158.0,9699539.5,2.0,4.0
CUST00067,2025-12,6.0,143195489.0,23865914.833333332,1.0,38086148.0,38086148.0,6.0,1.0
CUST00068,2025-01,2.0,106288419.0,53144209.5,2.0,18525853.0,9262926.5,2.0,2.0
CUST00068,2025-02,0.0,0.0,0.0,4.0,100532770.0,25133192.5,0.0,3.0
CUST00068,2025-03,1.0,79438980.0,79438980.0,3.0,225605741.0,75201913.66666667,1.0,3.0
CUST00068,2025-04,2.0,367166108.0,183583054.0,2.0,34793760.0,17396880.0,2.0,2.0
CUST00068,2025-05,4.0,572530559.0,143132639.75,4.0,31003696.0,7750924.0,3.0,4.0
CUST00068,2025-06,3.0,647490909.0,215830303.0,2.0,83494080.0,41747040.0,3.0,2.0
CUST00068,2025-07,3.0,253263429.0,84421143.0,2.0,44570995.0,22285497.5,3.0,2.0
CUST00068,2025-08,1.0,61182903.0,61182903.0,2.0,20351658.0,10175829.0,1.0,2.0
CUST00068,2025-09,1.0,38444945.0,38444945.0,2.0,363408139.0,181704069.5,1.0,2.0
CUST00068,2025-10,2.0,209093895.0,104546947.5,1.0,11138664.0,11138664.0,2.0,1.0
CUST00068,2025-11,2.0,441566340.0,220783170.0,2.0,23826750.0,11913375.0,2.0,2.0
CUST00068,2025-12,0.0,0.0,0.0,4.0,30271852.0,7567963.0,0.0,4.0
CUST00069,2025-01,3.0,4642631.0,1547543.6666666667,4.0,6323729.0,1580932.25,2.0,3.0
CUST00069,2025-02,1.0,354393.0,354393.0,0.0,0.0,0.0,1.0,0.0
CUST00069,2025-03,2.0,2692388.0,1346194.0,2.0,6409165.0,3204582.5,2.0,2.0
CUST00069,2025-04,0.0,0.0,0.0,4.0,15194118.0,3798529.5,0.0,4.0
CUST00069,2025-05,3.0,4861388.0,1620462.6666666667,1.0,28984169.0,28984169.0,3.0,1.0
CUST00069,2025-06,0.0,0.0,0.0,3.0,51663596.0,17221198.666666668,0.0,2.0
CUST00069,2025-07,2.0,3635156.0,1817578.0,1.0,623542.0,623542.0,2.0,1.0
CUST00069,2025-08,1.0,3320515.0,3320515.0,1.0,99695031.0,99695031.0,1.0,1.0
CUST00069,2025-09,2.0,7305046.0,3652523.0,1.0,1577927.0,1577927.0,2.0,1.0
CUST00069,2025-10,0.0,0.0,0.0,2.0,10829680.0,5414840.0,0.0,2.0
CUST00069,2025-11,1.0,745004.0,745004.0,0.0,0.0,0.0,1.0,0.0
CUST00069,2025-12,0.0,0.0,0.0,1.0,6161925.0,6161925.0,0.0,1.0
CUST00070,2025-01,1.0,838241.0,838241.0,1.0,23899968.0,23899968.0,1.0,1.0
CUST00070,2025-02,1.0,3248387.0,3248387.0,3.0,4024915.0,1341638.3333333333,1.0,3.0
CUST00070,2025-03,2.0,4651698.0,2325849.0,1.0,107379133.0,107379133.0,2.0,1.0
CUST00070,2025-04,1.0,1282661.0,1282661.0,3.0,30012817.0,10004272.333333334,1.0,3.0
CUST00070,2025-05,1.0,3225609.0,3225609.0,0.0,0.0,0.0,1.0,0.0
CUST00070,2025-06,2.0,3256456.0,1628228.0,1.0,3386887.0,3386887.0,2.0,1.0
CUST00070,2025-07,4.0,10284361.0,2571090.25,2.0,22763075.0,11381537.5,4.0,2.0
CUST00070,2025-08,3.0,3596450.0,1198816.6666666667,4.0,28204823.0,7051205.75,3.0,4.0
CUST00070,2025-10,0.0,0.0,0.0,2.0,12785227.0,6392613.5,0.0,2.0
CUST00070,2025-11,1.0,7239315.0,7239315.0,2.0,4057764.0,2028882.0,1.0,2.0
CUST00070,2025-12,3.0,7881055.0,2627018.3333333335,2.0,11788145.0,5894072.5,3.0,2.0
CUST00071,2025-01,1.0,1220599.0,1220599.0,3.0,136397314.0,45465771.333333336,1.0,3.0
CUST00071,2025-02,5.0,9327990.0,1865598.0,1.0,8368294.0,8368294.0,5.0,1.0
CUST00071,2025-03,1.0,2228051.0,2228051.0,1.0,14821474.0,14821474.0,1.0,1.0
CUST00071,2025-04,0.0,0.0,0.0,2.0,4350652.0,2175326.0,0.0,2.0
CUST00071,2025-05,3.0,3606840.0,1202280.0,1.0,3303285.0,3303285.0,3.0,1.0
CUST00071,2025-06,2.0,4582392.0,2291196.0,1.0,70052324.0,70052324.0,2.0,1.0
CUST00071,2025-07,2.0,3946704.0,1973352.0,3.0,363469524.0,121156508.0,2.0,3.0
CUST00071,2025-08,4.0,9312658.0,2328164.5,3.0,6213856.0,2071285.3333333333,4.0,3.0
CUST00071,2025-09,1.0,2276019.0,2276019.0,5.0,81000311.0,16200062.2,1.0,5.0
CUST00071,2025-10,1.0,4296650.0,4296650.0,2.0,16908124.0,8454062.0,1.0,2.0
CUST00071,2025-11,2.0,2404155.0,1202077.5,1.0,1566065.0,1566065.0,2.0,1.0
CUST00071,2025-12,0.0,0.0,0.0,2.0,9653999.0,4826999.5,0.0,2.0
CUST00072,2025-01,2.0,148752334.0,74376167.0,2.0,101963629.0,50981814.5,2.0,2.0
CUST00072,2025-02,3.0,244521807.0,81507269.0,1.0,4479489.0,4479489.0,3.0,1.0
CUST00072,2025-03,3.0,488538345.0,162846115.0,0.0,0.0,0.0,3.0,0.0
CUST00072,2025-04,3.0,390261984.0,130087328.0,6.0,250428055.0,41738009.166666664,3.0,6.0
CUST00072,2025-05,0.0,0.0,0.0,2.0,3511778.0,1755889.0,0.0,2.0
CUST00072,2025-06,2.0,165232954.0,82616477.0,3.0,15721523.0,5240507.666666667,2.0,3.0
CUST00072,2025-07,2.0,95425171.0,47712585.5,0.0,0.0,0.0,2.0,0.0
CUST00072,2025-08,3.0,335650440.0,111883480.0,1.0,2367394.0,2367394.0,3.0,1.0
CUST00072,2025-09,2.0,320226011.0,160113005.5,2.0,39067595.0,19533797.5,2.0,2.0
CUST00072,2025-10,0.0,0.0,0.0,2.0,13522472.0,6761236.0,0.0,2.0
CUST00072,2025-11,3.0,335217674.0,111739224.66666667,3.0,7598569.0,2532856.3333333335,3.0,3.0
CUST00072,2025-12,3.0,274086497.0,91362165.66666667,2.0,7250030.0,3625015.0,3.0,2.0
CUST00073,2025-01,1.0,696604379.0,696604379.0,2.0,4947078.0,2473539.0,1.0,2.0
CUST00073,2025-02,2.0,127026840.0,63513420.0,2.0,35416405.0,17708202.5,2.0,2.0
CUST00073,2025-03,2.0,179873602.0,89936801.0,1.0,1089009.0,1089009.0,2.0,1.0
CUST00073,2025-04,1.0,364529990.0,364529990.0,5.0,96196272.0,19239254.4,1.0,5.0
CUST00073,2025-05,1.0,115179565.0,115179565.0,2.0,4503693.0,2251846.5,1.0,2.0
CUST00073,2025-06,1.0,61435869.0,61435869.0,0.0,0.0,0.0,1.0,0.0
CUST00073,2025-07,1.0,39606967.0,39606967.0,2.0,4820115.0,2410057.5,1.0,2.0
CUST00073,2025-08,2.0,123290897.0,61645448.5,0.0,0.0,0.0,2.0,0.0
CUST00073,2025-09,1.0,126937754.0,126937754.0,3.0,60139016.0,20046338.666666668,1.0,3.0
CUST00073,2025-10,2.0,447684894.0,223842447.0,3.0,70775461.0,23591820.333333332,2.0,3.0
CUST00073,2025-11,2.0,153531281.0,76765640.5,1.0,5104165.0,5104165.0,2.0,1.0
CUST00073,2025-12,0.0,0.0,0.0,2.0,34976309.0,17488154.5,0.0,2.0
CUST00074,2025-01,4.0,6613097.0,1653274.25,2.0,3052586.0,1526293.0,4.0,2.0
CUST00074,2025-02,4.0,12886195.0,3221548.75,3.0,73216893.0,24405631.0,4.0,3.0
CUST00074,2025-03,1.0,1756859.0,1756859.0,4.0,59910616.0,14977654.0,1.0,4.0
CUST00074,2025-04,2.0,4671078.0,2335539.0,0.0,0.0,0.0,2.0,0.0
CUST00074,2025-05,5.0,10851701.0,2170340.2,2.0,3784880.0,1892440.0,5.0,2.0
CUST00074,2025-06,2.0,4765824.0,2382912.0,4.0,28657823.0,7164455.75,2.0,4.0
CUST00074,2025-07,1.0,5671259.0,5671259.0,0.0,0.0,0.0,1.0,0.0
CUST00074,2025-08,1.0,2939304.0,2939304.0,1.0,762494.0,762494.0,1.0,1.0
CUST00074,2025-09,3.0,6451703.0,2150567.6666666665,3.0,18832256.0,6277418.666666667,3.0,3.0
CUST00074,2025-10,1.0,407414.0,407414.0,5.0,27692880.0,5538576.0,1.0,5.0
CUST00074,2025-11,0.0,0.0,0.0,2.0,43032506.0,21516253.0,0.0,2.0
CUST00074,2025-12,2.0,3493595.0,1746797.5,2.0,4233875.0,2116937.5,2.0,2.0
CUST00075,2025-01,0.0,0.0,0.0,2.0,30252645.0,15126322.5,0.0,2.0
CUST00075,2025-02,7.0,112754443.0,16107777.57142857,0.0,0.0,0.0,7.0,0.0
CUST00075,2025-03,1.0,18374139.0,18374139.0,4.0,35467091.0,8866772.75,1.0,4.0
CUST00075,2025-04,4.0,60713792.0,15178448.0,2.0,15202022.0,7601011.0,4.0,2.0
CUST00075,2025-05,4.0,50738898.0,12684724.5,5.0,232895505.0,46579101.0,4.0,4.0
CUST00075,2025-06,2.0,25592726.0,12796363.0,0.0,0.0,0.0,2.0,0.0
CUST00075,2025-07,3.0,60452768.0,20150922.666666668,1.0,2140936.0,2140936.0,3.0,1.0
CUST00075,2025-08,5.0,93922964.0,18784592.8,0.0,0.0,0.0,5.0,0.0
CUST00075,2025-09,4.0,43329883.0,10832470.75,2.0,7534876.0,3767438.0,3.0,2.0
CUST00075,2025-10,0.0,0.0,0.0,4.0,10948529.0,2737132.25,0.0,4.0
CUST00075,2025-11,1.0,5692669.0,5692669.0,1.0,1135064.0,1135064.0,1.0,1.0
CUST00075,2025-12,3.0,45023306.0,15007768.666666666,3.0,35452078.0,11817359.333333334,3.0,3.0
CUST00076,2025-01,3.0,9857326.0,3285775.3333333335,4.0,12698224.0,3174556.0,3.0,4.0
CUST00076,2025-02,3.0,8993334.0,2997778.0,4.0,45463906.0,11365976.5,3.0,4.0
CUST00076,2025-03,3.0,6849915.0,2283305.0,1.0,1094214.0,1094214.0,3.0,1.0
CUST00076,2025-04,3.0,12215818.0,4071939.3333333335,1.0,46751981.0,46751981.0,3.0,1.0
CUST00076,2025-05,1.0,1223377.0,1223377.0,6.0,345176418.0,57529403.0,1.0,5.0
CUST00076,2025-06,1.0,4625566.0,4625566.0,2.0,14066001.0,7033000.5,1.0,2.0
CUST00076,2025-07,0.0,0.0,0.0,2.0,45876404.0,22938202.0,0.0,2.0
CUST00076,2025-08,4.0,11251879.0,2812969.75,2.0,5626166.0,2813083.0,4.0,2.0
CUST00076,2025-09,3.0,8164110.0,2721370.0,2.0,14808735.0,7404367.5,3.0,2.0
CUST00076,2025-10,2.0,6806609.0,3403304.5,2.0,15032229.0,7516114.5,2.0,2.0
CUST00076,2025-11,5.0,14527482.0,2905496.4,2.0,5893705.0,2946852.5,5.0,2.0
CUST00076,2025-12,2.0,7005425.0,3502712.5,2.0,122567509.0,61283754.5,2.0,2.0
CUST00077,2025-01,1.0,9336548.0,9336548.0,1.0,5078181.0,5078181.0,1.0,1.0
CUST00077,2025-02,1.0,27799997.0,27799997.0,4.0,77560369.0,19390092.25,1.0,4.0
CUST00077,2025-03,5.0,112803767.0,22560753.4,3.0,58884613.0,19628204.333333332,5.0,3.0
CUST00077,2025-04,1.0,30395878.0,30395878.0,2.0,16482405.0,8241202.5,1.0,2.0
CUST00077,2025-05,3.0,56370281.0,18790093.666666668,2.0,39909046.0,19954523.0,3.0,2.0
CUST00077,2025-06,4.0,169354532.0,42338633.0,0.0,0.0,0.0,4.0,0.0
CUST00077,2025-07,4.0,66310930.0,16577732.5,0.0,0.0,0.0,4.0,0.0
CUST00077,2025-08,2.0,32572950.0,16286475.0,4.0,36847875.0,9211968.75,2.0,4.0
CUST00077,2025-09,3.0,41653769.0,13884589.666666666,2.0,4855569.0,2427784.5,3.0,2.0
CUST00077,2025-10,0.0,0.0,0.0,1.0,11070394.0,11070394.0,0.0,1.0
CUST00077,2025-11,4.0,88854131.0,22213532.75,2.0,2592635.0,1296317.5,4.0,2.0
CUST00077,2025-12,1.0,6607407.0,6607407.0,2.0,25079157.0,12539578.5,1.0,2.0
CUST00078,2025-01,5.0,14228592.0,2845718.4,1.0,3258063.0,3258063.0,5.0,1.0
CUST00078,2025-02,1.0,2328323.0,2328323.0,1.0,2718527.0,2718527.0,1.0,1.0
CUST00078,2025-03,1.0,2901544.0,2901544.0,2.0,19336885.0,9668442.5,1.0,2.0
CUST00078,2025-04,0.0,0.0,0.0,4.0,11300206.0,2825051.5,0.0,4.0
CUST00078,2025-05,2.0,7942502.0,3971251.0,2.0,120125865.0,60062932.5,2.0,2.0
CUST00078,2025-06,4.0,6992985.0,1748246.25,1.0,3504189.0,3504189.0,4.0,1.0
CUST00078,2025-07,2.0,3701531.0,1850765.5,0.0,0.0,0.0,2.0,0.0
CUST00078,2025-08,2.0,4650521.0,2325260.5,2.0,7134569.0,3567284.5,2.0,2.0
CUST00078,2025-09,5.0,16930928.0,3386185.6,0.0,0.0,0.0,5.0,0.0
CUST00078,2025-10,2.0,4327720.0,2163860.0,1.0,1775595.0,1775595.0,2.0,1.0
CUST00078,2025-11,4.0,3766345.0,941586.25,4.0,75114805.0,18778701.25,4.0,4.0
CUST00078,2025-12,2.0,6421292.0,3210646.0,1.0,4934277.0,4934277.0,2.0,1.0
CUST00079,2025-01,0.0,0.0,0.0,1.0,26174067.0,26174067.0,0.0,1.0
CUST00079,2025-02,2.0,22277985.0,11138992.5,0.0,0.0,0.0,2.0,0.0
CUST00079,2025-03,0.0,0.0,0.0,1.0,21082287.0,21082287.0,0.0,1.0
CUST00079,2025-04,1.0,5929080.0,5929080.0,1.0,4742135.0,4742135.0,1.0,1.0
CUST00079,2025-05,3.0,95272530.0,31757510.0,3.0,61886748.0,20628916.0,3.0,3.0
CUST00079,2025-06,2.0,33038115.0,16519057.5,0.0,0.0,0.0,2.0,0.0
CUST00079,2025-07,3.0,84265267.0,28088422.333333332,3.0,30230383.0,10076794.333333334,3.0,3.0
CUST00079,2025-08,0.0,0.0,0.0,3.0,18079184.0,6026394.666666667,0.0,3.0
CUST00079,2025-09,1.0,11652699.0,11652699.0,1.0,867959.0,867959.0,1.0,1.0
CUST00079,2025-10,4.0,43802666.0,10950666.5,4.0,127334875.0,31833718.75,3.0,3.0
CUST00079,2025-11,5.0,182401529.0,36480305.8,2.0,14073235.0,7036617.5,5.0,2.0
CUST00079,2025-12,0.0,0.0,0.0,2.0,6053924.0,3026962.0,0.0,2.0
CUST00080,2025-01,2.0,12116535.0,6058267.5,0.0,0.0,0.0,2.0,0.0
CUST00080,2025-02,1.0,2013363.0,2013363.0,5.0,77105813.0,15421162.6,1.0,5.0
CUST00080,2025-03,3.0,9669118.0,3223039.3333333335,1.0,12535239.0,12535239.0,3.0,1.0
CUST00080,2025-04,2.0,2867854.0,1433927.0,1.0,22042480.0,22042480.0,2.0,1.0
CUST00080,2025-05,2.0,1697432.0,848716.0,0.0,0.0,0.0,2.0,0.0
CUST00080,2025-06,4.0,13968991.0,3492247.75,2.0,95355940.0,47677970.0,4.0,2.0
CUST00080,2025-07,1.0,2452331.0,2452331.0,2.0,8614846.0,4307423.0,1.0,2.0
CUST00080,2025-08,5.0,4729945.0,945989.0,1.0,1414727.0,1414727.0,5.0,1.0
CUST00080,2025-09,4.0,11137458.0,2784364.5,3.0,22492426.0,7497475.333333333,4.0,3.0
CUST00080,2025-10,1.0,1366634.0,1366634.0,2.0,30716266.0,15358133.0,1.0,2.0
CUST00080,2025-11,1.0,4519518.0,4519518.0,2.0,4570394.0,2285197.0,1.0,2.0
CUST00080,2025-12,3.0,5236642.0,1745547.3333333333,1.0,3382891.0,3382891.0,3.0,1.0
CUST00081,2025-01,1.0,8577809.0,8577809.0,0.0,0.0,0.0,1.0,0.0
CUST00081,2025-02,0.0,0.0,0.0,2.0,54466347.0,27233173.5,0.0,2.0
CUST00081,2025-03,3.0,93771424.0,31257141.333333332,0.0,0.0,0.0,3.0,0.0
CUST00081,2025-04,1.0,10525838.0,10525838.0,1.0,3511393.0,3511393.0,1.0,1.0
CUST00081,2025-05,2.0,58345059.0,29172529.5,0.0,0.0,0.0,2.0,0.0
CUST00081,2025-06,2.0,35883032.0,17941516.0,3.0,58035857.0,19345285.666666668,2.0,3.0
CUST00081,2025-07,3.0,60552617.0,20184205.666666668,6.0,224770155.0,37461692.5,3.0,6.0
CUST00081,2025-08,1.0,17995320.0,17995320.0,1.0,12378530.0,12378530.0,1.0,1.0
CUST00081,2025-09,2.0,12975852.0,6487926.0,6.0,70037185.0,11672864.166666666,2.0,6.0
CUST00081,2025-10,4.0,82284984.0,20571246.0,3.0,29149714.0,9716571.333333334,4.0,3.0
CUST00081,2025-11,0.0,0.0,0.0,4.0,26188126.0,6547031.5,0.0,4.0
CUST00081,2025-12,0.0,0.0,0.0,1.0,2964912.0,2964912.0,0.0,1.0
CUST00082,2025-01,2.0,23837058.0,11918529.0,1.0,1766674.0,1766674.0,2.0,1.0
CUST00082,2025-02,2.0,75706984.0,37853492.0,0.0,0.0,0.0,2.0,0.0
CUST00082,2025-03,2.0,63820691.0,31910345.5,0.0,0.0,0.0,2.0,0.0
CUST00082,2025-04,0.0,0.0,0.0,1.0,487845.0,487845.0,0.0,1.0
CUST00082,2025-05,2.0,12046495.0,6023247.5,6.0,71232446.0,11872074.333333334,2.0,6.0
CUST00082,2025-06,2.0,30026206.0,15013103.0,3.0,54377567.0,18125855.666666668,2.0,3.0
CUST00082,2025-07,3.0,48195229.0,16065076.333333334,1.0,2937714.0,2937714.0,3.0,1.0
CUST00082,2025-08,1.0,23397409.0,23397409.0,4.0,34663297.0,8665824.25,1.0,4.0
CUST00082,2025-09,1.0,38698863.0,38698863.0,0.0,0.0,0.0,1.0,0.0
CUST00082,2025-10,2.0,22395373.0,11197686.5,2.0,29425518.0,14712759.0,2.0,2.0
CUST00082,2025-11,3.0,63278071.0,21092690.333333332,1.0,4747079.0,4747079.0,3.0,1.0
CUST00082,2025-12,4.0,49922847.0,12480711.75,2.0,13632000.0,6816000.0,4.0,2.0
CUST00083,2025-01,2.0,28393083.0,14196541.5,4.0,39531095.0,9882773.75,2.0,4.0
CUST00083,2025-02,0.0,0.0,0.0,4.0,45960371.0,11490092.75,0.0,4.0
CUST00083,2025-03,3.0,57186170.0,19062056.666666668,0.0,0.0,0.0,3.0,0.0
CUST00083,2025-04,4.0,52881330.0,13220332.5,2.0,3164911.0,1582455.5,4.0,2.0
CUST00083,2025-05,3.0,63969457.0,21323152.333333332,4.0,17368190.0,4342047.5,3.0,4.0
CUST00083,2025-06,2.0,17396174.0,8698087.0,2.0,3438311.0,1719155.5,2.0,2.0
CUST00083,2025-07,0.0,0.0,0.0,3.0,60082990.0,20027663.333333332,0.0,3.0
CUST00083,2025-08,2.0,63191272.0,31595636.0,2.0,5534649.0,2767324.5,2.0,2.0
CUST00083,2025-09,4.0,68401945.0,17100486.25,3.0,27764429.0,9254809.666666666,4.0,3.0
CUST00083,2025-10,1.0,19496254.0,19496254.0,1.0,26761442.0,26761442.0,1.0,1.0
CUST00083,2025-11,3.0,60554448.0,20184816.0,2.0,15626670.0,7813335.0,3.0,2.0
CUST00083,2025-12,2.0,41309328.0,20654664.0,2.0,21633441.0,10816720.5,2.0,2.0
CUST00084,2025-01,4.0,6532428.0,1633107.0,4.0,12351579.0,3087894.75,4.0,4.0
CUST00084,2025-02,2.0,8908544.0,4454272.0,4.0,70293392.0,17573348.0,2.0,4.0
CUST00084,2025-03,2.0,2200543.0,1100271.5,1.0,667098.0,667098.0,2.0,1.0
CUST00084,2025-04,4.0,10218423.0,2554605.75,1.0,332299.0,332299.0,4.0,1.0
CUST00084,2025-05,1.0,1789846.0,1789846.0,2.0,39216214.0,19608107.0,1.0,2.0
CUST00084,2025-06,1.0,3435791.0,3435791.0,0.0,0.0,0.0,1.0,0.0
CUST00084,2025-07,1.0,4064900.0,4064900.0,2.0,171480187.0,85740093.5,1.0,2.0
CUST00084,2025-08,1.0,2814315.0,2814315.0,2.0,8311372.0,4155686.0,1.0,2.0
CUST00084,2025-09,1.0,3716011.0,3716011.0,0.0,0.0,0.0,1.0,0.0
CUST00084,2025-10,2.0,1423070.0,711535.0,3.0,5460049.0,1820016.3333333333,2.0,3.0
CUST00084,2025-11,5.0,8308615.0,1661723.0,2.0,11399184.0,5699592.0,5.0,2.0
CUST00084,2025-12,6.0,16001410.0,2666901.6666666665,3.0,22385776.0,7461925.333333333,6.0,2.0
CUST00085,2025-01,1.0,1682950.0,1682950.0,3.0,3394022.0,1131340.6666666667,1.0,3.0
CUST00085,2025-02,0.0,0.0,0.0,3.0,258915017.0,86305005.66666667,0.0,3.0
CUST00085,2025-03,1.0,693458.0,693458.0,3.0,28811206.0,9603735.333333334,1.0,3.0
CUST00085,2025-04,0.0,0.0,0.0,2.0,7703447.0,3851723.5,0.0,2.0
CUST00085,2025-05,3.0,7319494.0,2439831.3333333335,0.0,0.0,0.0,3.0,0.0
CUST00085,2025-06,3.0,4026715.0,1342238.3333333333,2.0,4445782.0,2222891.0,3.0,2.0
CUST00085,2025-07,1.0,2074644.0,2074644.0,3.0,6284710.0,2094903.3333333333,1.0,2.0
CUST00085,2025-08,2.0,7350884.0,3675442.0,3.0,27326137.0,9108712.333333334,2.0,3.0
CUST00085,2025-09,0.0,0.0,0.0,3.0,10112578.0,3370859.3333333335,0.0,3.0
CUST00085,2025-10,2.0,2881537.0,1440768.5,0.0,0.0,0.0,2.0,0.0
CUST00085,2025-11,1.0,1257969.0,1257969.0,2.0,7413072.0,3706536.0,1.0,2.0
CUST00085,2025-12,2.0,7541096.0,3770548.0,3.0,17543738.0,5847912.666666667,2.0,3.0
CUST00086,2025-01,3.0,13782461.0,4594153.666666667,6.0,62269104.0,10378184.0,3.0,6.0
CUST00086,2025-02,1.0,1805737.0,1805737.0,0.0,0.0,0.0,1.0,0.0
CUST00086,2025-03,2.0,9664985.0,4832492.5,2.0,15337336.0,7668668.0,2.0,2.0
CUST00086,2025-04,3.0,6749557.0,2249852.3333333335,0.0,0.0,0.0,3.0,0.0
CUST00086,2025-06,1.0,344257.0,344257.0,3.0,14398920.0,4799640.0,1.0,3.0
CUST00086,2025-07,2.0,7005480.0,3502740.0,1.0,904233.0,904233.0,2.0,1.0
CUST00086,2025-08,2.0,3855887.0,1927943.5,2.0,6899686.0,3449843.0,2.0,2.0
CUST00086,2025-09,1.0,988078.0,988078.0,0.0,0.0,0.0,1.0,0.0
CUST00086,2025-10,2.0,3338012.0,1669006.0,0.0,0.0,0.0,2.0,0.0
CUST00086,2025-11,2.0,1178449.0,589224.5,1.0,2307226.0,2307226.0,2.0,1.0
CUST00086,2025-12,2.0,2354815.0,1177407.5,2.0,49375529.0,24687764.5,2.0,2.0
CUST00087,2025-01,3.0,4974233.0,1658077.6666666667,5.0,120163399.0,24032679.8,3.0,5.0
CUST00087,2025-02,3.0,17576363.0,5858787.666666667,3.0,40503434.0,13501144.666666666,3.0,3.0
CUST00087,2025-03,4.0,8304273.0,2076068.25,3.0,23666167.0,7888722.333333333,4.0,3.0
CUST00087,2025-04,1.0,466842.0,466842.0,4.0,15636317.0,3909079.25,1.0,4.0
CUST00087,2025-05,1.0,1902139.0,1902139.0,4.0,172111576.0,43027894.0,1.0,4.0
CUST00087,2025-07,3.0,9629467.0,3209822.3333333335,2.0,22089609.0,11044804.5,3.0,2.0
CUST00087,2025-08,3.0,6631117.0,2210372.3333333335,1.0,9595280.0,9595280.0,3.0,1.0
CUST00087,2025-09,3.0,6652221.0,2217407.0,1.0,142232748.0,142232748.0,3.0,1.0
CUST00087,2025-10,4.0,10198157.0,2549539.25,2.0,15808217.0,7904108.5,4.0,2.0
CUST00087,2025-11,1.0,1414660.0,1414660.0,2.0,14824744.0,7412372.0,1.0,2.0
CUST00087,2025-12,2.0,4758000.0,2379000.0,1.0,545184.0,545184.0,2.0,1.0
CUST00088,2025-01,2.0,5916576.0,2958288.0,3.0,298701142.0,99567047.33333333,2.0,3.0
CUST00088,2025-02,3.0,14060775.0,4686925.0,3.0,50581181.0,16860393.666666668,3.0,3.0
CUST00088,2025-03,4.0,13600291.0,3400072.75,2.0,27955839.0,13977919.5,4.0,2.0
CUST00088,2025-04,2.0,16769547.0,8384773.5,1.0,3184401.0,3184401.0,2.0,1.0
CUST00088,2025-05,2.0,1313867.0,656933.5,0.0,0.0,0.0,2.0,0.0
CUST00088,2025-06,1.0,1187501.0,1187501.0,1.0,33982822.0,33982822.0,1.0,1.0
CUST00088,2025-07,3.0,12598877.0,4199625.666666667,4.0,68343669.0,17085917.25,3.0,3.0
CUST00088,2025-08,2.0,946762.0,473381.0,4.0,94698918.0,23674729.5,2.0,4.0
CUST00088,2025-09,4.0,6046508.0,1511627.0,3.0,4697049.0,1565683.0,3.0,3.0
CUST00088,2025-10,3.0,5216941.0,1738980.3333333333,0.0,0.0,0.0,3.0,0.0
CUST00088,2025-11,2.0,1602864.0,801432.0,2.0,111519754.0,55759877.0,2.0,2.0
CUST00088,2025-12,1.0,3607156.0,3607156.0,0.0,0.0,0.0,1.0,0.0
CUST00089,2025-01,2.0,67243640.0,33621820.0,4.0,86218562.0,21554640.5,2.0,4.0
CUST00089,2025-02,2.0,390885140.0,195442570.0,1.0,783157.0,783157.0,2.0,1.0
CUST00089,2025-03,2.0,273272722.0,136636361.0,1.0,45084983.0,45084983.0,2.0,1.0
CUST00089,2025-04,2.0,75319121.0,37659560.5,0.0,0.0,0.0,2.0,0.0
CUST00089,2025-05,3.0,281471656.0,93823885.33333333,3.0,296039644.0,98679881.33333333,3.0,3.0
CUST00089,2025-06,0.0,0.0,0.0,2.0,2808674.0,1404337.0,0.0,2.0
CUST00089,2025-07,3.0,170926332.0,56975444.0,0.0,0.0,0.0,3.0,0.0
CUST00089,2025-08,2.0,179861622.0,89930811.0,0.0,0.0,0.0,2.0,0.0
CUST00089,2025-09,2.0,323178309.0,161589154.5,3.0,11748639.0,3916213.0,2.0,3.0
CUST00089,2025-10,3.0,262090002.0,87363334.0,3.0,108383134.0,36127711.333333336,3.0,3.0
CUST00089,2025-11,3.0,459858324.0,153286108.0,3.0,69740642.0,23246880.666666668,3.0,3.0
CUST00089,2025-12,2.0,67457105.0,33728552.5,2.0,4261012.0,2130506.0,2.0,2.0
CUST00090,2025-01,1.0,16664276.0,16664276.0,2.0,37705464.0,18852732.0,1.0,2.0
CUST00090,2025-02,2.0,29833328.0,14916664.0,3.0,19381524.0,6460508.0,2.0,3.0
CUST00090,2025-03,3.0,71201898.0,23733966.0,2.0,32086399.0,16043199.5,3.0,2.0
CUST00090,2025-04,4.0,184033184.0,46008296.0,4.0,219655435.0,54913858.75,4.0,4.0
CUST00090,2025-05,0.0,0.0,0.0,2.0,5746433.0,2873216.5,0.0,2.0
CUST00090,2025-06,4.0,92196773.0,23049193.25,0.0,0.0,0.0,4.0,0.0
CUST00090,2025-07,0.0,0.0,0.0,8.0,80316435.0,10039554.375,0.0,6.0
CUST00090,2025-08,2.0,55371026.0,27685513.0,4.0,67369445.0,16842361.25,2.0,4.0
CUST00090,2025-09,2.0,56557672.0,28278836.0,3.0,17581036.0,5860345.333333333,2.0,3.0
CUST00090,2025-10,2.0,31841866.0,15920933.0,3.0,14249179.0,4749726.333333333,2.0,3.0
CUST00090,2025-11,1.0,47257786.0,47257786.0,1.0,9882010.0,9882010.0,1.0,1.0
CUST00090,2025-12,2.0,90828790.0,45414395.0,2.0,85578760.0,42789380.0,2.0,2.0
CUST00091,2025-01,3.0,5762834.0,1920944.6666666667,1.0,1762982.0,1762982.0,3.0,1.0
CUST00091,2025-02,2.0,16700401.0,8350200.5,2.0,5329770.0,2664885.0,2.0,2.0
CUST00091,2025-03,0.0,0.0,0.0,4.0,22712886.0,5678221.5,0.0,4.0
CUST00091,2025-04,1.0,1423031.0,1423031.0,1.0,178320659.0,178320659.0,1.0,1.0
CUST00091,2025-05,1.0,5894512.0,5894512.0,0.0,0.0,0.0,1.0,0.0
CUST00091,2025-06,3.0,3684801.0,1228267.0,2.0,27636099.0,13818049.5,3.0,2.0
CUST00091,2025-07,3.0,5721316.0,1907105.3333333333,0.0,0.0,0.0,3.0,0.0
CUST00091,2025-08,1.0,5051407.0,5051407.0,0.0,0.0,0.0,1.0,0.0
CUST00091,2025-09,2.0,5772800.0,2886400.0,2.0,23269723.0,11634861.5,2.0,2.0
CUST00091,2025-10,1.0,363509.0,363509.0,0.0,0.0,0.0,1.0,0.0
CUST00091,2025-11,0.0,0.0,0.0,4.0,10595481.0,2648870.25,0.0,3.0
CUST00091,2025-12,1.0,1661295.0,1661295.0,5.0,22568668.0,4513733.6,1.0,5.0
CUST00092,2025-01,2.0,4853130.0,2426565.0,3.0,13270595.0,4423531.666666667,2.0,3.0
CUST00092,2025-02,1.0,1467820.0,1467820.0,2.0,13909501.0,6954750.5,1.0,2.0
CUST00092,2025-03,2.0,1646831.0,823415.5,1.0,906072.0,906072.0,2.0,1.0
CUST00092,2025-04,2.0,7484786.0,3742393.0,1.0,4565971.0,4565971.0,2.0,1.0
CUST00092,2025-05,2.0,14956527.0,7478263.5,3.0,44939391.0,14979797.0,2.0,3.0
CUST00092,2025-07,4.0,7142845.0,1785711.25,1.0,5856485.0,5856485.0,4.0,1.0
CUST00092,2025-08,1.0,3470014.0,3470014.0,3.0,20777350.0,6925783.333333333,1.0,3.0
CUST00092,2025-09,5.0,18828471.0,3765694.2,1.0,460044.0,460044.0,5.0,1.0
CUST00092,2025-10,2.0,13731730.0,6865865.0,1.0,245229618.0,245229618.0,2.0,1.0
CUST00092,2025-11,2.0,3131889.0,1565944.5,4.0,17051196.0,4262799.0,2.0,3.0
CUST00092,2025-12,5.0,21126132.0,4225226.4,6.0,29598217.0,4933036.166666667,5.0,5.0
CUST00093,2025-01,3.0,4349882.0,1449960.6666666667,0.0,0.0,0.0,3.0,0.0
CUST00093,2025-02,1.0,715439.0,715439.0,3.0,62651729.0,20883909.666666668,1.0,3.0
CUST00093,2025-03,2.0,4108180.0,2054090.0,3.0,62367665.0,20789221.666666668,2.0,3.0
CUST00093,2025-04,1.0,2317138.0,2317138.0,1.0,21204634.0,21204634.0,1.0,1.0
CUST00093,2025-05,1.0,736757.0,736757.0,2.0,36974722.0,18487361.0,1.0,2.0
CUST00093,2025-06,2.0,4675040.0,2337520.0,3.0,137464757.0,45821585.666666664,2.0,3.0
CUST00093,2025-07,4.0,14799778.0,3699944.5,2.0,29507421.0,14753710.5,4.0,2.0
CUST00093,2025-08,0.0,0.0,0.0,1.0,3435050.0,3435050.0,0.0,1.0
CUST00093,2025-09,1.0,1582211.0,1582211.0,0.0,0.0,0.0,1.0,0.0
CUST00093,2025-10,5.0,18943208.0,3788641.6,1.0,6459419.0,6459419.0,5.0,1.0
CUST00093,2025-11,1.0,1024963.0,1024963.0,4.0,46701236.0,11675309.0,1.0,4.0
CUST00093,2025-12,2.0,1633594.0,816797.0,3.0,9766792.0,3255597.3333333335,2.0,3.0
CUST00094,2025-01,4.0,95753111.0,23938277.75,4.0,26541209.0,6635302.25,4.0,4.0
CUST00094,2025-02,3.0,62176786.0,20725595.333333332,1.0,83395429.0,83395429.0,3.0,1.0
CUST00094,2025-03,0.0,0.0,0.0,1.0,2585544.0,2585544.0,0.0,1.0
CUST00094,2025-04,7.0,100880800.0,14411542.857142856,1.0,314477941.0,314477941.0,7.0,1.0
CUST00094,2025-05,5.0,78723658.0,15744731.6,3.0,8914749.0,2971583.0,5.0,3.0
CUST00094,2025-06,4.0,112642797.0,28160699.25,2.0,27258773.0,13629386.5,4.0,2.0
CUST00094,2025-07,0.0,0.0,0.0,5.0,29215887.0,5843177.4,0.0,5.0
CUST00094,2025-08,1.0,17743897.0,17743897.0,2.0,41089123.0,20544561.5,1.0,2.0
CUST00094,2025-09,1.0,7378397.0,7378397.0,2.0,7175559.0,3587779.5,1.0,2.0
CUST00094,2025-10,3.0,53788082.0,17929360.666666668,0.0,0.0,0.0,3.0,0.0
CUST00094,2025-11,1.0,20476632.0,20476632.0,3.0,13032241.0,4344080.333333333,1.0,3.0
CUST00094,2025-12,0.0,0.0,0.0,4.0,24918704.0,6229676.0,0.0,4.0
CUST00095,2025-01,2.0,1607325.0,803662.5,1.0,1859006.0,1859006.0,2.0,1.0
CUST00095,2025-02,3.0,11369440.0,3789813.3333333335,0.0,0.0,0.0,3.0,0.0
CUST00095,2025-03,3.0,4104254.0,1368084.6666666667,0.0,0.0,0.0,3.0,0.0
CUST00095,2025-04,1.0,639562.0,639562.0,0.0,0.0,0.0,1.0,0.0
CUST00095,2025-05,3.0,7002983.0,2334327.6666666665,6.0,75441906.0,12573651.0,3.0,6.0
CUST00095,2025-06,3.0,8312147.0,2770715.6666666665,3.0,8096112.0,2698704.0,3.0,3.0
CUST00095,2025-07,2.0,2029891.0,1014945.5,2.0,2783496.0,1391748.0,2.0,2.0
CUST00095,2025-08,2.0,4796616.0,2398308.0,0.0,0.0,0.0,2.0,0.0
CUST00095,2025-09,2.0,2016944.0,1008472.0,2.0,5480758.0,2740379.0,2.0,2.0
CUST00095,2025-10,1.0,528377.0,528377.0,3.0,7298817.0,2432939.0,1.0,3.0
CUST00095,2025-11,0.0,0.0,0.0,3.0,20747955.0,6915985.0,0.0,3.0
CUST00095,2025-12,1.0,4010406.0,4010406.0,1.0,6198563.0,6198563.0,1.0,1.0
CUST00096,2025-01,3.0,212798039.0,70932679.66666667,0.0,0.0,0.0,3.0,0.0
CUST00096,2025-02,5.0,433382967.0,86676593.4,1.0,3427506.0,3427506.0,5.0,1.0
CUST00096,2025-03,2.0,189857221.0,94928610.5,0.0,0.0,0.0,2.0,0.0
CUST00096,2025-04,1.0,147963410.0,147963410.0,0.0,0.0,0.0,1.0,0.0
CUST00096,2025-05,2.0,303601063.0,151800531.5,1.0,1254722.0,1254722.0,2.0,1.0
CUST00096,2025-06,1.0,62021060.0,62021060.0,2.0,11788925.0,5894462.5,1.0,2.0
CUST00096,2025-07,4.0,562785931.0,140696482.75,3.0,7386553.0,2462184.3333333335,4.0,3.0
CUST00096,2025-08,2.0,108121780.0,54060890.0,2.0,4486753.0,2243376.5,2.0,2.0
CUST00096,2025-09,2.0,113462140.0,56731070.0,4.0,25742828.0,6435707.0,2.0,4.0
CUST00096,2025-10,3.0,304911897.0,101637299.0,2.0,10646728.0,5323364.0,3.0,2.0
CUST00096,2025-11,1.0,131048328.0,131048328.0,2.0,34432807.0,17216403.5,1.0,2.0
CUST00096,2025-12,1.0,398599394.0,398599394.0,3.0,25845807.0,8615269.0,1.0,3.0
CUST00097,2025-01,2.0,2153410.0,1076705.0,1.0,1159204.0,1159204.0,2.0,1.0
CUST00097,2025-02,2.0,9057761.0,4528880.5,2.0,8883880.0,4441940.0,2.0,2.0
CUST00097,2025-03,2.0,14839431.0,7419715.5,2.0,10293804.0,5146902.0,2.0,2.0
CUST00097,2025-04,1.0,2368003.0,2368003.0,5.0,25039381.0,5007876.2,1.0,5.0
CUST00097,2025-05,3.0,17910610.0,5970203.333333333,2.0,4594198.0,2297099.0,3.0,2.0
CUST00097,2025-06,1.0,5251729.0,5251729.0,3.0,25197803.0,8399267.666666666,1.0,3.0
CUST00097,2025-07,1.0,3527788.0,3527788.0,2.0,34233132.0,17116566.0,1.0,2.0
CUST00097,2025-08,1.0,2406939.0,2406939.0,4.0,46528664.0,11632166.0,1.0,4.0
CUST00097,2025-09,2.0,3138235.0,1569117.5,0.0,0.0,0.0,2.0,0.0
CUST00097,2025-10,7.0,22696639.0,3242377.0,2.0,9899133.0,4949566.5,7.0,2.0
CUST00097,2025-12,2.0,2049437.0,1024718.5,0.0,0.0,0.0,2.0,0.0
CUST00098,2025-01,4.0,361063516.0,90265879.0,1.0,2925138.0,2925138.0,4.0,1.0
CUST00098,2025-02,1.0,36965780.0,36965780.0,2.0,134501382.0,67250691.0,1.0,2.0
CUST00098,2025-03,7.0,385583404.0,55083343.428571425,1.0,5236442.0,5236442.0,7.0,1.0
CUST00098,2025-04,2.0,251893381.0,125946690.5,2.0,1877842.0,938921.0,2.0,2.0
CUST00098,2025-05,1.0,100090996.0,100090996.0,3.0,50109110.0,16703036.666666666,1.0,3.0
CUST00098,2025-06,0.0,0.0,0.0,3.0,32851015.0,10950338.333333334,0.0,3.0
CUST00098,2025-07,4.0,398419107.0,99604776.75,2.0,15208565.0,7604282.5,4.0,2.0
CUST00098,2025-08,1.0,78320484.0,78320484.0,4.0,125336532.0,31334133.0,1.0,4.0
CUST00098,2025-09,3.0,167088469.0,55696156.333333336,1.0,7045630.0,7045630.0,3.0,1.0
CUST00098,2025-10,3.0,329569067.0,109856355.66666667,4.0,45252083.0,11313020.75,3.0,4.0
CUST00098,2025-11,3.0,412507260.0,137502420.0,4.0,41440877.0,10360219.25,3.0,4.0
CUST00098,2025-12,3.0,482043535.0,160681178.33333334,0.0,0.0,0.0,3.0,0.0
CUST00099,2025-01,1.0,78154587.0,78154587.0,2.0,9684700.0,4842350.0,1.0,2.0
CUST00099,2025-02,3.0,48003954.0,16001318.0,2.0,22655564.0,11327782.0,3.0,2.0
CUST00099,2025-03,3.0,41467730.0,13822576.666666666,1.0,13139082.0,13139082.0,3.0,1.0
CUST00099,2025-04,1.0,18908739.0,18908739.0,0.0,0.0,0.0,1.0,0.0
CUST00099,2025-05,0.0,0.0,0.0,1.0,8206145.0,8206145.0,0.0,1.0
CUST00099,2025-06,2.0,29446379.0,14723189.5,6.0,50314498.0,8385749.666666667,2.0,6.0
CUST00099,2025-07,2.0,43287424.0,21643712.0,1.0,8571840.0,8571840.0,2.0,1.0
CUST00099,2025-08,4.0,96888763.0,24222190.75,3.0,39082009.0,13027336.333333334,4.0,2.0
CUST00099,2025-09,0.0,0.0,0.0,3.0,17746644.0,5915548.0,0.0,3.0
CUST00099,2025-10,4.0,156503288.0,39125822.0,0.0,0.0,0.0,4.0,0.0
CUST00099,2025-11,3.0,82798464.0,27599488.0,0.0,0.0,0.0,3.0,0.0
CUST00099,2025-12,0.0,0.0,0.0,5.0,69008915.0,13801783.0,0.0,5.0
CUST00100,2025-01,4.0,13379074.0,3344768.5,1.0,1545700.0,1545700.0,4.0,1.0
CUST00100,2025-02,2.0,3894736.0,1947368.0,2.0,4196562.0,2098281.0,2.0,2.0
CUST00100,2025-03,3.0,2206473.0,735491.0,1.0,5390514.0,5390514.0,3.0,1.0
CUST00100,2025-04,1.0,1521130.0,1521130.0,3.0,12631198.0,4210399.333333333,1.0,3.0
CUST00100,2025-05,2.0,1920245.0,960122.5,3.0,18363204.0,6121068.0,2.0,3.0
CUST00100,2025-06,3.0,8065094.0,2688364.6666666665,5.0,98777041.0,19755408.2,3.0,5.0
CUST00100,2025-07,2.0,3007019.0,1503509.5,2.0,8414239.0,4207119.5,2.0,2.0
CUST00100,2025-08,0.0,0.0,0.0,2.0,115131498.0,57565749.0,0.0,2.0
CUST00100,2025-09,3.0,4948411.0,1649470.3333333333,4.0,115464060.0,28866015.0,3.0,4.0
CUST00100,2025-10,5.0,21832939.0,4366587.8,2.0,5419858.0,2709929.0,5.0,2.0
CUST00100,2025-11,2.0,8203995.0,4101997.5,2.0,16744299.0,8372149.5,2.0,2.0
CUST00100,2025-12,1.0,970622.0,970622.0,3.0,41983653.0,13994551.0,1.0,3.0
CUST00101,2025-01,1.0,336682678.0,336682678.0,3.0,44864588.0,14954862.666666666,1.0,3.0
CUST00101,2025-02,3.0,151568242.0,50522747.333333336,3.0,22275068.0,7425022.666666667,3.0,3.0
CUST00101,2025-03,0.0,0.0,0.0,4.0,65723290.0,16430822.5,0.0,4.0
CUST00101,2025-04,1.0,15347935.0,15347935.0,3.0,42696726.0,14232242.0,1.0,3.0
CUST00101,2025-05,1.0,108779279.0,108779279.0,3.0,43248312.0,14416104.0,1.0,3.0
CUST00101,2025-06,0.0,0.0,0.0,2.0,114507567.0,57253783.5,0.0,2.0
CUST00101,2025-07,4.0,443236630.0,110809157.5,2.0,14459687.0,7229843.5,4.0,2.0
CUST00101,2025-08,3.0,259742286.0,86580762.0,4.0,25566312.0,6391578.0,3.0,4.0
CUST00101,2025-09,1.0,102337556.0,102337556.0,0.0,0.0,0.0,1.0,0.0
CUST00101,2025-10,2.0,151379564.0,75689782.0,3.0,5225862.0,1741954.0,2.0,3.0
CUST00101,2025-11,3.0,199625894.0,66541964.666666664,1.0,10819132.0,10819132.0,3.0,1.0
CUST00101,2025-12,4.0,203272064.0,50818016.0,5.0,28176451.0,5635290.2,4.0,5.0
CUST00102,2025-02,0.0,0.0,0.0,3.0,11762498.0,3920832.6666666665,0.0,3.0
CUST00102,2025-03,1.0,3115573.0,3115573.0,3.0,20204072.0,6734690.666666667,1.0,2.0
CUST00102,2025-04,2.0,2178562.0,1089281.0,1.0,7225103.0,7225103.0,2.0,1.0
CUST00102,2025-05,2.0,5461772.0,2730886.0,0.0,0.0,0.0,2.0,0.0
CUST00102,2025-06,2.0,15150756.0,7575378.0,1.0,647439.0,647439.0,2.0,1.0
CUST00102,2025-07,4.0,7732959.0,1933239.75,1.0,3287982.0,3287982.0,4.0,1.0
CUST00102,2025-08,3.0,5328263.0,1776087.6666666667,4.0,42295264.0,10573816.0,3.0,4.0
CUST00102,2025-09,1.0,2052645.0,2052645.0,1.0,209244602.0,209244602.0,1.0,1.0
CUST00102,2025-10,1.0,3695436.0,3695436.0,2.0,4754560.0,2377280.0,1.0,2.0
CUST00102,2025-11,2.0,2375326.0,1187663.0,2.0,15130509.0,7565254.5,2.0,2.0
CUST00102,2025-12,1.0,461370.0,461370.0,0.0,0.0,0.0,1.0,0.0
CUST00103,2025-01,1.0,17312136.0,17312136.0,2.0,5047785.0,2523892.5,1.0,2.0
CUST00103,2025-02,1.0,8252019.0,8252019.0,1.0,1561599.0,1561599.0,1.0,1.0
CUST00103,2025-03,3.0,79888415.0,26629471.666666668,3.0,54058401.0,18019467.0,3.0,3.0
CUST00103,2025-04,3.0,51855461.0,17285153.666666668,1.0,866610.0,866610.0,3.0,1.0
CUST00103,2025-05,2.0,27245474.0,13622737.0,4.0,27140620.0,6785155.0,2.0,4.0
CUST00103,2025-06,1.0,19012556.0,19012556.0,2.0,2518639.0,1259319.5,1.0,2.0
CUST00103,2025-07,0.0,0.0,0.0,1.0,72266468.0,72266468.0,0.0,1.0
CUST00103,2025-08,0.0,0.0,0.0,3.0,17534510.0,5844836.666666667,0.0,3.0
CUST00103,2025-09,3.0,40087978.0,13362659.333333334,1.0,6741571.0,6741571.0,3.0,1.0
CUST00103,2025-10,4.0,79403291.0,19850822.75,2.0,3562547.0,1781273.5,4.0,2.0
CUST00103,2025-11,1.0,7615589.0,7615589.0,1.0,1293160.0,1293160.0,1.0,1.0
CUST00103,2025-12,2.0,44504827.0,22252413.5,3.0,11739149.0,3913049.6666666665,2.0,3.0
CUST00104,2025-01,2.0,1558398.0,779199.0,1.0,93651650.0,93651650.0,2.0,1.0
CUST00104,2025-02,2.0,3612346.0,1806173.0,2.0,39134814.0,19567407.0,2.0,2.0
CUST00104,2025-03,1.0,5027228.0,5027228.0,2.0,30617942.0,15308971.0,1.0,2.0
CUST00104,2025-04,3.0,7907824.0,2635941.3333333335,2.0,18624055.0,9312027.5,3.0,2.0
CUST00104,2025-05,2.0,6046039.0,3023019.5,2.0,4235538.0,2117769.0,2.0,2.0
CUST00104,2025-06,3.0,5751834.0,1917278.0,8.0,273835423.0,34229427.875,3.0,8.0
CUST00104,2025-07,1.0,4204910.0,4204910.0,5.0,24751168.0,4950233.6,1.0,5.0
CUST00104,2025-08,5.0,12707960.0,2541592.0,1.0,842837.0,842837.0,5.0,1.0
CUST00104,2025-09,2.0,5390361.0,2695180.5,0.0,0.0,0.0,2.0,0.0
CUST00104,2025-10,1.0,2606321.0,2606321.0,2.0,69739498.0,34869749.0,1.0,2.0
CUST00104,2025-11,0.0,0.0,0.0,1.0,5774811.0,5774811.0,0.0,1.0
CUST00104,2025-12,3.0,5860020.0,1953340.0,1.0,15419103.0,15419103.0,3.0,1.0
CUST00105,2025-01,4.0,77649883.0,19412470.75,1.0,45809153.0,45809153.0,4.0,1.0
CUST00105,2025-02,5.0,65550264.0,13110052.8,0.0,0.0,0.0,5.0,0.0
CUST00105,2025-03,4.0,72053254.0,18013313.5,0.0,0.0,0.0,3.0,0.0
CUST00105,2025-04,4.0,37382176.0,9345544.0,2.0,22434901.0,11217450.5,4.0,2.0
CUST00105,2025-05,2.0,154070411.0,77035205.5,2.0,4894039.0,2447019.5,2.0,2.0
CUST00105,2025-06,0.0,0.0,0.0,1.0,3881343.0,3881343.0,0.0,1.0
CUST00105,2025-07,2.0,55586592.0,27793296.0,3.0,20205528.0,6735176.0,2.0,3.0
CUST00105,2025-08,1.0,17721857.0,17721857.0,2.0,2126498.0,1063249.0,1.0,2.0
CUST00105,2025-09,1.0,20618114.0,20618114.0,4.0,32409411.0,8102352.75,1.0,4.0
CUST00105,2025-10,2.0,22971301.0,11485650.5,0.0,0.0,0.0,2.0,0.0
CUST00105,2025-11,5.0,83848127.0,16769625.4,2.0,4055170.0,2027585.0,5.0,2.0
CUST00106,2025-01,3.0,92461455.0,30820485.0,0.0,0.0,0.0,2.0,0.0
CUST00106,2025-02,1.0,7288853.0,7288853.0,0.0,0.0,0.0,1.0,0.0
CUST00106,2025-03,2.0,14418796.0,7209398.0,2.0,7009732.0,3504866.0,2.0,2.0
CUST00106,2025-04,3.0,97347589.0,32449196.333333332,1.0,5488582.0,5488582.0,3.0,1.0
CUST00106,2025-05,3.0,37423788.0,12474596.0,4.0,37009263.0,9252315.75,3.0,4.0
CUST00106,2025-06,3.0,67367662.0,22455887.333333332,2.0,3259584.0,1629792.0,3.0,2.0
CUST00106,2025-07,0.0,0.0,0.0,2.0,29811352.0,14905676.0,0.0,2.0
CUST00106,2025-08,2.0,54299966.0,27149983.0,2.0,4488378.0,2244189.0,2.0,2.0
CUST00106,2025-09,2.0,67846810.0,33923405.0,2.0,8121993.0,4060996.5,2.0,2.0
CUST00106,2025-10,1.0,8337592.0,8337592.0,1.0,23658971.0,23658971.0,1.0,1.0
CUST00106,2025-11,4.0,97339603.0,24334900.75,2.0,27407645.0,13703822.5,4.0,2.0
CUST00106,2025-12,1.0,41785201.0,41785201.0,1.0,1166038.0,1166038.0,1.0,1.0
CUST00107,2025-01,1.0,31173437.0,31173437.0,3.0,27376333.0,9125444.333333334,1.0,3.0
CUST00107,2025-02,4.0,61904977.0,15476244.25,1.0,1508405.0,1508405.0,4.0,1.0
CUST00107,2025-03,3.0,63352071.0,21117357.0,5.0,75533585.0,15106717.0,3.0,5.0
CUST00107,2025-04,2.0,67311662.0,33655831.0,5.0,55821691.0,11164338.2,2.0,4.0
CUST00107,2025-05,1.0,7330498.0,7330498.0,2.0,2741184.0,1370592.0,1.0,2.0
CUST00107,2025-06,3.0,67305844.0,22435281.333333332,0.0,0.0,0.0,3.0,0.0
CUST00107,2025-07,1.0,6407483.0,6407483.0,4.0,24738414.0,6184603.5,1.0,4.0
CUST00107,2025-08,1.0,1502952.0,1502952.0,1.0,4507680.0,4507680.0,1.0,1.0
CUST00107,2025-09,1.0,19914675.0,19914675.0,2.0,96740280.0,48370140.0,1.0,2.0
CUST00107,2025-10,7.0,166903335.0,23843333.57142857,2.0,13102517.0,6551258.5,7.0,2.0
CUST00107,2025-11,4.0,64001644.0,16000411.0,2.0,3433498.0,1716749.0,4.0,2.0
CUST00107,2025-12,1.0,19421833.0,19421833.0,2.0,6997947.0,3498973.5,1.0,2.0
CUST00108,2025-01,4.0,115591771.0,28897942.75,2.0,5483897.0,2741948.5,4.0,1.0
CUST00108,2025-02,3.0,80943994.0,26981331.333333332,2.0,40121987.0,20060993.5,3.0,2.0
CUST00108,2025-03,3.0,55251337.0,18417112.333333332,2.0,6286133.0,3143066.5,3.0,2.0
CUST00108,2025-04,1.0,4388162.0,4388162.0,2.0,68182470.0,34091235.0,1.0,2.0
CUST00108,2025-05,3.0,31372614.0,10457538.0,3.0,184846706.0,61615568.666666664,3.0,3.0
CUST00108,2025-06,4.0,38255775.0,9563943.75,1.0,2104135.0,2104135.0,4.0,1.0
CUST00108,2025-07,4.0,67596957.0,16899239.25,0.0,0.0,0.0,4.0,0.0
CUST00108,2025-08,0.0,0.0,0.0,3.0,252413086.0,84137695.33333333,0.0,3.0
CUST00108,2025-09,2.0,40287013.0,20143506.5,3.0,76652803.0,25550934.333333332,2.0,3.0
CUST00108,2025-10,6.0,94487475.0,15747912.5,1.0,3454861.0,3454861.0,6.0,1.0
CUST00108,2025-11,4.0,40668457.0,10167114.25,2.0,5960747.0,2980373.5,4.0,2.0
CUST00108,2025-12,4.0,66462494.0,16615623.5,0.0,0.0,0.0,4.0,0.0
CUST00109,2025-01,1.0,826827.0,826827.0,2.0,6299931.0,3149965.5,1.0,2.0
CUST00109,2025-02,5.0,12011623.0,2402324.6,1.0,8880651.0,8880651.0,5.0,1.0
CUST00109,2025-03,2.0,5126186.0,2563093.0,3.0,7706699.0,2568899.6666666665,2.0,3.0
CUST00109,2025-04,2.0,2018008.0,1009004.0,1.0,127369548.0,127369548.0,2.0,1.0
CUST00109,2025-05,0.0,0.0,0.0,1.0,1136368.0,1136368.0,0.0,1.0
CUST00109,2025-06,1.0,1488795.0,1488795.0,1.0,4233832.0,4233832.0,1.0,1.0
CUST00109,2025-07,1.0,5700008.0,5700008.0,2.0,13161501.0,6580750.5,1.0,2.0
CUST00109,2025-08,2.0,3839226.0,1919613.0,1.0,1221810.0,1221810.0,2.0,1.0
CUST00109,2025-09,3.0,6833764.0,2277921.3333333335,2.0,92269060.0,46134530.0,3.0,2.0
CUST00109,2025-10,2.0,1922561.0,961280.5,3.0,17533720.0,5844573.333333333,2.0,3.0
CUST00109,2025-11,5.0,14163862.0,2832772.4,1.0,2997632.0,2997632.0,4.0,1.0
CUST00109,2025-12,2.0,7190191.0,3595095.5,9.0,174191977.0,19354664.111111112,2.0,8.0
CUST00110,2025-01,1.0,179772.0,179772.0,1.0,5685409.0,5685409.0,1.0,1.0
CUST00110,2025-02,3.0,9816130.0,3272043.3333333335,2.0,7813871.0,3906935.5,3.0,2.0
CUST00110,2025-03,5.0,7983115.0,1596623.0,3.0,102871606.0,34290535.333333336,5.0,3.0
CUST00110,2025-04,2.0,8380030.0,4190015.0,2.0,12825908.0,6412954.0,2.0,2.0
CUST00110,2025-05,2.0,2036678.0,1018339.0,2.0,2260436.0,1130218.0,2.0,2.0
CUST00110,2025-06,2.0,2663884.0,1331942.0,2.0,4592043.0,2296021.5,2.0,2.0
CUST00110,2025-07,1.0,5906681.0,5906681.0,6.0,181497202.0,30249533.666666668,1.0,5.0
CUST00110,2025-08,2.0,4366140.0,2183070.0,3.0,72562440.0,24187480.0,2.0,3.0
CUST00110,2025-09,4.0,9416269.0,2354067.25,1.0,7546045.0,7546045.0,4.0,1.0
CUST00110,2025-10,3.0,7628796.0,2542932.0,4.0,38248318.0,9562079.5,3.0,3.0
CUST00110,2025-11,4.0,19597523.0,4899380.75,3.0,18361946.0,6120648.666666667,4.0,3.0
CUST00111,2025-01,1.0,5465229.0,5465229.0,4.0,166514971.0,41628742.75,1.0,4.0
CUST00111,2025-02,3.0,9585164.0,3195054.6666666665,4.0,44088890.0,11022222.5,3.0,4.0
CUST00111,2025-03,2.0,950268.0,475134.0,3.0,48231025.0,16077008.333333334,2.0,3.0
CUST00111,2025-04,3.0,12024357.0,4008119.0,1.0,7484508.0,7484508.0,3.0,1.0
CUST00111,2025-05,3.0,11658778.0,3886259.3333333335,4.0,12016637.0,3004159.25,3.0,4.0
CUST00111,2025-06,3.0,11754313.0,3918104.3333333335,1.0,1349100.0,1349100.0,3.0,1.0
CUST00111,2025-07,2.0,1479184.0,739592.0,4.0,36629674.0,9157418.5,2.0,4.0
CUST00111,2025-08,0.0,0.0,0.0,3.0,44811956.0,14937318.666666666,0.0,3.0
CUST00111,2025-09,1.0,2599917.0,2599917.0,1.0,10230383.0,10230383.0,1.0,1.0
CUST00111,2025-10,3.0,4969624.0,1656541.3333333333,4.0,68242050.0,17060512.5,3.0,4.0
CUST00111,2025-11,6.0,16560373.0,2760062.1666666665,1.0,35619991.0,35619991.0,6.0,1.0
CUST00111,2025-12,6.0,21998409.0,3666401.5,2.0,127078308.0,63539154.0,6.0,2.0
CUST00112,2025-01,2.0,2320778.0,1160389.0,5.0,11639963.0,2327992.6,2.0,4.0
CUST00112,2025-02,2.0,2711844.0,1355922.0,0.0,0.0,0.0,2.0,0.0
CUST00112,2025-03,2.0,5519945.0,2759972.5,5.0,150806200.0,30161240.0,2.0,5.0
CUST00112,2025-04,1.0,6269957.0,6269957.0,1.0,46217583.0,46217583.0,1.0,1.0
CUST00112,2025-05,4.0,9510079.0,2377519.75,7.0,177078376.0,25296910.85714286,4.0,7.0
CUST00112,2025-06,2.0,1916863.0,958431.5,2.0,4396276.0,2198138.0,2.0,2.0
CUST00112,2025-07,2.0,4086618.0,2043309.0,1.0,416555.0,416555.0,2.0,1.0
CUST00112,2025-08,2.0,7403821.0,3701910.5,0.0,0.0,0.0,2.0,0.0
CUST00112,2025-09,3.0,4969214.0,1656404.6666666667,4.0,26351873.0,6587968.25,2.0,4.0
CUST00112,2025-10,4.0,7344387.0,1836096.75,2.0,2865576.0,1432788.0,4.0,2.0
CUST00112,2025-11,3.0,8256766.0,2752255.3333333335,3.0,16759711.0,5586570.333333333,3.0,3.0
CUST00112,2025-12,3.0,15835726.0,5278575.333333333,0.0,0.0,0.0,3.0,0.0
CUST00113,2025-01,3.0,25670824.0,8556941.333333334,3.0,30731868.0,10243956.0,3.0,3.0
CUST00113,2025-02,1.0,14196465.0,14196465.0,2.0,42802660.0,21401330.0,1.0,2.0
CUST00113,2025-03,2.0,139263566.0,69631783.0,1.0,4506396.0,4506396.0,2.0,1.0
CUST00113,2025-04,3.0,36186067.0,12062022.333333334,0.0,0.0,0.0,3.0,0.0
CUST00113,2025-05,3.0,47686968.0,15895656.0,5.0,118395338.0,23679067.6,3.0,5.0
CUST00113,2025-06,1.0,7058944.0,7058944.0,3.0,22709215.0,7569738.333333333,1.0,3.0
CUST00113,2025-07,3.0,36200182.0,12066727.333333334,0.0,0.0,0.0,3.0,0.0
CUST00113,2025-08,3.0,78471609.0,26157203.0,3.0,6867228.0,2289076.0,3.0,3.0
CUST00113,2025-09,3.0,55896031.0,18632010.333333332,3.0,39780826.0,13260275.333333334,3.0,3.0
CUST00113,2025-10,2.0,60891159.0,30445579.5,3.0,20093479.0,6697826.333333333,2.0,3.0
CUST00113,2025-11,3.0,73823746.0,24607915.333333332,2.0,73300258.0,36650129.0,3.0,2.0
CUST00113,2025-12,2.0,47066565.0,23533282.5,4.0,119815906.0,29953976.5,2.0,4.0
CUST00114,2025-01,0.0,0.0,0.0,5.0,53264676.0,10652935.2,0.0,5.0
CUST00114,2025-02,2.0,6686489.0,3343244.5,0.0,0.0,0.0,2.0,0.0
CUST00114,2025-03,1.0,2761899.0,2761899.0,1.0,3246934.0,3246934.0,1.0,1.0
CUST00114,2025-04,2.0,2723957.0,1361978.5,0.0,0.0,0.0,2.0,0.0
CUST00114,2025-05,0.0,0.0,0.0,1.0,4107768.0,4107768.0,0.0,1.0
CUST00114,2025-06,3.0,5173403.0,1724467.6666666667,3.0,67646209.0,22548736.333333332,3.0,3.0
CUST00114,2025-07,3.0,5030170.0,1676723.3333333333,6.0,149205513.0,24867585.5,2.0,6.0
CUST00114,2025-08,2.0,3325839.0,1662919.5,4.0,193701573.0,48425393.25,2.0,4.0
CUST00114,2025-09,4.0,6540216.0,1635054.0,0.0,0.0,0.0,4.0,0.0
CUST00114,2025-10,2.0,2799978.0,1399989.0,2.0,59448439.0,29724219.5,2.0,2.0
CUST00114,2025-11,1.0,8652709.0,8652709.0,6.0,321518484.0,53586414.0,1.0,6.0
CUST00114,2025-12,2.0,11081123.0,5540561.5,2.0,180491028.0,90245514.0,2.0,2.0
CUST00115,2025-01,4.0,234039144.0,58509786.0,3.0,52395708.0,17465236.0,4.0,3.0
CUST00115,2025-02,0.0,0.0,0.0,2.0,68543252.0,34271626.0,0.0,2.0
CUST00115,2025-03,2.0,153965443.0,76982721.5,3.0,4786929.0,1595643.0,2.0,3.0
CUST00115,2025-04,3.0,1405477813.0,468492604.3333333,2.0,3238788.0,1619394.0,3.0,2.0
CUST00115,2025-05,3.0,490911270.0,163637090.0,4.0,66055789.0,16513947.25,3.0,4.0
CUST00115,2025-06,6.0,794903472.0,132483912.0,2.0,7156203.0,3578101.5,6.0,2.0
CUST00115,2025-07,3.0,653512989.0,217837663.0,3.0,35087296.0,11695765.333333334,3.0,3.0
CUST00115,2025-08,0.0,0.0,0.0,3.0,37290184.0,12430061.333333334,0.0,3.0
CUST00115,2025-09,3.0,387236347.0,129078782.33333333,1.0,16402058.0,16402058.0,3.0,1.0
CUST00115,2025-10,4.0,296557692.0,74139423.0,1.0,2997716.0,2997716.0,4.0,1.0
CUST00115,2025-11,2.0,173944472.0,86972236.0,3.0,36301130.0,12100376.666666666,2.0,3.0
CUST00115,2025-12,4.0,466237732.0,116559433.0,3.0,5121308.0,1707102.6666666667,4.0,3.0
CUST00116,2025-01,3.0,75234844.0,25078281.333333332,1.0,5006920.0,5006920.0,3.0,1.0
CUST00116,2025-02,2.0,38504052.0,19252026.0,2.0,189862572.0,94931286.0,2.0,2.0
CUST00116,2025-03,2.0,43512649.0,21756324.5,5.0,225774560.0,45154912.0,2.0,5.0
CUST00116,2025-04,2.0,27353523.0,13676761.5,2.0,82209511.0,41104755.5,2.0,2.0
CUST00116,2025-05,1.0,15065113.0,15065113.0,4.0,20365805.0,5091451.25,1.0,4.0
CUST00116,2025-06,3.0,34492860.0,11497620.0,4.0,184860578.0,46215144.5,3.0,4.0
CUST00116,2025-07,1.0,11870352.0,11870352.0,2.0,37721652.0,18860826.0,1.0,2.0
CUST00116,2025-08,0.0,0.0,0.0,3.0,23661165.0,7887055.0,0.0,3.0
CUST00116,2025-09,1.0,28561002.0,28561002.0,4.0,48228119.0,12057029.75,1.0,4.0
CUST00116,2025-10,2.0,9289156.0,4644578.0,1.0,59502697.0,59502697.0,2.0,1.0
CUST00116,2025-11,2.0,19074549.0,9537274.5,0.0,0.0,0.0,2.0,0.0
CUST00116,2025-12,0.0,0.0,0.0,3.0,6239215.0,2079738.3333333333,0.0,3.0
CUST00117,2025-01,1.0,43459682.0,43459682.0,1.0,2075905.0,2075905.0,1.0,1.0
CUST00117,2025-02,2.0,33891604.0,16945802.0,3.0,12791738.0,4263912.666666667,2.0,3.0
CUST00117,2025-03,6.0,107740028.0,17956671.333333332,3.0,37682343.0,12560781.0,6.0,3.0
CUST00117,2025-04,1.0,4787809.0,4787809.0,1.0,3336250.0,3336250.0,1.0,1.0
CUST00117,2025-05,5.0,276701437.0,55340287.4,1.0,3590621.0,3590621.0,5.0,1.0
CUST00117,2025-06,1.0,8857988.0,8857988.0,2.0,23290063.0,11645031.5,1.0,2.0
CUST00117,2025-07,2.0,25113856.0,12556928.0,1.0,15789021.0,15789021.0,2.0,1.0
CUST00117,2025-08,2.0,21312156.0,10656078.0,1.0,1894183.0,1894183.0,2.0,1.0
CUST00117,2025-09,1.0,6664624.0,6664624.0,2.0,12634240.0,6317120.0,1.0,2.0
CUST00117,2025-10,0.0,0.0,0.0,5.0,40778686.0,8155737.2,0.0,5.0
CUST00117,2025-11,2.0,35450919.0,17725459.5,4.0,37367853.0,9341963.25,2.0,4.0
CUST00117,2025-12,2.0,17729174.0,8864587.0,0.0,0.0,0.0,2.0,0.0
CUST00118,2025-01,3.0,9046530.0,3015510.0,5.0,37827749.0,7565549.8,3.0,4.0
CUST00118,2025-02,0.0,0.0,0.0,1.0,39172605.0,39172605.0,0.0,1.0
CUST00118,2025-03,1.0,814008.0,814008.0,0.0,0.0,0.0,1.0,0.0
CUST00118,2025-04,2.0,2755103.0,1377551.5,2.0,14673005.0,7336502.5,2.0,2.0
CUST00118,2025-05,1.0,1219415.0,1219415.0,2.0,33807040.0,16903520.0,1.0,2.0
CUST00118,2025-06,1.0,3713421.0,3713421.0,1.0,1614285.0,1614285.0,1.0,1.0
CUST00118,2025-07,0.0,0.0,0.0,2.0,5949263.0,2974631.5,0.0,2.0
CUST00118,2025-08,3.0,7843763.0,2614587.6666666665,0.0,0.0,0.0,3.0,0.0
CUST00118,2025-09,2.0,6327272.0,3163636.0,0.0,0.0,0.0,2.0,0.0
CUST00118,2025-10,2.0,3409923.0,1704961.5,1.0,1031084.0,1031084.0,2.0,1.0
CUST00118,2025-11,2.0,2024094.0,1012047.0,0.0,0.0,0.0,2.0,0.0
CUST00118,2025-12,2.0,5461820.0,2730910.0,1.0,1209865.0,1209865.0,2.0,1.0
CUST00119,2025-01,1.0,22747776.0,22747776.0,6.0,132955316.0,22159219.333333332,1.0,6.0
CUST00119,2025-02,2.0,50025443.0,25012721.5,0.0,0.0,0.0,2.0,0.0
CUST00119,2025-04,0.0,0.0,0.0,1.0,21977992.0,21977992.0,0.0,1.0
CUST00119,2025-05,1.0,5674662.0,5674662.0,0.0,0.0,0.0,1.0,0.0
CUST00119,2025-06,3.0,56896402.0,18965467.333333332,1.0,296676.0,296676.0,3.0,1.0
CUST00119,2025-07,3.0,30573394.0,10191131.333333334,4.0,198070180.0,49517545.0,2.0,4.0
CUST00119,2025-08,2.0,37467309.0,18733654.5,2.0,5822328.0,2911164.0,2.0,2.0
CUST00119,2025-09,3.0,112998267.0,37666089.0,5.0,64557607.0,12911521.4,3.0,5.0
CUST00119,2025-10,2.0,52444921.0,26222460.5,1.0,9354732.0,9354732.0,2.0,1.0
CUST00119,2025-11,1.0,13944716.0,13944716.0,2.0,15074692.0,7537346.0,1.0,1.0
CUST00119,2025-12,1.0,20280740.0,20280740.0,2.0,8949475.0,4474737.5,1.0,2.0
CUST00120,2025-01,1.0,62731492.0,62731492.0,1.0,11988174.0,11988174.0,1.0,1.0
CUST00120,2025-02,2.0,385815543.0,192907771.5,5.0,8181401.0,1636280.2,2.0,4.0
CUST00120,2025-03,4.0,451688256.0,112922064.0,3.0,8899237.0,2966412.3333333335,4.0,3.0
CUST00120,2025-04,4.0,503178944.0,125794736.0,3.0,23629089.0,7876363.0,4.0,3.0
CUST00120,2025-05,2.0,155828919.0,77914459.5,4.0,95970504.0,23992626.0,2.0,4.0
CUST00120,2025-06,0.0,0.0,0.0,2.0,16705086.0,8352543.0,0.0,2.0
CUST00120,2025-07,0.0,0.0,0.0,1.0,2804078.0,2804078.0,0.0,1.0
CUST00120,2025-08,3.0,127334703.0,42444901.0,4.0,97455324.0,24363831.0,3.0,4.0
CUST00120,2025-09,2.0,102077824.0,51038912.0,4.0,10714296.0,2678574.0,2.0,4.0
CUST00120,2025-10,2.0,206628803.0,103314401.5,2.0,15002472.0,7501236.0,2.0,2.0
CUST00120,2025-11,4.0,268749887.0,67187471.75,1.0,1299177.0,1299177.0,4.0,1.0
CUST00120,2025-12,2.0,82051877.0,41025938.5,0.0,0.0,0.0,2.0,0.0
CUST00121,2025-01,1.0,2916369.0,2916369.0,1.0,20471332.0,20471332.0,1.0,1.0
CUST00121,2025-02,3.0,6649474.0,2216491.3333333335,3.0,43880342.0,14626780.666666666,3.0,3.0
CUST00121,2025-03,1.0,3212704.0,3212704.0,3.0,20057726.0,6685908.666666667,1.0,3.0
CUST00121,2025-04,3.0,4235897.0,1411965.6666666667,2.0,33992628.0,16996314.0,3.0,2.0
CUST00121,2025-05,1.0,683903.0,683903.0,3.0,18709805.0,6236601.666666667,1.0,3.0
CUST00121,2025-06,1.0,3889064.0,3889064.0,0.0,0.0,0.0,1.0,0.0
CUST00121,2025-07,4.0,33221027.0,8305256.75,3.0,72271298.0,24090432.666666668,4.0,3.0
CUST00121,2025-08,1.0,11669466.0,11669466.0,2.0,30174806.0,15087403.0,1.0,2.0
CUST00121,2025-09,2.0,2939241.0,1469620.5,4.0,29047267.0,7261816.75,2.0,4.0
CUST00121,2025-10,1.0,2922373.0,2922373.0,4.0,9149012.0,2287253.0,1.0,4.0
CUST00121,2025-11,6.0,8642393.0,1440398.8333333333,2.0,4276971.0,2138485.5,6.0,2.0
CUST00121,2025-12,1.0,998259.0,998259.0,2.0,50262698.0,25131349.0,1.0,2.0
CUST00122,2025-01,2.0,54190918.0,27095459.0,4.0,374487495.0,93621873.75,2.0,4.0
CUST00122,2025-02,0.0,0.0,0.0,1.0,22677788.0,22677788.0,0.0,1.0
CUST00122,2025-03,7.0,106407425.0,15201060.714285715,2.0,38346777.0,19173388.5,7.0,2.0
CUST00122,2025-04,6.0,100325000.0,16720833.333333334,2.0,118682739.0,59341369.5,6.0,2.0
CUST00122,2025-05,0.0,0.0,0.0,2.0,214696346.0,107348173.0,0.0,2.0
CUST00122,2025-06,0.0,0.0,0.0,4.0,54489780.0,13622445.0,0.0,4.0
CUST00122,2025-07,2.0,13338199.0,6669099.5,2.0,101597425.0,50798712.5,2.0,1.0
CUST00122,2025-08,2.0,33685622.0,16842811.0,2.0,46022304.0,23011152.0,2.0,2.0
CUST00122,2025-09,1.0,40323078.0,40323078.0,5.0,46473119.0,9294623.8,1.0,5.0
CUST00122,2025-10,3.0,95659170.0,31886390.0,0.0,0.0,0.0,3.0,0.0
CUST00122,2025-11,1.0,20076433.0,20076433.0,0.0,0.0,0.0,1.0,0.0
CUST00122,2025-12,3.0,58563997.0,19521332.333333332,6.0,117438770.0,19573128.333333332,3.0,6.0
CUST00123,2025-01,2.0,21531594.0,10765797.0,1.0,1920520.0,1920520.0,2.0,1.0
CUST00123,2025-02,0.0,0.0,0.0,2.0,24216300.0,12108150.0,0.0,2.0
CUST00123,2025-03,3.0,20218804.0,6739601.333333333,2.0,129997672.0,64998836.0,3.0,2.0
CUST00123,2025-04,3.0,67531237.0,22510412.333333332,3.0,122926184.0,40975394.666666664,3.0,3.0
CUST00123,2025-05,0.0,0.0,0.0,4.0,11070479.0,2767619.75,0.0,4.0
CUST00123,2025-06,3.0,89756670.0,29918890.0,2.0,23955485.0,11977742.5,3.0,2.0
CUST00123,2025-08,3.0,65060818.0,21686939.333333332,3.0,47388416.0,15796138.666666666,3.0,3.0
CUST00123,2025-09,2.0,37996153.0,18998076.5,1.0,44982767.0,44982767.0,2.0,1.0
CUST00123,2025-10,6.0,84969527.0,14161587.833333334,1.0,3482415.0,3482415.0,6.0,1.0
CUST00123,2025-11,3.0,67503598.0,22501199.333333332,1.0,1743667.0,1743667.0,3.0,1.0
CUST00123,2025-12,3.0,89308821.0,29769607.0,4.0,23881909.0,5970477.25,3.0,4.0
CUST00124,2025-01,4.0,7145046.0,1786261.5,1.0,8068574.0,8068574.0,4.0,1.0
CUST00124,2025-02,0.0,0.0,0.0,3.0,74678624.0,24892874.666666668,0.0,2.0
CUST00124,2025-03,1.0,2184846.0,2184846.0,7.0,205044795.0,29292113.57142857,1.0,7.0
CUST00124,2025-04,2.0,4855335.0,2427667.5,2.0,7671130.0,3835565.0,2.0,2.0
CUST00124,2025-05,2.0,1877193.0,938596.5,4.0,37168138.0,9292034.5,1.0,4.0
CUST00124,2025-06,2.0,7315989.0,3657994.5,2.0,118240518.0,59120259.0,2.0,2.0
CUST00124,2025-07,2.0,4983288.0,2491644.0,3.0,106352194.0,35450731.333333336,2.0,3.0
CUST00124,2025-08,3.0,3518676.0,1172892.0,4.0,57765967.0,14441491.75,3.0,4.0
CUST00124,2025-09,4.0,21036099.0,5259024.75,1.0,1485099.0,1485099.0,4.0,1.0
CUST00124,2025-10,1.0,1456909.0,1456909.0,1.0,77043445.0,77043445.0,1.0,1.0
CUST00124,2025-11,1.0,1030672.0,1030672.0,1.0,62291702.0,62291702.0,1.0,1.0
CUST00124,2025-12,0.0,0.0,0.0,4.0,117615322.0,29403830.5,0.0,4.0
CUST00125,2025-01,3.0,21895530.0,7298510.0,3.0,117857178.0,39285726.0,3.0,2.0
CUST00125,2025-02,1.0,1099757.0,1099757.0,1.0,2554907.0,2554907.0,1.0,1.0
CUST00125,2025-03,2.0,1658793.0,829396.5,2.0,52555675.0,26277837.5,2.0,2.0
CUST00125,2025-04,3.0,11843732.0,3947910.6666666665,2.0,93793660.0,46896830.0,3.0,2.0
CUST00125,2025-05,1.0,2447691.0,2447691.0,0.0,0.0,0.0,1.0,0.0
CUST00125,2025-06,3.0,4481946.0,1493982.0,3.0,27506229.0,9168743.0,3.0,3.0
CUST00125,2025-07,0.0,0.0,0.0,5.0,123370134.0,24674026.8,0.0,4.0
CUST00125,2025-08,2.0,4855373.0,2427686.5,3.0,74106829.0,24702276.333333332,2.0,3.0
CUST00125,2025-09,1.0,1628389.0,1628389.0,1.0,124117216.0,124117216.0,1.0,1.0
CUST00125,2025-10,2.0,3881990.0,1940995.0,1.0,22019501.0,22019501.0,2.0,1.0
CUST00125,2025-11,3.0,11199813.0,3733271.0,5.0,31255216.0,6251043.2,3.0,5.0
CUST00125,2025-12,2.0,4496613.0,2248306.5,3.0,84190139.0,28063379.666666668,2.0,3.0
CUST00126,2025-01,5.0,19743786.0,3948757.2,3.0,46438386.0,15479462.0,5.0,3.0
CUST00126,2025-02,1.0,1399452.0,1399452.0,2.0,35211427.0,17605713.5,1.0,2.0
CUST00126,2025-03,4.0,7227045.0,1806761.25,1.0,1247853.0,1247853.0,3.0,1.0
CUST00126,2025-04,2.0,9779843.0,4889921.5,0.0,0.0,0.0,2.0,0.0
CUST00126,2025-05,2.0,3673152.0,1836576.0,1.0,98237701.0,98237701.0,2.0,1.0
CUST00126,2025-06,1.0,1602295.0,1602295.0,1.0,25355234.0,25355234.0,1.0,1.0
CUST00126,2025-07,1.0,1222414.0,1222414.0,3.0,15947700.0,5315900.0,1.0,3.0
CUST00126,2025-08,1.0,1064283.0,1064283.0,2.0,393402872.0,196701436.0,1.0,2.0
CUST00126,2025-09,3.0,7605804.0,2535268.0,0.0,0.0,0.0,3.0,0.0
CUST00126,2025-10,2.0,3423011.0,1711505.5,4.0,81029426.0,20257356.5,2.0,4.0
CUST00126,2025-11,1.0,667150.0,667150.0,3.0,14193711.0,4731237.0,1.0,3.0
CUST00126,2025-12,3.0,8532233.0,2844077.6666666665,4.0,13126917.0,3281729.25,3.0,4.0
CUST00127,2025-01,2.0,14674622.0,7337311.0,2.0,23351011.0,11675505.5,2.0,2.0
CUST00127,2025-02,1.0,1711839.0,1711839.0,1.0,2670745.0,2670745.0,1.0,1.0
CUST00127,2025-03,0.0,0.0,0.0,1.0,1731837.0,1731837.0,0.0,1.0
CUST00127,2025-04,2.0,5875950.0,2937975.0,4.0,11377847.0,2844461.75,2.0,4.0
CUST00127,2025-05,0.0,0.0,0.0,1.0,22520908.0,22520908.0,0.0,1.0
CUST00127,2025-06,1.0,1068747.0,1068747.0,2.0,104696347.0,52348173.5,1.0,2.0
CUST00127,2025-07,0.0,0.0,0.0,2.0,5793638.0,2896819.0,0.0,2.0
CUST00127,2025-08,2.0,4971565.0,2485782.5,2.0,5366294.0,2683147.0,2.0,2.0
CUST00127,2025-09,1.0,5631120.0,5631120.0,2.0,12776078.0,6388039.0,1.0,2.0
CUST00127,2025-10,5.0,21775849.0,4355169.8,3.0,57983424.0,19327808.0,5.0,3.0
CUST00127,2025-11,1.0,1081922.0,1081922.0,2.0,6933632.0,3466816.0,1.0,2.0
CUST00128,2025-01,2.0,5506743.0,2753371.5,2.0,30317762.0,15158881.0,2.0,2.0
CUST00128,2025-02,1.0,5531678.0,5531678.0,1.0,2153868.0,2153868.0,1.0,1.0
CUST00128,2025-03,0.0,0.0,0.0,1.0,3361707.0,3361707.0,0.0,1.0
CUST00128,2025-04,2.0,3995554.0,1997777.0,2.0,263450390.0,131725195.0,2.0,2.0
CUST00128,2025-05,1.0,428602.0,428602.0,0.0,0.0,0.0,1.0,0.0
CUST00128,2025-06,1.0,7496666.0,7496666.0,3.0,61706832.0,20568944.0,1.0,2.0
CUST00128,2025-07,1.0,1665037.0,1665037.0,1.0,690425.0,690425.0,1.0,1.0
CUST00128,2025-08,0.0,0.0,0.0,2.0,28164398.0,14082199.0,0.0,2.0
CUST00128,2025-09,0.0,0.0,0.0,5.0,216545355.0,43309071.0,0.0,5.0
CUST00128,2025-10,3.0,8700180.0,2900060.0,2.0,5042715.0,2521357.5,3.0,2.0
CUST00128,2025-11,2.0,2431093.0,1215546.5,1.0,240909913.0,240909913.0,2.0,1.0
CUST00128,2025-12,2.0,2684514.0,1342257.0,0.0,0.0,0.0,2.0,0.0
CUST00129,2025-01,3.0,8644480.0,2881493.3333333335,3.0,24159993.0,8053331.0,3.0,3.0
CUST00129,2025-02,0.0,0.0,0.0,1.0,20712396.0,20712396.0,0.0,1.0
CUST00129,2025-03,2.0,14434902.0,7217451.0,2.0,12191457.0,6095728.5,2.0,2.0
CUST00129,2025-04,3.0,3610018.0,1203339.3333333333,1.0,15221602.0,15221602.0,3.0,1.0
CUST00129,2025-05,5.0,8050977.0,1610195.4,2.0,167947354.0,83973677.0,3.0,2.0
CUST00129,2025-06,2.0,2341017.0,1170508.5,4.0,78142617.0,19535654.25,2.0,4.0
CUST00129,2025-07,0.0,0.0,0.0,1.0,1780920.0,1780920.0,0.0,1.0
CUST00129,2025-08,3.0,8949117.0,2983039.0,3.0,44600397.0,14866799.0,3.0,3.0
CUST00129,2025-09,0.0,0.0,0.0,4.0,329263242.0,82315810.5,0.0,4.0
CUST00129,2025-10,2.0,3988051.0,1994025.5,3.0,45683840.0,15227946.666666666,2.0,3.0
CUST00129,2025-12,1.0,1206668.0,1206668.0,3.0,152904425.0,50968141.666666664,1.0,3.0
CUST00130,2025-01,1.0,670802.0,670802.0,2.0,73353543.0,36676771.5,1.0,2.0
CUST00130,2025-02,3.0,7653137.0,2551045.6666666665,3.0,119980898.0,39993632.666666664,3.0,3.0
CUST00130,2025-03,1.0,3138271.0,3138271.0,1.0,124502619.0,124502619.0,1.0,1.0
CUST00130,2025-04,4.0,6841480.0,1710370.0,1.0,51612332.0,51612332.0,4.0,1.0
CUST00130,2025-05,3.0,4472890.0,1490963.3333333333,1.0,24943741.0,24943741.0,3.0,1.0
CUST00130,2025-06,2.0,6733746.0,3366873.0,1.0,35096286.0,35096286.0,2.0,1.0
CUST00130,2025-07,3.0,10999711.0,3666570.3333333335,0.0,0.0,0.0,3.0,0.0
CUST00130,2025-08,3.0,12910403.0,4303467.666666667,0.0,0.0,0.0,3.0,0.0
CUST00130,2025-09,1.0,912745.0,912745.0,1.0,50687861.0,50687861.0,1.0,1.0
CUST00130,2025-10,2.0,1515526.0,757763.0,2.0,51766981.0,25883490.5,2.0,2.0
CUST00130,2025-11,1.0,6562112.0,6562112.0,0.0,0.0,0.0,1.0,0.0
CUST00130,2025-12,0.0,0.0,0.0,2.0,27695419.0,13847709.5,0.0,2.0
CUST00131,2025-01,1.0,3497712.0,3497712.0,2.0,46237911.0,23118955.5,1.0,2.0
CUST00131,2025-02,1.0,1052301.0,1052301.0,1.0,35037609.0,35037609.0,1.0,1.0
CUST00131,2025-03,2.0,3412872.0,1706436.0,5.0,150349130.0,30069826.0,2.0,5.0
CUST00131,2025-04,3.0,10350669.0,3450223.0,4.0,153590389.0,38397597.25,3.0,4.0
CUST00131,2025-05,6.0,8033834.0,1338972.3333333333,2.0,34578326.0,17289163.0,6.0,2.0
CUST00131,2025-06,0.0,0.0,0.0,3.0,12222946.0,4074315.3333333335,0.0,3.0
CUST00131,2025-07,3.0,8058531.0,2686177.0,3.0,73380027.0,24460009.0,3.0,3.0
CUST00131,2025-08,5.0,6829985.0,1365997.0,2.0,5599664.0,2799832.0,5.0,2.0
CUST00131,2025-09,3.0,5270122.0,1756707.3333333333,0.0,0.0,0.0,3.0,0.0
CUST00131,2025-10,4.0,30849655.0,7712413.75,3.0,24533849.0,8177949.666666667,4.0,3.0
CUST00131,2025-11,2.0,11354857.0,5677428.5,3.0,192143810.0,64047936.666666664,2.0,3.0
CUST00131,2025-12,3.0,15976366.0,5325455.333333333,1.0,1333076.0,1333076.0,3.0,1.0
CUST00132,2025-01,4.0,391564801.0,97891200.25,2.0,11642688.0,5821344.0,4.0,2.0
CUST00132,2025-02,1.0,77088044.0,77088044.0,1.0,2554018.0,2554018.0,1.0,1.0
CUST00132,2025-03,4.0,224130481.0,56032620.25,5.0,14590106.0,2918021.2,4.0,5.0
CUST00132,2025-04,1.0,106062807.0,106062807.0,3.0,18245170.0,6081723.333333333,1.0,3.0
CUST00132,2025-05,0.0,0.0,0.0,2.0,9567227.0,4783613.5,0.0,2.0
CUST00132,2025-06,1.0,54155486.0,54155486.0,0.0,0.0,0.0,1.0,0.0
CUST00132,2025-07,0.0,0.0,0.0,5.0,26864458.0,5372891.6,0.0,5.0
CUST00132,2025-09,1.0,99086154.0,99086154.0,3.0,28071309.0,9357103.0,1.0,2.0
CUST00132,2025-10,3.0,214499834.0,71499944.66666667,2.0,40785758.0,20392879.0,3.0,2.0
CUST00132,2025-11,0.0,0.0,0.0,1.0,1646227.0,1646227.0,0.0,1.0
CUST00132,2025-12,2.0,116730550.0,58365275.0,0.0,0.0,0.0,2.0,0.0
CUST00133,2025-01,4.0,6284122.0,1571030.5,3.0,45910922.0,15303640.666666666,4.0,3.0
CUST00133,2025-02,0.0,0.0,0.0,7.0,165046324.0,23578046.285714287,0.0,7.0
CUST00133,2025-03,2.0,7634736.0,3817368.0,3.0,27301402.0,9100467.333333334,2.0,3.0
CUST00133,2025-04,3.0,6700729.0,2233576.3333333335,3.0,64560557.0,21520185.666666668,3.0,3.0
CUST00133,2025-05,2.0,4407554.0,2203777.0,4.0,53991684.0,13497921.0,2.0,4.0
CUST00133,2025-06,1.0,1834920.0,1834920.0,1.0,3234886.0,3234886.0,1.0,1.0
CUST00133,2025-07,4.0,10347648.0,2586912.0,2.0,11188302.0,5594151.0,4.0,2.0
CUST00133,2025-08,3.0,7096720.0,2365573.3333333335,3.0,4932200.0,1644066.6666666667,3.0,3.0
CUST00133,2025-09,1.0,2737252.0,2737252.0,1.0,70231511.0,70231511.0,1.0,1.0
CUST00133,2025-10,6.0,10117762.0,1686293.6666666667,0.0,0.0,0.0,6.0,0.0
CUST00133,2025-11,0.0,0.0,0.0,2.0,10176621.0,5088310.5,0.0,2.0
CUST00133,2025-12,5.0,8893807.0,1778761.4,3.0,48276417.0,16092139.0,5.0,3.0
CUST00134,2025-01,3.0,543125394.0,181041798.0,2.0,64079861.0,32039930.5,2.0,2.0
CUST00134,2025-02,3.0,272423790.0,90807930.0,1.0,10496356.0,10496356.0,3.0,1.0
CUST00134,2025-03,3.0,406123830.0,135374610.0,1.0,2753842.0,2753842.0,3.0,1.0
CUST00134,2025-04,3.0,279687444.0,93229148.0,0.0,0.0,0.0,3.0,0.0
CUST00134,2025-05,1.0,344160726.0,344160726.0,1.0,36803161.0,36803161.0,1.0,1.0
CUST00134,2025-06,1.0,106537535.0,106537535.0,2.0,3606100.0,1803050.0,1.0,1.0
CUST00134,2025-07,1.0,31488808.0,31488808.0,0.0,0.0,0.0,1.0,0.0
CUST00134,2025-09,0.0,0.0,0.0,1.0,2811029.0,2811029.0,0.0,1.0
CUST00134,2025-10,1.0,53111748.0,53111748.0,3.0,10593740.0,3531246.6666666665,1.0,3.0
CUST00134,2025-11,1.0,16571394.0,16571394.0,2.0,24220736.0,12110368.0,1.0,2.0
CUST00134,2025-12,1.0,81298442.0,81298442.0,4.0,151925820.0,37981455.0,1.0,4.0
CUST00135,2025-01,2.0,5060183.0,2530091.5,1.0,3218520.0,3218520.0,2.0,1.0
CUST00135,2025-02,0.0,0.0,0.0,3.0,45285263.0,15095087.666666666,0.0,3.0
CUST00135,2025-03,2.0,3472317.0,1736158.5,2.0,24028836.0,12014418.0,2.0,2.0
CUST00135,2025-06,3.0,6029855.0,2009951.6666666667,3.0,13092344.0,4364114.666666667,3.0,3.0
CUST00135,2025-07,2.0,1928389.0,964194.5,3.0,29716144.0,9905381.333333334,2.0,3.0
CUST00135,2025-08,1.0,1779783.0,1779783.0,2.0,41476894.0,20738447.0,1.0,2.0
CUST00135,2025-09,0.0,0.0,0.0,2.0,5605138.0,2802569.0,0.0,2.0
CUST00135,2025-10,1.0,2951066.0,2951066.0,2.0,4804058.0,2402029.0,1.0,2.0
CUST00135,2025-11,4.0,9646468.0,2411617.0,2.0,8277589.0,4138794.5,4.0,2.0
CUST00135,2025-12,1.0,1897812.0,1897812.0,4.0,27842797.0,6960699.25,1.0,4.0
CUST00136,2025-01,4.0,14139040.0,3534760.0,3.0,29202938.0,9734312.666666666,3.0,3.0
CUST00136,2025-02,3.0,16924165.0,5641388.333333333,2.0,35656859.0,17828429.5,3.0,2.0
CUST00136,2025-03,1.0,1415325.0,1415325.0,3.0,95754552.0,31918184.0,1.0,3.0
CUST00136,2025-04,2.0,1070316.0,535158.0,5.0,30221109.0,6044221.8,2.0,5.0
CUST00136,2025-05,2.0,1883157.0,941578.5,1.0,2049820.0,2049820.0,2.0,1.0
CUST00136,2025-06,3.0,5556681.0,1852227.0,0.0,0.0,0.0,3.0,0.0
CUST00136,2025-07,1.0,1337690.0,1337690.0,3.0,68686556.0,22895518.666666668,1.0,3.0
CUST00136,2025-08,1.0,659142.0,659142.0,1.0,8959324.0,8959324.0,1.0,1.0
CUST00136,2025-09,1.0,2771468.0,2771468.0,3.0,17455098.0,5818366.0,1.0,3.0
CUST00136,2025-10,3.0,8712363.0,2904121.0,5.0,259922544.0,51984508.8,3.0,5.0
CUST00136,2025-11,3.0,8748749.0,2916249.6666666665,0.0,0.0,0.0,3.0,0.0
CUST00136,2025-12,1.0,1600595.0,1600595.0,3.0,139378551.0,46459517.0,1.0,3.0
CUST00137,2025-01,2.0,2518573.0,1259286.5,1.0,1877274.0,1877274.0,2.0,1.0
CUST00137,2025-02,4.0,10721233.0,2680308.25,1.0,1411245.0,1411245.0,4.0,1.0
CUST00137,2025-03,2.0,5669176.0,2834588.0,2.0,25823679.0,12911839.5,2.0,2.0
CUST00137,2025-04,1.0,3380468.0,3380468.0,3.0,21625596.0,7208532.0,1.0,3.0
CUST00137,2025-05,5.0,19472140.0,3894428.0,1.0,5549014.0,5549014.0,5.0,1.0
CUST00137,2025-06,6.0,8832149.0,1472024.8333333333,0.0,0.0,0.0,6.0,0.0
CUST00137,2025-07,4.0,20000371.0,5000092.75,2.0,24942592.0,12471296.0,4.0,2.0
CUST00137,2025-08,0.0,0.0,0.0,3.0,150530501.0,50176833.666666664,0.0,3.0
CUST00137,2025-09,2.0,5839458.0,2919729.0,3.0,7445595.0,2481865.0,2.0,3.0
CUST00137,2025-10,5.0,23686180.0,4737236.0,3.0,409683677.0,136561225.66666666,5.0,3.0
CUST00137,2025-11,1.0,3025785.0,3025785.0,3.0,22902702.0,7634234.0,1.0,3.0
CUST00137,2025-12,4.0,7187330.0,1796832.5,0.0,0.0,0.0,4.0,0.0
CUST00138,2025-01,2.0,3255503.0,1627751.5,1.0,11633832.0,11633832.0,2.0,1.0
CUST00138,2025-02,2.0,4770596.0,2385298.0,1.0,15407600.0,15407600.0,2.0,1.0
CUST00138,2025-03,1.0,2577020.0,2577020.0,1.0,187362159.0,187362159.0,1.0,1.0
CUST00138,2025-04,1.0,12711533.0,12711533.0,4.0,25492622.0,6373155.5,1.0,3.0
CUST00138,2025-05,1.0,1131997.0,1131997.0,1.0,10099777.0,10099777.0,1.0,1.0
CUST00138,2025-06,2.0,7672635.0,3836317.5,0.0,0.0,0.0,2.0,0.0
CUST00138,2025-07,0.0,0.0,0.0,2.0,50293151.0,25146575.5,0.0,2.0
CUST00138,2025-08,2.0,3229229.0,1614614.5,2.0,34451016.0,17225508.0,2.0,2.0
CUST00138,2025-09,2.0,2947255.0,1473627.5,3.0,170676048.0,56892016.0,2.0,3.0
CUST00138,2025-10,3.0,7990019.0,2663339.6666666665,4.0,211074365.0,52768591.25,3.0,4.0
CUST00138,2025-11,3.0,4377758.0,1459252.6666666667,1.0,35591417.0,35591417.0,3.0,1.0
CUST00138,2025-12,2.0,6004831.0,3002415.5,0.0,0.0,0.0,2.0,0.0
CUST00139,2025-01,3.0,11063227.0,3687742.3333333335,1.0,666230.0,666230.0,3.0,1.0
CUST00139,2025-02,3.0,9644261.0,3214753.6666666665,4.0,15190040.0,3797510.0,3.0,4.0
CUST00139,2025-03,1.0,2273884.0,2273884.0,2.0,6634290.0,3317145.0,1.0,2.0
CUST00139,2025-04,2.0,2816676.0,1408338.0,3.0,8798654.0,2932884.6666666665,2.0,3.0
CUST00139,2025-05,1.0,4144352.0,4144352.0,1.0,35668313.0,35668313.0,1.0,1.0
CUST00139,2025-06,1.0,1334625.0,1334625.0,1.0,1674160.0,1674160.0,1.0,1.0
CUST00139,2025-07,2.0,20151212.0,10075606.0,1.0,2766499.0,2766499.0,2.0,1.0
CUST00139,2025-08,0.0,0.0,0.0,2.0,9102011.0,4551005.5,0.0,2.0
CUST00139,2025-10,3.0,3197416.0,1065805.3333333333,5.0,117038778.0,23407755.6,3.0,5.0
CUST00139,2025-11,1.0,9024502.0,9024502.0,7.0,70692291.0,10098898.714285715,1.0,7.0
CUST00139,2025-12,5.0,13445018.0,2689003.6,4.0,161550435.0,40387608.75,5.0,4.0
CUST00140,2025-01,2.0,8192850.0,4096425.0,2.0,45438660.0,22719330.0,2.0,2.0
CUST00140,2025-02,1.0,15920448.0,15920448.0,3.0,12788377.0,4262792.333333333,1.0,3.0
CUST00140,2025-03,2.0,70873292.0,35436646.0,2.0,3841547.0,1920773.5,2.0,2.0
CUST00140,2025-04,1.0,23576440.0,23576440.0,3.0,46505984.0,15501994.666666666,1.0,3.0
CUST00140,2025-05,2.0,15802643.0,7901321.5,2.0,14031158.0,7015579.0,2.0,2.0
CUST00140,2025-06,0.0,0.0,0.0,3.0,16792538.0,5597512.666666667,0.0,3.0
CUST00140,2025-07,5.0,177144517.0,35428903.4,1.0,1375755.0,1375755.0,5.0,1.0
CUST00140,2025-08,3.0,65720671.0,21906890.333333332,1.0,1653540.0,1653540.0,3.0,1.0
CUST00140,2025-09,2.0,29625043.0,14812521.5,1.0,27393727.0,27393727.0,2.0,1.0
CUST00140,2025-10,1.0,32020828.0,32020828.0,1.0,7151380.0,7151380.0,1.0,1.0
CUST00140,2025-11,1.0,21175975.0,21175975.0,1.0,24730088.0,24730088.0,1.0,1.0
CUST00140,2025-12,3.0,37657615.0,12552538.333333334,4.0,46915609.0,11728902.25,3.0,4.0
CUST00141,2025-01,3.0,26010039.0,8670013.0,1.0,712605.0,712605.0,3.0,1.0
CUST00141,2025-02,3.0,4126112.0,1375370.6666666667,5.0,56986732.0,11397346.4,3.0,5.0
CUST00141,2025-03,2.0,9642223.0,4821111.5,4.0,25629017.0,6407254.25,2.0,4.0
CUST00141,2025-04,1.0,1186570.0,1186570.0,1.0,1944433.0,1944433.0,1.0,1.0
CUST00141,2025-05,2.0,1321991.0,660995.5,2.0,104897107.0,52448553.5,2.0,2.0
CUST00141,2025-06,3.0,3541383.0,1180461.0,1.0,14924170.0,14924170.0,3.0,1.0
CUST00141,2025-07,2.0,8965049.0,4482524.5,3.0,11933569.0,3977856.3333333335,2.0,3.0
CUST00141,2025-08,0.0,0.0,0.0,2.0,30768718.0,15384359.0,0.0,1.0
CUST00141,2025-09,3.0,6485240.0,2161746.6666666665,2.0,6232171.0,3116085.5,3.0,2.0
CUST00141,2025-10,4.0,8443977.0,2110994.25,2.0,3207926.0,1603963.0,3.0,2.0
CUST00141,2025-11,0.0,0.0,0.0,2.0,145508674.0,72754337.0,0.0,2.0
CUST00141,2025-12,2.0,9198250.0,4599125.0,2.0,39608158.0,19804079.0,2.0,2.0
CUST00142,2025-01,0.0,0.0,0.0,1.0,49664121.0,49664121.0,0.0,1.0
CUST00142,2025-02,2.0,9862481.0,4931240.5,1.0,7474831.0,7474831.0,2.0,1.0
CUST00142,2025-03,2.0,24183944.0,12091972.0,2.0,2779600.0,1389800.0,2.0,1.0
CUST00142,2025-04,2.0,94867458.0,47433729.0,2.0,33699646.0,16849823.0,2.0,2.0
CUST00142,2025-05,2.0,56037520.0,28018760.0,1.0,7518105.0,7518105.0,2.0,1.0
CUST00142,2025-06,3.0,123614112.0,41204704.0,1.0,5920495.0,5920495.0,3.0,1.0
CUST00142,2025-07,3.0,107897365.0,35965788.333333336,1.0,101374809.0,101374809.0,3.0,1.0
CUST00142,2025-08,2.0,23574194.0,11787097.0,2.0,21642002.0,10821001.0,2.0,2.0
CUST00142,2025-09,1.0,5273272.0,5273272.0,1.0,9463089.0,9463089.0,1.0,1.0
CUST00142,2025-10,5.0,104098840.0,20819768.0,3.0,92311741.0,30770580.333333332,5.0,3.0
CUST00142,2025-11,5.0,86865135.0,17373027.0,1.0,32384655.0,32384655.0,4.0,1.0
CUST00142,2025-12,0.0,0.0,0.0,1.0,20357349.0,20357349.0,0.0,1.0
CUST00143,2025-01,1.0,9758551.0,9758551.0,2.0,46338452.0,23169226.0,1.0,2.0
CUST00143,2025-02,1.0,10659653.0,10659653.0,1.0,73598021.0,73598021.0,1.0,1.0
CUST00143,2025-03,3.0,54490041.0,18163347.0,1.0,14369750.0,14369750.0,3.0,1.0
CUST00143,2025-04,1.0,10090200.0,10090200.0,1.0,14224066.0,14224066.0,1.0,1.0
CUST00143,2025-05,0.0,0.0,0.0,2.0,8454954.0,4227477.0,0.0,2.0
CUST00143,2025-06,3.0,35392543.0,11797514.333333334,1.0,630799.0,630799.0,3.0,1.0
CUST00143,2025-07,0.0,0.0,0.0,2.0,2115218.0,1057609.0,0.0,2.0
CUST00143,2025-08,0.0,0.0,0.0,5.0,59838055.0,11967611.0,0.0,5.0
CUST00143,2025-09,0.0,0.0,0.0,1.0,876356.0,876356.0,0.0,1.0
CUST00143,2025-10,3.0,47842419.0,15947473.0,2.0,939666.0,469833.0,3.0,2.0
CUST00143,2025-11,2.0,16410138.0,8205069.0,3.0,5088465.0,1696155.0,2.0,3.0
CUST00143,2025-12,4.0,90627547.0,22656886.75,2.0,6778056.0,3389028.0,4.0,2.0
CUST00144,2025-01,2.0,2548943.0,1274471.5,3.0,17654934.0,5884978.0,2.0,3.0
CUST00144,2025-02,1.0,718632.0,718632.0,1.0,3673718.0,3673718.0,1.0,1.0
CUST00144,2025-03,1.0,445003.0,445003.0,4.0,20945309.0,5236327.25,1.0,4.0
CUST00144,2025-04,0.0,0.0,0.0,7.0,28583476.0,4083353.714285714,0.0,6.0
CUST00144,2025-05,3.0,11773996.0,3924665.3333333335,1.0,41837494.0,41837494.0,3.0,1.0
CUST00144,2025-06,3.0,4415456.0,1471818.6666666667,3.0,42021370.0,14007123.333333334,2.0,3.0
CUST00144,2025-07,1.0,1304955.0,1304955.0,1.0,35237323.0,35237323.0,1.0,1.0
CUST00144,2025-08,5.0,7328268.0,1465653.6,5.0,75213315.0,15042663.0,4.0,5.0
CUST00144,2025-09,1.0,4776792.0,4776792.0,5.0,177925834.0,35585166.8,1.0,4.0
CUST00144,2025-10,2.0,8557090.0,4278545.0,4.0,146883591.0,36720897.75,2.0,4.0
CUST00144,2025-11,1.0,1185820.0,1185820.0,5.0,100965591.0,20193118.2,1.0,5.0
CUST00144,2025-12,3.0,13475606.0,4491868.666666667,3.0,12803762.0,4267920.666666667,2.0,3.0
CUST00145,2025-01,2.0,4868046.0,2434023.0,1.0,2305819.0,2305819.0,2.0,1.0
CUST00145,2025-02,1.0,5400151.0,5400151.0,3.0,50810998.0,16936999.333333332,1.0,3.0
CUST00145,2025-03,3.0,12520166.0,4173388.6666666665,1.0,3301307.0,3301307.0,3.0,1.0
CUST00145,2025-04,1.0,2418585.0,2418585.0,1.0,550340.0,550340.0,1.0,1.0
CUST00145,2025-05,1.0,1667736.0,1667736.0,1.0,5297238.0,5297238.0,1.0,1.0
CUST00145,2025-06,3.0,11122594.0,3707531.3333333335,3.0,52768322.0,17589440.666666668,3.0,3.0
CUST00145,2025-07,2.0,17949128.0,8974564.0,1.0,5515540.0,5515540.0,2.0,1.0
CUST00145,2025-08,1.0,4322965.0,4322965.0,4.0,62482765.0,15620691.25,1.0,4.0
CUST00145,2025-09,0.0,0.0,0.0,3.0,10199910.0,3399970.0,0.0,3.0
CUST00145,2025-10,3.0,13289082.0,4429694.0,3.0,6369118.0,2123039.3333333335,2.0,3.0
CUST00145,2025-11,3.0,7002031.0,2334010.3333333335,2.0,72833297.0,36416648.5,3.0,2.0
CUST00145,2025-12,3.0,5825446.0,1941815.3333333333,4.0,8108419.0,2027104.75,3.0,4.0
CUST00146,2025-01,1.0,10547275.0,10547275.0,2.0,1144284.0,572142.0,1.0,2.0
CUST00146,2025-02,3.0,36479748.0,12159916.0,1.0,1103692.0,1103692.0,3.0,1.0
CUST00146,2025-03,1.0,16814819.0,16814819.0,2.0,12180101.0,6090050.5,1.0,2.0
CUST00146,2025-04,2.0,21108325.0,10554162.5,1.0,1868343.0,1868343.0,2.0,1.0
CUST00146,2025-05,2.0,53410663.0,26705331.5,4.0,109413234.0,27353308.5,2.0,4.0
CUST00146,2025-06,2.0,73161032.0,36580516.0,2.0,20672031.0,10336015.5,2.0,2.0
CUST00146,2025-07,1.0,12504153.0,12504153.0,5.0,32604697.0,6520939.4,1.0,5.0
CUST00146,2025-08,0.0,0.0,0.0,3.0,23884744.0,7961581.333333333,0.0,3.0
CUST00146,2025-09,3.0,45157770.0,15052590.0,1.0,14432387.0,14432387.0,3.0,1.0
CUST00146,2025-10,0.0,0.0,0.0,2.0,17437153.0,8718576.5,0.0,2.0
CUST00146,2025-11,1.0,106192170.0,106192170.0,4.0,130470027.0,32617506.75,1.0,4.0
CUST00146,2025-12,6.0,54105451.0,9017575.166666666,3.0,16678940.0,5559646.666666667,5.0,2.0
CUST00147,2025-01,1.0,394867.0,394867.0,0.0,0.0,0.0,1.0,0.0
CUST00147,2025-02,1.0,1468776.0,1468776.0,1.0,4341900.0,4341900.0,1.0,1.0
CUST00147,2025-03,1.0,462460.0,462460.0,2.0,235474086.0,117737043.0,1.0,2.0
CUST00147,2025-04,1.0,2892913.0,2892913.0,3.0,9828482.0,3276160.6666666665,1.0,3.0
CUST00147,2025-05,2.0,2668594.0,1334297.0,2.0,24968028.0,12484014.0,2.0,1.0
CUST00147,2025-06,2.0,12629926.0,6314963.0,1.0,2758147.0,2758147.0,2.0,1.0
CUST00147,2025-07,1.0,2299144.0,2299144.0,6.0,185581432.0,30930238.666666668,1.0,6.0
CUST00147,2025-08,2.0,8354019.0,4177009.5,0.0,0.0,0.0,2.0,0.0
CUST00147,2025-09,0.0,0.0,0.0,3.0,17016099.0,5672033.0,0.0,3.0
CUST00147,2025-10,2.0,4665951.0,2332975.5,3.0,40470544.0,13490181.333333334,2.0,3.0
CUST00147,2025-11,5.0,33016223.0,6603244.6,2.0,20730445.0,10365222.5,5.0,2.0
CUST00147,2025-12,1.0,1036387.0,1036387.0,2.0,25708807.0,12854403.5,1.0,2.0
CUST00148,2025-01,4.0,13067589.0,3266897.25,3.0,15920060.0,5306686.666666667,4.0,3.0
CUST00148,2025-02,4.0,17143915.0,4285978.75,3.0,9584930.0,3194976.6666666665,4.0,2.0
CUST00148,2025-03,3.0,15783020.0,5261006.666666667,3.0,42719922.0,14239974.0,3.0,3.0
CUST00148,2025-04,1.0,8313624.0,8313624.0,2.0,7701795.0,3850897.5,1.0,2.0
CUST00148,2025-05,2.0,4119589.0,2059794.5,4.0,23389893.0,5847473.25,2.0,4.0
CUST00148,2025-06,1.0,5058630.0,5058630.0,1.0,6253580.0,6253580.0,1.0,1.0
CUST00148,2025-07,2.0,8737360.0,4368680.0,1.0,2979589.0,2979589.0,2.0,1.0
CUST00148,2025-08,3.0,4389998.0,1463332.6666666667,2.0,5258205.0,2629102.5,3.0,2.0
CUST00148,2025-09,2.0,2318506.0,1159253.0,4.0,21380647.0,5345161.75,2.0,4.0
CUST00148,2025-10,2.0,6225991.0,3112995.5,2.0,2430242.0,1215121.0,2.0,2.0
CUST00148,2025-11,0.0,0.0,0.0,2.0,20142152.0,10071076.0,0.0,2.0
CUST00148,2025-12,6.0,19763603.0,3293933.8333333335,2.0,8814783.0,4407391.5,6.0,2.0
CUST00149,2025-01,1.0,39013092.0,39013092.0,3.0,21995319.0,7331773.0,1.0,3.0
CUST00149,2025-02,0.0,0.0,0.0,6.0,73526328.0,12254388.0,0.0,6.0
CUST00149,2025-03,1.0,94526988.0,94526988.0,1.0,3620064.0,3620064.0,1.0,1.0
CUST00149,2025-04,1.0,261249786.0,261249786.0,4.0,68590793.0,17147698.25,1.0,4.0
CUST00149,2025-05,1.0,108388865.0,108388865.0,3.0,33814062.0,11271354.0,1.0,3.0
CUST00149,2025-06,2.0,116117992.0,58058996.0,5.0,82813957.0,16562791.4,2.0,5.0
CUST00149,2025-07,3.0,287541810.0,95847270.0,1.0,1704111.0,1704111.0,3.0,1.0
CUST00149,2025-08,1.0,352600824.0,352600824.0,4.0,40710292.0,10177573.0,1.0,4.0
CUST00149,2025-09,2.0,1293887214.0,646943607.0,4.0,29146107.0,7286526.75,2.0,4.0
CUST00149,2025-10,3.0,963541001.0,321180333.6666667,2.0,42986910.0,21493455.0,3.0,2.0
CUST00149,2025-11,1.0,16233632.0,16233632.0,4.0,22918945.0,5729736.25,1.0,4.0
CUST00149,2025-12,6.0,845875122.0,140979187.0,1.0,5526169.0,5526169.0,5.0,1.0
CUST00150,2025-01,3.0,4201171.0,1400390.3333333333,4.0,97228492.0,24307123.0,3.0,3.0
CUST00150,2025-02,1.0,1831747.0,1831747.0,2.0,13394406.0,6697203.0,1.0,2.0
CUST00150,2025-03,4.0,5329640.0,1332410.0,0.0,0.0,0.0,4.0,0.0
CUST00150,2025-04,0.0,0.0,0.0,3.0,66825812.0,22275270.666666668,0.0,3.0
CUST00150,2025-05,0.0,0.0,0.0,6.0,33633056.0,5605509.333333333,0.0,6.0
CUST00150,2025-06,4.0,4099891.0,1024972.75,3.0,36177245.0,12059081.666666666,4.0,3.0
CUST00150,2025-07,0.0,0.0,0.0,5.0,29528480.0,5905696.0,0.0,5.0
CUST00150,2025-08,0.0,0.0,0.0,4.0,54150579.0,13537644.75,0.0,4.0
CUST00150,2025-09,0.0,0.0,0.0,1.0,54557497.0,54557497.0,0.0,1.0
CUST00150,2025-10,0.0,0.0,0.0,1.0,25152245.0,25152245.0,0.0,1.0
CUST00150,2025-11,0.0,0.0,0.0,1.0,4444907.0,4444907.0,0.0,1.0
CUST00150,2025-12,1.0,1518357.0,1518357.0,2.0,34761828.0,17380914.0,1.0,2.0
CUST00151,2025-01,0.0,0.0,0.0,5.0,222143276.0,44428655.2,0.0,5.0
CUST00151,2025-02,3.0,137618630.0,45872876.666666664,2.0,201275773.0,100637886.5,3.0,2.0
CUST00151,2025-03,0.0,0.0,0.0,4.0,8736046.0,2184011.5,0.0,4.0
CUST00151,2025-04,1.0,8715252.0,8715252.0,2.0,23791449.0,11895724.5,1.0,2.0
CUST00151,2025-05,5.0,84041109.0,16808221.8,0.0,0.0,0.0,5.0,0.0
CUST00151,2025-06,0.0,0.0,0.0,4.0,23348070.0,5837017.5,0.0,4.0
CUST00151,2025-07,2.0,133931054.0,66965527.0,0.0,0.0,0.0,2.0,0.0
CUST00151,2025-08,1.0,31675679.0,31675679.0,0.0,0.0,0.0,1.0,0.0
CUST00151,2025-09,0.0,0.0,0.0,2.0,12371469.0,6185734.5,0.0,2.0
CUST00151,2025-10,1.0,23641547.0,23641547.0,5.0,516669270.0,103333854.0,1.0,5.0
CUST00151,2025-11,3.0,51131521.0,17043840.333333332,1.0,99156301.0,99156301.0,3.0,1.0
CUST00151,2025-12,1.0,26205960.0,26205960.0,0.0,0.0,0.0,1.0,0.0
CUST00152,2025-01,3.0,329807541.0,109935847.0,3.0,191413127.0,63804375.666666664,3.0,3.0
CUST00152,2025-02,2.0,159087548.0,79543774.0,1.0,6134361.0,6134361.0,2.0,1.0
CUST00152,2025-03,1.0,82087561.0,82087561.0,0.0,0.0,0.0,1.0,0.0
CUST00152,2025-04,2.0,275580788.0,137790394.0,1.0,3309616.0,3309616.0,2.0,1.0
CUST00152,2025-05,2.0,312634981.0,156317490.5,1.0,384001.0,384001.0,2.0,1.0
CUST00152,2025-06,2.0,168330033.0,84165016.5,2.0,5074997.0,2537498.5,2.0,2.0
CUST00152,2025-07,3.0,212245146.0,70748382.0,4.0,110673339.0,27668334.75,3.0,4.0
CUST00152,2025-08,4.0,163470086.0,40867521.5,1.0,75415227.0,75415227.0,4.0,1.0
CUST00152,2025-09,5.0,275684255.0,55136851.0,3.0,32327514.0,10775838.0,4.0,3.0
CUST00152,2025-10,2.0,290434245.0,145217122.5,4.0,52937100.0,13234275.0,2.0,4.0
CUST00152,2025-11,2.0,303487859.0,151743929.5,0.0,0.0,0.0,2.0,0.0
CUST00152,2025-12,7.0,552847112.0,78978158.85714285,0.0,0.0,0.0,6.0,0.0
CUST00153,2025-01,1.0,4697366.0,4697366.0,3.0,28437676.0,9479225.333333334,1.0,3.0
CUST00153,2025-02,2.0,3505527.0,1752763.5,2.0,1941553.0,970776.5,2.0,2.0
CUST00153,2025-03,4.0,4551181.0,1137795.25,3.0,20283563.0,6761187.666666667,4.0,3.0
CUST00153,2025-04,3.0,17478147.0,5826049.0,2.0,5230270.0,2615135.0,3.0,2.0
CUST00153,2025-05,1.0,4287600.0,4287600.0,3.0,174455634.0,58151878.0,1.0,3.0
CUST00153,2025-06,1.0,761307.0,761307.0,1.0,327536.0,327536.0,1.0,1.0
CUST00153,2025-07,3.0,4698318.0,1566106.0,5.0,22515237.0,4503047.4,3.0,4.0
CUST00153,2025-08,1.0,7342121.0,7342121.0,0.0,0.0,0.0,1.0,0.0
CUST00153,2025-09,4.0,6475699.0,1618924.75,2.0,6286945.0,3143472.5,4.0,2.0
CUST00153,2025-10,5.0,8536853.0,1707370.6,1.0,19925805.0,19925805.0,5.0,1.0
CUST00153,2025-12,3.0,5868903.0,1956301.0,1.0,10965453.0,10965453.0,3.0,1.0
CUST00154,2025-01,3.0,5641869.0,1880623.0,4.0,37908070.0,9477017.5,3.0,4.0
CUST00154,2025-02,4.0,11895103.0,2973775.75,1.0,945999.0,945999.0,3.0,1.0
CUST00154,2025-03,2.0,16194189.0,8097094.5,1.0,126650037.0,126650037.0,2.0,1.0
CUST00154,2025-04,3.0,8978361.0,2992787.0,0.0,0.0,0.0,3.0,0.0
CUST00154,2025-05,2.0,17581659.0,8790829.5,2.0,135967421.0,67983710.5,2.0,2.0
CUST00154,2025-06,2.0,3148310.0,1574155.0,1.0,10654158.0,10654158.0,2.0,1.0
CUST00154,2025-07,2.0,5735479.0,2867739.5,1.0,32826804.0,32826804.0,2.0,1.0
CUST00154,2025-08,2.0,5057180.0,2528590.0,2.0,34069218.0,17034609.0,2.0,2.0
CUST00154,2025-09,0.0,0.0,0.0,2.0,263751489.0,131875744.5,0.0,2.0
CUST00154,2025-10,4.0,15683576.0,3920894.0,3.0,11588584.0,3862861.3333333335,4.0,3.0
CUST00154,2025-11,6.0,30545256.0,5090876.0,3.0,36237180.0,12079060.0,6.0,3.0
CUST00154,2025-12,2.0,7398582.0,3699291.0,0.0,0.0,0.0,2.0,0.0
CUST00155,2025-01,2.0,3637793.0,1818896.5,2.0,41967271.0,20983635.5,2.0,2.0
CUST00155,2025-02,2.0,2861424.0,1430712.0,0.0,0.0,0.0,2.0,0.0
CUST00155,2025-03,1.0,4962034.0,4962034.0,2.0,52078339.0,26039169.5,1.0,2.0
CUST00155,2025-04,3.0,14054235.0,4684745.0,3.0,44367519.0,14789173.0,3.0,3.0
CUST00155,2025-05,4.0,5390072.0,1347518.0,2.0,2955662.0,1477831.0,4.0,2.0
CUST00155,2025-06,5.0,10767313.0,2153462.6,2.0,175496806.0,87748403.0,5.0,2.0
CUST00155,2025-07,3.0,4130167.0,1376722.3333333333,1.0,2425819.0,2425819.0,2.0,1.0
CUST00155,2025-08,0.0,0.0,0.0,2.0,1987401.0,993700.5,0.0,2.0
CUST00155,2025-09,2.0,2415318.0,1207659.0,2.0,311470231.0,155735115.5,2.0,2.0
CUST00155,2025-10,3.0,9658344.0,3219448.0,1.0,9862356.0,9862356.0,3.0,1.0
CUST00155,2025-11,2.0,14367441.0,7183720.5,1.0,2109448.0,2109448.0,2.0,1.0
CUST00155,2025-12,1.0,2629205.0,2629205.0,5.0,27204690.0,5440938.0,1.0,5.0
CUST00156,2025-01,0.0,0.0,0.0,3.0,46147509.0,15382503.0,0.0,3.0
CUST00156,2025-02,4.0,6015517.0,1503879.25,3.0,6103087.0,2034362.3333333333,3.0,3.0
CUST00156,2025-03,5.0,25918003.0,5183600.6,2.0,17231279.0,8615639.5,5.0,2.0
CUST00156,2025-04,2.0,12558937.0,6279468.5,1.0,2318444.0,2318444.0,2.0,1.0
CUST00156,2025-05,2.0,1741243.0,870621.5,6.0,43022949.0,7170491.5,2.0,6.0
CUST00156,2025-06,3.0,19061159.0,6353719.666666667,2.0,1041069.0,520534.5,3.0,2.0
CUST00156,2025-07,3.0,2877720.0,959240.0,1.0,1272820.0,1272820.0,3.0,1.0
CUST00156,2025-08,4.0,18612649.0,4653162.25,4.0,30828284.0,7707071.0,4.0,4.0
CUST00156,2025-09,2.0,8104632.0,4052316.0,1.0,21168299.0,21168299.0,2.0,1.0
CUST00156,2025-10,2.0,2400240.0,1200120.0,1.0,8432200.0,8432200.0,2.0,1.0
CUST00156,2025-11,1.0,1988141.0,1988141.0,1.0,1482050.0,1482050.0,1.0,1.0
CUST00156,2025-12,3.0,8576405.0,2858801.6666666665,2.0,35047366.0,17523683.0,3.0,2.0
CUST00157,2025-01,3.0,6375073.0,2125024.3333333335,0.0,0.0,0.0,3.0,0.0
CUST00157,2025-02,3.0,14698812.0,4899604.0,1.0,18471718.0,18471718.0,3.0,1.0
CUST00157,2025-03,2.0,5228919.0,2614459.5,1.0,88461856.0,88461856.0,2.0,1.0
CUST00157,2025-04,3.0,3152920.0,1050973.3333333333,0.0,0.0,0.0,3.0,0.0
CUST00157,2025-05,4.0,22752868.0,5688217.0,1.0,4872728.0,4872728.0,4.0,1.0
CUST00157,2025-06,0.0,0.0,0.0,3.0,31228206.0,10409402.0,0.0,3.0
CUST00157,2025-07,2.0,8189174.0,4094587.0,1.0,10762648.0,10762648.0,2.0,1.0
CUST00157,2025-08,3.0,8334539.0,2778179.6666666665,2.0,7827855.0,3913927.5,3.0,1.0
CUST00157,2025-09,2.0,2045307.0,1022653.5,1.0,45418585.0,45418585.0,1.0,1.0
CUST00157,2025-10,2.0,3201861.0,1600930.5,0.0,0.0,0.0,2.0,0.0
CUST00157,2025-11,4.0,10729984.0,2682496.0,0.0,0.0,0.0,4.0,0.0
CUST00157,2025-12,3.0,6285825.0,2095275.0,3.0,76018537.0,25339512.333333332,3.0,3.0
CUST00158,2025-01,4.0,103015535.0,25753883.75,1.0,13147533.0,13147533.0,4.0,1.0
CUST00158,2025-02,2.0,23163769.0,11581884.5,1.0,59357542.0,59357542.0,2.0,1.0
CUST00158,2025-03,0.0,0.0,0.0,1.0,979598.0,979598.0,0.0,1.0
CUST00158,2025-04,0.0,0.0,0.0,3.0,15852671.0,5284223.666666667,0.0,3.0
CUST00158,2025-05,1.0,11466488.0,11466488.0,1.0,6795948.0,6795948.0,1.0,1.0
CUST00158,2025-06,6.0,119572627.0,19928771.166666668,1.0,8024538.0,8024538.0,6.0,1.0
CUST00158,2025-07,1.0,68134797.0,68134797.0,2.0,2666327.0,1333163.5,1.0,2.0
CUST00158,2025-08,3.0,46570977.0,15523659.0,2.0,24912916.0,12456458.0,3.0,2.0
CUST00158,2025-09,2.0,30287062.0,15143531.0,3.0,98897386.0,32965795.333333332,2.0,3.0
CUST00158,2025-10,5.0,78148395.0,15629679.0,4.0,46815390.0,11703847.5,5.0,4.0
CUST00158,2025-11,3.0,19777762.0,6592587.333333333,2.0,39535523.0,19767761.5,3.0,2.0
CUST00158,2025-12,2.0,34983592.0,17491796.0,2.0,159994646.0,79997323.0,2.0,2.0
CUST00159,2025-01,1.0,3129469.0,3129469.0,1.0,5795733.0,5795733.0,1.0,1.0
CUST00159,2025-03,0.0,0.0,0.0,3.0,7322281.0,2440760.3333333335,0.0,3.0
CUST00159,2025-04,2.0,3745544.0,1872772.0,2.0,5052568.0,2526284.0,2.0,2.0
CUST00159,2025-05,4.0,4809009.0,1202252.25,2.0,6275576.0,3137788.0,4.0,2.0
CUST00159,2025-06,1.0,695562.0,695562.0,0.0,0.0,0.0,1.0,0.0
CUST00159,2025-07,1.0,1085917.0,1085917.0,2.0,56983296.0,28491648.0,1.0,2.0
CUST00159,2025-08,1.0,2660425.0,2660425.0,1.0,1168984.0,1168984.0,1.0,1.0
CUST00159,2025-09,1.0,1495642.0,1495642.0,1.0,1738702.0,1738702.0,1.0,1.0
CUST00159,2025-10,2.0,6404163.0,3202081.5,1.0,5277647.0,5277647.0,2.0,1.0
CUST00159,2025-11,4.0,19140173.0,4785043.25,2.0,2262743.0,1131371.5,4.0,2.0
CUST00159,2025-12,0.0,0.0,0.0,1.0,6283819.0,6283819.0,0.0,1.0
CUST00160,2025-01,2.0,3436522.0,1718261.0,2.0,41830139.0,20915069.5,2.0,1.0
CUST00160,2025-02,2.0,5723601.0,2861800.5,3.0,10781171.0,3593723.6666666665,2.0,3.0
CUST00160,2025-03,3.0,5757047.0,1919015.6666666667,2.0,1811699.0,905849.5,3.0,2.0
CUST00160,2025-04,1.0,606436.0,606436.0,1.0,2338770.0,2338770.0,1.0,1.0
CUST00160,2025-05,3.0,7412733.0,2470911.0,1.0,4332436.0,4332436.0,3.0,1.0
CUST00160,2025-06,4.0,5471192.0,1367798.0,1.0,23269293.0,23269293.0,4.0,1.0
CUST00160,2025-07,3.0,6538096.0,2179365.3333333335,2.0,30098686.0,15049343.0,2.0,2.0
CUST00160,2025-08,3.0,5990346.0,1996782.0,3.0,39626671.0,13208890.333333334,3.0,3.0
CUST00160,2025-09,2.0,9486989.0,4743494.5,0.0,0.0,0.0,2.0,0.0
CUST00160,2025-10,2.0,7429965.0,3714982.5,2.0,67141954.0,33570977.0,2.0,2.0
CUST00160,2025-11,4.0,5950878.0,1487719.5,2.0,8552799.0,4276399.5,4.0,2.0
CUST00160,2025-12,1.0,760834.0,760834.0,1.0,63318063.0,63318063.0,1.0,1.0
CUST00161,2025-01,1.0,57365548.0,57365548.0,1.0,45043347.0,45043347.0,1.0,1.0
CUST00161,2025-02,2.0,84222793.0,42111396.5,0.0,0.0,0.0,2.0,0.0
CUST00161,2025-03,2.0,309257829.0,154628914.5,4.0,107327354.0,26831838.5,2.0,4.0
CUST00161,2025-04,1.0,182651336.0,182651336.0,2.0,9192020.0,4596010.0,1.0,2.0
CUST00161,2025-05,5.0,350532514.0,70106502.8,5.0,40803177.0,8160635.4,5.0,5.0
CUST00161,2025-06,1.0,45197450.0,45197450.0,0.0,0.0,0.0,1.0,0.0
CUST00161,2025-07,1.0,72731847.0,72731847.0,4.0,33499005.0,8374751.25,1.0,4.0
CUST00161,2025-08,1.0,177204559.0,177204559.0,2.0,30095083.0,15047541.5,1.0,2.0
CUST00161,2025-09,3.0,442468024.0,147489341.33333334,2.0,3809064.0,1904532.0,3.0,2.0
CUST00161,2025-10,3.0,194862702.0,64954234.0,3.0,5536769.0,1845589.6666666667,3.0,2.0
CUST00161,2025-11,2.0,112275077.0,56137538.5,2.0,6606152.0,3303076.0,2.0,2.0
CUST00161,2025-12,3.0,387147507.0,129049169.0,3.0,46964963.0,15654987.666666666,3.0,3.0
CUST00162,2025-01,1.0,5475264.0,5475264.0,2.0,44249956.0,22124978.0,1.0,2.0
CUST00162,2025-02,2.0,120091582.0,60045791.0,2.0,102500172.0,51250086.0,2.0,2.0
CUST00162,2025-03,0.0,0.0,0.0,5.0,13596355.0,2719271.0,0.0,5.0
CUST00162,2025-04,2.0,39957482.0,19978741.0,2.0,44754402.0,22377201.0,2.0,2.0
CUST00162,2025-05,2.0,76663333.0,38331666.5,3.0,15448282.0,5149427.333333333,2.0,3.0
CUST00162,2025-06,1.0,35918025.0,35918025.0,3.0,47858354.0,15952784.666666666,1.0,3.0
CUST00162,2025-07,3.0,41149466.0,13716488.666666666,3.0,47170042.0,15723347.333333334,3.0,3.0
CUST00162,2025-08,2.0,16636121.0,8318060.5,2.0,29312325.0,14656162.5,2.0,2.0
CUST00162,2025-09,2.0,13666587.0,6833293.5,0.0,0.0,0.0,2.0,0.0
CUST00162,2025-10,2.0,37984404.0,18992202.0,3.0,64289034.0,21429678.0,2.0,3.0
CUST00162,2025-11,1.0,20568972.0,20568972.0,1.0,845780.0,845780.0,1.0,1.0
CUST00162,2025-12,0.0,0.0,0.0,1.0,12631240.0,12631240.0,0.0,1.0
CUST00163,2025-01,1.0,57693540.0,57693540.0,3.0,13703040.0,4567680.0,1.0,3.0
CUST00163,2025-02,0.0,0.0,0.0,2.0,15621250.0,7810625.0,0.0,2.0
CUST00163,2025-03,2.0,13900938.0,6950469.0,4.0,243495680.0,60873920.0,2.0,3.0
CUST00163,2025-04,4.0,60910422.0,15227605.5,4.0,247631778.0,61907944.5,4.0,4.0
CUST00163,2025-05,0.0,0.0,0.0,1.0,7515770.0,7515770.0,0.0,1.0
CUST00163,2025-06,2.0,41279208.0,20639604.0,1.0,3740116.0,3740116.0,2.0,1.0
CUST00163,2025-07,2.0,18822912.0,9411456.0,0.0,0.0,0.0,2.0,0.0
CUST00163,2025-08,3.0,66286643.0,22095547.666666668,2.0,34885652.0,17442826.0,3.0,2.0
CUST00163,2025-09,0.0,0.0,0.0,2.0,13941936.0,6970968.0,0.0,2.0
CUST00163,2025-10,2.0,33460997.0,16730498.5,1.0,740834.0,740834.0,2.0,1.0
CUST00163,2025-11,1.0,21932208.0,21932208.0,1.0,2021914.0,2021914.0,1.0,1.0
CUST00163,2025-12,2.0,78925294.0,39462647.0,2.0,50163607.0,25081803.5,2.0,2.0
CUST00164,2025-01,5.0,12763774.0,2552754.8,2.0,12320328.0,6160164.0,5.0,2.0
CUST00164,2025-02,1.0,2160033.0,2160033.0,4.0,319785024.0,79946256.0,1.0,4.0
CUST00164,2025-03,2.0,1457663.0,728831.5,1.0,5045972.0,5045972.0,2.0,1.0
CUST00164,2025-04,3.0,10176455.0,3392151.6666666665,2.0,136112601.0,68056300.5,3.0,2.0
CUST00164,2025-05,0.0,0.0,0.0,2.0,59859550.0,29929775.0,0.0,2.0
CUST00164,2025-06,3.0,5107884.0,1702628.0,1.0,853451.0,853451.0,3.0,1.0
CUST00164,2025-07,3.0,9057703.0,3019234.3333333335,0.0,0.0,0.0,3.0,0.0
CUST00164,2025-08,3.0,5896613.0,1965537.6666666667,2.0,14416682.0,7208341.0,3.0,2.0
CUST00164,2025-09,0.0,0.0,0.0,4.0,307492549.0,76873137.25,0.0,4.0
CUST00164,2025-10,4.0,16033335.0,4008333.75,2.0,73153178.0,36576589.0,4.0,2.0
CUST00164,2025-11,3.0,4166291.0,1388763.6666666667,0.0,0.0,0.0,3.0,0.0
CUST00164,2025-12,1.0,766107.0,766107.0,5.0,85491484.0,17098296.8,1.0,5.0
CUST00165,2025-01,2.0,98125987.0,49062993.5,2.0,27103763.0,13551881.5,2.0,2.0
CUST00165,2025-02,3.0,45680027.0,15226675.666666666,2.0,3184430.0,1592215.0,2.0,2.0
CUST00165,2025-03,2.0,32742304.0,16371152.0,1.0,88147435.0,88147435.0,2.0,1.0
CUST00165,2025-04,2.0,16309160.0,8154580.0,1.0,76245642.0,76245642.0,2.0,1.0
CUST00165,2025-05,1.0,14462285.0,14462285.0,0.0,0.0,0.0,1.0,0.0
CUST00165,2025-06,2.0,17630073.0,8815036.5,5.0,90543119.0,18108623.8,2.0,4.0
CUST00165,2025-07,1.0,11426946.0,11426946.0,0.0,0.0,0.0,1.0,0.0
CUST00165,2025-08,4.0,145510373.0,36377593.25,1.0,1593094.0,1593094.0,4.0,1.0
CUST00165,2025-09,6.0,96245151.0,16040858.5,3.0,26572392.0,8857464.0,6.0,3.0
CUST00165,2025-10,7.0,208001858.0,29714551.14285714,3.0,98874284.0,32958094.666666668,7.0,3.0
CUST00165,2025-11,3.0,59998869.0,19999623.0,2.0,38630996.0,19315498.0,3.0,2.0
CUST00165,2025-12,1.0,20272921.0,20272921.0,5.0,24170746.0,4834149.2,1.0,5.0
CUST00166,2025-01,2.0,1529559.0,764779.5,1.0,1365783.0,1365783.0,2.0,1.0
CUST00166,2025-02,2.0,3773824.0,1886912.0,1.0,1398922.0,1398922.0,2.0,1.0
CUST00166,2025-03,5.0,8255536.0,1651107.2,0.0,0.0,0.0,5.0,0.0
CUST00166,2025-04,1.0,5274259.0,5274259.0,1.0,394550.0,394550.0,1.0,1.0
CUST00166,2025-05,3.0,10580783.0,3526927.6666666665,4.0,54585387.0,13646346.75,3.0,4.0
CUST00166,2025-06,1.0,1992542.0,1992542.0,1.0,5289111.0,5289111.0,1.0,1.0
CUST00166,2025-07,2.0,6531882.0,3265941.0,3.0,27965649.0,9321883.0,2.0,3.0
CUST00166,2025-08,1.0,749500.0,749500.0,0.0,0.0,0.0,1.0,0.0
CUST00166,2025-09,0.0,0.0,0.0,3.0,44512926.0,14837642.0,0.0,3.0
CUST00166,2025-10,1.0,5277647.0,5277647.0,1.0,1261438.0,1261438.0,1.0,1.0
CUST00166,2025-11,0.0,0.0,0.0,1.0,8217043.0,8217043.0,0.0,1.0
CUST00167,2025-01,4.0,18622250.0,4655562.5,0.0,0.0,0.0,4.0,0.0
CUST00167,2025-02,3.0,7035894.0,2345298.0,4.0,102855319.0,25713829.75,3.0,4.0
CUST00167,2025-03,3.0,4266081.0,1422027.0,1.0,754369.0,754369.0,3.0,1.0
CUST00167,2025-04,3.0,7880401.0,2626800.3333333335,1.0,6472329.0,6472329.0,3.0,1.0
CUST00167,2025-05,3.0,18846634.0,6282211.333333333,3.0,3408228.0,1136076.0,3.0,2.0
CUST00167,2025-06,0.0,0.0,0.0,1.0,19944306.0,19944306.0,0.0,1.0
CUST00167,2025-07,2.0,4685386.0,2342693.0,1.0,38895046.0,38895046.0,2.0,1.0
CUST00167,2025-08,1.0,3122204.0,3122204.0,7.0,66992121.0,9570303.0,1.0,7.0
CUST00167,2025-09,1.0,2029477.0,2029477.0,2.0,15325579.0,7662789.5,1.0,2.0
CUST00167,2025-10,3.0,4648320.0,1549440.0,4.0,67878849.0,16969712.25,3.0,4.0
CUST00167,2025-11,1.0,2213241.0,2213241.0,1.0,189666.0,189666.0,1.0,1.0
CUST00167,2025-12,0.0,0.0,0.0,2.0,5562628.0,2781314.0,0.0,2.0
CUST00168,2025-01,2.0,2480685.0,1240342.5,1.0,10277470.0,10277470.0,2.0,1.0
CUST00168,2025-02,1.0,653807.0,653807.0,1.0,21324914.0,21324914.0,1.0,1.0
CUST00168,2025-03,2.0,2094121.0,1047060.5,3.0,7476838.0,2492279.3333333335,2.0,3.0
CUST00168,2025-04,0.0,0.0,0.0,2.0,9145778.0,4572889.0,0.0,2.0
CUST00168,2025-05,6.0,31001873.0,5166978.833333333,1.0,22549765.0,22549765.0,5.0,1.0
CUST00168,2025-06,3.0,21922262.0,7307420.666666667,2.0,5456487.0,2728243.5,3.0,2.0
CUST00168,2025-07,1.0,409040.0,409040.0,1.0,3146999.0,3146999.0,1.0,1.0
CUST00168,2025-08,3.0,4960632.0,1653544.0,2.0,13134474.0,6567237.0,3.0,2.0
CUST00168,2025-09,0.0,0.0,0.0,1.0,24915015.0,24915015.0,0.0,1.0
CUST00168,2025-10,3.0,5886426.0,1962142.0,3.0,69994337.0,23331445.666666668,3.0,3.0
CUST00168,2025-11,1.0,4702471.0,4702471.0,3.0,11878522.0,3959507.3333333335,1.0,2.0
CUST00168,2025-12,0.0,0.0,0.0,3.0,7286220.0,2428740.0,0.0,3.0
CUST00169,2025-01,2.0,21537410.0,10768705.0,2.0,19907195.0,9953597.5,2.0,2.0
CUST00169,2025-02,4.0,83252349.0,20813087.25,7.0,129188183.0,18455454.714285713,3.0,7.0
CUST00169,2025-03,2.0,29260832.0,14630416.0,3.0,35191291.0,11730430.333333334,2.0,3.0
CUST00169,2025-04,3.0,52594622.0,17531540.666666668,2.0,26855662.0,13427831.0,3.0,2.0
CUST00169,2025-05,2.0,48372213.0,24186106.5,3.0,38441167.0,12813722.333333334,2.0,3.0
CUST00169,2025-06,0.0,0.0,0.0,1.0,7095281.0,7095281.0,0.0,1.0
CUST00169,2025-07,3.0,90188456.0,30062818.666666668,2.0,127160052.0,63580026.0,3.0,2.0
CUST00169,2025-08,0.0,0.0,0.0,1.0,82945351.0,82945351.0,0.0,1.0
CUST00169,2025-09,3.0,101222112.0,33740704.0,4.0,84551377.0,21137844.25,3.0,4.0
CUST00169,2025-11,2.0,100865906.0,50432953.0,3.0,61519634.0,20506544.666666668,2.0,3.0
CUST00169,2025-12,0.0,0.0,0.0,1.0,1027882.0,1027882.0,0.0,1.0
CUST00170,2025-01,2.0,11953345.0,5976672.5,1.0,4448294.0,4448294.0,2.0,1.0
CUST00170,2025-02,0.0,0.0,0.0,1.0,2223577.0,2223577.0,0.0,1.0
CUST00170,2025-03,1.0,1557059.0,1557059.0,2.0,131620090.0,65810045.0,1.0,2.0
CUST00170,2025-04,0.0,0.0,0.0,4.0,21531808.0,5382952.0,0.0,4.0
CUST00170,2025-05,2.0,3276981.0,1638490.5,2.0,24830115.0,12415057.5,2.0,2.0
CUST00170,2025-06,1.0,2663906.0,2663906.0,1.0,19198840.0,19198840.0,1.0,1.0
CUST00170,2025-07,1.0,2258401.0,2258401.0,2.0,5161727.0,2580863.5,1.0,2.0
CUST00170,2025-08,2.0,6300280.0,3150140.0,3.0,9164293.0,3054764.3333333335,2.0,3.0
CUST00170,2025-09,0.0,0.0,0.0,1.0,1963610.0,1963610.0,0.0,1.0
CUST00170,2025-10,0.0,0.0,0.0,2.0,2146401.0,1073200.5,0.0,1.0
CUST00170,2025-11,2.0,23799847.0,11899923.5,0.0,0.0,0.0,2.0,0.0
CUST00170,2025-12,1.0,1390026.0,1390026.0,1.0,3791064.0,3791064.0,1.0,1.0
CUST00171,2025-01,1.0,1543885.0,1543885.0,0.0,0.0,0.0,1.0,0.0
CUST00171,2025-02,0.0,0.0,0.0,1.0,1417943.0,1417943.0,0.0,1.0
CUST00171,2025-03,3.0,3863723.0,1287907.6666666667,0.0,0.0,0.0,3.0,0.0
CUST00171,2025-04,3.0,9695189.0,3231729.6666666665,2.0,12781611.0,6390805.5,3.0,2.0
CUST00171,2025-05,1.0,1637539.0,1637539.0,3.0,8853763.0,2951254.3333333335,1.0,3.0
CUST00171,2025-06,0.0,0.0,0.0,3.0,20856963.0,6952321.0,0.0,3.0
CUST00171,2025-07,3.0,2512556.0,837518.6666666666,0.0,0.0,0.0,3.0,0.0
CUST00171,2025-08,4.0,8516292.0,2129073.0,1.0,2827732.0,2827732.0,4.0,1.0
CUST00171,2025-09,1.0,2308714.0,2308714.0,3.0,81812007.0,27270669.0,1.0,3.0
CUST00171,2025-10,2.0,3756443.0,1878221.5,3.0,10419557.0,3473185.6666666665,2.0,3.0
CUST00171,2025-11,0.0,0.0,0.0,4.0,28840111.0,7210027.75,0.0,4.0
CUST00171,2025-12,4.0,7467668.0,1866917.0,1.0,6663237.0,6663237.0,4.0,1.0
CUST00172,2025-01,2.0,1427097.0,713548.5,4.0,83476834.0,20869208.5,2.0,4.0
CUST00172,2025-02,2.0,5775770.0,2887885.0,3.0,38094276.0,12698092.0,2.0,3.0
CUST00172,2025-03,1.0,1571120.0,1571120.0,1.0,16017379.0,16017379.0,1.0,1.0
CUST00172,2025-04,2.0,7408380.0,3704190.0,3.0,35077034.0,11692344.666666666,2.0,3.0
CUST00172,2025-05,1.0,582209.0,582209.0,1.0,2877150.0,2877150.0,1.0,1.0
CUST00172,2025-06,1.0,2160782.0,2160782.0,2.0,4988757.0,2494378.5,1.0,2.0
CUST00172,2025-07,2.0,6524823.0,3262411.5,1.0,16725426.0,16725426.0,2.0,1.0
CUST00172,2025-08,1.0,1199671.0,1199671.0,0.0,0.0,0.0,1.0,0.0
CUST00172,2025-09,2.0,3639459.0,1819729.5,1.0,14736013.0,14736013.0,2.0,1.0
CUST00172,2025-10,2.0,4746896.0,2373448.0,4.0,39953641.0,9988410.25,2.0,4.0
CUST00172,2025-11,2.0,5271117.0,2635558.5,4.0,69038939.0,17259734.75,2.0,4.0
CUST00172,2025-12,1.0,5073933.0,5073933.0,3.0,26115715.0,8705238.333333334,1.0,3.0
CUST00173,2025-01,1.0,381472.0,381472.0,1.0,3835138.0,3835138.0,1.0,1.0
CUST00173,2025-02,3.0,4479339.0,1493113.0,1.0,562335.0,562335.0,3.0,1.0
CUST00173,2025-03,2.0,9826534.0,4913267.0,0.0,0.0,0.0,2.0,0.0
CUST00173,2025-04,1.0,2563347.0,2563347.0,4.0,171570526.0,42892631.5,1.0,4.0
CUST00173,2025-05,1.0,8555706.0,8555706.0,3.0,50199759.0,16733253.0,1.0,3.0
CUST00173,2025-06,3.0,3521032.0,1173677.3333333333,1.0,744641.0,744641.0,3.0,1.0
CUST00173,2025-07,2.0,1193274.0,596637.0,0.0,0.0,0.0,2.0,0.0
CUST00173,2025-08,3.0,17083897.0,5694632.333333333,2.0,37960364.0,18980182.0,3.0,2.0
CUST00173,2025-09,1.0,2720435.0,2720435.0,2.0,38465779.0,19232889.5,1.0,2.0
CUST00173,2025-10,1.0,2322737.0,2322737.0,2.0,5278260.0,2639130.0,1.0,2.0
CUST00173,2025-11,2.0,6003680.0,3001840.0,1.0,3755660.0,3755660.0,2.0,1.0
CUST00173,2025-12,2.0,3468566.0,1734283.0,2.0,42131066.0,21065533.0,2.0,2.0
CUST00174,2025-01,2.0,22036992.0,11018496.0,4.0,21470851.0,5367712.75,2.0,4.0
CUST00174,2025-02,1.0,21101819.0,21101819.0,2.0,34194907.0,17097453.5,1.0,2.0
CUST00174,2025-03,1.0,15571290.0,15571290.0,6.0,72270778.0,12045129.666666666,1.0,6.0
CUST00174,2025-04,2.0,38130614.0,19065307.0,1.0,2418585.0,2418585.0,2.0,1.0
CUST00174,2025-05,3.0,48563341.0,16187780.333333334,3.0,25424415.0,8474805.0,3.0,3.0
CUST00174,2025-06,1.0,21102456.0,21102456.0,3.0,70750255.0,23583418.333333332,1.0,3.0
CUST00174,2025-07,3.0,35924550.0,11974850.0,4.0,16732325.0,4183081.25,3.0,4.0
CUST00174,2025-08,5.0,119846050.0,23969210.0,4.0,102672835.0,25668208.75,5.0,4.0
CUST00174,2025-09,5.0,132159614.0,26431922.8,3.0,46297553.0,15432517.666666666,5.0,3.0
CUST00174,2025-10,3.0,126049505.0,42016501.666666664,3.0,38734124.0,12911374.666666666,3.0,3.0
CUST00174,2025-11,1.0,18397818.0,18397818.0,1.0,4193079.0,4193079.0,1.0,1.0
CUST00174,2025-12,2.0,47461039.0,23730519.5,1.0,2259667.0,2259667.0,2.0,1.0
CUST00175,2025-01,3.0,65954665.0,21984888.333333332,4.0,32316160.0,8079040.0,3.0,4.0
CUST00175,2025-02,1.0,23188940.0,23188940.0,3.0,94862274.0,31620758.0,1.0,3.0
CUST00175,2025-03,1.0,12281762.0,12281762.0,4.0,27529210.0,6882302.5,1.0,4.0
CUST00175,2025-04,3.0,28308992.0,9436330.666666666,2.0,30304887.0,15152443.5,3.0,2.0
CUST00175,2025-05,3.0,46289506.0,15429835.333333334,0.0,0.0,0.0,3.0,0.0
CUST00175,2025-06,3.0,39572061.0,13190687.0,3.0,6875277.0,2291759.0,3.0,3.0
CUST00175,2025-07,2.0,28648656.0,14324328.0,3.0,90066619.0,30022206.333333332,2.0,3.0
CUST00175,2025-08,3.0,26061631.0,8687210.333333334,4.0,65580384.0,16395096.0,3.0,4.0
CUST00175,2025-09,1.0,7782950.0,7782950.0,0.0,0.0,0.0,1.0,0.0
CUST00175,2025-10,2.0,69479055.0,34739527.5,1.0,1752519.0,1752519.0,2.0,1.0
CUST00175,2025-11,4.0,60493334.0,15123333.5,0.0,0.0,0.0,4.0,0.0
CUST00175,2025-12,1.0,9129841.0,9129841.0,4.0,389707661.0,97426915.25,1.0,4.0
CUST00176,2025-01,0.0,0.0,0.0,1.0,551428.0,551428.0,0.0,1.0
CUST00176,2025-02,0.0,0.0,0.0,1.0,2868517.0,2868517.0,0.0,1.0
CUST00176,2025-03,2.0,71582425.0,35791212.5,4.0,45328285.0,11332071.25,2.0,4.0
CUST00176,2025-04,2.0,56389820.0,28194910.0,1.0,1025576.0,1025576.0,2.0,1.0
CUST00176,2025-05,1.0,7974101.0,7974101.0,1.0,3225380.0,3225380.0,1.0,1.0
CUST00176,2025-06,2.0,48945109.0,24472554.5,1.0,1223881.0,1223881.0,2.0,1.0
CUST00176,2025-07,2.0,15857726.0,7928863.0,3.0,36208844.0,12069614.666666666,2.0,3.0
CUST00176,2025-08,1.0,18171525.0,18171525.0,5.0,168370765.0,33674153.0,1.0,5.0
CUST00176,2025-09,1.0,10420873.0,10420873.0,2.0,7646275.0,3823137.5,1.0,2.0
CUST00176,2025-10,0.0,0.0,0.0,2.0,24434659.0,12217329.5,0.0,2.0
CUST00176,2025-11,4.0,42060425.0,10515106.25,4.0,102120731.0,25530182.75,4.0,3.0
CUST00176,2025-12,2.0,41851458.0,20925729.0,1.0,6720641.0,6720641.0,2.0,1.0
CUST00177,2025-02,2.0,6450702.0,3225351.0,1.0,2535781.0,2535781.0,2.0,1.0
CUST00177,2025-03,3.0,5172079.0,1724026.3333333333,2.0,41310752.0,20655376.0,3.0,2.0
CUST00177,2025-04,1.0,3494379.0,3494379.0,2.0,4502931.0,2251465.5,1.0,2.0
CUST00177,2025-05,4.0,14714795.0,3678698.75,0.0,0.0,0.0,4.0,0.0
CUST00177,2025-06,1.0,819853.0,819853.0,2.0,255002785.0,127501392.5,1.0,2.0
CUST00177,2025-07,1.0,1717526.0,1717526.0,2.0,34209379.0,17104689.5,1.0,2.0
CUST00177,2025-08,8.0,21250273.0,2656284.125,3.0,44580206.0,14860068.666666666,8.0,3.0
CUST00177,2025-09,1.0,725753.0,725753.0,4.0,85345722.0,21336430.5,1.0,4.0
CUST00177,2025-10,2.0,9718572.0,4859286.0,1.0,1161520.0,1161520.0,1.0,1.0
CUST00177,2025-11,3.0,5928411.0,1976137.0,0.0,0.0,0.0,3.0,0.0
CUST00177,2025-12,4.0,7270474.0,1817618.5,1.0,19421833.0,19421833.0,4.0,1.0
CUST00178,2025-01,4.0,18420513.0,4605128.25,0.0,0.0,0.0,4.0,0.0
CUST00178,2025-02,2.0,2203742.0,1101871.0,1.0,2203935.0,2203935.0,2.0,1.0
CUST00178,2025-03,2.0,5175809.0,2587904.5,3.0,13184853.0,4394951.0,2.0,3.0
CUST00178,2025-04,2.0,6051213.0,3025606.5,1.0,1284959.0,1284959.0,2.0,1.0
CUST00178,2025-05,4.0,9200239.0,2300059.75,3.0,21217794.0,7072598.0,4.0,3.0
CUST00178,2025-06,1.0,3520622.0,3520622.0,3.0,13786067.0,4595355.666666667,1.0,3.0
CUST00178,2025-07,1.0,2914389.0,2914389.0,0.0,0.0,0.0,1.0,0.0
CUST00178,2025-08,1.0,2497789.0,2497789.0,4.0,57741449.0,14435362.25,1.0,4.0
CUST00178,2025-09,0.0,0.0,0.0,1.0,67626670.0,67626670.0,0.0,1.0
CUST00178,2025-10,3.0,5375474.0,1791824.6666666667,0.0,0.0,0.0,3.0,0.0
CUST00178,2025-11,2.0,1210384.0,605192.0,1.0,56016772.0,56016772.0,2.0,1.0
CUST00178,2025-12,3.0,5765466.0,1921822.0,5.0,133648190.0,26729638.0,3.0,5.0
CUST00179,2025-01,3.0,12982439.0,4327479.666666667,1.0,2502306.0,2502306.0,3.0,1.0
CUST00179,2025-02,1.0,4982429.0,4982429.0,2.0,39811945.0,19905972.5,1.0,2.0
CUST00179,2025-03,1.0,635788.0,635788.0,4.0,62166999.0,15541749.75,1.0,4.0
CUST00179,2025-04,2.0,14964562.0,7482281.0,1.0,4933776.0,4933776.0,2.0,1.0
CUST00179,2025-05,1.0,7266083.0,7266083.0,2.0,8568546.0,4284273.0,1.0,2.0
CUST00179,2025-06,1.0,3328563.0,3328563.0,3.0,12526129.0,4175376.3333333335,1.0,3.0
CUST00179,2025-07,2.0,9405801.0,4702900.5,3.0,8993583.0,2997861.0,2.0,3.0
CUST00179,2025-08,3.0,2751698.0,917232.6666666666,1.0,3484201.0,3484201.0,3.0,1.0
CUST00179,2025-09,1.0,379245.0,379245.0,4.0,104957592.0,26239398.0,1.0,3.0
CUST00179,2025-10,2.0,1603653.0,801826.5,0.0,0.0,0.0,2.0,0.0
CUST00179,2025-11,1.0,3608383.0,3608383.0,2.0,2398071.0,1199035.5,1.0,2.0
CUST00179,2025-12,6.0,26300672.0,4383445.333333333,2.0,22032554.0,11016277.0,6.0,2.0
CUST00180,2025-01,5.0,12540491.0,2508098.2,5.0,219576038.0,43915207.6,5.0,5.0
CUST00180,2025-02,3.0,5907010.0,1969003.3333333333,1.0,3037637.0,3037637.0,3.0,1.0
CUST00180,2025-03,2.0,3667951.0,1833975.5,4.0,38523874.0,9630968.5,2.0,4.0
CUST00180,2025-04,5.0,7729625.0,1545925.0,2.0,77475823.0,38737911.5,4.0,2.0
CUST00180,2025-05,1.0,1359939.0,1359939.0,2.0,3896352.0,1948176.0,1.0,2.0
CUST00180,2025-06,6.0,32389467.0,5398244.5,0.0,0.0,0.0,6.0,0.0
CUST00180,2025-07,0.0,0.0,0.0,3.0,33182520.0,11060840.0,0.0,3.0
CUST00180,2025-08,2.0,7983434.0,3991717.0,2.0,62503181.0,31251590.5,2.0,2.0
CUST00180,2025-09,1.0,1323739.0,1323739.0,1.0,3259898.0,3259898.0,1.0,1.0
CUST00180,2025-10,1.0,1339297.0,1339297.0,0.0,0.0,0.0,1.0,0.0
CUST00180,2025-11,4.0,19778020.0,4944505.0,3.0,59292057.0,19764019.0,4.0,3.0
CUST00180,2025-12,1.0,295754.0,295754.0,3.0,22027267.0,7342422.333333333,1.0,3.0
CUST00181,2025-01,3.0,1554990.0,518330.0,3.0,121276319.0,40425439.666666664,3.0,3.0
CUST00181,2025-02,1.0,6619488.0,6619488.0,2.0,117925287.0,58962643.5,1.0,2.0
CUST00181,2025-03,2.0,5980029.0,2990014.5,3.0,40711575.0,13570525.0,2.0,3.0
CUST00181,2025-04,2.0,2428566.0,1214283.0,3.0,40235659.0,13411886.333333334,2.0,3.0
CUST00181,2025-05,4.0,10927979.0,2731994.75,1.0,16922469.0,16922469.0,3.0,1.0
CUST00181,2025-06,2.0,4294530.0,2147265.0,0.0,0.0,0.0,2.0,0.0
CUST00181,2025-07,6.0,13354024.0,2225670.6666666665,2.0,26531008.0,13265504.0,6.0,2.0
CUST00181,2025-08,1.0,1239744.0,1239744.0,1.0,19956379.0,19956379.0,1.0,1.0
CUST00181,2025-09,3.0,3654929.0,1218309.6666666667,6.0,143248212.0,23874702.0,3.0,6.0
CUST00181,2025-10,2.0,8096114.0,4048057.0,4.0,71023580.0,17755895.0,2.0,4.0
CUST00181,2025-11,1.0,1995906.0,1995906.0,1.0,14032626.0,14032626.0,1.0,1.0
CUST00181,2025-12,2.0,3802317.0,1901158.5,3.0,49415887.0,16471962.333333334,2.0,3.0
CUST00182,2025-01,1.0,3766011.0,3766011.0,3.0,143816426.0,47938808.666666664,1.0,3.0
CUST00182,2025-03,1.0,11399727.0,11399727.0,2.0,118650266.0,59325133.0,1.0,2.0
CUST00182,2025-04,0.0,0.0,0.0,2.0,11671098.0,5835549.0,0.0,2.0
CUST00182,2025-05,4.0,35387895.0,8846973.75,5.0,50802160.0,10160432.0,4.0,5.0
CUST00182,2025-06,2.0,44145944.0,22072972.0,2.0,16222929.0,8111464.5,2.0,2.0
CUST00182,2025-07,1.0,83863672.0,83863672.0,2.0,19049791.0,9524895.5,1.0,1.0
CUST00182,2025-08,8.0,149170266.0,18646283.25,2.0,31515055.0,15757527.5,8.0,1.0
CUST00182,2025-09,3.0,79565758.0,26521919.333333332,2.0,8386780.0,4193390.0,3.0,2.0
CUST00182,2025-10,3.0,140539922.0,46846640.666666664,1.0,12901267.0,12901267.0,3.0,1.0
CUST00182,2025-11,1.0,5124105.0,5124105.0,3.0,83267401.0,27755800.333333332,1.0,3.0
CUST00182,2025-12,1.0,30257918.0,30257918.0,1.0,2902491.0,2902491.0,1.0,1.0
CUST00183,2025-01,4.0,13245057.0,3311264.25,3.0,18569823.0,6189941.0,4.0,3.0
CUST00183,2025-02,1.0,4096753.0,4096753.0,2.0,40531239.0,20265619.5,1.0,2.0
CUST00183,2025-03,1.0,1241448.0,1241448.0,2.0,9239744.0,4619872.0,1.0,2.0
CUST00183,2025-04,3.0,29672026.0,9890675.333333334,0.0,0.0,0.0,3.0,0.0
CUST00183,2025-05,2.0,8254008.0,4127004.0,1.0,12270351.0,12270351.0,2.0,1.0
CUST00183,2025-06,2.0,5410271.0,2705135.5,1.0,4592681.0,4592681.0,2.0,1.0
CUST00183,2025-07,7.0,17257549.0,2465364.1428571427,2.0,146811829.0,73405914.5,7.0,2.0
CUST00183,2025-08,2.0,2326198.0,1163099.0,3.0,19665778.0,6555259.333333333,2.0,3.0
CUST00183,2025-09,1.0,1837085.0,1837085.0,3.0,36220667.0,12073555.666666666,1.0,3.0
CUST00183,2025-10,4.0,8029367.0,2007341.75,0.0,0.0,0.0,4.0,0.0
CUST00183,2025-11,1.0,3176123.0,3176123.0,1.0,59924912.0,59924912.0,1.0,1.0
CUST00183,2025-12,0.0,0.0,0.0,2.0,33257929.0,16628964.5,0.0,2.0
CUST00184,2025-01,2.0,22642610.0,11321305.0,3.0,77037803.0,25679267.666666668,2.0,3.0
CUST00184,2025-02,2.0,5815305.0,2907652.5,2.0,3852128.0,1926064.0,2.0,2.0
CUST00184,2025-03,2.0,3877180.0,1938590.0,0.0,0.0,0.0,2.0,0.0
CUST00184,2025-04,3.0,6845191.0,2281730.3333333335,2.0,7605620.0,3802810.0,3.0,2.0
CUST00184,2025-05,1.0,792538.0,792538.0,4.0,24812740.0,6203185.0,1.0,4.0
CUST00184,2025-06,2.0,5783871.0,2891935.5,1.0,16420241.0,16420241.0,2.0,1.0
CUST00184,2025-07,4.0,9573856.0,2393464.0,2.0,1956126.0,978063.0,4.0,2.0
CUST00184,2025-08,0.0,0.0,0.0,3.0,10183052.0,3394350.6666666665,0.0,3.0
CUST00184,2025-09,2.0,5877148.0,2938574.0,3.0,25754470.0,8584823.333333334,2.0,3.0
CUST00184,2025-10,2.0,6376116.0,3188058.0,4.0,19723083.0,4930770.75,2.0,4.0
CUST00184,2025-11,1.0,769720.0,769720.0,3.0,38272644.0,12757548.0,1.0,3.0
CUST00184,2025-12,3.0,5537973.0,1845991.0,1.0,16948316.0,16948316.0,3.0,1.0
CUST00185,2025-01,3.0,12019060.0,4006353.3333333335,4.0,132105698.0,33026424.5,3.0,4.0
CUST00185,2025-02,3.0,4783275.0,1594425.0,2.0,3738736.0,1869368.0,3.0,2.0
CUST00185,2025-03,4.0,8536976.0,2134244.0,4.0,67391689.0,16847922.25,4.0,4.0
CUST00185,2025-04,1.0,476880.0,476880.0,5.0,117714431.0,23542886.2,1.0,5.0
CUST00185,2025-05,3.0,8324659.0,2774886.3333333335,1.0,20132899.0,20132899.0,3.0,1.0
CUST00185,2025-06,2.0,3132848.0,1566424.0,7.0,156644528.0,22377789.714285713,2.0,7.0
CUST00185,2025-07,2.0,3416042.0,1708021.0,1.0,1092810.0,1092810.0,2.0,1.0
CUST00185,2025-08,5.0,12611922.0,2522384.4,4.0,18281345.0,4570336.25,4.0,4.0
CUST00185,2025-09,0.0,0.0,0.0,3.0,255986324.0,85328774.66666667,0.0,3.0
CUST00185,2025-10,1.0,7264811.0,7264811.0,2.0,1832885.0,916442.5,1.0,2.0
CUST00185,2025-11,1.0,2144412.0,2144412.0,1.0,2797670.0,2797670.0,1.0,1.0
CUST00185,2025-12,4.0,11540086.0,2885021.5,1.0,1134549.0,1134549.0,4.0,1.0
CUST00186,2025-01,2.0,1857574.0,928787.0,3.0,23619761.0,7873253.666666667,2.0,3.0
CUST00186,2025-02,4.0,9794101.0,2448525.25,0.0,0.0,0.0,4.0,0.0
CUST00186,2025-03,5.0,8151549.0,1630309.8,8.0,184545438.0,23068179.75,5.0,8.0
CUST00186,2025-04,1.0,1730518.0,1730518.0,1.0,2490903.0,2490903.0,1.0,1.0
CUST00186,2025-05,1.0,1418715.0,1418715.0,4.0,246260821.0,61565205.25,1.0,4.0
CUST00186,2025-06,2.0,7173332.0,3586666.0,1.0,1396424.0,1396424.0,2.0,1.0
CUST00186,2025-07,2.0,7100273.0,3550136.5,2.0,89101170.0,44550585.0,2.0,2.0
CUST00186,2025-08,0.0,0.0,0.0,3.0,19548811.0,6516270.333333333,0.0,3.0
CUST00186,2025-10,1.0,4218279.0,4218279.0,5.0,31550095.0,6310019.0,1.0,5.0
CUST00186,2025-11,3.0,8736002.0,2912000.6666666665,3.0,15093603.0,5031201.0,3.0,3.0
CUST00186,2025-12,1.0,3485729.0,3485729.0,1.0,10386316.0,10386316.0,1.0,1.0
CUST00187,2025-02,4.0,8667523.0,2166880.75,4.0,56743631.0,14185907.75,4.0,4.0
CUST00187,2025-03,2.0,4987096.0,2493548.0,2.0,52841268.0,26420634.0,2.0,2.0
CUST00187,2025-04,2.0,8082812.0,4041406.0,1.0,2894873.0,2894873.0,2.0,1.0
CUST00187,2025-05,2.0,8675540.0,4337770.0,2.0,46735196.0,23367598.0,2.0,2.0
CUST00187,2025-06,2.0,2976060.0,1488030.0,0.0,0.0,0.0,2.0,0.0
CUST00187,2025-07,2.0,2277031.0,1138515.5,3.0,60970936.0,20323645.333333332,2.0,3.0
CUST00187,2025-08,1.0,1305250.0,1305250.0,3.0,96869553.0,32289851.0,1.0,3.0
CUST00187,2025-09,0.0,0.0,0.0,5.0,1121497161.0,224299432.2,0.0,5.0
CUST00187,2025-10,1.0,4321193.0,4321193.0,1.0,22200496.0,22200496.0,1.0,1.0
CUST00187,2025-12,2.0,13371397.0,6685698.5,1.0,2692491.0,2692491.0,2.0,1.0
CUST00188,2025-01,0.0,0.0,0.0,1.0,8577809.0,8577809.0,0.0,1.0
CUST00188,2025-02,0.0,0.0,0.0,4.0,17709338.0,4427334.5,0.0,4.0
CUST00188,2025-03,3.0,233150779.0,77716926.33333333,8.0,57093847.0,7136730.875,3.0,7.0
CUST00188,2025-04,0.0,0.0,0.0,2.0,20656574.0,10328287.0,0.0,2.0
CUST00188,2025-05,0.0,0.0,0.0,2.0,178420270.0,89210135.0,0.0,2.0
CUST00188,2025-06,0.0,0.0,0.0,2.0,21880433.0,10940216.5,0.0,2.0
CUST00188,2025-07,0.0,0.0,0.0,3.0,41820423.0,13940141.0,0.0,2.0
CUST00188,2025-08,1.0,75632726.0,75632726.0,1.0,32406215.0,32406215.0,1.0,1.0
CUST00188,2025-09,1.0,182308053.0,182308053.0,3.0,49759990.0,16586663.333333334,1.0,3.0
CUST00188,2025-10,1.0,34902944.0,34902944.0,2.0,118706995.0,59353497.5,1.0,2.0
CUST00188,2025-11,5.0,1237322543.0,247464508.6,3.0,84993493.0,28331164.333333332,5.0,3.0
CUST00188,2025-12,1.0,217665666.0,217665666.0,0.0,0.0,0.0,1.0,0.0
CUST00189,2025-01,4.0,41315314.0,10328828.5,2.0,341904313.0,170952156.5,4.0,2.0
CUST00189,2025-02,1.0,38702914.0,38702914.0,1.0,1000663.0,1000663.0,1.0,1.0
CUST00189,2025-03,0.0,0.0,0.0,1.0,5928216.0,5928216.0,0.0,1.0
CUST00189,2025-04,2.0,13634939.0,6817469.5,1.0,4077600.0,4077600.0,2.0,1.0
CUST00189,2025-05,6.0,127971355.0,21328559.166666668,1.0,17863839.0,17863839.0,6.0,1.0
CUST00189,2025-06,5.0,67517383.0,13503476.6,1.0,5441936.0,5441936.0,5.0,1.0
CUST00189,2025-07,1.0,11115383.0,11115383.0,2.0,30812787.0,15406393.5,1.0,2.0
CUST00189,2025-08,8.0,142397195.0,17799649.375,3.0,46745118.0,15581706.0,8.0,3.0
CUST00189,2025-09,3.0,67915107.0,22638369.0,4.0,14255304.0,3563826.0,3.0,4.0
CUST00189,2025-10,0.0,0.0,0.0,4.0,160678299.0,40169574.75,0.0,4.0
CUST00189,2025-11,2.0,63948594.0,31974297.0,1.0,127668426.0,127668426.0,2.0,1.0
CUST00189,2025-12,4.0,63861530.0,15965382.5,0.0,0.0,0.0,4.0,0.0
CUST00190,2025-01,3.0,165530822.0,55176940.666666664,4.0,22584750.0,5646187.5,3.0,4.0
CUST00190,2025-02,2.0,367425498.0,183712749.0,1.0,20212152.0,20212152.0,2.0,1.0
CUST00190,2025-03,2.0,130670579.0,65335289.5,3.0,43806785.0,14602261.666666666,2.0,3.0
CUST00190,2025-04,3.0,282077640.0,94025880.0,4.0,329772409.0,82443102.25,3.0,4.0
CUST00190,2025-05,4.0,415528904.0,103882226.0,2.0,20890735.0,10445367.5,4.0,2.0
CUST00190,2025-06,2.0,142561435.0,71280717.5,3.0,10525058.0,3508352.6666666665,2.0,3.0
CUST00190,2025-07,3.0,161978522.0,53992840.666666664,1.0,150162734.0,150162734.0,3.0,1.0
CUST00190,2025-08,0.0,0.0,0.0,2.0,14444489.0,7222244.5,0.0,2.0
CUST00190,2025-09,3.0,295705473.0,98568491.0,2.0,125691409.0,62845704.5,3.0,2.0
CUST00190,2025-10,5.0,473397908.0,94679581.6,2.0,15711577.0,7855788.5,5.0,2.0
CUST00190,2025-11,4.0,554338948.0,138584737.0,2.0,4862823.0,2431411.5,4.0,2.0
CUST00190,2025-12,2.0,190712189.0,95356094.5,3.0,5073926.0,1691308.6666666667,2.0,3.0
CUST00191,2025-01,1.0,1476448.0,1476448.0,2.0,21238769.0,10619384.5,1.0,2.0
CUST00191,2025-02,2.0,2880211.0,1440105.5,2.0,25547374.0,12773687.0,2.0,2.0
CUST00191,2025-03,2.0,7830981.0,3915490.5,0.0,0.0,0.0,2.0,0.0
CUST00191,2025-04,3.0,4834863.0,1611621.0,4.0,126609500.0,31652375.0,3.0,4.0
CUST00191,2025-05,3.0,4438170.0,1479390.0,0.0,0.0,0.0,3.0,0.0
CUST00191,2025-06,3.0,6416833.0,2138944.3333333335,0.0,0.0,0.0,3.0,0.0
CUST00191,2025-07,2.0,1821085.0,910542.5,5.0,32651490.0,6530298.0,2.0,4.0
CUST00191,2025-08,1.0,783552.0,783552.0,2.0,9679614.0,4839807.0,1.0,2.0
CUST00191,2025-09,2.0,3734256.0,1867128.0,0.0,0.0,0.0,2.0,0.0
CUST00191,2025-10,1.0,2684014.0,2684014.0,2.0,31409678.0,15704839.0,1.0,2.0
CUST00191,2025-11,3.0,12999531.0,4333177.0,1.0,36801339.0,36801339.0,3.0,1.0
CUST00191,2025-12,3.0,6908155.0,2302718.3333333335,3.0,23437909.0,7812636.333333333,3.0,3.0
CUST00192,2025-01,2.0,3972391.0,1986195.5,0.0,0.0,0.0,2.0,0.0
CUST00192,2025-02,1.0,774883.0,774883.0,1.0,1567448.0,1567448.0,1.0,1.0
CUST00192,2025-03,0.0,0.0,0.0,3.0,52107016.0,17369005.333333332,0.0,3.0
CUST00192,2025-04,1.0,1274099.0,1274099.0,2.0,25193347.0,12596673.5,1.0,2.0
CUST00192,2025-05,5.0,8420026.0,1684005.2,5.0,119293797.0,23858759.4,4.0,5.0
CUST00192,2025-06,3.0,14782913.0,4927637.666666667,1.0,2363067.0,2363067.0,3.0,1.0
CUST00192,2025-07,3.0,4050395.0,1350131.6666666667,0.0,0.0,0.0,3.0,0.0
CUST00192,2025-08,1.0,1351451.0,1351451.0,0.0,0.0,0.0,1.0,0.0
CUST00192,2025-09,3.0,5106243.0,1702081.0,1.0,3914160.0,3914160.0,3.0,1.0
CUST00192,2025-10,1.0,7440488.0,7440488.0,2.0,4117583.0,2058791.5,1.0,2.0
CUST00192,2025-11,1.0,1055470.0,1055470.0,0.0,0.0,0.0,1.0,0.0
CUST00192,2025-12,3.0,14191801.0,4730600.333333333,3.0,46416025.0,15472008.333333334,3.0,3.0
CUST00193,2025-01,4.0,11914083.0,2978520.75,6.0,23458605.0,3909767.5,4.0,6.0
CUST00193,2025-02,0.0,0.0,0.0,2.0,40909274.0,20454637.0,0.0,2.0
CUST00193,2025-03,5.0,7364704.0,1472940.8,3.0,8799340.0,2933113.3333333335,5.0,3.0
CUST00193,2025-04,4.0,6095000.0,1523750.0,5.0,16224889.0,3244977.8,3.0,5.0
CUST00193,2025-05,3.0,21518888.0,7172962.666666667,2.0,275741240.0,137870620.0,3.0,2.0
CUST00193,2025-06,2.0,3727417.0,1863708.5,4.0,56553500.0,14138375.0,2.0,4.0
CUST00193,2025-07,1.0,1511893.0,1511893.0,2.0,5197072.0,2598536.0,1.0,2.0
CUST00193,2025-08,2.0,11900997.0,5950498.5,1.0,38640245.0,38640245.0,2.0,1.0
CUST00193,2025-09,3.0,11416478.0,3805492.6666666665,3.0,64070179.0,21356726.333333332,3.0,3.0
CUST00193,2025-10,4.0,29245128.0,7311282.0,2.0,12125667.0,6062833.5,4.0,1.0
CUST00193,2025-11,0.0,0.0,0.0,3.0,15983745.0,5327915.0,0.0,3.0
CUST00193,2025-12,2.0,4570264.0,2285132.0,3.0,189115590.0,63038530.0,2.0,2.0
CUST00194,2025-01,2.0,4973011.0,2486505.5,2.0,10338653.0,5169326.5,2.0,2.0
CUST00194,2025-02,2.0,2628082.0,1314041.0,2.0,48625070.0,24312535.0,2.0,2.0
CUST00194,2025-03,1.0,4379350.0,4379350.0,3.0,14584220.0,4861406.666666667,1.0,3.0
CUST00194,2025-04,4.0,16017923.0,4004480.75,5.0,45196042.0,9039208.4,4.0,5.0
CUST00194,2025-05,4.0,10632484.0,2658121.0,6.0,99776288.0,16629381.333333334,3.0,6.0
CUST00194,2025-06,1.0,1674160.0,1674160.0,2.0,6575216.0,3287608.0,1.0,2.0
CUST00194,2025-07,0.0,0.0,0.0,2.0,4737557.0,2368778.5,0.0,2.0
CUST00194,2025-08,3.0,14952842.0,4984280.666666667,1.0,2262274.0,2262274.0,3.0,1.0
CUST00194,2025-09,2.0,2658871.0,1329435.5,1.0,2100114.0,2100114.0,2.0,1.0
CUST00194,2025-10,2.0,3157848.0,1578924.0,4.0,39181033.0,9795258.25,2.0,4.0
CUST00194,2025-11,2.0,7386429.0,3693214.5,0.0,0.0,0.0,2.0,0.0
CUST00194,2025-12,2.0,3427052.0,1713526.0,2.0,5359021.0,2679510.5,2.0,2.0
CUST00195,2025-01,0.0,0.0,0.0,3.0,113571838.0,37857279.333333336,0.0,3.0
CUST00195,2025-02,1.0,27364589.0,27364589.0,2.0,172126618.0,86063309.0,1.0,2.0
CUST00195,2025-03,2.0,9669298.0,4834649.0,2.0,24853627.0,12426813.5,2.0,2.0
CUST00195,2025-04,0.0,0.0,0.0,2.0,73613097.0,36806548.5,0.0,2.0
CUST00195,2025-05,1.0,27524931.0,27524931.0,1.0,3566221.0,3566221.0,1.0,1.0
CUST00195,2025-06,2.0,26457583.0,13228791.5,0.0,0.0,0.0,2.0,0.0
CUST00195,2025-07,2.0,30362419.0,15181209.5,1.0,3227432.0,3227432.0,2.0,1.0
CUST00195,2025-08,1.0,15936003.0,15936003.0,5.0,14843204.0,2968640.8,1.0,4.0
CUST00195,2025-09,2.0,61763155.0,30881577.5,2.0,22798321.0,11399160.5,2.0,2.0
CUST00195,2025-10,3.0,81532508.0,27177502.666666668,1.0,10078537.0,10078537.0,2.0,1.0
CUST00195,2025-11,2.0,50645448.0,25322724.0,2.0,3843974.0,1921987.0,2.0,2.0
CUST00195,2025-12,1.0,25322888.0,25322888.0,1.0,4786413.0,4786413.0,1.0,1.0
CUST00196,2025-01,2.0,18476552.0,9238276.0,1.0,14998767.0,14998767.0,2.0,1.0
CUST00196,2025-02,2.0,8831410.0,4415705.0,2.0,5479555.0,2739777.5,2.0,2.0
CUST00196,2025-03,0.0,0.0,0.0,3.0,122876589.0,40958863.0,0.0,3.0
CUST00196,2025-04,1.0,1058733.0,1058733.0,1.0,2273336.0,2273336.0,1.0,1.0
CUST00196,2025-05,3.0,9666876.0,3222292.0,4.0,136281537.0,34070384.25,3.0,4.0
CUST00196,2025-06,1.0,2732540.0,2732540.0,5.0,57291220.0,11458244.0,1.0,5.0
CUST00196,2025-07,1.0,583366.0,583366.0,5.0,34149357.0,6829871.4,1.0,5.0
CUST00196,2025-08,4.0,9621403.0,2405350.75,2.0,113407269.0,56703634.5,4.0,2.0
CUST00196,2025-09,1.0,512325.0,512325.0,1.0,62300353.0,62300353.0,1.0,1.0
CUST00196,2025-10,2.0,2993431.0,1496715.5,6.0,305136448.0,50856074.666666664,2.0,6.0
CUST00196,2025-11,3.0,13600422.0,4533474.0,1.0,2865431.0,2865431.0,3.0,1.0
CUST00196,2025-12,0.0,0.0,0.0,4.0,18003223.0,4500805.75,0.0,4.0
CUST00197,2025-01,2.0,2158456.0,1079228.0,2.0,28325776.0,14162888.0,2.0,2.0
CUST00197,2025-02,1.0,1684864.0,1684864.0,3.0,10962684.0,3654228.0,1.0,3.0
CUST00197,2025-03,6.0,14956871.0,2492811.8333333335,3.0,46750697.0,15583565.666666666,6.0,2.0
CUST00197,2025-04,2.0,8284186.0,4142093.0,7.0,169002303.0,24143186.14285714,2.0,7.0
CUST00197,2025-05,2.0,4148135.0,2074067.5,5.0,72554311.0,14510862.2,2.0,5.0
CUST00197,2025-06,2.0,10978180.0,5489090.0,4.0,23358772.0,5839693.0,2.0,4.0
CUST00197,2025-07,1.0,1135913.0,1135913.0,3.0,189868344.0,63289448.0,1.0,3.0
CUST00197,2025-08,2.0,4601373.0,2300686.5,2.0,8443758.0,4221879.0,2.0,2.0
CUST00197,2025-09,3.0,9948195.0,3316065.0,1.0,4578994.0,4578994.0,3.0,1.0
CUST00197,2025-10,0.0,0.0,0.0,3.0,28932429.0,9644143.0,0.0,3.0
CUST00197,2025-11,4.0,10702387.0,2675596.75,0.0,0.0,0.0,4.0,0.0
CUST00197,2025-12,2.0,3741678.0,1870839.0,3.0,3921856.0,1307285.3333333333,2.0,3.0
CUST00198,2025-01,1.0,1474953.0,1474953.0,1.0,23464482.0,23464482.0,1.0,1.0
CUST00198,2025-02,2.0,4257913.0,2128956.5,1.0,5555717.0,5555717.0,2.0,1.0
CUST00198,2025-03,1.0,922124.0,922124.0,0.0,0.0,0.0,1.0,0.0
CUST00198,2025-04,2.0,14120733.0,7060366.5,3.0,10437143.0,3479047.6666666665,2.0,3.0
CUST00198,2025-05,2.0,5943431.0,2971715.5,4.0,25585894.0,6396473.5,2.0,4.0
CUST00198,2025-06,1.0,4398664.0,4398664.0,1.0,2265175.0,2265175.0,1.0,1.0
CUST00198,2025-07,5.0,15021902.0,3004380.4,4.0,19067713.0,4766928.25,5.0,4.0
CUST00198,2025-08,0.0,0.0,0.0,4.0,62474998.0,15618749.5,0.0,4.0
CUST00198,2025-09,2.0,6277616.0,3138808.0,3.0,61292079.0,20430693.0,2.0,3.0
CUST00198,2025-10,4.0,9421387.0,2355346.75,0.0,0.0,0.0,4.0,0.0
CUST00198,2025-11,3.0,6658712.0,2219570.6666666665,2.0,4080466.0,2040233.0,3.0,2.0
CUST00198,2025-12,1.0,2116919.0,2116919.0,3.0,70065217.0,23355072.333333332,1.0,3.0
CUST00199,2025-01,1.0,1482347.0,1482347.0,2.0,7279289.0,3639644.5,1.0,2.0
CUST00199,2025-02,2.0,2676545.0,1338272.5,4.0,30028219.0,7507054.75,2.0,4.0
CUST00199,2025-03,3.0,3559478.0,1186492.6666666667,2.0,71095978.0,35547989.0,3.0,2.0
CUST00199,2025-04,1.0,800519.0,800519.0,2.0,23537152.0,11768576.0,1.0,2.0
CUST00199,2025-05,3.0,5589204.0,1863068.0,4.0,11158639.0,2789659.75,3.0,4.0
CUST00199,2025-06,2.0,3409170.0,1704585.0,1.0,52265874.0,52265874.0,2.0,1.0
CUST00199,2025-07,2.0,4408855.0,2204427.5,1.0,129319487.0,129319487.0,2.0,1.0
CUST00199,2025-08,3.0,16300831.0,5433610.333333333,3.0,14997508.0,4999169.333333333,3.0,3.0
CUST00199,2025-09,3.0,3254518.0,1084839.3333333333,5.0,152996441.0,30599288.2,3.0,5.0
CUST00199,2025-10,3.0,6058055.0,2019351.6666666667,4.0,17192507.0,4298126.75,2.0,4.0
CUST00199,2025-11,4.0,10679477.0,2669869.25,4.0,29592228.0,7398057.0,4.0,4.0
CUST00199,2025-12,4.0,14684551.0,3671137.75,1.0,1679270.0,1679270.0,4.0,1.0
CUST00200,2025-01,1.0,66552127.0,66552127.0,1.0,34341502.0,34341502.0,1.0,1.0
CUST00200,2025-02,3.0,40268529.0,13422843.0,1.0,194659181.0,194659181.0,3.0,1.0
CUST00200,2025-03,0.0,0.0,0.0,2.0,9020152.0,4510076.0,0.0,2.0
CUST00200,2025-04,2.0,48631888.0,24315944.0,0.0,0.0,0.0,2.0,0.0
CUST00200,2025-05,1.0,32429091.0,32429091.0,3.0,128180026.0,42726675.333333336,1.0,3.0
CUST00200,2025-06,1.0,22691791.0,22691791.0,1.0,9826055.0,9826055.0,1.0,1.0
CUST00200,2025-07,0.0,0.0,0.0,2.0,6154553.0,3077276.5,0.0,2.0
CUST00200,2025-08,2.0,49019896.0,24509948.0,2.0,231669268.0,115834634.0,2.0,2.0
CUST00200,2025-09,3.0,29006761.0,9668920.333333334,1.0,112556295.0,112556295.0,3.0,1.0
CUST00200,2025-10,2.0,55755105.0,27877552.5,2.0,146994529.0,73497264.5,2.0,2.0
CUST00200,2025-11,1.0,12065567.0,12065567.0,1.0,2132996.0,2132996.0,1.0,1.0
CUST00200,2025-12,1.0,9765884.0,9765884.0,1.0,64520041.0,64520041.0,1.0,1.0
CUST00201,2025-01,0.0,0.0,0.0,2.0,10416863.0,5208431.5,0.0,2.0
CUST00201,2025-02,0.0,0.0,0.0,3.0,24598818.0,8199606.0,0.0,3.0
CUST00201,2025-03,2.0,5447327.0,2723663.5,3.0,251818813.0,83939604.33333333,2.0,3.0
CUST00201,2025-04,1.0,2071606.0,2071606.0,4.0,154820171.0,38705042.75,1.0,4.0
CUST00201,2025-05,2.0,2297213.0,1148606.5,2.0,3583178.0,1791589.0,2.0,2.0
CUST00201,2025-06,1.0,1918812.0,1918812.0,1.0,1507412.0,1507412.0,1.0,1.0
CUST00201,2025-07,1.0,1436986.0,1436986.0,2.0,59675924.0,29837962.0,1.0,2.0
CUST00201,2025-08,3.0,5481989.0,1827329.6666666667,3.0,135801002.0,45267000.666666664,3.0,3.0
CUST00201,2025-09,2.0,4793868.0,2396934.0,1.0,6509308.0,6509308.0,2.0,1.0
CUST00201,2025-10,1.0,2586262.0,2586262.0,2.0,9595940.0,4797970.0,1.0,2.0
CUST00201,2025-11,1.0,3225025.0,3225025.0,4.0,13725108.0,3431277.0,1.0,4.0
CUST00201,2025-12,1.0,7400499.0,7400499.0,0.0,0.0,0.0,1.0,0.0
CUST00202,2025-01,1.0,2180680.0,2180680.0,3.0,49244991.0,16414997.0,1.0,3.0
CUST00202,2025-02,2.0,3418801.0,1709400.5,1.0,1439203.0,1439203.0,2.0,1.0
CUST00202,2025-03,3.0,17972078.0,5990692.666666667,1.0,968247.0,968247.0,3.0,1.0
CUST00202,2025-04,1.0,866395.0,866395.0,4.0,16272937.0,4068234.25,1.0,3.0
CUST00202,2025-05,2.0,3937896.0,1968948.0,2.0,5033551.0,2516775.5,2.0,2.0
CUST00202,2025-06,2.0,3436858.0,1718429.0,2.0,63945462.0,31972731.0,2.0,2.0
CUST00202,2025-07,2.0,6138024.0,3069012.0,3.0,56636231.0,18878743.666666668,2.0,3.0
CUST00202,2025-08,6.0,13383594.0,2230599.0,3.0,26104306.0,8701435.333333334,6.0,3.0
CUST00202,2025-09,1.0,2277131.0,2277131.0,1.0,38090982.0,38090982.0,1.0,1.0
CUST00202,2025-10,3.0,9676956.0,3225652.0,2.0,105546853.0,52773426.5,3.0,2.0
CUST00202,2025-11,1.0,2014643.0,2014643.0,2.0,845081910.0,422540955.0,1.0,2.0
CUST00202,2025-12,2.0,8878726.0,4439363.0,2.0,13310377.0,6655188.5,2.0,2.0
CUST00203,2025-01,1.0,1351554.0,1351554.0,2.0,46297127.0,23148563.5,1.0,2.0
CUST00203,2025-02,1.0,2589857.0,2589857.0,3.0,5652999.0,1884333.0,1.0,3.0
CUST00203,2025-03,3.0,6017179.0,2005726.3333333333,2.0,87367203.0,43683601.5,3.0,2.0
CUST00203,2025-04,1.0,1425510.0,1425510.0,2.0,9659780.0,4829890.0,1.0,2.0
CUST00203,2025-05,3.0,4237001.0,1412333.6666666667,1.0,1278623.0,1278623.0,3.0,1.0
CUST00203,2025-06,5.0,35855042.0,7171008.4,3.0,8343401.0,2781133.6666666665,5.0,3.0
CUST00203,2025-07,0.0,0.0,0.0,2.0,11369641.0,5684820.5,0.0,2.0
CUST00203,2025-08,3.0,6307168.0,2102389.3333333335,1.0,1449269.0,1449269.0,3.0,1.0
CUST00203,2025-09,2.0,2052861.0,1026430.5,0.0,0.0,0.0,2.0,0.0
CUST00203,2025-10,2.0,3523571.0,1761785.5,4.0,95818876.0,23954719.0,2.0,4.0
CUST00203,2025-11,0.0,0.0,0.0,3.0,18475736.0,6158578.666666667,0.0,3.0
CUST00203,2025-12,3.0,18306413.0,6102137.666666667,4.0,129687706.0,32421926.5,2.0,4.0
CUST00204,2025-01,1.0,4436093.0,4436093.0,1.0,1153386.0,1153386.0,1.0,1.0
CUST00204,2025-02,0.0,0.0,0.0,2.0,190083316.0,95041658.0,0.0,2.0
CUST00204,2025-03,3.0,6743962.0,2247987.3333333335,3.0,34060345.0,11353448.333333334,2.0,3.0
CUST00204,2025-04,5.0,10469685.0,2093937.0,0.0,0.0,0.0,5.0,0.0
CUST00204,2025-05,3.0,8500183.0,2833394.3333333335,3.0,47074112.0,15691370.666666666,3.0,3.0
CUST00204,2025-06,2.0,4140879.0,2070439.5,2.0,167654340.0,83827170.0,2.0,2.0
CUST00204,2025-07,3.0,3351367.0,1117122.3333333333,2.0,41591157.0,20795578.5,3.0,2.0
CUST00204,2025-08,1.0,1275075.0,1275075.0,1.0,10586915.0,10586915.0,1.0,1.0
CUST00204,2025-09,0.0,0.0,0.0,1.0,3907014.0,3907014.0,0.0,1.0
CUST00204,2025-10,0.0,0.0,0.0,4.0,198997776.0,49749444.0,0.0,4.0
CUST00204,2025-11,3.0,5099984.0,1699994.6666666667,2.0,5199356.0,2599678.0,3.0,1.0
CUST00204,2025-12,0.0,0.0,0.0,2.0,6805397.0,3402698.5,0.0,2.0
CUST00205,2025-01,2.0,39700610.0,19850305.0,2.0,58827988.0,29413994.0,2.0,2.0
CUST00205,2025-02,1.0,12673473.0,12673473.0,1.0,2575861.0,2575861.0,1.0,1.0
CUST00205,2025-03,3.0,204147978.0,68049326.0,2.0,2066509.0,1033254.5,3.0,2.0
CUST00205,2025-04,1.0,19307426.0,19307426.0,2.0,16495219.0,8247609.5,1.0,2.0
CUST00205,2025-05,2.0,21866187.0,10933093.5,1.0,5720963.0,5720963.0,2.0,1.0
CUST00205,2025-06,1.0,6820201.0,6820201.0,2.0,3790770.0,1895385.0,1.0,2.0
CUST00205,2025-07,0.0,0.0,0.0,2.0,39162869.0,19581434.5,0.0,2.0
CUST00205,2025-08,3.0,18685438.0,6228479.333333333,1.0,1550505.0,1550505.0,3.0,1.0
CUST00205,2025-09,3.0,170926676.0,56975558.666666664,3.0,725461170.0,241820390.0,3.0,3.0
CUST00205,2025-10,3.0,24041318.0,8013772.666666667,3.0,34741427.0,11580475.666666666,3.0,3.0
CUST00205,2025-11,3.0,75560950.0,25186983.333333332,4.0,18497594.0,4624398.5,3.0,4.0
CUST00205,2025-12,0.0,0.0,0.0,1.0,13887991.0,13887991.0,0.0,1.0
CUST00206,2025-01,2.0,35374159.0,17687079.5,0.0,0.0,0.0,2.0,0.0
CUST00206,2025-02,3.0,76985446.0,25661815.333333332,0.0,0.0,0.0,3.0,0.0
CUST00206,2025-03,2.0,16713865.0,8356932.5,2.0,15201456.0,7600728.0,2.0,2.0
CUST00206,2025-04,2.0,51165283.0,25582641.5,4.0,61297234.0,15324308.5,2.0,4.0
CUST00206,2025-05,1.0,7177526.0,7177526.0,3.0,39293428.0,13097809.333333334,1.0,3.0
CUST00206,2025-06,2.0,149670768.0,74835384.0,0.0,0.0,0.0,2.0,0.0
CUST00206,2025-07,2.0,14985240.0,7492620.0,1.0,4342845.0,4342845.0,2.0,1.0
CUST00206,2025-08,1.0,35315843.0,35315843.0,2.0,4656320.0,2328160.0,1.0,2.0
CUST00206,2025-10,2.0,14687732.0,7343866.0,0.0,0.0,0.0,2.0,0.0
CUST00206,2025-11,0.0,0.0,0.0,1.0,719312.0,719312.0,0.0,1.0
CUST00206,2025-12,2.0,6418766.0,3209383.0,1.0,2237616.0,2237616.0,2.0,1.0
CUST00207,2025-01,1.0,139505808.0,139505808.0,5.0,42544350.0,8508870.0,1.0,5.0
CUST00207,2025-02,3.0,726838433.0,242279477.66666666,2.0,76782060.0,38391030.0,3.0,2.0
CUST00207,2025-03,4.0,500909061.0,125227265.25,0.0,0.0,0.0,4.0,0.0
CUST00207,2025-04,1.0,107599620.0,107599620.0,2.0,26279412.0,13139706.0,1.0,2.0
CUST00207,2025-05,2.0,192573623.0,96286811.5,2.0,37854494.0,18927247.0,2.0,2.0
CUST00207,2025-06,2.0,177539301.0,88769650.5,2.0,3334090.0,1667045.0,2.0,2.0
CUST00207,2025-07,3.0,249140924.0,83046974.66666667,4.0,59452940.0,14863235.0,3.0,3.0
CUST00207,2025-08,4.0,621900448.0,155475112.0,3.0,3716095.0,1238698.3333333333,4.0,3.0
CUST00207,2025-09,1.0,81765244.0,81765244.0,5.0,11421894.0,2284378.8,1.0,4.0
CUST00207,2025-10,0.0,0.0,0.0,1.0,3379662.0,3379662.0,0.0,1.0
CUST00207,2025-11,1.0,54190421.0,54190421.0,1.0,5050975.0,5050975.0,1.0,1.0
CUST00207,2025-12,0.0,0.0,0.0,1.0,2468546.0,2468546.0,0.0,1.0
CUST00208,2025-01,1.0,55747509.0,55747509.0,1.0,557986.0,557986.0,1.0,1.0
CUST00208,2025-02,3.0,94225749.0,31408583.0,2.0,3487622.0,1743811.0,3.0,2.0
CUST00208,2025-03,2.0,32953633.0,16476816.5,0.0,0.0,0.0,2.0,0.0
CUST00208,2025-04,2.0,17230582.0,8615291.0,3.0,8464057.0,2821352.3333333335,2.0,3.0
CUST00208,2025-05,1.0,20817245.0,20817245.0,3.0,11918616.0,3972872.0,1.0,3.0
CUST00208,2025-06,2.0,30107933.0,15053966.5,1.0,7564621.0,7564621.0,2.0,1.0
CUST00208,2025-07,5.0,105770487.0,21154097.4,4.0,39949304.0,9987326.0,5.0,4.0
CUST00208,2025-08,4.0,170923808.0,42730952.0,2.0,3025836.0,1512918.0,4.0,2.0
CUST00208,2025-09,0.0,0.0,0.0,3.0,160716864.0,53572288.0,0.0,3.0
CUST00208,2025-10,1.0,7082710.0,7082710.0,5.0,115731538.0,23146307.6,1.0,5.0
CUST00208,2025-11,1.0,10646636.0,10646636.0,1.0,4742092.0,4742092.0,1.0,1.0
CUST00208,2025-12,1.0,12060739.0,12060739.0,1.0,179995411.0,179995411.0,1.0,1.0
CUST00209,2025-01,1.0,403236.0,403236.0,3.0,9719678.0,3239892.6666666665,1.0,3.0
CUST00209,2025-02,1.0,3034142.0,3034142.0,4.0,29832679.0,7458169.75,1.0,3.0
CUST00209,2025-03,5.0,12928318.0,2585663.6,2.0,36532439.0,18266219.5,4.0,2.0
CUST00209,2025-04,5.0,11132863.0,2226572.6,2.0,105513926.0,52756963.0,5.0,2.0
CUST00209,2025-05,1.0,2045476.0,2045476.0,2.0,13030239.0,6515119.5,1.0,2.0
CUST00209,2025-06,1.0,1033305.0,1033305.0,0.0,0.0,0.0,1.0,0.0
CUST00209,2025-07,2.0,5514627.0,2757313.5,1.0,1292766.0,1292766.0,1.0,1.0
CUST00209,2025-08,0.0,0.0,0.0,1.0,2145440.0,2145440.0,0.0,1.0
CUST00209,2025-09,1.0,1151924.0,1151924.0,2.0,4766325.0,2383162.5,1.0,2.0
CUST00209,2025-10,1.0,2595416.0,2595416.0,3.0,17482871.0,5827623.666666667,1.0,3.0
CUST00209,2025-11,1.0,413414.0,413414.0,2.0,30536048.0,15268024.0,1.0,2.0
CUST00209,2025-12,1.0,2180466.0,2180466.0,1.0,996674.0,996674.0,1.0,1.0
CUST00210,2025-02,2.0,82942765.0,41471382.5,3.0,70240122.0,23413374.0,2.0,3.0
CUST00210,2025-03,2.0,54414685.0,27207342.5,1.0,1607827.0,1607827.0,2.0,1.0
CUST00210,2025-04,1.0,10194647.0,10194647.0,6.0,69913777.0,11652296.166666666,1.0,5.0
CUST00210,2025-05,4.0,44904917.0,11226229.25,2.0,6743594.0,3371797.0,4.0,1.0
CUST00210,2025-06,1.0,8900062.0,8900062.0,2.0,71050467.0,35525233.5,1.0,2.0
CUST00210,2025-08,1.0,6404666.0,6404666.0,1.0,82355272.0,82355272.0,1.0,1.0
CUST00210,2025-09,2.0,16864087.0,8432043.5,2.0,3016370.0,1508185.0,2.0,2.0
CUST00210,2025-10,2.0,76026633.0,38013316.5,2.0,10243384.0,5121692.0,2.0,2.0
CUST00210,2025-11,1.0,16756964.0,16756964.0,0.0,0.0,0.0,1.0,0.0
CUST00210,2025-12,3.0,47294655.0,15764885.0,3.0,8716553.0,2905517.6666666665,3.0,3.0
CUST00211,2025-02,1.0,1193294.0,1193294.0,2.0,103532032.0,51766016.0,1.0,2.0
CUST00211,2025-03,2.0,2779213.0,1389606.5,3.0,18944591.0,6314863.666666667,2.0,2.0
CUST00211,2025-04,2.0,25403534.0,12701767.0,1.0,568488.0,568488.0,2.0,1.0
CUST00211,2025-05,2.0,2475027.0,1237513.5,2.0,5900048.0,2950024.0,2.0,2.0
CUST00211,2025-06,3.0,6430177.0,2143392.3333333335,0.0,0.0,0.0,3.0,0.0
CUST00211,2025-07,1.0,505493.0,505493.0,5.0,68199744.0,13639948.8,1.0,5.0
CUST00211,2025-08,2.0,4303054.0,2151527.0,4.0,16490895.0,4122723.75,2.0,4.0
CUST00211,2025-09,1.0,6284269.0,6284269.0,1.0,15055676.0,15055676.0,1.0,1.0
CUST00211,2025-10,4.0,16503679.0,4125919.75,1.0,150756813.0,150756813.0,4.0,1.0
CUST00211,2025-11,3.0,6045560.0,2015186.6666666667,6.0,29603093.0,4933848.833333333,3.0,5.0
CUST00211,2025-12,0.0,0.0,0.0,2.0,37224340.0,18612170.0,0.0,2.0
CUST00212,2025-01,0.0,0.0,0.0,4.0,14565592.0,3641398.0,0.0,4.0
CUST00212,2025-02,1.0,2725164.0,2725164.0,2.0,3763216.0,1881608.0,1.0,2.0
CUST00212,2025-03,2.0,10795918.0,5397959.0,0.0,0.0,0.0,2.0,0.0
CUST00212,2025-04,1.0,394534.0,394534.0,1.0,48774827.0,48774827.0,1.0,1.0
CUST00212,2025-05,0.0,0.0,0.0,1.0,32230383.0,32230383.0,0.0,1.0
CUST00212,2025-06,3.0,11619482.0,3873160.6666666665,1.0,3146469.0,3146469.0,3.0,1.0
CUST00212,2025-07,2.0,5506804.0,2753402.0,3.0,82530071.0,27510023.666666668,2.0,3.0
CUST00212,2025-08,2.0,4850530.0,2425265.0,0.0,0.0,0.0,2.0,0.0
CUST00212,2025-09,10.0,29233502.0,2923350.2,3.0,77743307.0,25914435.666666668,10.0,2.0
CUST00212,2025-10,1.0,2025366.0,2025366.0,3.0,48803896.0,16267965.333333334,1.0,3.0
CUST00212,2025-11,0.0,0.0,0.0,1.0,4155253.0,4155253.0,0.0,1.0
CUST00212,2025-12,0.0,0.0,0.0,1.0,8919639.0,8919639.0,0.0,1.0
CUST00213,2025-01,1.0,12054569.0,12054569.0,2.0,18916997.0,9458498.5,1.0,2.0
CUST00213,2025-02,0.0,0.0,0.0,2.0,8408351.0,4204175.5,0.0,2.0
CUST00213,2025-03,1.0,11698638.0,11698638.0,0.0,0.0,0.0,1.0,0.0
CUST00213,2025-04,1.0,3726971.0,3726971.0,0.0,0.0,0.0,1.0,0.0
CUST00213,2025-05,2.0,35498973.0,17749486.5,0.0,0.0,0.0,2.0,0.0
CUST00213,2025-06,1.0,8848699.0,8848699.0,3.0,24556490.0,8185496.666666667,1.0,3.0
CUST00213,2025-07,1.0,7001815.0,7001815.0,1.0,9605046.0,9605046.0,1.0,1.0
CUST00213,2025-08,1.0,39254159.0,39254159.0,0.0,0.0,0.0,1.0,0.0
CUST00213,2025-09,2.0,33649253.0,16824626.5,0.0,0.0,0.0,2.0,0.0
CUST00213,2025-10,2.0,18240436.0,9120218.0,1.0,1850560.0,1850560.0,2.0,1.0
CUST00213,2025-11,2.0,22771550.0,11385775.0,1.0,2691333.0,2691333.0,2.0,1.0
CUST00213,2025-12,2.0,34692183.0,17346091.5,3.0,31931206.0,10643735.333333334,2.0,3.0
CUST00214,2025-01,2.0,2940494.0,1470247.0,0.0,0.0,0.0,2.0,0.0
CUST00214,2025-02,1.0,1930347.0,1930347.0,2.0,5254358.0,2627179.0,1.0,2.0
CUST00214,2025-03,4.0,3366007.0,841501.75,3.0,37796800.0,12598933.333333334,4.0,3.0
CUST00214,2025-04,3.0,8542593.0,2847531.0,1.0,1239965.0,1239965.0,3.0,1.0
CUST00214,2025-05,1.0,1860079.0,1860079.0,5.0,12298897.0,2459779.4,1.0,5.0
CUST00214,2025-06,7.0,17929564.0,2561366.285714286,1.0,6066184.0,6066184.0,6.0,1.0
CUST00214,2025-07,1.0,850703.0,850703.0,3.0,54841274.0,18280424.666666668,1.0,3.0
CUST00214,2025-08,3.0,35774968.0,11924989.333333334,5.0,270884466.0,54176893.2,3.0,5.0
CUST00214,2025-09,1.0,1556293.0,1556293.0,1.0,1338131.0,1338131.0,1.0,1.0
CUST00214,2025-10,2.0,3047899.0,1523949.5,1.0,19982995.0,19982995.0,2.0,1.0
CUST00214,2025-11,4.0,14370401.0,3592600.25,1.0,11073509.0,11073509.0,3.0,1.0
CUST00214,2025-12,1.0,5730708.0,5730708.0,2.0,19317885.0,9658942.5,1.0,2.0
CUST00215,2025-01,4.0,212982224.0,53245556.0,2.0,17649967.0,8824983.5,4.0,2.0
CUST00215,2025-02,1.0,38212141.0,38212141.0,3.0,32013787.0,10671262.333333334,1.0,2.0
CUST00215,2025-03,6.0,545521801.0,90920300.16666667,0.0,0.0,0.0,6.0,0.0
CUST00215,2025-04,2.0,456608513.0,228304256.5,3.0,16719120.0,5573040.0,2.0,3.0
CUST00215,2025-05,3.0,361037802.0,120345934.0,2.0,12103869.0,6051934.5,3.0,2.0
CUST00215,2025-06,3.0,251701997.0,83900665.66666667,3.0,60751345.0,20250448.333333332,3.0,3.0
CUST00215,2025-07,4.0,347222260.0,86805565.0,2.0,43437761.0,21718880.5,4.0,2.0
CUST00215,2025-08,3.0,361387300.0,120462433.33333333,5.0,110001042.0,22000208.4,3.0,4.0
CUST00215,2025-09,6.0,703005126.0,117167521.0,1.0,1777753.0,1777753.0,6.0,1.0
CUST00215,2025-11,4.0,295606344.0,73901586.0,2.0,42618257.0,21309128.5,4.0,2.0
CUST00215,2025-12,1.0,45477363.0,45477363.0,1.0,1191505.0,1191505.0,1.0,1.0
CUST00216,2025-01,0.0,0.0,0.0,3.0,261243047.0,87081015.66666667,0.0,3.0
CUST00216,2025-02,0.0,0.0,0.0,4.0,66174156.0,16543539.0,0.0,4.0
CUST00216,2025-03,0.0,0.0,0.0,1.0,1840773.0,1840773.0,0.0,1.0
CUST00216,2025-04,4.0,9131713.0,2282928.25,2.0,4361902.0,2180951.0,4.0,2.0
CUST00216,2025-05,0.0,0.0,0.0,1.0,24170118.0,24170118.0,0.0,1.0
CUST00216,2025-06,2.0,1495762.0,747881.0,2.0,52405102.0,26202551.0,2.0,2.0
CUST00216,2025-07,3.0,6113071.0,2037690.3333333333,0.0,0.0,0.0,3.0,0.0
CUST00216,2025-08,0.0,0.0,0.0,3.0,7776222.0,2592074.0,0.0,3.0
CUST00216,2025-09,3.0,10509716.0,3503238.6666666665,0.0,0.0,0.0,3.0,0.0
CUST00216,2025-10,4.0,13122528.0,3280632.0,2.0,67349933.0,33674966.5,4.0,2.0
CUST00216,2025-11,2.0,5804006.0,2902003.0,1.0,1266328.0,1266328.0,2.0,1.0
CUST00216,2025-12,2.0,5620173.0,2810086.5,3.0,20310557.0,6770185.666666667,2.0,3.0
CUST00217,2025-01,1.0,12759071.0,12759071.0,2.0,7422411.0,3711205.5,1.0,2.0
CUST00217,2025-02,3.0,65429519.0,21809839.666666668,1.0,34851073.0,34851073.0,3.0,1.0
CUST00217,2025-03,2.0,34704167.0,17352083.5,1.0,4457593.0,4457593.0,2.0,1.0
CUST00217,2025-04,0.0,0.0,0.0,2.0,2887599.0,1443799.5,0.0,2.0
CUST00217,2025-05,3.0,94143908.0,31381302.666666668,1.0,16260907.0,16260907.0,3.0,1.0
CUST00217,2025-06,2.0,32889077.0,16444538.5,3.0,58608685.0,19536228.333333332,2.0,3.0
CUST00217,2025-07,3.0,147159943.0,49053314.333333336,2.0,10348744.0,5174372.0,3.0,2.0
CUST00217,2025-08,2.0,46511939.0,23255969.5,4.0,17169675.0,4292418.75,2.0,4.0
CUST00217,2025-09,1.0,16164513.0,16164513.0,5.0,66164336.0,13232867.2,1.0,5.0
CUST00217,2025-10,2.0,15278363.0,7639181.5,0.0,0.0,0.0,2.0,0.0
CUST00217,2025-11,1.0,35808624.0,35808624.0,2.0,38079480.0,19039740.0,1.0,2.0
CUST00217,2025-12,1.0,6040335.0,6040335.0,3.0,17793937.0,5931312.333333333,1.0,3.0
CUST00218,2025-01,2.0,55600195.0,27800097.5,4.0,115733457.0,28933364.25,2.0,4.0
CUST00218,2025-02,2.0,48368236.0,24184118.0,1.0,1310295.0,1310295.0,2.0,1.0
CUST00218,2025-03,2.0,33721527.0,16860763.5,5.0,30117358.0,6023471.6,2.0,4.0
CUST00218,2025-04,2.0,39280847.0,19640423.5,3.0,66258357.0,22086119.0,2.0,3.0
CUST00218,2025-05,0.0,0.0,0.0,1.0,3648596.0,3648596.0,0.0,1.0
CUST00218,2025-06,4.0,65189799.0,16297449.75,3.0,9160372.0,3053457.3333333335,4.0,3.0
CUST00218,2025-07,2.0,39977112.0,19988556.0,3.0,13427173.0,4475724.333333333,2.0,2.0
CUST00218,2025-08,4.0,63298075.0,15824518.75,2.0,64412370.0,32206185.0,4.0,2.0
CUST00218,2025-09,2.0,167816114.0,83908057.0,0.0,0.0,0.0,2.0,0.0
CUST00218,2025-10,0.0,0.0,0.0,2.0,4933376.0,2466688.0,0.0,2.0
CUST00218,2025-11,1.0,3973701.0,3973701.0,0.0,0.0,0.0,1.0,0.0
CUST00218,2025-12,1.0,12779399.0,12779399.0,4.0,12710811.0,3177702.75,1.0,4.0
CUST00219,2025-01,2.0,83120877.0,41560438.5,2.0,1566510.0,783255.0,2.0,2.0
CUST00219,2025-02,2.0,72465526.0,36232763.0,4.0,124772302.0,31193075.5,2.0,4.0
CUST00219,2025-03,3.0,56278168.0,18759389.333333332,1.0,6436962.0,6436962.0,3.0,1.0
CUST00219,2025-04,2.0,28719078.0,14359539.0,1.0,11223381.0,11223381.0,2.0,1.0
CUST00219,2025-05,1.0,5921608.0,5921608.0,2.0,10234570.0,5117285.0,1.0,2.0
CUST00219,2025-06,4.0,158106415.0,39526603.75,1.0,843083.0,843083.0,4.0,1.0
CUST00219,2025-07,1.0,40320931.0,40320931.0,1.0,974350.0,974350.0,1.0,1.0
CUST00219,2025-08,1.0,48700857.0,48700857.0,0.0,0.0,0.0,1.0,0.0
CUST00219,2025-09,1.0,19743044.0,19743044.0,3.0,28452480.0,9484160.0,1.0,3.0
CUST00219,2025-10,4.0,130523694.0,32630923.5,1.0,1438436.0,1438436.0,4.0,1.0
CUST00219,2025-11,2.0,40187015.0,20093507.5,3.0,11912319.0,3970773.0,2.0,3.0
CUST00219,2025-12,2.0,102806532.0,51403266.0,4.0,41843403.0,10460850.75,2.0,4.0
CUST00220,2025-01,3.0,71322761.0,23774253.666666668,1.0,40154717.0,40154717.0,3.0,1.0
CUST00220,2025-02,0.0,0.0,0.0,1.0,11221763.0,11221763.0,0.0,1.0
CUST00220,2025-03,4.0,55423801.0,13855950.25,1.0,4724234.0,4724234.0,4.0,1.0
CUST00220,2025-04,3.0,40736596.0,13578865.333333334,4.0,97430776.0,24357694.0,3.0,4.0
CUST00220,2025-05,1.0,74963426.0,74963426.0,0.0,0.0,0.0,1.0,0.0
CUST00220,2025-06,1.0,28806918.0,28806918.0,1.0,1298890.0,1298890.0,1.0,1.0
CUST00220,2025-07,2.0,39518759.0,19759379.5,2.0,5076939.0,2538469.5,2.0,2.0
CUST00220,2025-08,2.0,34522970.0,17261485.0,1.0,21040881.0,21040881.0,2.0,1.0
CUST00220,2025-09,0.0,0.0,0.0,4.0,188448770.0,47112192.5,0.0,4.0
CUST00220,2025-10,2.0,50134463.0,25067231.5,1.0,3959610.0,3959610.0,2.0,1.0
CUST00220,2025-11,2.0,67710628.0,33855314.0,0.0,0.0,0.0,2.0,0.0
CUST00220,2025-12,2.0,67489453.0,33744726.5,4.0,49072559.0,12268139.75,2.0,4.0
CUST00221,2025-01,1.0,4868376.0,4868376.0,3.0,41185760.0,13728586.666666666,1.0,3.0
CUST00221,2025-02,4.0,73714595.0,18428648.75,1.0,573804.0,573804.0,4.0,1.0
CUST00221,2025-03,3.0,81091032.0,27030344.0,2.0,1206016.0,603008.0,3.0,2.0
CUST00221,2025-04,1.0,6120158.0,6120158.0,2.0,3941544.0,1970772.0,1.0,2.0
CUST00221,2025-06,0.0,0.0,0.0,2.0,62096898.0,31048449.0,0.0,2.0
CUST00221,2025-07,2.0,27063640.0,13531820.0,3.0,62971779.0,20990593.0,2.0,3.0
CUST00221,2025-08,1.0,20680208.0,20680208.0,2.0,4421994.0,2210997.0,1.0,2.0
CUST00221,2025-09,1.0,20914500.0,20914500.0,2.0,4996641.0,2498320.5,1.0,2.0
CUST00221,2025-10,6.0,133901283.0,22316880.5,1.0,4717391.0,4717391.0,6.0,1.0
CUST00221,2025-11,4.0,40124148.0,10031037.0,2.0,4118814.0,2059407.0,4.0,2.0
CUST00221,2025-12,1.0,12935086.0,12935086.0,1.0,23016725.0,23016725.0,1.0,1.0
CUST00222,2025-01,5.0,8633880.0,1726776.0,2.0,15541943.0,7770971.5,5.0,2.0
CUST00222,2025-02,4.0,12059896.0,3014974.0,0.0,0.0,0.0,4.0,0.0
CUST00222,2025-03,2.0,5832091.0,2916045.5,0.0,0.0,0.0,2.0,0.0
CUST00222,2025-04,4.0,7482332.0,1870583.0,2.0,28898215.0,14449107.5,4.0,2.0
CUST00222,2025-05,1.0,972909.0,972909.0,3.0,18842365.0,6280788.333333333,1.0,3.0
CUST00222,2025-06,2.0,7273363.0,3636681.5,2.0,12401355.0,6200677.5,2.0,2.0
CUST00222,2025-07,3.0,9425186.0,3141728.6666666665,2.0,44406016.0,22203008.0,3.0,2.0
CUST00222,2025-08,1.0,782933.0,782933.0,0.0,0.0,0.0,1.0,0.0
CUST00222,2025-09,1.0,735528.0,735528.0,4.0,735449234.0,183862308.5,1.0,4.0
CUST00222,2025-10,1.0,7551283.0,7551283.0,2.0,58985151.0,29492575.5,1.0,2.0
CUST00222,2025-11,2.0,6931089.0,3465544.5,4.0,33662291.0,8415572.75,2.0,4.0
CUST00222,2025-12,2.0,3803302.0,1901651.0,2.0,13401872.0,6700936.0,1.0,2.0
CUST00223,2025-01,1.0,2574717.0,2574717.0,1.0,73402760.0,73402760.0,1.0,1.0
CUST00223,2025-02,2.0,8213813.0,4106906.5,2.0,30715041.0,15357520.5,2.0,2.0
CUST00223,2025-03,2.0,1593994.0,796997.0,1.0,39209969.0,39209969.0,2.0,1.0
CUST00223,2025-04,6.0,12493014.0,2082169.0,2.0,26061554.0,13030777.0,6.0,2.0
CUST00223,2025-05,2.0,3610768.0,1805384.0,3.0,37835692.0,12611897.333333334,2.0,3.0
CUST00223,2025-06,0.0,0.0,0.0,1.0,111283257.0,111283257.0,0.0,1.0
CUST00223,2025-07,3.0,9680330.0,3226776.6666666665,3.0,9404277.0,3134759.0,3.0,3.0
CUST00223,2025-08,0.0,0.0,0.0,1.0,27487795.0,27487795.0,0.0,1.0
CUST00223,2025-09,2.0,5055322.0,2527661.0,0.0,0.0,0.0,2.0,0.0
CUST00223,2025-10,2.0,1762538.0,881269.0,1.0,33238585.0,33238585.0,2.0,1.0
CUST00223,2025-11,6.0,14327820.0,2387970.0,3.0,71758566.0,23919522.0,5.0,2.0
CUST00223,2025-12,2.0,7972492.0,3986246.0,1.0,11559350.0,11559350.0,2.0,1.0
CUST00224,2025-01,1.0,938081.0,938081.0,0.0,0.0,0.0,1.0,0.0
CUST00224,2025-02,3.0,6122319.0,2040773.0,0.0,0.0,0.0,3.0,0.0
CUST00224,2025-03,4.0,13962938.0,3490734.5,1.0,2134228.0,2134228.0,4.0,1.0
CUST00224,2025-04,4.0,7827078.0,1956769.5,2.0,13978999.0,6989499.5,4.0,2.0
CUST00224,2025-05,2.0,3732364.0,1866182.0,3.0,39466158.0,13155386.0,2.0,3.0
CUST00224,2025-06,3.0,5210965.0,1736988.3333333333,3.0,10603979.0,3534659.6666666665,3.0,3.0
CUST00224,2025-07,1.0,3410416.0,3410416.0,0.0,0.0,0.0,1.0,0.0
CUST00224,2025-08,1.0,1161766.0,1161766.0,0.0,0.0,0.0,1.0,0.0
CUST00224,2025-09,1.0,1114762.0,1114762.0,1.0,1942189.0,1942189.0,1.0,1.0
CUST00224,2025-10,3.0,6398009.0,2132669.6666666665,1.0,1039149.0,1039149.0,3.0,1.0
CUST00224,2025-11,3.0,2930483.0,976827.6666666666,0.0,0.0,0.0,3.0,0.0
CUST00224,2025-12,2.0,1571268.0,785634.0,3.0,101189952.0,33729984.0,2.0,3.0
CUST00225,2025-01,3.0,57872544.0,19290848.0,3.0,29431220.0,9810406.666666666,3.0,3.0
CUST00225,2025-02,1.0,39186640.0,39186640.0,4.0,68075622.0,17018905.5,1.0,4.0
CUST00225,2025-03,1.0,11804306.0,11804306.0,1.0,73402714.0,73402714.0,1.0,1.0
CUST00225,2025-04,2.0,34860367.0,17430183.5,1.0,811040.0,811040.0,2.0,1.0
CUST00225,2025-05,2.0,55027372.0,27513686.0,2.0,3490136.0,1745068.0,2.0,2.0
CUST00225,2025-06,1.0,16216324.0,16216324.0,2.0,46766570.0,23383285.0,1.0,2.0
CUST00225,2025-07,1.0,2365365.0,2365365.0,3.0,14544033.0,4848011.0,1.0,3.0
CUST00225,2025-08,5.0,67531625.0,13506325.0,3.0,31969157.0,10656385.666666666,4.0,3.0
CUST00225,2025-09,4.0,107861692.0,26965423.0,2.0,50810541.0,25405270.5,4.0,2.0
CUST00225,2025-10,1.0,18470658.0,18470658.0,1.0,7194503.0,7194503.0,1.0,1.0
CUST00225,2025-11,3.0,30317682.0,10105894.0,1.0,26221260.0,26221260.0,3.0,1.0
CUST00225,2025-12,2.0,132799913.0,66399956.5,4.0,23889571.0,5972392.75,2.0,4.0
CUST00226,2025-01,1.0,1188434.0,1188434.0,1.0,1100135.0,1100135.0,1.0,1.0
CUST00226,2025-02,2.0,7222452.0,3611226.0,0.0,0.0,0.0,1.0,0.0
CUST00226,2025-03,4.0,11730353.0,2932588.25,2.0,79401468.0,39700734.0,4.0,2.0
CUST00226,2025-04,1.0,1296479.0,1296479.0,1.0,7159167.0,7159167.0,1.0,1.0
CUST00226,2025-05,2.0,3743285.0,1871642.5,1.0,130302843.0,130302843.0,2.0,1.0
CUST00226,2025-06,2.0,1459721.0,729860.5,3.0,11069018.0,3689672.6666666665,2.0,3.0
CUST00226,2025-07,3.0,3635856.0,1211952.0,1.0,6463123.0,6463123.0,3.0,1.0
CUST00226,2025-08,4.0,12305682.0,3076420.5,1.0,11236383.0,11236383.0,4.0,1.0
CUST00226,2025-09,1.0,4716974.0,4716974.0,2.0,18695485.0,9347742.5,1.0,2.0
CUST00226,2025-10,3.0,6837356.0,2279118.6666666665,4.0,164954904.0,41238726.0,3.0,3.0
CUST00226,2025-11,1.0,2394035.0,2394035.0,2.0,1877773.0,938886.5,1.0,2.0
CUST00226,2025-12,4.0,9762198.0,2440549.5,2.0,3449269.0,1724634.5,4.0,2.0
CUST00227,2025-01,1.0,7815123.0,7815123.0,1.0,9321529.0,9321529.0,1.0,1.0
CUST00227,2025-02,3.0,22977640.0,7659213.333333333,1.0,25149993.0,25149993.0,3.0,1.0
CUST00227,2025-03,4.0,90487178.0,22621794.5,2.0,267460433.0,133730216.5,4.0,2.0
CUST00227,2025-04,2.0,30563790.0,15281895.0,0.0,0.0,0.0,2.0,0.0
CUST00227,2025-05,0.0,0.0,0.0,3.0,81083468.0,27027822.666666668,0.0,3.0
CUST00227,2025-06,3.0,27732648.0,9244216.0,4.0,42742083.0,10685520.75,3.0,4.0
CUST00227,2025-07,2.0,30429830.0,15214915.0,0.0,0.0,0.0,2.0,0.0
CUST00227,2025-08,2.0,49241582.0,24620791.0,4.0,169301041.0,42325260.25,2.0,4.0
CUST00227,2025-09,4.0,98400312.0,24600078.0,1.0,1509570.0,1509570.0,4.0,1.0
CUST00227,2025-10,2.0,27452749.0,13726374.5,2.0,172916805.0,86458402.5,1.0,2.0
CUST00227,2025-11,1.0,23931244.0,23931244.0,0.0,0.0,0.0,1.0,0.0
CUST00227,2025-12,1.0,29234343.0,29234343.0,3.0,44351392.0,14783797.333333334,1.0,3.0
CUST00228,2025-01,2.0,4211433.0,2105716.5,2.0,39986330.0,19993165.0,2.0,2.0
CUST00228,2025-02,1.0,846952.0,846952.0,0.0,0.0,0.0,1.0,0.0
CUST00228,2025-03,0.0,0.0,0.0,2.0,3164420.0,1582210.0,0.0,2.0
CUST00228,2025-04,0.0,0.0,0.0,2.0,8778269.0,4389134.5,0.0,2.0
CUST00228,2025-05,5.0,26752745.0,5350549.0,1.0,2335337.0,2335337.0,5.0,1.0
CUST00228,2025-06,2.0,2719478.0,1359739.0,2.0,3976322.0,1988161.0,2.0,2.0
CUST00228,2025-07,2.0,3642595.0,1821297.5,1.0,680713.0,680713.0,2.0,1.0
CUST00228,2025-08,3.0,10043298.0,3347766.0,0.0,0.0,0.0,3.0,0.0
CUST00228,2025-09,4.0,5380912.0,1345228.0,1.0,3922611.0,3922611.0,4.0,1.0
CUST00228,2025-10,5.0,39734240.0,7946848.0,5.0,22418464.0,4483692.8,5.0,5.0
CUST00228,2025-11,0.0,0.0,0.0,2.0,21561438.0,10780719.0,0.0,2.0
CUST00228,2025-12,3.0,9762738.0,3254246.0,2.0,19168256.0,9584128.0,3.0,2.0
CUST00229,2025-01,3.0,9202101.0,3067367.0,1.0,17630362.0,17630362.0,3.0,1.0
CUST00229,2025-03,3.0,4928222.0,1642740.6666666667,2.0,8216064.0,4108032.0,3.0,2.0
CUST00229,2025-04,2.0,3372832.0,1686416.0,3.0,3988986.0,1329662.0,2.0,3.0
CUST00229,2025-05,1.0,1477621.0,1477621.0,1.0,758856.0,758856.0,1.0,1.0
CUST00229,2025-06,2.0,3232263.0,1616131.5,3.0,23675136.0,7891712.0,2.0,3.0
CUST00229,2025-07,2.0,9241309.0,4620654.5,3.0,52561334.0,17520444.666666668,2.0,3.0
CUST00229,2025-08,0.0,0.0,0.0,6.0,133999419.0,22333236.5,0.0,5.0
CUST00229,2025-09,1.0,2504392.0,2504392.0,0.0,0.0,0.0,1.0,0.0
CUST00229,2025-10,2.0,6290276.0,3145138.0,3.0,29846354.0,9948784.666666666,2.0,2.0
CUST00229,2025-11,4.0,3770021.0,942505.25,0.0,0.0,0.0,3.0,0.0
CUST00229,2025-12,1.0,9981954.0,9981954.0,0.0,0.0,0.0,1.0,0.0
CUST00230,2025-01,1.0,18915218.0,18915218.0,3.0,13612492.0,4537497.333333333,1.0,3.0
CUST00230,2025-02,2.0,43958840.0,21979420.0,1.0,2633524.0,2633524.0,2.0,1.0
CUST00230,2025-03,3.0,40197774.0,13399258.0,3.0,30275062.0,10091687.333333334,3.0,3.0
CUST00230,2025-04,6.0,126846413.0,21141068.833333332,2.0,6614394.0,3307197.0,6.0,2.0
CUST00230,2025-05,1.0,13806740.0,13806740.0,3.0,14551629.0,4850543.0,1.0,3.0
CUST00230,2025-06,1.0,19115233.0,19115233.0,4.0,10064536.0,2516134.0,1.0,4.0
CUST00230,2025-07,1.0,46000815.0,46000815.0,4.0,23490525.0,5872631.25,1.0,4.0
CUST00230,2025-08,4.0,50604316.0,12651079.0,5.0,80532830.0,16106566.0,3.0,5.0
CUST00230,2025-09,0.0,0.0,0.0,1.0,400535.0,400535.0,0.0,1.0
CUST00230,2025-10,2.0,80221182.0,40110591.0,5.0,70799172.0,14159834.4,2.0,5.0
CUST00230,2025-11,1.0,12137589.0,12137589.0,1.0,3623749.0,3623749.0,1.0,1.0
CUST00230,2025-12,1.0,33041104.0,33041104.0,3.0,70355532.0,23451844.0,1.0,3.0
CUST00231,2025-01,1.0,532991.0,532991.0,1.0,1181197.0,1181197.0,1.0,1.0
CUST00231,2025-02,2.0,4055406.0,2027703.0,3.0,4712820.0,1570940.0,2.0,3.0
CUST00231,2025-03,2.0,4944243.0,2472121.5,1.0,8824101.0,8824101.0,2.0,1.0
CUST00231,2025-04,4.0,17054947.0,4263736.75,2.0,13005998.0,6502999.0,4.0,2.0
CUST00231,2025-05,4.0,11906144.0,2976536.0,0.0,0.0,0.0,4.0,0.0
CUST00231,2025-06,1.0,1320881.0,1320881.0,0.0,0.0,0.0,1.0,0.0
CUST00231,2025-07,5.0,17765179.0,3553035.8,5.0,39643922.0,7928784.4,5.0,5.0
CUST00231,2025-08,2.0,1895918.0,947959.0,0.0,0.0,0.0,2.0,0.0
CUST00231,2025-09,0.0,0.0,0.0,1.0,1056226.0,1056226.0,0.0,1.0
CUST00231,2025-10,5.0,19830325.0,3966065.0,1.0,3333231.0,3333231.0,4.0,1.0
CUST00231,2025-11,1.0,2829598.0,2829598.0,1.0,4900461.0,4900461.0,1.0,1.0
CUST00231,2025-12,3.0,5755408.0,1918469.3333333333,0.0,0.0,0.0,3.0,0.0
CUST00232,2025-01,1.0,6122355.0,6122355.0,1.0,6887037.0,6887037.0,1.0,1.0
CUST00232,2025-02,2.0,2615511.0,1307755.5,3.0,7696591.0,2565530.3333333335,2.0,3.0
CUST00232,2025-03,2.0,3610862.0,1805431.0,2.0,10767997.0,5383998.5,2.0,2.0
CUST00232,2025-04,1.0,2812010.0,2812010.0,1.0,14235673.0,14235673.0,1.0,1.0
CUST00232,2025-05,4.0,15314266.0,3828566.5,1.0,520234.0,520234.0,4.0,1.0
CUST00232,2025-06,1.0,1769503.0,1769503.0,2.0,18957927.0,9478963.5,1.0,2.0
CUST00232,2025-07,2.0,6045665.0,3022832.5,1.0,17439285.0,17439285.0,2.0,1.0
CUST00232,2025-08,1.0,1291839.0,1291839.0,3.0,14225098.0,4741699.333333333,1.0,3.0
CUST00232,2025-09,1.0,2795724.0,2795724.0,3.0,19923355.0,6641118.333333333,1.0,3.0
CUST00232,2025-10,1.0,2191197.0,2191197.0,3.0,107566583.0,35855527.666666664,1.0,3.0
CUST00232,2025-11,3.0,11001025.0,3667008.3333333335,2.0,9413482.0,4706741.0,3.0,2.0
CUST00232,2025-12,0.0,0.0,0.0,3.0,51947687.0,17315895.666666668,0.0,3.0
CUST00233,2025-01,4.0,14633822.0,3658455.5,2.0,73793241.0,36896620.5,4.0,2.0
CUST00233,2025-02,4.0,7398394.0,1849598.5,1.0,15518140.0,15518140.0,4.0,1.0
CUST00233,2025-03,0.0,0.0,0.0,2.0,5752350.0,2876175.0,0.0,2.0
CUST00233,2025-04,3.0,14621960.0,4873986.666666667,2.0,15782558.0,7891279.0,3.0,2.0
CUST00233,2025-05,2.0,3799048.0,1899524.0,0.0,0.0,0.0,2.0,0.0
CUST00233,2025-06,1.0,1905256.0,1905256.0,3.0,42465502.0,14155167.333333334,1.0,3.0
CUST00233,2025-07,1.0,8960485.0,8960485.0,0.0,0.0,0.0,1.0,0.0
CUST00233,2025-08,4.0,9583437.0,2395859.25,2.0,9010005.0,4505002.5,4.0,2.0
CUST00233,2025-09,1.0,3717386.0,3717386.0,5.0,104505732.0,20901146.4,1.0,4.0
CUST00233,2025-10,1.0,2610410.0,2610410.0,3.0,85699062.0,28566354.0,1.0,3.0
CUST00233,2025-11,3.0,2937730.0,979243.3333333334,0.0,0.0,0.0,3.0,0.0
CUST00233,2025-12,3.0,5180894.0,1726964.6666666667,3.0,204411457.0,68137152.33333333,2.0,3.0
CUST00234,2025-01,0.0,0.0,0.0,2.0,54346113.0,27173056.5,0.0,2.0
CUST00234,2025-02,3.0,278209661.0,92736553.66666667,1.0,68003773.0,68003773.0,3.0,1.0
CUST00234,2025-03,0.0,0.0,0.0,4.0,37316037.0,9329009.25,0.0,4.0
CUST00234,2025-04,2.0,245739584.0,122869792.0,3.0,146133352.0,48711117.333333336,1.0,3.0
CUST00234,2025-05,2.0,325465219.0,162732609.5,1.0,445114.0,445114.0,1.0,1.0
CUST00234,2025-06,2.0,66513024.0,33256512.0,2.0,6023548.0,3011774.0,2.0,2.0
CUST00234,2025-07,1.0,38895046.0,38895046.0,2.0,88981078.0,44490539.0,1.0,2.0
CUST00234,2025-08,4.0,763794804.0,190948701.0,3.0,6612849.0,2204283.0,4.0,3.0
CUST00234,2025-09,2.0,321684327.0,160842163.5,3.0,27734040.0,9244680.0,2.0,3.0
CUST00234,2025-10,2.0,322058349.0,161029174.5,0.0,0.0,0.0,2.0,0.0
CUST00234,2025-11,3.0,219214571.0,73071523.66666667,4.0,31483184.0,7870796.0,3.0,4.0
CUST00234,2025-12,3.0,255021866.0,85007288.66666667,3.0,88688310.0,29562770.0,3.0,3.0
CUST00235,2025-01,1.0,17390190.0,17390190.0,2.0,1439995.0,719997.5,1.0,2.0
CUST00235,2025-02,3.0,47554614.0,15851538.0,1.0,19170040.0,19170040.0,3.0,1.0
CUST00235,2025-03,3.0,104752124.0,34917374.666666664,1.0,65914077.0,65914077.0,3.0,1.0
CUST00235,2025-04,0.0,0.0,0.0,1.0,2605818.0,2605818.0,0.0,1.0
CUST00235,2025-05,1.0,14933711.0,14933711.0,0.0,0.0,0.0,1.0,0.0
CUST00235,2025-06,0.0,0.0,0.0,2.0,2619259.0,1309629.5,0.0,2.0
CUST00235,2025-07,1.0,88773716.0,88773716.0,4.0,46639540.0,11659885.0,1.0,4.0
CUST00235,2025-08,4.0,100035494.0,25008873.5,0.0,0.0,0.0,3.0,0.0
CUST00235,2025-09,0.0,0.0,0.0,1.0,10039392.0,10039392.0,0.0,1.0
CUST00235,2025-10,3.0,22531541.0,7510513.666666667,0.0,0.0,0.0,3.0,0.0
CUST00235,2025-11,4.0,73985083.0,18496270.75,4.0,93695326.0,23423831.5,3.0,4.0
CUST00235,2025-12,4.0,61272161.0,15318040.25,4.0,59809552.0,14952388.0,4.0,4.0
CUST00236,2025-01,5.0,22174286.0,4434857.2,3.0,22715486.0,7571828.666666667,5.0,3.0
CUST00236,2025-02,4.0,5645498.0,1411374.5,0.0,0.0,0.0,3.0,0.0
CUST00236,2025-03,2.0,1630083.0,815041.5,3.0,52050803.0,17350267.666666668,2.0,3.0
CUST00236,2025-04,0.0,0.0,0.0,1.0,2012091.0,2012091.0,0.0,1.0
CUST00236,2025-05,2.0,9917595.0,4958797.5,0.0,0.0,0.0,2.0,0.0
CUST00236,2025-06,2.0,3559126.0,1779563.0,2.0,7474377.0,3737188.5,2.0,2.0
CUST00236,2025-07,1.0,2421063.0,2421063.0,2.0,95571255.0,47785627.5,1.0,2.0
CUST00236,2025-08,2.0,5265396.0,2632698.0,2.0,23362836.0,11681418.0,2.0,2.0
CUST00236,2025-09,0.0,0.0,0.0,2.0,27490079.0,13745039.5,0.0,2.0
CUST00236,2025-10,1.0,952109.0,952109.0,4.0,22391887.0,5597971.75,1.0,4.0
CUST00236,2025-11,0.0,0.0,0.0,1.0,79929536.0,79929536.0,0.0,1.0
CUST00236,2025-12,3.0,6622929.0,2207643.0,3.0,86957749.0,28985916.333333332,3.0,3.0
CUST00237,2025-01,1.0,869800.0,869800.0,2.0,14166350.0,7083175.0,1.0,2.0
CUST00237,2025-02,3.0,4650641.0,1550213.6666666667,3.0,3106172.0,1035390.6666666666,3.0,3.0
CUST00237,2025-03,2.0,5812793.0,2906396.5,1.0,2222251.0,2222251.0,2.0,1.0
CUST00237,2025-04,4.0,25397842.0,6349460.5,1.0,2746018.0,2746018.0,4.0,1.0
CUST00237,2025-05,0.0,0.0,0.0,1.0,6113807.0,6113807.0,0.0,1.0
CUST00237,2025-06,0.0,0.0,0.0,1.0,63887811.0,63887811.0,0.0,1.0
CUST00237,2025-07,2.0,4360336.0,2180168.0,4.0,6824427.0,1706106.75,2.0,3.0
CUST00237,2025-08,2.0,1607895.0,803947.5,2.0,1482537.0,741268.5,2.0,2.0
CUST00237,2025-09,3.0,14049464.0,4683154.666666667,1.0,27215682.0,27215682.0,3.0,1.0
CUST00237,2025-10,2.0,10504600.0,5252300.0,0.0,0.0,0.0,2.0,0.0
CUST00237,2025-11,0.0,0.0,0.0,2.0,75483056.0,37741528.0,0.0,2.0
CUST00237,2025-12,1.0,8069402.0,8069402.0,3.0,16529059.0,5509686.333333333,1.0,3.0
CUST00238,2025-01,1.0,2145812.0,2145812.0,5.0,54991920.0,10998384.0,1.0,5.0
CUST00238,2025-02,3.0,26294230.0,8764743.333333334,2.0,215323606.0,107661803.0,3.0,2.0
CUST00238,2025-03,2.0,7057928.0,3528964.0,3.0,50195882.0,16731960.666666666,2.0,3.0
CUST00238,2025-04,3.0,7750613.0,2583537.6666666665,2.0,31451435.0,15725717.5,3.0,2.0
CUST00238,2025-05,2.0,3372516.0,1686258.0,3.0,77782131.0,25927377.0,2.0,3.0
CUST00238,2025-06,3.0,10063404.0,3354468.0,3.0,101228115.0,33742705.0,3.0,3.0
CUST00238,2025-07,3.0,3581825.0,1193941.6666666667,3.0,620408530.0,206802843.33333334,3.0,3.0
CUST00238,2025-08,3.0,3934361.0,1311453.6666666667,1.0,1330958.0,1330958.0,3.0,1.0
CUST00238,2025-09,1.0,3189550.0,3189550.0,1.0,2863601.0,2863601.0,1.0,1.0
CUST00238,2025-10,0.0,0.0,0.0,3.0,64144987.0,21381662.333333332,0.0,3.0
CUST00238,2025-11,4.0,10675315.0,2668828.75,2.0,47301148.0,23650574.0,4.0,2.0
CUST00238,2025-12,0.0,0.0,0.0,1.0,2563934.0,2563934.0,0.0,1.0
CUST00239,2025-01,1.0,39203751.0,39203751.0,1.0,2404727.0,2404727.0,1.0,1.0
CUST00239,2025-02,2.0,27397444.0,13698722.0,4.0,139781248.0,34945312.0,2.0,4.0
CUST00239,2025-03,0.0,0.0,0.0,2.0,4245727.0,2122863.5,0.0,2.0
CUST00239,2025-04,1.0,33375560.0,33375560.0,3.0,26151989.0,8717329.666666666,1.0,3.0
CUST00239,2025-05,2.0,32184879.0,16092439.5,0.0,0.0,0.0,2.0,0.0
CUST00239,2025-06,0.0,0.0,0.0,2.0,104398171.0,52199085.5,0.0,2.0
CUST00239,2025-07,4.0,76266138.0,19066534.5,1.0,22917237.0,22917237.0,4.0,1.0
CUST00239,2025-08,1.0,18275460.0,18275460.0,1.0,9662805.0,9662805.0,1.0,1.0
CUST00239,2025-09,3.0,64033717.0,21344572.333333332,2.0,83379469.0,41689734.5,3.0,2.0
CUST00239,2025-10,2.0,12069730.0,6034865.0,2.0,67167717.0,33583858.5,2.0,2.0
CUST00239,2025-11,2.0,43391076.0,21695538.0,0.0,0.0,0.0,2.0,0.0
CUST00239,2025-12,1.0,12487655.0,12487655.0,2.0,575480259.0,287740129.5,1.0,2.0
CUST00240,2025-01,2.0,11253757.0,5626878.5,0.0,0.0,0.0,2.0,0.0
CUST00240,2025-02,1.0,27871116.0,27871116.0,3.0,82696093.0,27565364.333333332,1.0,3.0
CUST00240,2025-03,1.0,12602838.0,12602838.0,2.0,50551718.0,25275859.0,1.0,2.0
CUST00240,2025-04,2.0,16908743.0,8454371.5,1.0,48924887.0,48924887.0,2.0,1.0
CUST00240,2025-05,2.0,9400653.0,4700326.5,3.0,17691196.0,5897065.333333333,2.0,3.0
CUST00240,2025-06,1.0,24495891.0,24495891.0,3.0,131613043.0,43871014.333333336,1.0,3.0
CUST00240,2025-07,3.0,63740236.0,21246745.333333332,2.0,7065644.0,3532822.0,3.0,2.0
CUST00240,2025-08,4.0,92641633.0,23160408.25,4.0,45336500.0,11334125.0,4.0,4.0
CUST00240,2025-09,1.0,29135906.0,29135906.0,1.0,1384976.0,1384976.0,1.0,1.0
CUST00240,2025-10,5.0,71314781.0,14262956.2,1.0,224231885.0,224231885.0,4.0,1.0
CUST00240,2025-11,1.0,4193079.0,4193079.0,2.0,9492017.0,4746008.5,1.0,2.0
CUST00240,2025-12,1.0,28438141.0,28438141.0,0.0,0.0,0.0,1.0,0.0
CUST00241,2025-01,7.0,45885066.0,6555009.428571428,1.0,7695887.0,7695887.0,7.0,1.0
CUST00241,2025-02,2.0,3877334.0,1938667.0,5.0,171648987.0,34329797.4,2.0,5.0
CUST00241,2025-03,4.0,22920844.0,5730211.0,3.0,17469018.0,5823006.0,4.0,3.0
CUST00241,2025-04,3.0,9923376.0,3307792.0,1.0,1475062.0,1475062.0,3.0,1.0
CUST00241,2025-05,0.0,0.0,0.0,1.0,5746185.0,5746185.0,0.0,1.0
CUST00241,2025-06,2.0,5526406.0,2763203.0,0.0,0.0,0.0,2.0,0.0
CUST00241,2025-07,0.0,0.0,0.0,1.0,139704283.0,139704283.0,0.0,1.0
CUST00241,2025-08,1.0,796848.0,796848.0,4.0,27900095.0,6975023.75,1.0,3.0
CUST00241,2025-09,3.0,9508282.0,3169427.3333333335,3.0,9445782.0,3148594.0,3.0,3.0
CUST00241,2025-10,3.0,8704228.0,2901409.3333333335,1.0,2535604.0,2535604.0,3.0,1.0
CUST00241,2025-11,2.0,5633414.0,2816707.0,4.0,22123411.0,5530852.75,2.0,4.0
CUST00241,2025-12,2.0,1862276.0,931138.0,1.0,742045.0,742045.0,2.0,1.0
CUST00242,2025-01,0.0,0.0,0.0,2.0,15046461.0,7523230.5,0.0,2.0
CUST00242,2025-02,0.0,0.0,0.0,2.0,321531629.0,160765814.5,0.0,2.0
CUST00242,2025-03,2.0,3137585.0,1568792.5,1.0,6091361.0,6091361.0,2.0,1.0
CUST00242,2025-04,4.0,4994958.0,1248739.5,3.0,6726550.0,2242183.3333333335,4.0,3.0
CUST00242,2025-05,3.0,7371309.0,2457103.0,0.0,0.0,0.0,3.0,0.0
CUST00242,2025-06,4.0,9239964.0,2309991.0,1.0,8701473.0,8701473.0,4.0,1.0
CUST00242,2025-07,3.0,7914006.0,2638002.0,4.0,119017196.0,29754299.0,3.0,4.0
CUST00242,2025-08,2.0,5144531.0,2572265.5,1.0,1468575.0,1468575.0,2.0,1.0
CUST00242,2025-09,2.0,3968169.0,1984084.5,1.0,10047909.0,10047909.0,2.0,1.0
CUST00242,2025-10,2.0,4211162.0,2105581.0,3.0,33565171.0,11188390.333333334,2.0,3.0
CUST00242,2025-11,1.0,3181959.0,3181959.0,0.0,0.0,0.0,1.0,0.0
CUST00242,2025-12,1.0,372117.0,372117.0,2.0,120919134.0,60459567.0,1.0,2.0
CUST00243,2025-01,1.0,424147.0,424147.0,3.0,6482485.0,2160828.3333333335,1.0,3.0
CUST00243,2025-02,1.0,3506665.0,3506665.0,0.0,0.0,0.0,1.0,0.0
CUST00243,2025-04,3.0,17770337.0,5923445.666666667,1.0,3131495.0,3131495.0,3.0,1.0
CUST00243,2025-05,1.0,12560727.0,12560727.0,1.0,2131110.0,2131110.0,1.0,1.0
CUST00243,2025-06,6.0,14924663.0,2487443.8333333335,3.0,15224001.0,5074667.0,6.0,3.0
CUST00243,2025-07,3.0,6009789.0,2003263.0,1.0,51606619.0,51606619.0,3.0,1.0
CUST00243,2025-08,2.0,1722967.0,861483.5,1.0,15840016.0,15840016.0,2.0,1.0
CUST00243,2025-09,3.0,7571861.0,2523953.6666666665,3.0,67507394.0,22502464.666666668,3.0,3.0
CUST00243,2025-10,3.0,9610410.0,3203470.0,1.0,2025366.0,2025366.0,3.0,1.0
CUST00243,2025-11,1.0,847984.0,847984.0,4.0,18479020.0,4619755.0,1.0,4.0
CUST00243,2025-12,2.0,5320374.0,2660187.0,2.0,19482093.0,9741046.5,2.0,2.0
CUST00244,2025-01,0.0,0.0,0.0,2.0,80260105.0,40130052.5,0.0,2.0
CUST00244,2025-02,4.0,67154191.0,16788547.75,5.0,63886054.0,12777210.8,4.0,5.0
CUST00244,2025-03,2.0,92476886.0,46238443.0,3.0,133807402.0,44602467.333333336,2.0,3.0
CUST00244,2025-04,3.0,33446280.0,11148760.0,2.0,14567438.0,7283719.0,3.0,2.0
CUST00244,2025-05,1.0,7580902.0,7580902.0,4.0,47745796.0,11936449.0,1.0,4.0
CUST00244,2025-06,2.0,25667964.0,12833982.0,2.0,27322378.0,13661189.0,2.0,2.0
CUST00244,2025-07,5.0,282950163.0,56590032.6,2.0,1028637922.0,514318961.0,5.0,2.0
CUST00244,2025-09,1.0,8673707.0,8673707.0,1.0,21458980.0,21458980.0,1.0,1.0
CUST00244,2025-10,2.0,99473598.0,49736799.0,1.0,13954145.0,13954145.0,2.0,1.0
CUST00244,2025-11,2.0,28562629.0,14281314.5,2.0,6801934.0,3400967.0,2.0,2.0
CUST00244,2025-12,3.0,35415815.0,11805271.666666666,3.0,30686187.0,10228729.0,3.0,3.0
CUST00245,2025-01,1.0,20471332.0,20471332.0,0.0,0.0,0.0,1.0,0.0
CUST00245,2025-02,3.0,48987739.0,16329246.333333334,1.0,20902555.0,20902555.0,3.0,1.0
CUST00245,2025-03,1.0,6835584.0,6835584.0,2.0,43939064.0,21969532.0,1.0,2.0
CUST00245,2025-04,2.0,32775521.0,16387760.5,2.0,3637819.0,1818909.5,2.0,2.0
CUST00245,2025-05,5.0,54023977.0,10804795.4,1.0,914048.0,914048.0,4.0,1.0
CUST00245,2025-06,2.0,39669278.0,19834639.0,3.0,21650464.0,7216821.333333333,2.0,3.0
CUST00245,2025-07,2.0,56506112.0,28253056.0,2.0,7407746.0,3703873.0,2.0,2.0
CUST00245,2025-08,1.0,12353509.0,12353509.0,1.0,37090413.0,37090413.0,1.0,1.0
CUST00245,2025-09,4.0,86045935.0,21511483.75,6.0,80089887.0,13348314.5,4.0,5.0
CUST00245,2025-10,1.0,15716304.0,15716304.0,4.0,160455715.0,40113928.75,1.0,4.0
CUST00245,2025-11,0.0,0.0,0.0,2.0,17634015.0,8817007.5,0.0,2.0
CUST00245,2025-12,3.0,42708323.0,14236107.666666666,1.0,838971.0,838971.0,3.0,1.0
CUST00246,2025-01,2.0,4785131.0,2392565.5,3.0,174377096.0,58125698.666666664,2.0,3.0
CUST00246,2025-02,3.0,11433280.0,3811093.3333333335,1.0,14562961.0,14562961.0,3.0,1.0
CUST00246,2025-03,1.0,3457983.0,3457983.0,3.0,5944800.0,1981600.0,1.0,3.0
CUST00246,2025-04,3.0,9886502.0,3295500.6666666665,6.0,113140809.0,18856801.5,2.0,6.0
CUST00246,2025-05,5.0,12080013.0,2416002.6,3.0,63737910.0,21245970.0,5.0,3.0
CUST00246,2025-06,2.0,7027191.0,3513595.5,1.0,16305351.0,16305351.0,2.0,1.0
CUST00246,2025-07,1.0,1390078.0,1390078.0,1.0,4964313.0,4964313.0,1.0,1.0
CUST00246,2025-08,3.0,5585015.0,1861671.6666666667,1.0,6505939.0,6505939.0,3.0,1.0
CUST00246,2025-09,1.0,577517.0,577517.0,3.0,19854772.0,6618257.333333333,1.0,3.0
CUST00246,2025-10,0.0,0.0,0.0,4.0,110442268.0,27610567.0,0.0,4.0
CUST00246,2025-11,3.0,22229416.0,7409805.333333333,1.0,839715.0,839715.0,2.0,1.0
CUST00246,2025-12,4.0,9758680.0,2439670.0,6.0,115344204.0,19224034.0,4.0,6.0
CUST00247,2025-01,1.0,1773220.0,1773220.0,2.0,35465727.0,17732863.5,1.0,2.0
CUST00247,2025-02,0.0,0.0,0.0,4.0,38194728.0,9548682.0,0.0,3.0
CUST00247,2025-03,5.0,13565478.0,2713095.6,4.0,238172424.0,59543106.0,5.0,4.0
CUST00247,2025-04,0.0,0.0,0.0,4.0,26147795.0,6536948.75,0.0,4.0
CUST00247,2025-05,2.0,4594310.0,2297155.0,1.0,2127897.0,2127897.0,2.0,1.0
CUST00247,2025-06,0.0,0.0,0.0,1.0,37613808.0,37613808.0,0.0,1.0
CUST00247,2025-07,2.0,5266331.0,2633165.5,1.0,18823394.0,18823394.0,2.0,1.0
CUST00247,2025-08,1.0,3275818.0,3275818.0,1.0,1755996.0,1755996.0,1.0,1.0
CUST00247,2025-09,1.0,4323727.0,4323727.0,3.0,34630113.0,11543371.0,1.0,3.0
CUST00247,2025-10,2.0,9499978.0,4749989.0,1.0,35078378.0,35078378.0,2.0,1.0
CUST00247,2025-11,3.0,9824312.0,3274770.6666666665,2.0,35621507.0,17810753.5,2.0,2.0
CUST00247,2025-12,2.0,5618967.0,2809483.5,3.0,14089574.0,4696524.666666667,2.0,3.0
CUST00248,2025-01,2.0,8206898.0,4103449.0,1.0,512048.0,512048.0,2.0,1.0
CUST00248,2025-02,0.0,0.0,0.0,3.0,41572702.0,13857567.333333334,0.0,3.0
CUST00248,2025-03,0.0,0.0,0.0,3.0,13904179.0,4634726.333333333,0.0,3.0
CUST00248,2025-04,4.0,7808552.0,1952138.0,2.0,67829945.0,33914972.5,4.0,2.0
CUST00248,2025-05,2.0,2548125.0,1274062.5,1.0,5730824.0,5730824.0,2.0,1.0
CUST00248,2025-06,1.0,3490849.0,3490849.0,1.0,1112860.0,1112860.0,1.0,1.0
CUST00248,2025-07,2.0,2590969.0,1295484.5,2.0,9108014.0,4554007.0,2.0,2.0
CUST00248,2025-08,2.0,7452086.0,3726043.0,2.0,103381926.0,51690963.0,2.0,2.0
CUST00248,2025-09,1.0,798712.0,798712.0,4.0,35877744.0,8969436.0,1.0,4.0
CUST00248,2025-10,1.0,2242193.0,2242193.0,3.0,8775420.0,2925140.0,1.0,3.0
CUST00248,2025-11,1.0,2066388.0,2066388.0,2.0,6602362.0,3301181.0,1.0,2.0
CUST00248,2025-12,1.0,1589981.0,1589981.0,2.0,5923693.0,2961846.5,1.0,2.0
CUST00249,2025-01,1.0,23802839.0,23802839.0,0.0,0.0,0.0,1.0,0.0
CUST00249,2025-02,1.0,33832037.0,33832037.0,1.0,24955554.0,24955554.0,1.0,1.0
CUST00249,2025-03,1.0,45213571.0,45213571.0,2.0,30576182.0,15288091.0,1.0,2.0
CUST00249,2025-04,0.0,0.0,0.0,3.0,20901523.0,6967174.333333333,0.0,3.0
CUST00249,2025-05,1.0,25852850.0,25852850.0,2.0,69173789.0,34586894.5,1.0,2.0
CUST00249,2025-06,2.0,186167259.0,93083629.5,1.0,82916747.0,82916747.0,2.0,1.0
CUST00249,2025-07,1.0,190546321.0,190546321.0,2.0,8283616.0,4141808.0,1.0,2.0
CUST00249,2025-08,1.0,54723110.0,54723110.0,1.0,5541365.0,5541365.0,1.0,1.0
CUST00249,2025-09,0.0,0.0,0.0,3.0,39574192.0,13191397.333333334,0.0,3.0
CUST00249,2025-10,1.0,128498266.0,128498266.0,1.0,29868344.0,29868344.0,1.0,1.0
CUST00249,2025-11,1.0,35409015.0,35409015.0,2.0,57798511.0,28899255.5,1.0,2.0
CUST00249,2025-12,2.0,112216457.0,56108228.5,1.0,1119050.0,1119050.0,2.0,1.0
CUST00250,2025-01,1.0,5500052.0,5500052.0,3.0,36652776.0,12217592.0,1.0,3.0
CUST00250,2025-02,2.0,3009747.0,1504873.5,1.0,7198775.0,7198775.0,2.0,1.0
CUST00250,2025-03,5.0,14752921.0,2950584.2,4.0,36860229.0,9215057.25,5.0,3.0
CUST00250,2025-04,3.0,23628647.0,7876215.666666667,0.0,0.0,0.0,3.0,0.0
CUST00250,2025-05,3.0,3731629.0,1243876.3333333333,0.0,0.0,0.0,3.0,0.0
CUST00250,2025-06,3.0,7789277.0,2596425.6666666665,1.0,28228424.0,28228424.0,3.0,1.0
CUST00250,2025-07,2.0,3005276.0,1502638.0,2.0,17995982.0,8997991.0,2.0,2.0
CUST00250,2025-08,1.0,4050507.0,4050507.0,3.0,21667989.0,7222663.0,1.0,3.0
CUST00250,2025-09,6.0,5896476.0,982746.0,1.0,3704321.0,3704321.0,6.0,1.0
CUST00250,2025-10,1.0,1011103.0,1011103.0,2.0,16449798.0,8224899.0,1.0,2.0
CUST00250,2025-11,3.0,8516085.0,2838695.0,3.0,115388516.0,38462838.666666664,3.0,3.0
CUST00250,2025-12,1.0,512092.0,512092.0,2.0,22599787.0,11299893.5,1.0,2.0
CUST00251,2025-01,1.0,8752376.0,8752376.0,0.0,0.0,0.0,1.0,0.0
CUST00251,2025-02,2.0,22799121.0,11399560.5,2.0,46959011.0,23479505.5,2.0,2.0
CUST00251,2025-03,0.0,0.0,0.0,5.0,12633830.0,2526766.0,0.0,5.0
CUST00251,2025-04,2.0,58630448.0,29315224.0,4.0,64015266.0,16003816.5,2.0,4.0
CUST00251,2025-05,5.0,104908743.0,20981748.6,0.0,0.0,0.0,5.0,0.0
CUST00251,2025-06,5.0,106672223.0,21334444.6,2.0,9629433.0,4814716.5,5.0,2.0
CUST00251,2025-07,3.0,48175156.0,16058385.333333334,1.0,1829735.0,1829735.0,3.0,1.0
CUST00251,2025-08,2.0,15160232.0,7580116.0,1.0,7054771.0,7054771.0,2.0,1.0
CUST00251,2025-09,0.0,0.0,0.0,3.0,29649388.0,9883129.333333334,0.0,3.0
CUST00251,2025-10,1.0,26608950.0,26608950.0,1.0,16332164.0,16332164.0,1.0,1.0
CUST00251,2025-11,1.0,13903372.0,13903372.0,2.0,2047139.0,1023569.5,1.0,2.0
CUST00251,2025-12,0.0,0.0,0.0,3.0,8490438.0,2830146.0,0.0,3.0
CUST00252,2025-01,1.0,5736713.0,5736713.0,0.0,0.0,0.0,1.0,0.0
CUST00252,2025-02,2.0,80675581.0,40337790.5,6.0,43716186.0,7286031.0,2.0,6.0
CUST00252,2025-03,0.0,0.0,0.0,2.0,30720737.0,15360368.5,0.0,2.0
CUST00252,2025-04,0.0,0.0,0.0,1.0,7682764.0,7682764.0,0.0,1.0
CUST00252,2025-05,3.0,43115008.0,14371669.333333334,1.0,4010252.0,4010252.0,3.0,1.0
CUST00252,2025-06,3.0,66398655.0,22132885.0,2.0,57718475.0,28859237.5,3.0,2.0
CUST00252,2025-07,0.0,0.0,0.0,4.0,20558023.0,5139505.75,0.0,4.0
CUST00252,2025-08,2.0,24166420.0,12083210.0,2.0,11898485.0,5949242.5,2.0,2.0
CUST00252,2025-09,5.0,46401226.0,9280245.2,3.0,42775173.0,14258391.0,5.0,3.0
CUST00252,2025-10,4.0,52264757.0,13066189.25,3.0,135662797.0,45220932.333333336,4.0,3.0
CUST00252,2025-11,0.0,0.0,0.0,1.0,4832974.0,4832974.0,0.0,1.0
CUST00252,2025-12,4.0,29466755.0,7366688.75,2.0,3178063.0,1589031.5,3.0,2.0
CUST00253,2025-01,0.0,0.0,0.0,2.0,87055081.0,43527540.5,0.0,2.0
CUST00253,2025-02,2.0,7052963.0,3526481.5,1.0,14925512.0,14925512.0,2.0,1.0
CUST00253,2025-03,1.0,1030038.0,1030038.0,2.0,14687158.0,7343579.0,1.0,2.0
CUST00253,2025-04,5.0,8798096.0,1759619.2,2.0,5145252.0,2572626.0,4.0,2.0
CUST00253,2025-05,1.0,2147951.0,2147951.0,1.0,10382062.0,10382062.0,1.0,1.0
CUST00253,2025-06,0.0,0.0,0.0,2.0,2868673.0,1434336.5,0.0,2.0
CUST00253,2025-07,0.0,0.0,0.0,1.0,8912765.0,8912765.0,0.0,1.0
CUST00253,2025-08,3.0,7635170.0,2545056.6666666665,4.0,24124342.0,6031085.5,3.0,4.0
CUST00253,2025-09,1.0,807912.0,807912.0,1.0,1668642.0,1668642.0,1.0,1.0
CUST00253,2025-10,2.0,5381853.0,2690926.5,1.0,20378849.0,20378849.0,2.0,1.0
CUST00253,2025-11,3.0,4283801.0,1427933.6666666667,2.0,29526639.0,14763319.5,3.0,2.0
CUST00253,2025-12,2.0,1787067.0,893533.5,1.0,7851909.0,7851909.0,2.0,1.0
CUST00254,2025-01,3.0,5012518.0,1670839.3333333333,2.0,3336287.0,1668143.5,3.0,2.0
CUST00254,2025-02,1.0,2451124.0,2451124.0,1.0,5110886.0,5110886.0,1.0,1.0
CUST00254,2025-03,1.0,1744676.0,1744676.0,2.0,2329589.0,1164794.5,1.0,2.0
CUST00254,2025-04,4.0,27326426.0,6831606.5,3.0,60068626.0,20022875.333333332,4.0,3.0
CUST00254,2025-05,4.0,9370256.0,2342564.0,1.0,1549988.0,1549988.0,3.0,1.0
CUST00254,2025-06,1.0,3560851.0,3560851.0,3.0,3342178.0,1114059.3333333333,1.0,3.0
CUST00254,2025-07,2.0,17768955.0,8884477.5,2.0,4735600.0,2367800.0,2.0,2.0
CUST00254,2025-08,2.0,3638507.0,1819253.5,2.0,4467178.0,2233589.0,2.0,2.0
CUST00254,2025-09,1.0,1212445.0,1212445.0,3.0,18266956.0,6088985.333333333,1.0,3.0
CUST00254,2025-10,4.0,8650487.0,2162621.75,1.0,863147.0,863147.0,4.0,1.0
CUST00254,2025-11,3.0,8522717.0,2840905.6666666665,1.0,6377888.0,6377888.0,3.0,1.0
CUST00254,2025-12,0.0,0.0,0.0,1.0,2616047.0,2616047.0,0.0,1.0
CUST00255,2025-01,5.0,10082389.0,2016477.8,1.0,4831930.0,4831930.0,5.0,1.0
CUST00255,2025-02,1.0,4764928.0,4764928.0,4.0,49368068.0,12342017.0,1.0,4.0
CUST00255,2025-03,2.0,8499054.0,4249527.0,3.0,5408038.0,1802679.3333333333,2.0,3.0
CUST00255,2025-04,3.0,6122489.0,2040829.6666666667,2.0,68234990.0,34117495.0,3.0,2.0
CUST00255,2025-05,3.0,6704859.0,2234953.0,3.0,25003959.0,8334653.0,3.0,3.0
CUST00255,2025-06,0.0,0.0,0.0,1.0,37992468.0,37992468.0,0.0,1.0
CUST00255,2025-07,3.0,3678465.0,1226155.0,0.0,0.0,0.0,3.0,0.0
CUST00255,2025-08,2.0,3011377.0,1505688.5,3.0,36033532.0,12011177.333333334,2.0,3.0
CUST00255,2025-09,1.0,2325957.0,2325957.0,2.0,4619024.0,2309512.0,1.0,2.0
CUST00255,2025-10,1.0,16300895.0,16300895.0,1.0,34816493.0,34816493.0,1.0,1.0
CUST00255,2025-11,3.0,9455861.0,3151953.6666666665,1.0,12447378.0,12447378.0,3.0,1.0
CUST00255,2025-12,0.0,0.0,0.0,2.0,5070627.0,2535313.5,0.0,2.0
CUST00256,2025-01,2.0,35506182.0,17753091.0,2.0,40048583.0,20024291.5,2.0,1.0
CUST00256,2025-02,1.0,6125761.0,6125761.0,3.0,23727582.0,7909194.0,1.0,3.0
CUST00256,2025-03,2.0,33476828.0,16738414.0,2.0,9207274.0,4603637.0,2.0,2.0
CUST00256,2025-04,3.0,27438167.0,9146055.666666666,5.0,57087587.0,11417517.4,3.0,4.0
CUST00256,2025-05,0.0,0.0,0.0,3.0,18380194.0,6126731.333333333,0.0,3.0
CUST00256,2025-06,0.0,0.0,0.0,1.0,42297419.0,42297419.0,0.0,1.0
CUST00256,2025-07,4.0,66138413.0,16534603.25,5.0,185379929.0,37075985.8,3.0,5.0
CUST00256,2025-08,3.0,84338516.0,28112838.666666668,4.0,85301644.0,21325411.0,3.0,3.0
CUST00256,2025-09,1.0,9775165.0,9775165.0,4.0,64303547.0,16075886.75,1.0,4.0
CUST00256,2025-10,3.0,35629491.0,11876497.0,2.0,12422440.0,6211220.0,3.0,2.0
CUST00256,2025-11,2.0,12615254.0,6307627.0,4.0,59182411.0,14795602.75,2.0,4.0
CUST00256,2025-12,2.0,32103059.0,16051529.5,2.0,2757458.0,1378729.0,2.0,2.0
CUST00257,2025-01,5.0,44600476.0,8920095.2,2.0,3746422.0,1873211.0,5.0,2.0
CUST00257,2025-02,1.0,28452454.0,28452454.0,2.0,34106816.0,17053408.0,1.0,2.0
CUST00257,2025-03,3.0,23353083.0,7784361.0,5.0,17639010.0,3527802.0,3.0,5.0
CUST00257,2025-04,3.0,45137730.0,15045910.0,0.0,0.0,0.0,3.0,0.0
CUST00257,2025-05,2.0,32845836.0,16422918.0,5.0,96304427.0,19260885.4,2.0,5.0
CUST00257,2025-06,3.0,90371825.0,30123941.666666668,2.0,41112722.0,20556361.0,3.0,2.0
CUST00257,2025-07,4.0,51015781.0,12753945.25,3.0,4839749.0,1613249.6666666667,4.0,3.0
CUST00257,2025-08,1.0,21673838.0,21673838.0,1.0,30269495.0,30269495.0,1.0,1.0
CUST00257,2025-09,3.0,38753588.0,12917862.666666666,2.0,15178323.0,7589161.5,3.0,2.0
CUST00257,2025-10,2.0,103911202.0,51955601.0,2.0,25843143.0,12921571.5,2.0,2.0
CUST00257,2025-11,2.0,19060408.0,9530204.0,2.0,5614909.0,2807454.5,2.0,2.0
CUST00257,2025-12,1.0,12022996.0,12022996.0,3.0,58880902.0,19626967.333333332,1.0,3.0
CUST00258,2025-01,3.0,81757273.0,27252424.333333332,2.0,2134384.0,1067192.0,3.0,2.0
CUST00258,2025-03,2.0,29620962.0,14810481.0,2.0,47727261.0,23863630.5,2.0,2.0
CUST00258,2025-04,1.0,25931913.0,25931913.0,4.0,143003147.0,35750786.75,1.0,4.0
CUST00258,2025-05,1.0,5211545.0,5211545.0,3.0,17866116.0,5955372.0,1.0,3.0
CUST00258,2025-06,2.0,43068250.0,21534125.0,0.0,0.0,0.0,2.0,0.0
CUST00258,2025-07,1.0,29183871.0,29183871.0,2.0,49886017.0,24943008.5,1.0,2.0
CUST00258,2025-08,2.0,24545869.0,12272934.5,0.0,0.0,0.0,2.0,0.0
CUST00258,2025-09,2.0,53535904.0,26767952.0,3.0,42164823.0,14054941.0,2.0,3.0
CUST00258,2025-10,3.0,85950169.0,28650056.333333332,0.0,0.0,0.0,3.0,0.0
CUST00258,2025-11,2.0,46956162.0,23478081.0,3.0,9484704.0,3161568.0,2.0,3.0
CUST00258,2025-12,3.0,42824050.0,14274683.333333334,6.0,124419292.0,20736548.666666668,3.0,6.0
CUST00259,2025-01,2.0,2115139.0,1057569.5,2.0,8709935.0,4354967.5,2.0,2.0
CUST00259,2025-02,1.0,2809123.0,2809123.0,1.0,1515473.0,1515473.0,1.0,1.0
CUST00259,2025-03,2.0,2058385.0,1029192.5,3.0,88698806.0,29566268.666666668,2.0,3.0
CUST00259,2025-04,1.0,5272162.0,5272162.0,1.0,17353235.0,17353235.0,1.0,1.0
CUST00259,2025-05,1.0,5489861.0,5489861.0,2.0,65156234.0,32578117.0,1.0,2.0
CUST00259,2025-06,3.0,2896290.0,965430.0,3.0,135941374.0,45313791.333333336,3.0,3.0
CUST00259,2025-07,1.0,4986896.0,4986896.0,2.0,77828692.0,38914346.0,1.0,2.0
CUST00259,2025-08,3.0,13498779.0,4499593.0,6.0,139878241.0,23313040.166666668,3.0,6.0
CUST00259,2025-09,2.0,5253885.0,2626942.5,3.0,7803677.0,2601225.6666666665,2.0,3.0
CUST00259,2025-10,1.0,1475289.0,1475289.0,3.0,26347303.0,8782434.333333334,1.0,3.0
CUST00259,2025-11,1.0,583979.0,583979.0,5.0,65141945.0,13028389.0,1.0,5.0
CUST00259,2025-12,1.0,7314972.0,7314972.0,2.0,11154196.0,5577098.0,1.0,2.0
CUST00260,2025-01,4.0,9814652.0,2453663.0,1.0,22752742.0,22752742.0,3.0,1.0
CUST00260,2025-02,2.0,913705.0,456852.5,1.0,2690950.0,2690950.0,2.0,1.0
CUST00260,2025-03,1.0,7995769.0,7995769.0,3.0,73538922.0,24512974.0,1.0,3.0
CUST00260,2025-04,2.0,2463888.0,1231944.0,2.0,17698989.0,8849494.5,2.0,1.0
CUST00260,2025-06,1.0,3391433.0,3391433.0,4.0,82444670.0,20611167.5,1.0,4.0
CUST00260,2025-07,3.0,3955289.0,1318429.6666666667,0.0,0.0,0.0,3.0,0.0
CUST00260,2025-08,3.0,7324521.0,2441507.0,4.0,141140376.0,35285094.0,3.0,4.0
CUST00260,2025-09,2.0,2862709.0,1431354.5,2.0,32785050.0,16392525.0,2.0,2.0
CUST00260,2025-10,4.0,9353110.0,2338277.5,2.0,11915128.0,5957564.0,4.0,2.0
CUST00260,2025-11,0.0,0.0,0.0,5.0,279799771.0,55959954.2,0.0,5.0
CUST00260,2025-12,4.0,9265861.0,2316465.25,5.0,31407097.0,6281419.4,4.0,5.0
CUST00261,2025-01,1.0,63808609.0,63808609.0,2.0,79425519.0,39712759.5,1.0,2.0
CUST00261,2025-02,0.0,0.0,0.0,1.0,12890936.0,12890936.0,0.0,1.0
CUST00261,2025-03,3.0,150114279.0,50038093.0,2.0,7077598.0,3538799.0,3.0,2.0
CUST00261,2025-04,2.0,157796281.0,78898140.5,2.0,12768435.0,6384217.5,2.0,2.0
CUST00261,2025-05,3.0,369006156.0,123002052.0,0.0,0.0,0.0,3.0,0.0
CUST00261,2025-06,3.0,223903513.0,74634504.33333333,0.0,0.0,0.0,3.0,0.0
CUST00261,2025-07,3.0,679337247.0,226445749.0,4.0,40620912.0,10155228.0,3.0,4.0
CUST00261,2025-09,1.0,22157877.0,22157877.0,3.0,15325651.0,5108550.333333333,1.0,3.0
CUST00261,2025-10,2.0,81335551.0,40667775.5,5.0,100937682.0,20187536.4,2.0,5.0
CUST00261,2025-11,4.0,312501885.0,78125471.25,2.0,5717194.0,2858597.0,4.0,2.0
CUST00261,2025-12,3.0,285871535.0,95290511.66666667,4.0,280876394.0,70219098.5,3.0,3.0
CUST00262,2025-01,2.0,26912513.0,13456256.5,1.0,987097.0,987097.0,2.0,1.0
CUST00262,2025-02,0.0,0.0,0.0,2.0,1144388.0,572194.0,0.0,2.0
CUST00262,2025-03,2.0,43551924.0,21775962.0,3.0,143604782.0,47868260.666666664,2.0,3.0
CUST00262,2025-04,1.0,5886688.0,5886688.0,1.0,3679770.0,3679770.0,1.0,1.0
CUST00262,2025-05,2.0,20944631.0,10472315.5,3.0,9171263.0,3057087.6666666665,2.0,3.0
CUST00262,2025-06,1.0,27044411.0,27044411.0,1.0,9668601.0,9668601.0,1.0,1.0
CUST00262,2025-07,1.0,14814301.0,14814301.0,0.0,0.0,0.0,1.0,0.0
CUST00262,2025-08,1.0,6217077.0,6217077.0,2.0,2238028.0,1119014.0,1.0,2.0
CUST00262,2025-09,4.0,81462459.0,20365614.75,3.0,24036068.0,8012022.666666667,4.0,3.0
CUST00262,2025-10,2.0,26056803.0,13028401.5,3.0,185085774.0,61695258.0,2.0,3.0
CUST00262,2025-11,2.0,49516435.0,24758217.5,1.0,3540481.0,3540481.0,2.0,1.0
CUST00262,2025-12,2.0,37824802.0,18912401.0,2.0,100723191.0,50361595.5,1.0,2.0
CUST00263,2025-01,1.0,1489564.0,1489564.0,3.0,6651679.0,2217226.3333333335,1.0,3.0
CUST00263,2025-02,2.0,5994981.0,2997490.5,1.0,1948335.0,1948335.0,2.0,1.0
CUST00263,2025-03,2.0,2482945.0,1241472.5,4.0,293798015.0,73449503.75,2.0,4.0
CUST00263,2025-04,1.0,616987.0,616987.0,0.0,0.0,0.0,1.0,0.0
CUST00263,2025-05,2.0,4521301.0,2260650.5,2.0,3827333.0,1913666.5,2.0,2.0
CUST00263,2025-06,2.0,2955469.0,1477734.5,3.0,8818223.0,2939407.6666666665,2.0,3.0
CUST00263,2025-07,3.0,5338543.0,1779514.3333333333,3.0,134636082.0,44878694.0,3.0,3.0
CUST00263,2025-08,0.0,0.0,0.0,4.0,90306527.0,22576631.75,0.0,4.0
CUST00263,2025-09,1.0,1247124.0,1247124.0,1.0,933924.0,933924.0,1.0,1.0
CUST00263,2025-10,3.0,5885470.0,1961823.3333333333,0.0,0.0,0.0,3.0,0.0
CUST00263,2025-11,4.0,15156612.0,3789153.0,3.0,24597481.0,8199160.333333333,4.0,3.0
CUST00263,2025-12,1.0,1312052.0,1312052.0,4.0,64226068.0,16056517.0,1.0,4.0
CUST00264,2025-01,1.0,11580610.0,11580610.0,1.0,3482963.0,3482963.0,1.0,1.0
CUST00264,2025-02,1.0,119404418.0,119404418.0,3.0,10976993.0,3658997.6666666665,1.0,3.0
CUST00264,2025-03,4.0,405022789.0,101255697.25,1.0,922925.0,922925.0,4.0,1.0
CUST00264,2025-04,3.0,162732871.0,54244290.333333336,1.0,1758881.0,1758881.0,2.0,1.0
CUST00264,2025-05,3.0,76889164.0,25629721.333333332,2.0,22031944.0,11015972.0,2.0,2.0
CUST00264,2025-06,2.0,107127502.0,53563751.0,1.0,15616977.0,15616977.0,2.0,1.0
CUST00264,2025-07,1.0,51163067.0,51163067.0,2.0,19835286.0,9917643.0,1.0,2.0
CUST00264,2025-08,2.0,109343146.0,54671573.0,3.0,25175911.0,8391970.333333334,2.0,3.0
CUST00264,2025-09,1.0,24847185.0,24847185.0,2.0,353997807.0,176998903.5,1.0,2.0
CUST00264,2025-10,0.0,0.0,0.0,1.0,3519661.0,3519661.0,0.0,1.0
CUST00264,2025-11,1.0,339878097.0,339878097.0,3.0,10757202.0,3585734.0,1.0,3.0
CUST00264,2025-12,5.0,686712245.0,137342449.0,1.0,14032344.0,14032344.0,5.0,1.0
CUST00265,2025-01,3.0,63738057.0,21246019.0,1.0,11622310.0,11622310.0,3.0,1.0
CUST00265,2025-02,1.0,29726764.0,29726764.0,0.0,0.0,0.0,1.0,0.0
CUST00265,2025-03,2.0,59375030.0,29687515.0,0.0,0.0,0.0,2.0,0.0
CUST00265,2025-04,4.0,154630703.0,38657675.75,3.0,6198236.0,2066078.6666666667,4.0,3.0
CUST00265,2025-05,1.0,25707617.0,25707617.0,1.0,34133231.0,34133231.0,1.0,1.0
CUST00265,2025-06,3.0,78504452.0,26168150.666666668,3.0,62446906.0,20815635.333333332,3.0,3.0
CUST00265,2025-07,3.0,81626356.0,27208785.333333332,1.0,1335011.0,1335011.0,3.0,1.0
CUST00265,2025-08,5.0,76253913.0,15250782.6,1.0,18279069.0,18279069.0,5.0,1.0
CUST00265,2025-09,4.0,107967234.0,26991808.5,2.0,2507349.0,1253674.5,4.0,2.0
CUST00265,2025-10,1.0,9318438.0,9318438.0,1.0,2951066.0,2951066.0,1.0,1.0
CUST00265,2025-11,3.0,69580412.0,23193470.666666668,2.0,2781695.0,1390847.5,3.0,2.0
CUST00265,2025-12,3.0,52738218.0,17579406.0,1.0,1533676.0,1533676.0,3.0,1.0
CUST00266,2025-01,2.0,14406696.0,7203348.0,2.0,29154514.0,14577257.0,2.0,2.0
CUST00266,2025-02,1.0,21402421.0,21402421.0,2.0,2787236.0,1393618.0,1.0,2.0
CUST00266,2025-03,1.0,21404092.0,21404092.0,4.0,164932640.0,41233160.0,1.0,4.0
CUST00266,2025-04,1.0,27229236.0,27229236.0,0.0,0.0,0.0,1.0,0.0
CUST00266,2025-05,1.0,8635244.0,8635244.0,2.0,73449116.0,36724558.0,1.0,2.0
CUST00266,2025-06,5.0,71864884.0,14372976.8,2.0,11642126.0,5821063.0,5.0,2.0
CUST00266,2025-07,2.0,41297651.0,20648825.5,0.0,0.0,0.0,2.0,0.0
CUST00266,2025-08,0.0,0.0,0.0,1.0,1976865.0,1976865.0,0.0,1.0
CUST00266,2025-09,2.0,55369457.0,27684728.5,2.0,10923228.0,5461614.0,2.0,2.0
CUST00266,2025-10,1.0,29330053.0,29330053.0,4.0,156574497.0,39143624.25,1.0,4.0
CUST00266,2025-11,3.0,50276941.0,16758980.333333334,3.0,91536848.0,30512282.666666668,3.0,3.0
CUST00266,2025-12,5.0,288585520.0,57717104.0,0.0,0.0,0.0,4.0,0.0
CUST00267,2025-01,3.0,30626771.0,10208923.666666666,4.0,32097854.0,8024463.5,3.0,3.0
CUST00267,2025-02,1.0,18446901.0,18446901.0,3.0,14496076.0,4832025.333333333,1.0,3.0
CUST00267,2025-03,6.0,82351790.0,13725298.333333334,2.0,108231613.0,54115806.5,6.0,2.0
CUST00267,2025-04,5.0,112824054.0,22564810.8,1.0,4048588.0,4048588.0,4.0,1.0
CUST00267,2025-05,4.0,63389505.0,15847376.25,6.0,78652822.0,13108803.666666666,4.0,6.0
CUST00267,2025-06,3.0,41286412.0,13762137.333333334,0.0,0.0,0.0,3.0,0.0
CUST00267,2025-07,4.0,65684150.0,16421037.5,0.0,0.0,0.0,4.0,0.0
CUST00267,2025-08,1.0,8811509.0,8811509.0,3.0,4779082.0,1593027.3333333333,1.0,3.0
CUST00267,2025-09,1.0,2402250.0,2402250.0,1.0,49944308.0,49944308.0,1.0,1.0
CUST00267,2025-10,0.0,0.0,0.0,5.0,120257874.0,24051574.8,0.0,5.0
CUST00267,2025-11,1.0,43876642.0,43876642.0,3.0,19214348.0,6404782.666666667,1.0,2.0
CUST00267,2025-12,4.0,36574686.0,9143671.5,0.0,0.0,0.0,4.0,0.0
CUST00268,2025-01,3.0,23761202.0,7920400.666666667,0.0,0.0,0.0,3.0,0.0
CUST00268,2025-02,2.0,42519221.0,21259610.5,2.0,24581744.0,12290872.0,2.0,2.0
CUST00268,2025-03,1.0,6864132.0,6864132.0,4.0,26140937.0,6535234.25,1.0,4.0
CUST00268,2025-04,3.0,42254426.0,14084808.666666666,3.0,64442958.0,21480986.0,3.0,3.0
CUST00268,2025-05,2.0,39195051.0,19597525.5,1.0,7974101.0,7974101.0,2.0,1.0
CUST00268,2025-06,1.0,14885584.0,14885584.0,2.0,10197634.0,5098817.0,1.0,2.0
CUST00268,2025-07,2.0,36544257.0,18272128.5,3.0,17985009.0,5995003.0,1.0,3.0
CUST00268,2025-08,2.0,25930233.0,12965116.5,1.0,35921069.0,35921069.0,2.0,1.0
CUST00268,2025-09,6.0,148822484.0,24803747.333333332,3.0,24073326.0,8024442.0,5.0,3.0
CUST00268,2025-10,3.0,78212513.0,26070837.666666668,1.0,37214226.0,37214226.0,3.0,1.0
CUST00268,2025-11,1.0,12803341.0,12803341.0,4.0,23343571.0,5835892.75,1.0,4.0
CUST00268,2025-12,2.0,301541022.0,150770511.0,1.0,14023158.0,14023158.0,2.0,1.0
CUST00269,2025-01,2.0,25644835.0,12822417.5,4.0,122040287.0,30510071.75,2.0,4.0
CUST00269,2025-02,2.0,56811751.0,28405875.5,3.0,7498065.0,2499355.0,2.0,3.0
CUST00269,2025-03,2.0,28930731.0,14465365.5,2.0,23393381.0,11696690.5,2.0,2.0
CUST00269,2025-04,1.0,8380632.0,8380632.0,1.0,965723.0,965723.0,1.0,1.0
CUST00269,2025-05,5.0,134386359.0,26877271.8,3.0,136981274.0,45660424.666666664,4.0,3.0
CUST00269,2025-06,1.0,13522704.0,13522704.0,1.0,3893131.0,3893131.0,1.0,1.0
CUST00269,2025-07,1.0,7384539.0,7384539.0,2.0,11682566.0,5841283.0,1.0,2.0
CUST00269,2025-08,2.0,38012308.0,19006154.0,2.0,9449803.0,4724901.5,2.0,2.0
CUST00269,2025-09,3.0,33549570.0,11183190.0,0.0,0.0,0.0,3.0,0.0
CUST00269,2025-10,3.0,55807641.0,18602547.0,1.0,3499192.0,3499192.0,3.0,1.0
CUST00269,2025-11,0.0,0.0,0.0,2.0,3710194.0,1855097.0,0.0,2.0
CUST00269,2025-12,4.0,58628033.0,14657008.25,4.0,18310863.0,4577715.75,4.0,4.0
CUST00270,2025-01,2.0,7038817.0,3519408.5,3.0,58800731.0,19600243.666666668,2.0,3.0
CUST00270,2025-02,1.0,1329889.0,1329889.0,4.0,269332712.0,67333178.0,1.0,4.0
CUST00270,2025-03,1.0,2818577.0,2818577.0,5.0,71629832.0,14325966.4,1.0,5.0
CUST00270,2025-04,1.0,1950356.0,1950356.0,1.0,19979166.0,19979166.0,1.0,1.0
CUST00270,2025-05,3.0,9365037.0,3121679.0,2.0,9853683.0,4926841.5,3.0,2.0
CUST00270,2025-06,2.0,2412820.0,1206410.0,2.0,62932650.0,31466325.0,2.0,2.0
CUST00270,2025-07,3.0,7411901.0,2470633.6666666665,1.0,1337690.0,1337690.0,3.0,1.0
CUST00270,2025-08,4.0,6068007.0,1517001.75,0.0,0.0,0.0,4.0,0.0
CUST00270,2025-09,2.0,12740584.0,6370292.0,2.0,83910320.0,41955160.0,2.0,2.0
CUST00270,2025-10,1.0,1613231.0,1613231.0,3.0,66419190.0,22139730.0,1.0,3.0
CUST00270,2025-11,4.0,6910045.0,1727511.25,2.0,4228983.0,2114491.5,4.0,2.0
CUST00270,2025-12,3.0,15558384.0,5186128.0,2.0,15767408.0,7883704.0,3.0,2.0
CUST00271,2025-01,7.0,23311437.0,3330205.285714286,3.0,70789712.0,23596570.666666668,6.0,3.0
CUST00271,2025-02,1.0,656086.0,656086.0,1.0,40837219.0,40837219.0,1.0,1.0
CUST00271,2025-03,2.0,4835339.0,2417669.5,1.0,8523699.0,8523699.0,2.0,1.0
CUST00271,2025-04,1.0,946440.0,946440.0,3.0,111912992.0,37304330.666666664,1.0,3.0
CUST00271,2025-05,0.0,0.0,0.0,2.0,4275250.0,2137625.0,0.0,2.0
CUST00271,2025-06,2.0,3002023.0,1501011.5,0.0,0.0,0.0,2.0,0.0
CUST00271,2025-07,2.0,6585008.0,3292504.0,2.0,8050654.0,4025327.0,2.0,2.0
CUST00271,2025-08,3.0,10020499.0,3340166.3333333335,2.0,11444126.0,5722063.0,3.0,2.0
CUST00271,2025-09,1.0,3161589.0,3161589.0,1.0,7650052.0,7650052.0,1.0,1.0
CUST00271,2025-10,1.0,8418009.0,8418009.0,1.0,21036820.0,21036820.0,1.0,1.0
CUST00271,2025-11,1.0,1135064.0,1135064.0,1.0,970875.0,970875.0,1.0,1.0
CUST00271,2025-12,2.0,2560190.0,1280095.0,1.0,23007423.0,23007423.0,2.0,1.0
CUST00272,2025-01,0.0,0.0,0.0,3.0,36908775.0,12302925.0,0.0,3.0
CUST00272,2025-03,0.0,0.0,0.0,1.0,14313951.0,14313951.0,0.0,1.0
CUST00272,2025-04,0.0,0.0,0.0,1.0,3869840.0,3869840.0,0.0,1.0
CUST00272,2025-05,2.0,212941862.0,106470931.0,0.0,0.0,0.0,2.0,0.0
CUST00272,2025-06,1.0,82916747.0,82916747.0,0.0,0.0,0.0,1.0,0.0
CUST00272,2025-07,3.0,140854010.0,46951336.666666664,2.0,6794728.0,3397364.0,3.0,2.0
CUST00272,2025-08,4.0,551898785.0,137974696.25,1.0,135448106.0,135448106.0,4.0,1.0
CUST00272,2025-09,4.0,686643652.0,171660913.0,2.0,5181968.0,2590984.0,4.0,2.0
CUST00272,2025-10,2.0,271224144.0,135612072.0,1.0,16541105.0,16541105.0,2.0,1.0
CUST00272,2025-11,1.0,67094346.0,67094346.0,1.0,5326689.0,5326689.0,1.0,1.0
CUST00272,2025-12,3.0,558819800.0,186273266.66666666,1.0,3143801.0,3143801.0,3.0,1.0
CUST00273,2025-01,1.0,2766510.0,2766510.0,1.0,1670337.0,1670337.0,1.0,1.0
CUST00273,2025-02,4.0,9482739.0,2370684.75,2.0,2971192.0,1485596.0,4.0,2.0
CUST00273,2025-03,2.0,5232651.0,2616325.5,2.0,17275890.0,8637945.0,2.0,2.0
CUST00273,2025-04,1.0,332299.0,332299.0,0.0,0.0,0.0,1.0,0.0
CUST00273,2025-05,3.0,6355936.0,2118645.3333333335,2.0,71454800.0,35727400.0,3.0,2.0
CUST00273,2025-06,3.0,3454699.0,1151566.3333333333,3.0,12440485.0,4146828.3333333335,3.0,3.0
CUST00273,2025-07,2.0,5897622.0,2948811.0,4.0,84541987.0,21135496.75,2.0,4.0
CUST00273,2025-09,2.0,4211791.0,2105895.5,0.0,0.0,0.0,2.0,0.0
CUST00273,2025-10,3.0,13171285.0,4390428.333333333,2.0,14076426.0,7038213.0,3.0,2.0
CUST00273,2025-11,0.0,0.0,0.0,3.0,8678026.0,2892675.3333333335,0.0,3.0
CUST00273,2025-12,3.0,18335246.0,6111748.666666667,1.0,96279156.0,96279156.0,3.0,1.0
CUST00274,2025-01,3.0,6131252.0,2043750.6666666667,3.0,7097873.0,2365957.6666666665,3.0,3.0
CUST00274,2025-02,2.0,4247503.0,2123751.5,1.0,5264812.0,5264812.0,2.0,1.0
CUST00274,2025-03,0.0,0.0,0.0,2.0,81866545.0,40933272.5,0.0,2.0
CUST00274,2025-04,1.0,1878894.0,1878894.0,1.0,14837071.0,14837071.0,1.0,1.0
CUST00274,2025-05,2.0,6999442.0,3499721.0,1.0,6076700.0,6076700.0,2.0,1.0
CUST00274,2025-06,1.0,4450657.0,4450657.0,2.0,72853433.0,36426716.5,1.0,2.0
CUST00274,2025-07,4.0,7182751.0,1795687.75,1.0,73033855.0,73033855.0,3.0,1.0
CUST00274,2025-08,1.0,1382533.0,1382533.0,1.0,14210948.0,14210948.0,1.0,1.0
CUST00274,2025-09,1.0,2470488.0,2470488.0,3.0,45556363.0,15185454.333333334,1.0,3.0
CUST00274,2025-10,0.0,0.0,0.0,5.0,45331751.0,9066350.2,0.0,5.0
CUST00274,2025-11,5.0,6761104.0,1352220.8,1.0,2294685.0,2294685.0,5.0,1.0
CUST00274,2025-12,2.0,3977050.0,1988525.0,3.0,51597276.0,17199092.0,2.0,3.0
CUST00275,2025-01,0.0,0.0,0.0,2.0,6515776.0,3257888.0,0.0,2.0
CUST00275,2025-02,2.0,1600499.0,800249.5,2.0,2436612.0,1218306.0,2.0,2.0
CUST00275,2025-03,1.0,5358884.0,5358884.0,1.0,33754182.0,33754182.0,1.0,1.0
CUST00275,2025-04,1.0,8888622.0,8888622.0,2.0,9096716.0,4548358.0,1.0,2.0
CUST00275,2025-05,2.0,3300862.0,1650431.0,2.0,25796895.0,12898447.5,2.0,2.0
CUST00275,2025-06,2.0,2263348.0,1131674.0,3.0,83603895.0,27867965.0,2.0,3.0
CUST00275,2025-07,2.0,3666725.0,1833362.5,3.0,43478864.0,14492954.666666666,2.0,2.0
CUST00275,2025-08,0.0,0.0,0.0,2.0,33409167.0,16704583.5,0.0,2.0
CUST00275,2025-09,1.0,3782000.0,3782000.0,3.0,75253075.0,25084358.333333332,1.0,3.0
CUST00275,2025-10,0.0,0.0,0.0,5.0,27473861.0,5494772.2,0.0,5.0
CUST00275,2025-11,1.0,9612995.0,9612995.0,4.0,17173218.0,4293304.5,1.0,4.0
CUST00275,2025-12,6.0,15256470.0,2542745.0,2.0,15755486.0,7877743.0,5.0,2.0
CUST00276,2025-01,2.0,8100394.0,4050197.0,2.0,1737990.0,868995.0,2.0,2.0
CUST00276,2025-02,3.0,6100926.0,2033642.0,1.0,6590434.0,6590434.0,3.0,1.0
CUST00276,2025-03,4.0,4081995.0,1020498.75,2.0,4376853.0,2188426.5,4.0,2.0
CUST00276,2025-04,3.0,9062237.0,3020745.6666666665,2.0,2195569.0,1097784.5,3.0,2.0
CUST00276,2025-05,4.0,11124237.0,2781059.25,2.0,52347211.0,26173605.5,4.0,2.0
CUST00276,2025-06,1.0,1525975.0,1525975.0,1.0,156555785.0,156555785.0,1.0,1.0
CUST00276,2025-07,3.0,5477886.0,1825962.0,4.0,7148637.0,1787159.25,3.0,4.0
CUST00276,2025-08,3.0,5914270.0,1971423.3333333333,4.0,9418863.0,2354715.75,3.0,4.0
CUST00276,2025-09,2.0,4054221.0,2027110.5,2.0,25708104.0,12854052.0,2.0,2.0
CUST00276,2025-10,8.0,15723009.0,1965376.125,0.0,0.0,0.0,6.0,0.0
CUST00276,2025-11,3.0,4634149.0,1544716.3333333333,3.0,32514514.0,10838171.333333334,3.0,3.0
CUST00276,2025-12,1.0,535144.0,535144.0,1.0,16301237.0,16301237.0,1.0,1.0
CUST00277,2025-01,1.0,12592514.0,12592514.0,2.0,12495812.0,6247906.0,1.0,2.0
CUST00277,2025-02,2.0,23246770.0,11623385.0,1.0,1831747.0,1831747.0,1.0,1.0
CUST00277,2025-03,3.0,104094846.0,34698282.0,0.0,0.0,0.0,3.0,0.0
CUST00277,2025-04,2.0,46445976.0,23222988.0,0.0,0.0,0.0,2.0,0.0
CUST00277,2025-05,2.0,56122414.0,28061207.0,1.0,3852032.0,3852032.0,2.0,1.0
CUST00277,2025-06,4.0,76837056.0,19209264.0,4.0,11051163.0,2762790.75,4.0,4.0
CUST00277,2025-07,2.0,49334415.0,24667207.5,0.0,0.0,0.0,2.0,0.0
CUST00277,2025-08,3.0,75267720.0,25089240.0,2.0,1773913.0,886956.5,3.0,2.0
CUST00277,2025-09,0.0,0.0,0.0,1.0,2635899.0,2635899.0,0.0,1.0
CUST00277,2025-10,1.0,6974411.0,6974411.0,1.0,1566521.0,1566521.0,1.0,1.0
CUST00277,2025-11,3.0,91633802.0,30544600.666666668,2.0,74050604.0,37025302.0,3.0,2.0
CUST00277,2025-12,3.0,58332358.0,19444119.333333332,3.0,31629207.0,10543069.0,3.0,3.0
CUST00278,2025-01,2.0,206150477.0,103075238.5,2.0,292377090.0,146188545.0,2.0,2.0
CUST00278,2025-02,7.0,743120318.0,106160045.42857143,2.0,17894618.0,8947309.0,7.0,2.0
CUST00278,2025-04,2.0,102926317.0,51463158.5,2.0,1839008.0,919504.0,2.0,2.0
CUST00278,2025-05,1.0,191204154.0,191204154.0,1.0,38778818.0,38778818.0,1.0,1.0
CUST00278,2025-06,3.0,246479712.0,82159904.0,5.0,68466406.0,13693281.2,3.0,5.0
CUST00278,2025-07,3.0,331078255.0,110359418.33333333,3.0,30303322.0,10101107.333333334,3.0,3.0
CUST00278,2025-08,0.0,0.0,0.0,1.0,5020676.0,5020676.0,0.0,1.0
CUST00278,2025-09,2.0,249996739.0,124998369.5,5.0,92836871.0,18567374.2,2.0,4.0
CUST00278,2025-11,3.0,296941432.0,98980477.33333333,0.0,0.0,0.0,3.0,0.0
CUST00278,2025-12,3.0,226280651.0,75426883.66666667,3.0,11525804.0,3841934.6666666665,3.0,3.0
CUST00279,2025-01,4.0,6498753.0,1624688.25,0.0,0.0,0.0,4.0,0.0
CUST00279,2025-02,2.0,4970852.0,2485426.0,2.0,5138515.0,2569257.5,2.0,2.0
CUST00279,2025-03,2.0,5588564.0,2794282.0,1.0,1445728.0,1445728.0,2.0,1.0
CUST00279,2025-04,3.0,13571687.0,4523895.666666667,2.0,13577430.0,6788715.0,3.0,2.0
CUST00279,2025-05,2.0,3157409.0,1578704.5,4.0,141472999.0,35368249.75,2.0,4.0
CUST00279,2025-06,3.0,4663335.0,1554445.0,1.0,27710827.0,27710827.0,3.0,1.0
CUST00279,2025-07,4.0,10373715.0,2593428.75,0.0,0.0,0.0,4.0,0.0
CUST00279,2025-08,2.0,7687943.0,3843971.5,3.0,8864848.0,2954949.3333333335,2.0,3.0
CUST00279,2025-09,0.0,0.0,0.0,2.0,110694496.0,55347248.0,0.0,2.0
CUST00279,2025-10,2.0,1537266.0,768633.0,0.0,0.0,0.0,2.0,0.0
CUST00279,2025-11,0.0,0.0,0.0,1.0,11318247.0,11318247.0,0.0,1.0
CUST00279,2025-12,7.0,24029969.0,3432852.714285714,4.0,48072913.0,12018228.25,7.0,4.0
CUST00280,2025-01,0.0,0.0,0.0,3.0,78269591.0,26089863.666666668,0.0,3.0
CUST00280,2025-02,3.0,6381808.0,2127269.3333333335,2.0,42933528.0,21466764.0,3.0,2.0
CUST00280,2025-03,2.0,7887368.0,3943684.0,0.0,0.0,0.0,2.0,0.0
CUST00280,2025-04,2.0,6986508.0,3493254.0,1.0,7387247.0,7387247.0,2.0,1.0
CUST00280,2025-05,5.0,7384011.0,1476802.2,1.0,7182200.0,7182200.0,5.0,1.0
CUST00280,2025-06,3.0,10405372.0,3468457.3333333335,5.0,19107526.0,3821505.2,3.0,5.0
CUST00280,2025-07,1.0,2231772.0,2231772.0,1.0,9652388.0,9652388.0,1.0,1.0
CUST00280,2025-08,0.0,0.0,0.0,1.0,3597109.0,3597109.0,0.0,1.0
CUST00280,2025-09,2.0,15441497.0,7720748.5,5.0,14487377.0,2897475.4,2.0,5.0
CUST00280,2025-10,0.0,0.0,0.0,1.0,2659951.0,2659951.0,0.0,1.0
CUST00280,2025-11,2.0,10591372.0,5295686.0,0.0,0.0,0.0,2.0,0.0
CUST00280,2025-12,3.0,11535749.0,3845249.6666666665,5.0,56843902.0,11368780.4,3.0,5.0
CUST00281,2025-01,3.0,5377658.0,1792552.6666666667,0.0,0.0,0.0,3.0,0.0
CUST00281,2025-02,2.0,4114022.0,2057011.0,0.0,0.0,0.0,2.0,0.0
CUST00281,2025-03,3.0,4702936.0,1567645.3333333333,0.0,0.0,0.0,3.0,0.0
CUST00281,2025-04,2.0,6220907.0,3110453.5,2.0,4803550.0,2401775.0,2.0,2.0
CUST00281,2025-05,1.0,1593490.0,1593490.0,1.0,9241728.0,9241728.0,1.0,1.0
CUST00281,2025-06,1.0,922550.0,922550.0,1.0,7009266.0,7009266.0,1.0,1.0
CUST00281,2025-07,4.0,8802690.0,2200672.5,1.0,8795541.0,8795541.0,4.0,1.0
CUST00281,2025-08,3.0,5839748.0,1946582.6666666667,2.0,6909229.0,3454614.5,3.0,2.0
CUST00281,2025-09,3.0,10000882.0,3333627.3333333335,4.0,20289195.0,5072298.75,3.0,4.0
CUST00281,2025-10,0.0,0.0,0.0,3.0,41995976.0,13998658.666666666,0.0,3.0
CUST00281,2025-11,2.0,3639514.0,1819757.0,2.0,41906946.0,20953473.0,2.0,2.0
CUST00281,2025-12,6.0,14073794.0,2345632.3333333335,2.0,4567500.0,2283750.0,6.0,2.0
CUST00282,2025-01,2.0,40214211.0,20107105.5,1.0,13219860.0,13219860.0,2.0,1.0
CUST00282,2025-02,3.0,60887155.0,20295718.333333332,2.0,25410845.0,12705422.5,3.0,2.0
CUST00282,2025-03,7.0,95543887.0,13649126.714285715,4.0,89866524.0,22466631.0,7.0,4.0
CUST00282,2025-04,3.0,46159365.0,15386455.0,0.0,0.0,0.0,3.0,0.0
CUST00282,2025-05,3.0,54517205.0,18172401.666666668,6.0,39232538.0,6538756.333333333,3.0,6.0
CUST00282,2025-06,1.0,123745326.0,123745326.0,2.0,16316507.0,8158253.5,1.0,2.0
CUST00282,2025-07,4.0,56977050.0,14244262.5,1.0,5417010.0,5417010.0,4.0,1.0
CUST00282,2025-08,1.0,45384190.0,45384190.0,2.0,4030850.0,2015425.0,1.0,2.0
CUST00282,2025-09,1.0,7360824.0,7360824.0,4.0,19919741.0,4979935.25,1.0,4.0
CUST00282,2025-10,1.0,5694877.0,5694877.0,7.0,195896624.0,27985232.0,1.0,7.0
CUST00282,2025-11,3.0,25079740.0,8359913.333333333,2.0,30088943.0,15044471.5,3.0,2.0
CUST00282,2025-12,3.0,64328150.0,21442716.666666668,3.0,76609204.0,25536401.333333332,3.0,3.0
CUST00283,2025-01,1.0,49253534.0,49253534.0,1.0,9337515.0,9337515.0,1.0,1.0
CUST00283,2025-02,0.0,0.0,0.0,2.0,5581333.0,2790666.5,0.0,2.0
CUST00283,2025-03,3.0,84844084.0,28281361.333333332,1.0,2323579.0,2323579.0,3.0,1.0
CUST00283,2025-04,3.0,107835077.0,35945025.666666664,3.0,18658184.0,6219394.666666667,2.0,3.0
CUST00283,2025-05,0.0,0.0,0.0,1.0,1999965.0,1999965.0,0.0,1.0
CUST00283,2025-06,3.0,60260270.0,20086756.666666668,3.0,10560706.0,3520235.3333333335,3.0,3.0
CUST00283,2025-07,2.0,20842733.0,10421366.5,2.0,49458822.0,24729411.0,2.0,1.0
CUST00283,2025-08,2.0,48541512.0,24270756.0,3.0,6249564.0,2083188.0,2.0,3.0
CUST00283,2025-09,0.0,0.0,0.0,4.0,9653956.0,2413489.0,0.0,3.0
CUST00283,2025-10,1.0,35177696.0,35177696.0,0.0,0.0,0.0,1.0,0.0
CUST00283,2025-11,1.0,8722427.0,8722427.0,3.0,7108743.0,2369581.0,1.0,3.0
CUST00283,2025-12,2.0,33360687.0,16680343.5,1.0,2380218.0,2380218.0,2.0,1.0
CUST00284,2025-01,1.0,1637214.0,1637214.0,0.0,0.0,0.0,1.0,0.0
CUST00284,2025-02,7.0,16554503.0,2364929.0,2.0,27591942.0,13795971.0,7.0,2.0
CUST00284,2025-03,6.0,17500208.0,2916701.3333333335,1.0,3696462.0,3696462.0,6.0,1.0
CUST00284,2025-05,1.0,4143850.0,4143850.0,3.0,7681577.0,2560525.6666666665,1.0,3.0
CUST00284,2025-06,3.0,3156124.0,1052041.3333333333,2.0,86530969.0,43265484.5,2.0,2.0
CUST00284,2025-07,3.0,24511760.0,8170586.666666667,4.0,81257018.0,20314254.5,3.0,4.0
CUST00284,2025-08,4.0,18605425.0,4651356.25,2.0,65720003.0,32860001.5,4.0,2.0
CUST00284,2025-09,1.0,3229628.0,3229628.0,3.0,7198300.0,2399433.3333333335,1.0,3.0
CUST00284,2025-10,2.0,4001151.0,2000575.5,4.0,40636772.0,10159193.0,2.0,4.0
CUST00284,2025-11,3.0,22532733.0,7510911.0,2.0,8143813.0,4071906.5,3.0,2.0
CUST00284,2025-12,3.0,5858540.0,1952846.6666666667,4.0,95948682.0,23987170.5,2.0,4.0
CUST00285,2025-01,1.0,41171899.0,41171899.0,2.0,49695136.0,24847568.0,1.0,2.0
CUST00285,2025-02,2.0,43407181.0,21703590.5,2.0,61660846.0,30830423.0,2.0,2.0
CUST00285,2025-03,2.0,17133916.0,8566958.0,1.0,109487905.0,109487905.0,2.0,1.0
CUST00285,2025-04,3.0,79602316.0,26534105.333333332,1.0,1976867.0,1976867.0,3.0,1.0
CUST00285,2025-05,3.0,66571275.0,22190425.0,2.0,16599442.0,8299721.0,3.0,2.0
CUST00285,2025-06,2.0,23324645.0,11662322.5,4.0,81552757.0,20388189.25,2.0,4.0
CUST00285,2025-07,3.0,52207385.0,17402461.666666668,2.0,36763009.0,18381504.5,3.0,2.0
CUST00285,2025-08,1.0,5443361.0,5443361.0,1.0,750797.0,750797.0,1.0,1.0
CUST00285,2025-09,5.0,64083090.0,12816618.0,2.0,79393493.0,39696746.5,5.0,2.0
CUST00285,2025-10,0.0,0.0,0.0,2.0,91096201.0,45548100.5,0.0,2.0
CUST00285,2025-11,2.0,15279981.0,7639990.5,4.0,60103910.0,15025977.5,2.0,4.0
CUST00285,2025-12,3.0,40974997.0,13658332.333333334,1.0,1573028.0,1573028.0,3.0,1.0
CUST00286,2025-01,1.0,26206728.0,26206728.0,1.0,2271773.0,2271773.0,1.0,1.0
CUST00286,2025-02,2.0,51406689.0,25703344.5,1.0,646159.0,646159.0,2.0,1.0
CUST00286,2025-03,0.0,0.0,0.0,2.0,5176930.0,2588465.0,0.0,2.0
CUST00286,2025-04,0.0,0.0,0.0,2.0,70969970.0,35484985.0,0.0,2.0
CUST00286,2025-05,2.0,16110666.0,8055333.0,3.0,12997820.0,4332606.666666667,2.0,3.0
CUST00286,2025-06,1.0,9908782.0,9908782.0,3.0,166444011.0,55481337.0,1.0,3.0
CUST00286,2025-07,2.0,35987992.0,17993996.0,3.0,49221615.0,16407205.0,2.0,3.0
CUST00286,2025-08,0.0,0.0,0.0,2.0,166807152.0,83403576.0,0.0,2.0
CUST00286,2025-09,3.0,39198905.0,13066301.666666666,3.0,3253111.0,1084370.3333333333,3.0,3.0
CUST00286,2025-10,5.0,73053938.0,14610787.6,4.0,20015261.0,5003815.25,5.0,4.0
CUST00286,2025-11,1.0,50657878.0,50657878.0,2.0,62963015.0,31481507.5,1.0,2.0
CUST00286,2025-12,1.0,7810669.0,7810669.0,3.0,66653479.0,22217826.333333332,1.0,3.0
CUST00287,2025-01,3.0,52446910.0,17482303.333333332,0.0,0.0,0.0,3.0,0.0
CUST00287,2025-02,3.0,90423953.0,30141317.666666668,1.0,3189029.0,3189029.0,3.0,1.0
CUST00287,2025-03,4.0,99405250.0,24851312.5,1.0,902695.0,902695.0,4.0,1.0
CUST00287,2025-04,2.0,13850226.0,6925113.0,1.0,24678996.0,24678996.0,2.0,1.0
CUST00287,2025-05,3.0,57393792.0,19131264.0,1.0,4564924.0,4564924.0,2.0,1.0
CUST00287,2025-06,3.0,88872755.0,29624251.666666668,1.0,55421617.0,55421617.0,3.0,1.0
CUST00287,2025-07,2.0,37612803.0,18806401.5,3.0,15988492.0,5329497.333333333,2.0,3.0
CUST00287,2025-08,1.0,14550212.0,14550212.0,1.0,10874750.0,10874750.0,1.0,1.0
CUST00287,2025-09,1.0,6643844.0,6643844.0,0.0,0.0,0.0,1.0,0.0
CUST00287,2025-10,2.0,75960291.0,37980145.5,1.0,4858269.0,4858269.0,2.0,1.0
CUST00287,2025-11,0.0,0.0,0.0,6.0,78652033.0,13108672.166666666,0.0,5.0
CUST00287,2025-12,4.0,144429294.0,36107323.5,3.0,68752634.0,22917544.666666668,4.0,3.0
CUST00288,2025-01,2.0,97948787.0,48974393.5,0.0,0.0,0.0,2.0,0.0
CUST00288,2025-02,0.0,0.0,0.0,1.0,18549738.0,18549738.0,0.0,1.0
CUST00288,2025-03,5.0,558273838.0,111654767.6,2.0,49976961.0,24988480.5,5.0,2.0
CUST00288,2025-04,2.0,278029413.0,139014706.5,2.0,3598656.0,1799328.0,2.0,2.0
CUST00288,2025-05,3.0,348963047.0,116321015.66666667,2.0,18906086.0,9453043.0,3.0,2.0
CUST00288,2025-06,1.0,211231168.0,211231168.0,3.0,8108768.0,2702922.6666666665,1.0,3.0
CUST00288,2025-08,2.0,106997898.0,53498949.0,2.0,61579473.0,30789736.5,2.0,2.0
CUST00288,2025-09,2.0,189129048.0,94564524.0,5.0,124377985.0,24875597.0,2.0,5.0
CUST00288,2025-10,2.0,362622147.0,181311073.5,4.0,14944726.0,3736181.5,2.0,4.0
CUST00288,2025-11,2.0,72223362.0,36111681.0,0.0,0.0,0.0,2.0,0.0
CUST00288,2025-12,1.0,89777278.0,89777278.0,0.0,0.0,0.0,1.0,0.0
CUST00289,2025-01,2.0,2973371.0,1486685.5,2.0,38804648.0,19402324.0,2.0,2.0
CUST00289,2025-02,3.0,5176920.0,1725640.0,3.0,87083754.0,29027918.0,3.0,3.0
CUST00289,2025-03,1.0,564891.0,564891.0,1.0,237831255.0,237831255.0,1.0,1.0
CUST00289,2025-04,1.0,1595071.0,1595071.0,7.0,72729622.0,10389946.0,1.0,6.0
CUST00289,2025-05,5.0,14513725.0,2902745.0,4.0,25184932.0,6296233.0,5.0,4.0
CUST00289,2025-06,3.0,10058827.0,3352942.3333333335,4.0,27870695.0,6967673.75,3.0,4.0
CUST00289,2025-07,4.0,11222293.0,2805573.25,2.0,480584586.0,240292293.0,4.0,2.0
CUST00289,2025-08,3.0,6983688.0,2327896.0,1.0,3541911.0,3541911.0,3.0,1.0
CUST00289,2025-09,2.0,6901204.0,3450602.0,3.0,54081062.0,18027020.666666668,2.0,3.0
CUST00289,2025-10,4.0,10058200.0,2514550.0,1.0,889758.0,889758.0,4.0,1.0
CUST00289,2025-11,3.0,7331806.0,2443935.3333333335,2.0,5170214.0,2585107.0,3.0,1.0
CUST00289,2025-12,0.0,0.0,0.0,3.0,30139262.0,10046420.666666666,0.0,3.0
CUST00290,2025-01,1.0,6229993.0,6229993.0,0.0,0.0,0.0,1.0,0.0
CUST00290,2025-02,3.0,117348061.0,39116020.333333336,3.0,46494195.0,15498065.0,3.0,3.0
CUST00290,2025-03,3.0,32158481.0,10719493.666666666,1.0,2862162.0,2862162.0,3.0,1.0
CUST00290,2025-04,1.0,22154324.0,22154324.0,2.0,21082983.0,10541491.5,1.0,2.0
CUST00290,2025-05,2.0,12207489.0,6103744.5,2.0,14080469.0,7040234.5,2.0,2.0
CUST00290,2025-06,0.0,0.0,0.0,1.0,10642823.0,10642823.0,0.0,1.0
CUST00290,2025-08,2.0,52709921.0,26354960.5,0.0,0.0,0.0,2.0,0.0
CUST00290,2025-09,4.0,64613498.0,16153374.5,1.0,1709129.0,1709129.0,4.0,1.0
CUST00290,2025-11,4.0,66861502.0,16715375.5,1.0,54190421.0,54190421.0,4.0,1.0
CUST00290,2025-12,4.0,79644544.0,19911136.0,0.0,0.0,0.0,4.0,0.0
CUST00291,2025-01,0.0,0.0,0.0,1.0,28169824.0,28169824.0,0.0,1.0
CUST00291,2025-02,2.0,3192105.0,1596052.5,1.0,3185637.0,3185637.0,2.0,1.0
CUST00291,2025-03,1.0,4376714.0,4376714.0,2.0,11144199.0,5572099.5,1.0,2.0
CUST00291,2025-04,3.0,20938337.0,6979445.666666667,0.0,0.0,0.0,3.0,0.0
CUST00291,2025-05,1.0,1982335.0,1982335.0,2.0,222795750.0,111397875.0,1.0,2.0
CUST00291,2025-06,2.0,5912919.0,2956459.5,2.0,5110433.0,2555216.5,2.0,2.0
CUST00291,2025-07,1.0,2935189.0,2935189.0,1.0,2047547.0,2047547.0,1.0,1.0
CUST00291,2025-08,2.0,6251876.0,3125938.0,1.0,3905290.0,3905290.0,2.0,1.0
CUST00291,2025-09,2.0,6370504.0,3185252.0,1.0,18390224.0,18390224.0,2.0,1.0
CUST00291,2025-10,3.0,14511883.0,4837294.333333333,7.0,445822090.0,63688870.0,3.0,7.0
CUST00291,2025-11,2.0,8035217.0,4017608.5,2.0,7663012.0,3831506.0,2.0,2.0
CUST00291,2025-12,6.0,10340349.0,1723391.5,6.0,74530986.0,12421831.0,5.0,5.0
CUST00292,2025-01,2.0,81705711.0,40852855.5,1.0,63808609.0,63808609.0,2.0,1.0
CUST00292,2025-02,7.0,214422000.0,30631714.285714287,1.0,12269966.0,12269966.0,7.0,1.0
CUST00292,2025-03,2.0,55935474.0,27967737.0,1.0,5041431.0,5041431.0,2.0,1.0
CUST00292,2025-04,1.0,11968011.0,11968011.0,1.0,2451330.0,2451330.0,1.0,1.0
CUST00292,2025-05,2.0,41575477.0,20787738.5,5.0,95242543.0,19048508.6,2.0,5.0
CUST00292,2025-06,3.0,69622912.0,23207637.333333332,2.0,16083726.0,8041863.0,3.0,2.0
CUST00292,2025-07,2.0,59620748.0,29810374.0,2.0,6501588.0,3250794.0,2.0,2.0
CUST00292,2025-08,4.0,116407638.0,29101909.5,1.0,11818504.0,11818504.0,3.0,1.0
CUST00292,2025-09,0.0,0.0,0.0,2.0,17613160.0,8806580.0,0.0,2.0
CUST00292,2025-10,2.0,45071484.0,22535742.0,4.0,47920330.0,11980082.5,2.0,4.0
CUST00292,2025-11,0.0,0.0,0.0,1.0,2552704.0,2552704.0,0.0,1.0
CUST00292,2025-12,2.0,37736911.0,18868455.5,0.0,0.0,0.0,2.0,0.0
CUST00293,2025-01,1.0,8946402.0,8946402.0,4.0,19908539.0,4977134.75,1.0,4.0
CUST00293,2025-02,3.0,42260490.0,14086830.0,2.0,5502391.0,2751195.5,3.0,2.0
CUST00293,2025-03,4.0,58097422.0,14524355.5,4.0,83344787.0,20836196.75,4.0,4.0
CUST00293,2025-04,2.0,50868815.0,25434407.5,2.0,21552301.0,10776150.5,2.0,2.0
CUST00293,2025-05,3.0,28976365.0,9658788.333333334,1.0,2670129.0,2670129.0,3.0,1.0
CUST00293,2025-06,2.0,14883701.0,7441850.5,1.0,4928389.0,4928389.0,2.0,1.0
CUST00293,2025-07,2.0,20650998.0,10325499.0,3.0,21479395.0,7159798.333333333,2.0,3.0
CUST00293,2025-08,1.0,13351401.0,13351401.0,3.0,107428563.0,35809521.0,1.0,3.0
CUST00293,2025-09,4.0,46463924.0,11615981.0,0.0,0.0,0.0,4.0,0.0
CUST00293,2025-10,1.0,5438781.0,5438781.0,2.0,145893199.0,72946599.5,1.0,2.0
CUST00293,2025-11,0.0,0.0,0.0,3.0,131054289.0,43684763.0,0.0,2.0
CUST00294,2025-01,4.0,158938062.0,39734515.5,1.0,804107.0,804107.0,4.0,1.0
CUST00294,2025-02,1.0,16290397.0,16290397.0,0.0,0.0,0.0,1.0,0.0
CUST00294,2025-03,2.0,46479292.0,23239646.0,1.0,20796424.0,20796424.0,2.0,1.0
CUST00294,2025-04,3.0,35113633.0,11704544.333333334,1.0,21427143.0,21427143.0,2.0,1.0
CUST00294,2025-05,3.0,94432396.0,31477465.333333332,3.0,95845413.0,31948471.0,3.0,3.0
CUST00294,2025-06,1.0,21805086.0,21805086.0,0.0,0.0,0.0,1.0,0.0
CUST00294,2025-07,3.0,134891756.0,44963918.666666664,0.0,0.0,0.0,3.0,0.0
CUST00294,2025-08,1.0,120439763.0,120439763.0,3.0,13957708.0,4652569.333333333,1.0,3.0
CUST00294,2025-09,0.0,0.0,0.0,1.0,8016046.0,8016046.0,0.0,1.0
CUST00294,2025-10,4.0,114610233.0,28652558.25,1.0,53605213.0,53605213.0,4.0,1.0
CUST00294,2025-11,0.0,0.0,0.0,1.0,10171357.0,10171357.0,0.0,1.0
CUST00294,2025-12,3.0,22036776.0,7345592.0,1.0,3892280.0,3892280.0,3.0,1.0
CUST00295,2025-01,0.0,0.0,0.0,1.0,1978293.0,1978293.0,0.0,1.0
CUST00295,2025-02,1.0,3249653.0,3249653.0,1.0,7207997.0,7207997.0,1.0,1.0
CUST00295,2025-03,2.0,21685702.0,10842851.0,2.0,3597579.0,1798789.5,2.0,2.0
CUST00295,2025-04,1.0,4742824.0,4742824.0,2.0,33532657.0,16766328.5,1.0,2.0
CUST00295,2025-05,2.0,54257106.0,27128553.0,2.0,36162335.0,18081167.5,2.0,2.0
CUST00295,2025-06,1.0,17345661.0,17345661.0,3.0,26240487.0,8746829.0,1.0,3.0
CUST00295,2025-07,2.0,40757721.0,20378860.5,2.0,18389241.0,9194620.5,2.0,2.0
CUST00295,2025-08,3.0,36001308.0,12000436.0,0.0,0.0,0.0,3.0,0.0
CUST00295,2025-09,1.0,11989494.0,11989494.0,1.0,45366193.0,45366193.0,1.0,1.0
CUST00295,2025-10,0.0,0.0,0.0,5.0,115558872.0,23111774.4,0.0,4.0
CUST00295,2025-11,3.0,37164745.0,12388248.333333334,3.0,56178706.0,18726235.333333332,3.0,3.0
CUST00295,2025-12,1.0,27701152.0,27701152.0,1.0,2722896.0,2722896.0,1.0,1.0
CUST00296,2025-01,2.0,1907789.0,953894.5,1.0,2439251.0,2439251.0,2.0,1.0
CUST00296,2025-02,2.0,4567730.0,2283865.0,4.0,85044979.0,21261244.75,2.0,4.0
CUST00296,2025-03,3.0,4369397.0,1456465.6666666667,2.0,123957723.0,61978861.5,3.0,2.0
CUST00296,2025-04,5.0,17874867.0,3574973.4,1.0,106766164.0,106766164.0,5.0,1.0
CUST00296,2025-05,3.0,7459565.0,2486521.6666666665,1.0,9356623.0,9356623.0,3.0,1.0
CUST00296,2025-06,2.0,8151986.0,4075993.0,2.0,154473630.0,77236815.0,2.0,2.0
CUST00296,2025-07,3.0,11655298.0,3885099.3333333335,2.0,8665552.0,4332776.0,3.0,2.0
CUST00296,2025-08,0.0,0.0,0.0,3.0,215921878.0,71973959.33333333,0.0,3.0
CUST00296,2025-09,0.0,0.0,0.0,2.0,3564228.0,1782114.0,0.0,2.0
CUST00296,2025-10,0.0,0.0,0.0,3.0,16587122.0,5529040.666666667,0.0,3.0
CUST00296,2025-11,1.0,451552.0,451552.0,4.0,37158040.0,9289510.0,1.0,4.0
CUST00296,2025-12,0.0,0.0,0.0,2.0,7817917.0,3908958.5,0.0,2.0
CUST00297,2025-01,6.0,12819915.0,2136652.5,1.0,7049122.0,7049122.0,5.0,1.0
CUST00297,2025-02,3.0,2516471.0,838823.6666666666,0.0,0.0,0.0,3.0,0.0
CUST00297,2025-03,2.0,10647569.0,5323784.5,3.0,41286511.0,13762170.333333334,2.0,3.0
CUST00297,2025-04,1.0,1287074.0,1287074.0,1.0,35484048.0,35484048.0,1.0,1.0
CUST00297,2025-05,2.0,2592880.0,1296440.0,3.0,150090319.0,50030106.333333336,2.0,3.0
CUST00297,2025-06,3.0,4648750.0,1549583.3333333333,3.0,31831709.0,10610569.666666666,3.0,3.0
CUST00297,2025-07,0.0,0.0,0.0,1.0,26622310.0,26622310.0,0.0,1.0
CUST00297,2025-08,2.0,5826830.0,2913415.0,3.0,28077506.0,9359168.666666666,2.0,3.0
CUST00297,2025-09,1.0,1090828.0,1090828.0,2.0,37595617.0,18797808.5,1.0,2.0
CUST00297,2025-10,4.0,8318595.0,2079648.75,3.0,18884687.0,6294895.666666667,4.0,3.0
CUST00297,2025-11,2.0,3871321.0,1935660.5,1.0,17623880.0,17623880.0,2.0,1.0
CUST00297,2025-12,1.0,4145135.0,4145135.0,1.0,9192029.0,9192029.0,1.0,1.0
CUST00298,2025-01,0.0,0.0,0.0,1.0,39765249.0,39765249.0,0.0,1.0
CUST00298,2025-02,2.0,248304893.0,124152446.5,2.0,6829720.0,3414860.0,2.0,2.0
CUST00298,2025-03,4.0,645546545.0,161386636.25,2.0,14583039.0,7291519.5,4.0,2.0
CUST00298,2025-04,1.0,57889597.0,57889597.0,2.0,10931900.0,5465950.0,1.0,2.0
CUST00298,2025-05,2.0,130954319.0,65477159.5,3.0,21995238.0,7331746.0,2.0,3.0
CUST00298,2025-06,0.0,0.0,0.0,1.0,3181658.0,3181658.0,0.0,1.0
CUST00298,2025-07,9.0,1576125430.0,175125047.7777778,4.0,80857644.0,20214411.0,9.0,4.0
CUST00298,2025-08,2.0,96277183.0,48138591.5,3.0,8480621.0,2826873.6666666665,2.0,3.0
CUST00298,2025-09,2.0,96064567.0,48032283.5,3.0,7121543.0,2373847.6666666665,2.0,3.0
CUST00298,2025-10,4.0,336579030.0,84144757.5,1.0,2648898.0,2648898.0,4.0,1.0
CUST00298,2025-11,1.0,321773350.0,321773350.0,1.0,34742638.0,34742638.0,1.0,1.0
CUST00298,2025-12,0.0,0.0,0.0,2.0,24775187.0,12387593.5,0.0,2.0
CUST00299,2025-01,1.0,22426891.0,22426891.0,3.0,14806027.0,4935342.333333333,1.0,3.0
CUST00299,2025-02,2.0,176997824.0,88498912.0,1.0,20502530.0,20502530.0,2.0,1.0
CUST00299,2025-03,2.0,34599368.0,17299684.0,1.0,1163047.0,1163047.0,2.0,1.0
CUST00299,2025-04,0.0,0.0,0.0,2.0,3113172.0,1556586.0,0.0,2.0
CUST00299,2025-05,3.0,423830694.0,141276898.0,2.0,364957488.0,182478744.0,3.0,2.0
CUST00299,2025-06,2.0,541180175.0,270590087.5,1.0,989393.0,989393.0,2.0,1.0
CUST00299,2025-07,3.0,390541772.0,130180590.66666667,3.0,39642457.0,13214152.333333334,3.0,3.0
CUST00299,2025-08,1.0,144043076.0,144043076.0,2.0,7704690.0,3852345.0,1.0,2.0
CUST00299,2025-09,3.0,169238177.0,56412725.666666664,4.0,153619601.0,38404900.25,3.0,4.0
CUST00299,2025-10,0.0,0.0,0.0,4.0,166696356.0,41674089.0,0.0,4.0
CUST00299,2025-11,3.0,308115265.0,102705088.33333333,1.0,7487390.0,7487390.0,3.0,1.0
CUST00299,2025-12,3.0,162790735.0,54263578.333333336,0.0,0.0,0.0,3.0,0.0
CUST00300,2025-01,1.0,3351885.0,3351885.0,2.0,59523955.0,29761977.5,1.0,2.0
CUST00300,2025-02,1.0,1202913.0,1202913.0,2.0,67612842.0,33806421.0,1.0,2.0
CUST00300,2025-03,0.0,0.0,0.0,1.0,1567826.0,1567826.0,0.0,1.0
CUST00300,2025-04,2.0,4424323.0,2212161.5,2.0,40053398.0,20026699.0,2.0,2.0
CUST00300,2025-05,1.0,1392641.0,1392641.0,2.0,8958567.0,4479283.5,1.0,2.0
CUST00300,2025-06,1.0,18656808.0,18656808.0,2.0,2948567.0,1474283.5,1.0,2.0
CUST00300,2025-07,1.0,5629709.0,5629709.0,1.0,15848110.0,15848110.0,1.0,1.0
CUST00300,2025-08,4.0,10586902.0,2646725.5,2.0,69164162.0,34582081.0,4.0,2.0
CUST00300,2025-09,2.0,3217509.0,1608754.5,0.0,0.0,0.0,2.0,0.0
CUST00300,2025-10,2.0,2922653.0,1461326.5,1.0,2307688.0,2307688.0,2.0,1.0
CUST00300,2025-11,0.0,0.0,0.0,4.0,15207852.0,3801963.0,0.0,4.0
CUST00300,2025-12,2.0,1445725.0,722862.5,2.0,20694419.0,10347209.5,2.0,2.0
CUST00301,2025-01,2.0,4376389.0,2188194.5,3.0,12576950.0,4192316.6666666665,2.0,3.0
CUST00301,2025-02,3.0,4085147.0,1361715.6666666667,1.0,4953140.0,4953140.0,3.0,1.0
CUST00301,2025-03,0.0,0.0,0.0,4.0,133135249.0,33283812.25,0.0,3.0
CUST00301,2025-04,4.0,15930703.0,3982675.75,2.0,145770051.0,72885025.5,4.0,2.0
CUST00301,2025-05,2.0,14299584.0,7149792.0,0.0,0.0,0.0,2.0,0.0
CUST00301,2025-06,3.0,10596753.0,3532251.0,4.0,200823372.0,50205843.0,3.0,4.0
CUST00301,2025-07,0.0,0.0,0.0,3.0,50694468.0,16898156.0,0.0,3.0
CUST00301,2025-08,1.0,1677674.0,1677674.0,2.0,52057457.0,26028728.5,1.0,2.0
CUST00301,2025-09,2.0,4626632.0,2313316.0,0.0,0.0,0.0,2.0,0.0
CUST00301,2025-10,0.0,0.0,0.0,1.0,2884164.0,2884164.0,0.0,1.0
CUST00301,2025-11,0.0,0.0,0.0,4.0,1060181679.0,265045419.75,0.0,4.0
CUST00301,2025-12,2.0,5186694.0,2593347.0,3.0,79566388.0,26522129.333333332,2.0,3.0
CUST00302,2025-01,3.0,6334981.0,2111660.3333333335,1.0,23810146.0,23810146.0,3.0,1.0
CUST00302,2025-02,2.0,4531198.0,2265599.0,1.0,5537684.0,5537684.0,2.0,1.0
CUST00302,2025-03,1.0,4305882.0,4305882.0,1.0,9694245.0,9694245.0,1.0,1.0
CUST00302,2025-04,2.0,2943951.0,1471975.5,3.0,106496701.0,35498900.333333336,2.0,3.0
CUST00302,2025-05,4.0,10819495.0,2704873.75,3.0,229555193.0,76518397.66666667,4.0,3.0
CUST00302,2025-06,2.0,11397484.0,5698742.0,0.0,0.0,0.0,2.0,0.0
CUST00302,2025-07,1.0,5086858.0,5086858.0,3.0,15246920.0,5082306.666666667,1.0,3.0
CUST00302,2025-08,3.0,5428937.0,1809645.6666666667,1.0,5119841.0,5119841.0,3.0,1.0
CUST00302,2025-09,3.0,4946388.0,1648796.0,5.0,35604798.0,7120959.6,3.0,5.0
CUST00302,2025-10,1.0,1420967.0,1420967.0,2.0,130338222.0,65169111.0,1.0,2.0
CUST00302,2025-11,3.0,9356451.0,3118817.0,3.0,5242511.0,1747503.6666666667,3.0,3.0
CUST00302,2025-12,0.0,0.0,0.0,3.0,444626451.0,148208817.0,0.0,3.0
CUST00303,2025-01,1.0,10084099.0,10084099.0,0.0,0.0,0.0,1.0,0.0
CUST00303,2025-02,3.0,57425255.0,19141751.666666668,1.0,1159663.0,1159663.0,3.0,1.0
CUST00303,2025-03,3.0,43144112.0,14381370.666666666,4.0,85096316.0,21274079.0,3.0,4.0
CUST00303,2025-04,2.0,34674866.0,17337433.0,0.0,0.0,0.0,2.0,0.0
CUST00303,2025-05,1.0,56163746.0,56163746.0,0.0,0.0,0.0,1.0,0.0
CUST00303,2025-06,1.0,52265874.0,52265874.0,1.0,1270297.0,1270297.0,1.0,1.0
CUST00303,2025-07,5.0,146564157.0,29312831.4,2.0,1267413.0,633706.5,5.0,2.0
CUST00303,2025-08,1.0,34315498.0,34315498.0,1.0,4355418.0,4355418.0,1.0,1.0
CUST00303,2025-09,1.0,18239391.0,18239391.0,1.0,2787636.0,2787636.0,1.0,1.0
CUST00303,2025-10,2.0,14055201.0,7027600.5,1.0,41480307.0,41480307.0,2.0,1.0
CUST00303,2025-11,1.0,19023047.0,19023047.0,1.0,7725959.0,7725959.0,1.0,1.0
CUST00303,2025-12,1.0,19709733.0,19709733.0,2.0,45407334.0,22703667.0,1.0,2.0
CUST00304,2025-02,2.0,87004140.0,43502070.0,0.0,0.0,0.0,2.0,0.0
CUST00304,2025-03,0.0,0.0,0.0,1.0,12143899.0,12143899.0,0.0,1.0
CUST00304,2025-04,0.0,0.0,0.0,4.0,7609988.0,1902497.0,0.0,2.0
CUST00304,2025-05,0.0,0.0,0.0,2.0,138947778.0,69473889.0,0.0,2.0
CUST00304,2025-06,0.0,0.0,0.0,2.0,7214806.0,3607403.0,0.0,2.0
CUST00304,2025-07,1.0,4639180.0,4639180.0,3.0,21996739.0,7332246.333333333,1.0,3.0
CUST00304,2025-08,4.0,40804575.0,10201143.75,2.0,32282783.0,16141391.5,4.0,2.0
CUST00304,2025-09,0.0,0.0,0.0,1.0,21175256.0,21175256.0,0.0,1.0
CUST00304,2025-10,2.0,140094697.0,70047348.5,2.0,13352039.0,6676019.5,1.0,2.0
CUST00304,2025-11,2.0,57485090.0,28742545.0,1.0,1057411.0,1057411.0,2.0,1.0
CUST00304,2025-12,2.0,64972309.0,32486154.5,2.0,447641713.0,223820856.5,2.0,2.0
CUST00305,2025-01,2.0,4559804.0,2279902.0,2.0,22030334.0,11015167.0,2.0,2.0
CUST00305,2025-02,3.0,2843397.0,947799.0,1.0,5042655.0,5042655.0,3.0,1.0
CUST00305,2025-03,2.0,4267269.0,2133634.5,1.0,4155076.0,4155076.0,2.0,1.0
CUST00305,2025-04,2.0,9114133.0,4557066.5,1.0,1134727.0,1134727.0,2.0,1.0
CUST00305,2025-06,2.0,5050686.0,2525343.0,8.0,104714229.0,13089278.625,2.0,8.0
CUST00305,2025-07,4.0,6132961.0,1533240.25,5.0,53325057.0,10665011.4,4.0,5.0
CUST00305,2025-08,4.0,6590489.0,1647622.25,3.0,25316458.0,8438819.333333334,4.0,3.0
CUST00305,2025-09,0.0,0.0,0.0,4.0,40169820.0,10042455.0,0.0,4.0
CUST00305,2025-10,2.0,1958033.0,979016.5,2.0,8908296.0,4454148.0,2.0,2.0
CUST00305,2025-11,0.0,0.0,0.0,1.0,57463218.0,57463218.0,0.0,1.0
CUST00305,2025-12,1.0,1415968.0,1415968.0,3.0,5563061.0,1854353.6666666667,1.0,2.0
CUST00306,2025-01,0.0,0.0,0.0,4.0,12156340.0,3039085.0,0.0,4.0
CUST00306,2025-02,1.0,1187592.0,1187592.0,4.0,25402221.0,6350555.25,1.0,4.0
CUST00306,2025-03,3.0,6553116.0,2184372.0,0.0,0.0,0.0,3.0,0.0
CUST00306,2025-04,2.0,3673237.0,1836618.5,1.0,3094749.0,3094749.0,2.0,1.0
CUST00306,2025-05,1.0,4500742.0,4500742.0,2.0,9839641.0,4919820.5,1.0,2.0
CUST00306,2025-06,1.0,3370030.0,3370030.0,0.0,0.0,0.0,1.0,0.0
CUST00306,2025-07,0.0,0.0,0.0,1.0,3226854.0,3226854.0,0.0,1.0
CUST00306,2025-08,5.0,16919622.0,3383924.4,4.0,74383666.0,18595916.5,5.0,4.0
CUST00306,2025-09,2.0,5024797.0,2512398.5,3.0,16589167.0,5529722.333333333,2.0,3.0
CUST00306,2025-10,2.0,9456492.0,4728246.0,2.0,61490809.0,30745404.5,2.0,2.0
CUST00306,2025-11,1.0,640779.0,640779.0,1.0,449403.0,449403.0,1.0,1.0
CUST00306,2025-12,3.0,4104129.0,1368043.0,3.0,5205586.0,1735195.3333333333,3.0,3.0
CUST00307,2025-01,3.0,102325502.0,34108500.666666664,3.0,29778538.0,9926179.333333334,3.0,3.0
CUST00307,2025-02,2.0,37144914.0,18572457.0,2.0,10776695.0,5388347.5,2.0,2.0
CUST00307,2025-03,0.0,0.0,0.0,1.0,5083425.0,5083425.0,0.0,1.0
CUST00307,2025-04,2.0,46800851.0,23400425.5,0.0,0.0,0.0,2.0,0.0
CUST00307,2025-05,2.0,53787982.0,26893991.0,0.0,0.0,0.0,2.0,0.0
CUST00307,2025-06,2.0,13288096.0,6644048.0,1.0,2151646.0,2151646.0,2.0,1.0
CUST00307,2025-07,4.0,74685924.0,18671481.0,0.0,0.0,0.0,4.0,0.0
CUST00307,2025-08,5.0,55371776.0,11074355.2,2.0,43525652.0,21762826.0,5.0,2.0
CUST00307,2025-09,3.0,29303483.0,9767827.666666666,1.0,629734.0,629734.0,3.0,1.0
CUST00307,2025-10,1.0,5820922.0,5820922.0,1.0,20415608.0,20415608.0,1.0,1.0
CUST00307,2025-11,0.0,0.0,0.0,4.0,35947792.0,8986948.0,0.0,4.0
CUST00307,2025-12,1.0,21117671.0,21117671.0,4.0,37790484.0,9447621.0,1.0,4.0
CUST00308,2025-01,4.0,74983824.0,18745956.0,3.0,23754789.0,7918263.0,4.0,3.0
CUST00308,2025-02,3.0,77924127.0,25974709.0,3.0,23592585.0,7864195.0,3.0,3.0
CUST00308,2025-03,3.0,71833347.0,23944449.0,1.0,747276.0,747276.0,3.0,1.0
CUST00308,2025-04,2.0,19211824.0,9605912.0,0.0,0.0,0.0,2.0,0.0
CUST00308,2025-05,5.0,98142844.0,19628568.8,1.0,461617.0,461617.0,5.0,1.0
CUST00308,2025-06,1.0,34661348.0,34661348.0,3.0,16362627.0,5454209.0,1.0,3.0
CUST00308,2025-08,1.0,143384404.0,143384404.0,0.0,0.0,0.0,1.0,0.0
CUST00308,2025-09,1.0,45669479.0,45669479.0,1.0,2238529.0,2238529.0,1.0,1.0
CUST00308,2025-10,0.0,0.0,0.0,1.0,3706010.0,3706010.0,0.0,1.0
CUST00308,2025-11,1.0,23279431.0,23279431.0,1.0,3334202.0,3334202.0,1.0,1.0
CUST00308,2025-12,2.0,25215726.0,12607863.0,2.0,14541882.0,7270941.0,2.0,2.0
CUST00309,2025-01,1.0,1690895.0,1690895.0,1.0,11844691.0,11844691.0,1.0,1.0
CUST00309,2025-02,0.0,0.0,0.0,2.0,26517249.0,13258624.5,0.0,2.0
CUST00309,2025-03,2.0,1430467.0,715233.5,1.0,31722949.0,31722949.0,2.0,1.0
CUST00309,2025-04,3.0,5029611.0,1676537.0,4.0,114474438.0,28618609.5,3.0,4.0
CUST00309,2025-05,2.0,1227315.0,613657.5,2.0,15536313.0,7768156.5,2.0,2.0
CUST00309,2025-06,3.0,6451686.0,2150562.0,1.0,31081697.0,31081697.0,3.0,1.0
CUST00309,2025-07,2.0,3485919.0,1742959.5,6.0,163709940.0,27284990.0,2.0,6.0
CUST00309,2025-08,1.0,1419702.0,1419702.0,2.0,26222453.0,13111226.5,1.0,2.0
CUST00309,2025-09,3.0,12052287.0,4017429.0,1.0,85638095.0,85638095.0,3.0,1.0
CUST00309,2025-10,4.0,3948180.0,987045.0,3.0,31418144.0,10472714.666666666,4.0,3.0
CUST00309,2025-11,4.0,1911575.0,477893.75,0.0,0.0,0.0,4.0,0.0
CUST00309,2025-12,2.0,8858678.0,4429339.0,2.0,157140745.0,78570372.5,2.0,2.0
CUST00310,2025-01,3.0,20081716.0,6693905.333333333,3.0,24685203.0,8228401.0,3.0,3.0
CUST00310,2025-02,3.0,70143021.0,23381007.0,0.0,0.0,0.0,3.0,0.0
CUST00310,2025-03,2.0,15902544.0,7951272.0,1.0,3925284.0,3925284.0,2.0,1.0
CUST00310,2025-04,2.0,21973630.0,10986815.0,1.0,943262.0,943262.0,2.0,1.0
CUST00310,2025-05,3.0,58665230.0,19555076.666666668,1.0,4058264.0,4058264.0,3.0,1.0
CUST00310,2025-06,1.0,14881738.0,14881738.0,3.0,20488642.0,6829547.333333333,1.0,3.0
CUST00310,2025-07,1.0,37234484.0,37234484.0,2.0,6831071.0,3415535.5,1.0,2.0
CUST00310,2025-08,3.0,128302632.0,42767544.0,3.0,32733228.0,10911076.0,3.0,3.0
CUST00310,2025-09,3.0,70607302.0,23535767.333333332,1.0,1185002.0,1185002.0,3.0,1.0
CUST00310,2025-10,4.0,49975771.0,12493942.75,1.0,1408158.0,1408158.0,4.0,1.0
CUST00310,2025-11,2.0,16004898.0,8002449.0,0.0,0.0,0.0,2.0,0.0
CUST00310,2025-12,3.0,136316808.0,45438936.0,2.0,79118412.0,39559206.0,3.0,2.0
CUST00311,2025-01,1.0,462294.0,462294.0,4.0,114837341.0,28709335.25,1.0,4.0
CUST00311,2025-02,6.0,17255754.0,2875959.0,4.0,54588319.0,13647079.75,6.0,4.0
CUST00311,2025-03,1.0,2323579.0,2323579.0,3.0,15517481.0,5172493.666666667,1.0,3.0
CUST00311,2025-04,2.0,10643631.0,5321815.5,5.0,137175846.0,27435169.2,2.0,5.0
CUST00311,2025-05,1.0,799442.0,799442.0,6.0,82323608.0,13720601.333333334,1.0,6.0
CUST00311,2025-06,2.0,8077068.0,4038534.0,4.0,303561228.0,75890307.0,2.0,4.0
CUST00311,2025-07,2.0,3474404.0,1737202.0,4.0,34490229.0,8622557.25,2.0,4.0
CUST00311,2025-08,3.0,3596788.0,1198929.3333333333,2.0,21961432.0,10980716.0,3.0,2.0
CUST00311,2025-09,2.0,980202.0,490101.0,2.0,5267806.0,2633903.0,2.0,2.0
CUST00311,2025-10,0.0,0.0,0.0,1.0,2047658.0,2047658.0,0.0,1.0
CUST00311,2025-11,2.0,3887174.0,1943587.0,1.0,1645026.0,1645026.0,2.0,1.0
CUST00311,2025-12,5.0,13640008.0,2728001.6,3.0,11278620.0,3759540.0,5.0,3.0
CUST00312,2025-01,0.0,0.0,0.0,2.0,2304235.0,1152117.5,0.0,2.0
CUST00312,2025-02,0.0,0.0,0.0,1.0,9104752.0,9104752.0,0.0,1.0
CUST00312,2025-03,1.0,1895330.0,1895330.0,2.0,4811261.0,2405630.5,1.0,2.0
CUST00312,2025-04,2.0,2743244.0,1371622.0,1.0,10174344.0,10174344.0,2.0,1.0
CUST00312,2025-05,2.0,3986060.0,1993030.0,0.0,0.0,0.0,2.0,0.0
CUST00312,2025-06,2.0,3591433.0,1795716.5,5.0,134062687.0,26812537.4,2.0,5.0
CUST00312,2025-07,2.0,2271653.0,1135826.5,4.0,170337682.0,42584420.5,2.0,4.0
CUST00312,2025-08,4.0,5888288.0,1472072.0,4.0,552765044.0,138191261.0,4.0,4.0
CUST00312,2025-09,2.0,1540516.0,770258.0,0.0,0.0,0.0,2.0,0.0
CUST00312,2025-10,4.0,8015879.0,2003969.75,5.0,66969671.0,13393934.2,4.0,5.0
CUST00312,2025-11,2.0,3420991.0,1710495.5,0.0,0.0,0.0,2.0,0.0
CUST00312,2025-12,1.0,1592364.0,1592364.0,1.0,1428008.0,1428008.0,1.0,1.0
CUST00313,2025-01,2.0,27008659.0,13504329.5,0.0,0.0,0.0,2.0,0.0
CUST00313,2025-02,1.0,9802119.0,9802119.0,0.0,0.0,0.0,1.0,0.0
CUST00313,2025-03,3.0,47546404.0,15848801.333333334,2.0,1903524.0,951762.0,3.0,2.0
CUST00313,2025-04,2.0,43216114.0,21608057.0,1.0,1795651.0,1795651.0,2.0,1.0
CUST00313,2025-05,2.0,30509297.0,15254648.5,2.0,7051437.0,3525718.5,2.0,2.0
CUST00313,2025-06,0.0,0.0,0.0,1.0,121441541.0,121441541.0,0.0,1.0
CUST00313,2025-07,2.0,107318854.0,53659427.0,1.0,1384059.0,1384059.0,2.0,1.0
CUST00313,2025-08,1.0,14573709.0,14573709.0,4.0,112885803.0,28221450.75,1.0,4.0
CUST00313,2025-09,1.0,6224698.0,6224698.0,2.0,50538138.0,25269069.0,1.0,2.0
CUST00313,2025-10,3.0,45968794.0,15322931.333333334,5.0,220982966.0,44196593.2,3.0,5.0
CUST00313,2025-11,3.0,35738602.0,11912867.333333334,4.0,330566258.0,82641564.5,3.0,4.0
CUST00313,2025-12,4.0,27409187.0,6852296.75,4.0,91761183.0,22940295.75,4.0,4.0
CUST00314,2025-01,0.0,0.0,0.0,4.0,15033581.0,3758395.25,0.0,4.0
CUST00314,2025-02,2.0,33329176.0,16664588.0,4.0,151312287.0,37828071.75,2.0,4.0
CUST00314,2025-03,4.0,141385549.0,35346387.25,3.0,24416448.0,8138816.0,4.0,3.0
CUST00314,2025-04,1.0,28071589.0,28071589.0,4.0,24533851.0,6133462.75,1.0,4.0
CUST00314,2025-05,1.0,121978489.0,121978489.0,2.0,23938723.0,11969361.5,1.0,2.0
CUST00314,2025-06,2.0,93720003.0,46860001.5,3.0,222699874.0,74233291.33333333,2.0,3.0
CUST00314,2025-07,3.0,20924212.0,6974737.333333333,1.0,16454082.0,16454082.0,3.0,1.0
CUST00314,2025-08,2.0,129736166.0,64868083.0,4.0,132404925.0,33101231.25,2.0,4.0
CUST00314,2025-09,2.0,12374039.0,6187019.5,3.0,38065736.0,12688578.666666666,2.0,3.0
CUST00314,2025-10,2.0,39946101.0,19973050.5,1.0,61568669.0,61568669.0,2.0,1.0
CUST00314,2025-11,1.0,23755275.0,23755275.0,0.0,0.0,0.0,1.0,0.0
CUST00314,2025-12,3.0,133769944.0,44589981.333333336,2.0,15832603.0,7916301.5,3.0,2.0
CUST00315,2025-01,4.0,61273259.0,15318314.75,5.0,37616475.0,7523295.0,4.0,5.0
CUST00315,2025-02,4.0,74078061.0,18519515.25,1.0,36455871.0,36455871.0,4.0,1.0
CUST00315,2025-03,1.0,68652485.0,68652485.0,2.0,25249672.0,12624836.0,1.0,2.0
CUST00315,2025-04,2.0,21672814.0,10836407.0,0.0,0.0,0.0,2.0,0.0
CUST00315,2025-05,3.0,27579563.0,9193187.666666666,2.0,18924842.0,9462421.0,3.0,2.0
CUST00315,2025-06,1.0,22601293.0,22601293.0,3.0,21067782.0,7022594.0,1.0,3.0
CUST00315,2025-07,2.0,9596576.0,4798288.0,2.0,2380528.0,1190264.0,2.0,2.0
CUST00315,2025-08,2.0,35211594.0,17605797.0,1.0,21215817.0,21215817.0,2.0,1.0
CUST00315,2025-09,4.0,86996299.0,21749074.75,5.0,35411942.0,7082388.4,4.0,5.0
CUST00315,2025-10,3.0,104852591.0,34950863.666666664,1.0,16328556.0,16328556.0,3.0,1.0
CUST00315,2025-11,3.0,81917027.0,27305675.666666668,1.0,1857167.0,1857167.0,3.0,1.0
CUST00315,2025-12,1.0,6805566.0,6805566.0,1.0,4692547.0,4692547.0,1.0,1.0
CUST00316,2025-01,2.0,26941567.0,13470783.5,5.0,184162760.0,36832552.0,2.0,5.0
CUST00316,2025-02,4.0,160925623.0,40231405.75,2.0,41077080.0,20538540.0,4.0,2.0
CUST00316,2025-03,5.0,97856333.0,19571266.6,2.0,23541902.0,11770951.0,5.0,2.0
CUST00316,2025-04,3.0,44949520.0,14983173.333333334,2.0,12749445.0,6374722.5,3.0,2.0
CUST00316,2025-05,3.0,38603840.0,12867946.666666666,1.0,1732881.0,1732881.0,3.0,1.0
CUST00316,2025-06,1.0,37903510.0,37903510.0,1.0,19685388.0,19685388.0,1.0,1.0
CUST00316,2025-07,2.0,66167902.0,33083951.0,1.0,22035310.0,22035310.0,2.0,1.0
CUST00316,2025-08,3.0,43028194.0,14342731.333333334,1.0,14165345.0,14165345.0,3.0,1.0
CUST00316,2025-09,2.0,11366315.0,5683157.5,1.0,1510144.0,1510144.0,2.0,1.0
CUST00316,2025-10,1.0,12607204.0,12607204.0,3.0,69566910.0,23188970.0,1.0,3.0
CUST00316,2025-11,3.0,48100398.0,16033466.0,3.0,22851002.0,7617000.666666667,2.0,3.0
CUST00316,2025-12,4.0,91514551.0,22878637.75,1.0,1640864.0,1640864.0,4.0,1.0
CUST00317,2025-01,2.0,21310424.0,10655212.0,3.0,19395325.0,6465108.333333333,2.0,3.0
CUST00317,2025-02,1.0,38494900.0,38494900.0,1.0,31132429.0,31132429.0,1.0,1.0
CUST00317,2025-03,1.0,13154069.0,13154069.0,1.0,3760488.0,3760488.0,1.0,1.0
CUST00317,2025-04,1.0,23472024.0,23472024.0,2.0,2538872.0,1269436.0,1.0,2.0
CUST00317,2025-05,2.0,37046358.0,18523179.0,2.0,43797319.0,21898659.5,2.0,2.0
CUST00317,2025-06,1.0,30242829.0,30242829.0,3.0,10446066.0,3482022.0,1.0,3.0
CUST00317,2025-07,3.0,70949834.0,23649944.666666668,1.0,2639649.0,2639649.0,3.0,1.0
CUST00317,2025-08,3.0,116784961.0,38928320.333333336,2.0,60668494.0,30334247.0,3.0,2.0
CUST00317,2025-09,4.0,47646392.0,11911598.0,6.0,76626973.0,12771162.166666666,4.0,6.0
CUST00317,2025-10,3.0,32745615.0,10915205.0,0.0,0.0,0.0,3.0,0.0
CUST00317,2025-11,2.0,78531232.0,39265616.0,1.0,124481728.0,124481728.0,2.0,1.0
CUST00317,2025-12,1.0,6497559.0,6497559.0,3.0,25358864.0,8452954.666666666,1.0,3.0
CUST00318,2025-01,2.0,7850365.0,3925182.5,2.0,8295467.0,4147733.5,2.0,2.0
CUST00318,2025-02,3.0,19450955.0,6483651.666666667,1.0,17821792.0,17821792.0,3.0,1.0
CUST00318,2025-03,2.0,7670635.0,3835317.5,3.0,52991224.0,17663741.333333332,2.0,3.0
CUST00318,2025-04,3.0,8028946.0,2676315.3333333335,3.0,111970182.0,37323394.0,3.0,3.0
CUST00318,2025-05,1.0,2426672.0,2426672.0,3.0,16434181.0,5478060.333333333,1.0,3.0
CUST00318,2025-06,2.0,2382482.0,1191241.0,3.0,176247124.0,58749041.333333336,2.0,3.0
CUST00318,2025-07,1.0,1836269.0,1836269.0,3.0,7582601.0,2527533.6666666665,1.0,3.0
CUST00318,2025-08,0.0,0.0,0.0,1.0,7702093.0,7702093.0,0.0,1.0
CUST00318,2025-09,2.0,3028467.0,1514233.5,6.0,37508503.0,6251417.166666667,2.0,5.0
CUST00318,2025-10,1.0,2968861.0,2968861.0,2.0,19921003.0,9960501.5,1.0,2.0
CUST00318,2025-12,3.0,4660575.0,1553525.0,2.0,114453493.0,57226746.5,3.0,2.0
CUST00319,2025-01,3.0,4368112.0,1456037.3333333333,2.0,1587201.0,793600.5,3.0,2.0
CUST00319,2025-02,2.0,3537420.0,1768710.0,3.0,9352674.0,3117558.0,2.0,3.0
CUST00319,2025-03,6.0,13594107.0,2265684.5,5.0,26926453.0,5385290.6,5.0,5.0
CUST00319,2025-04,2.0,6755666.0,3377833.0,4.0,16176014.0,4044003.5,2.0,4.0
CUST00319,2025-05,4.0,6889187.0,1722296.75,6.0,125497960.0,20916326.666666668,4.0,6.0
CUST00319,2025-06,4.0,13459866.0,3364966.5,4.0,48979828.0,12244957.0,4.0,4.0
CUST00319,2025-07,1.0,3527760.0,3527760.0,2.0,9290508.0,4645254.0,1.0,2.0
CUST00319,2025-08,3.0,6541521.0,2180507.0,1.0,4384557.0,4384557.0,3.0,1.0
CUST00319,2025-09,0.0,0.0,0.0,3.0,42200737.0,14066912.333333334,0.0,2.0
CUST00319,2025-10,3.0,3313990.0,1104663.3333333333,1.0,1968367.0,1968367.0,3.0,1.0
CUST00319,2025-11,1.0,4019687.0,4019687.0,3.0,24193772.0,8064590.666666667,1.0,3.0
CUST00319,2025-12,2.0,1956248.0,978124.0,2.0,4348705.0,2174352.5,2.0,2.0
CUST00320,2025-01,3.0,4182250.0,1394083.3333333333,2.0,6516287.0,3258143.5,3.0,2.0
CUST00320,2025-02,1.0,2038382.0,2038382.0,1.0,3587488.0,3587488.0,1.0,1.0
CUST00320,2025-03,1.0,1924664.0,1924664.0,2.0,22911690.0,11455845.0,1.0,2.0
CUST00320,2025-04,2.0,4306545.0,2153272.5,5.0,185794971.0,37158994.2,2.0,5.0
CUST00320,2025-05,3.0,7712868.0,2570956.0,1.0,646203.0,646203.0,3.0,1.0
CUST00320,2025-06,3.0,5441922.0,1813974.0,2.0,20151726.0,10075863.0,3.0,2.0
CUST00320,2025-07,0.0,0.0,0.0,1.0,12992688.0,12992688.0,0.0,1.0
CUST00320,2025-08,6.0,18422432.0,3070405.3333333335,4.0,48527858.0,12131964.5,6.0,4.0
CUST00320,2025-09,1.0,885047.0,885047.0,1.0,13163276.0,13163276.0,1.0,1.0
CUST00320,2025-10,2.0,11489272.0,5744636.0,1.0,72356278.0,72356278.0,2.0,1.0
CUST00320,2025-11,1.0,5060963.0,5060963.0,0.0,0.0,0.0,1.0,0.0
CUST00320,2025-12,0.0,0.0,0.0,3.0,61414277.0,20471425.666666668,0.0,3.0
CUST00321,2025-01,1.0,6238327.0,6238327.0,2.0,25422621.0,12711310.5,1.0,2.0
CUST00321,2025-02,1.0,1955509.0,1955509.0,2.0,209497950.0,104748975.0,1.0,2.0
CUST00321,2025-03,2.0,4642040.0,2321020.0,3.0,44098168.0,14699389.333333334,2.0,3.0
CUST00321,2025-04,4.0,5664968.0,1416242.0,3.0,37993553.0,12664517.666666666,3.0,3.0
CUST00321,2025-05,2.0,1954033.0,977016.5,4.0,17647697.0,4411924.25,2.0,4.0
CUST00321,2025-06,3.0,6668568.0,2222856.0,5.0,84171912.0,16834382.4,3.0,5.0
CUST00321,2025-07,1.0,4055633.0,4055633.0,3.0,9024333.0,3008111.0,1.0,3.0
CUST00321,2025-08,3.0,5397495.0,1799165.0,3.0,29614693.0,9871564.333333334,3.0,3.0
CUST00321,2025-09,3.0,8472694.0,2824231.3333333335,2.0,4868559.0,2434279.5,3.0,2.0
CUST00321,2025-10,4.0,16464721.0,4116180.25,4.0,49695793.0,12423948.25,4.0,3.0
CUST00321,2025-11,4.0,6546939.0,1636734.75,1.0,415455.0,415455.0,4.0,1.0
CUST00321,2025-12,1.0,5503365.0,5503365.0,0.0,0.0,0.0,1.0,0.0
CUST00322,2025-01,2.0,114537531.0,57268765.5,5.0,120230349.0,24046069.8,2.0,5.0
CUST00322,2025-02,3.0,39360450.0,13120150.0,1.0,724022.0,724022.0,3.0,1.0
CUST00322,2025-03,2.0,51980015.0,25990007.5,1.0,727828.0,727828.0,2.0,1.0
CUST00322,2025-04,2.0,43394946.0,21697473.0,2.0,4501982.0,2250991.0,2.0,2.0
CUST00322,2025-05,2.0,48937125.0,24468562.5,3.0,2917166.0,972388.6666666666,2.0,3.0
CUST00322,2025-06,2.0,50383212.0,25191606.0,0.0,0.0,0.0,2.0,0.0
CUST00322,2025-07,2.0,91485840.0,45742920.0,1.0,68142337.0,68142337.0,2.0,1.0
CUST00322,2025-08,3.0,52523540.0,17507846.666666668,1.0,586876.0,586876.0,3.0,1.0
CUST00322,2025-09,1.0,27295760.0,27295760.0,4.0,14883523.0,3720880.75,1.0,3.0
CUST00322,2025-10,2.0,85761738.0,42880869.0,3.0,26636655.0,8878885.0,2.0,3.0
CUST00322,2025-12,2.0,23354733.0,11677366.5,1.0,18053007.0,18053007.0,2.0,1.0
CUST00323,2025-01,2.0,129353731.0,64676865.5,3.0,340648653.0,113549551.0,2.0,3.0
CUST00323,2025-02,2.0,108764914.0,54382457.0,0.0,0.0,0.0,2.0,0.0
CUST00323,2025-03,1.0,221099247.0,221099247.0,4.0,57114190.0,14278547.5,1.0,4.0
CUST00323,2025-04,1.0,89505872.0,89505872.0,2.0,590332909.0,295166454.5,1.0,2.0
CUST00323,2025-05,4.0,482527210.0,120631802.5,0.0,0.0,0.0,4.0,0.0
CUST00323,2025-06,4.0,285316353.0,71329088.25,2.0,1253734.0,626867.0,3.0,2.0
CUST00323,2025-07,1.0,76179436.0,76179436.0,4.0,20762663.0,5190665.75,1.0,4.0
CUST00323,2025-08,5.0,257875498.0,51575099.6,2.0,9002678.0,4501339.0,5.0,2.0
CUST00323,2025-09,1.0,16448492.0,16448492.0,3.0,155256517.0,51752172.333333336,1.0,3.0
CUST00323,2025-10,3.0,171328040.0,57109346.666666664,0.0,0.0,0.0,3.0,0.0
CUST00323,2025-11,1.0,153232698.0,153232698.0,5.0,186207143.0,37241428.6,1.0,5.0
CUST00323,2025-12,3.0,345940988.0,115313662.66666667,1.0,3062538.0,3062538.0,3.0,1.0
CUST00324,2025-01,5.0,20287624.0,4057524.8,2.0,9469180.0,4734590.0,4.0,2.0
CUST00324,2025-02,3.0,3621791.0,1207263.6666666667,3.0,5235967.0,1745322.3333333333,3.0,3.0
CUST00324,2025-03,3.0,8166701.0,2722233.6666666665,3.0,20671860.0,6890620.0,3.0,3.0
CUST00324,2025-04,1.0,2831993.0,2831993.0,2.0,5912930.0,2956465.0,1.0,2.0
CUST00324,2025-05,1.0,912812.0,912812.0,1.0,2009136.0,2009136.0,1.0,1.0
CUST00324,2025-06,5.0,15810210.0,3162042.0,1.0,443088.0,443088.0,5.0,1.0
CUST00324,2025-07,1.0,11977975.0,11977975.0,3.0,15131793.0,5043931.0,1.0,3.0
CUST00324,2025-08,2.0,10182202.0,5091101.0,2.0,15325465.0,7662732.5,2.0,2.0
CUST00324,2025-09,2.0,4549356.0,2274678.0,3.0,171771623.0,57257207.666666664,2.0,3.0
CUST00324,2025-10,0.0,0.0,0.0,1.0,5678550.0,5678550.0,0.0,1.0
CUST00324,2025-11,3.0,12982771.0,4327590.333333333,0.0,0.0,0.0,3.0,0.0
CUST00324,2025-12,3.0,6160869.0,2053623.0,2.0,26328275.0,13164137.5,3.0,2.0
CUST00325,2025-01,1.0,8474757.0,8474757.0,6.0,40991550.0,6831925.0,1.0,6.0
CUST00325,2025-02,2.0,806189.0,403094.5,2.0,4864531.0,2432265.5,2.0,2.0
CUST00325,2025-03,4.0,8955681.0,2238920.25,3.0,81742539.0,27247513.0,4.0,3.0
CUST00325,2025-04,4.0,8005863.0,2001465.75,3.0,415189792.0,138396597.33333334,4.0,3.0
CUST00325,2025-05,1.0,1287148.0,1287148.0,3.0,8285897.0,2761965.6666666665,1.0,3.0
CUST00325,2025-06,1.0,2142031.0,2142031.0,4.0,13337669.0,3334417.25,1.0,4.0
CUST00325,2025-07,4.0,15915856.0,3978964.0,4.0,32519524.0,8129881.0,4.0,3.0
CUST00325,2025-08,2.0,2877092.0,1438546.0,4.0,58510769.0,14627692.25,2.0,4.0
CUST00325,2025-09,2.0,1626062.0,813031.0,1.0,9460588.0,9460588.0,2.0,1.0
CUST00325,2025-10,3.0,11459105.0,3819701.6666666665,3.0,77481371.0,25827123.666666668,3.0,3.0
CUST00325,2025-11,4.0,26723322.0,6680830.5,1.0,14126913.0,14126913.0,4.0,1.0
CUST00325,2025-12,1.0,933089.0,933089.0,1.0,749686.0,749686.0,1.0,1.0
CUST00326,2025-01,5.0,136186928.0,27237385.6,1.0,9745196.0,9745196.0,5.0,1.0
CUST00326,2025-02,2.0,26606016.0,13303008.0,3.0,41207457.0,13735819.0,2.0,3.0
CUST00326,2025-03,5.0,176660429.0,35332085.8,1.0,1967144.0,1967144.0,5.0,1.0
CUST00326,2025-04,1.0,1927616.0,1927616.0,1.0,402993.0,402993.0,1.0,1.0
CUST00326,2025-05,3.0,66669228.0,22223076.0,2.0,1035748.0,517874.0,3.0,2.0
CUST00326,2025-06,3.0,18330697.0,6110232.333333333,5.0,54475926.0,10895185.2,3.0,5.0
CUST00326,2025-07,3.0,104371826.0,34790608.666666664,2.0,4281353.0,2140676.5,3.0,2.0
CUST00326,2025-08,0.0,0.0,0.0,1.0,64976502.0,64976502.0,0.0,1.0
CUST00326,2025-09,0.0,0.0,0.0,2.0,7478170.0,3739085.0,0.0,2.0
CUST00326,2025-10,0.0,0.0,0.0,2.0,147421044.0,73710522.0,0.0,2.0
CUST00326,2025-11,1.0,16232611.0,16232611.0,2.0,23621018.0,11810509.0,1.0,2.0
CUST00326,2025-12,2.0,28956093.0,14478046.5,6.0,224282875.0,37380479.166666664,2.0,5.0
CUST00327,2025-01,5.0,7221684.0,1444336.8,3.0,200681491.0,66893830.333333336,5.0,3.0
CUST00327,2025-02,3.0,4921780.0,1640593.3333333333,0.0,0.0,0.0,3.0,0.0
CUST00327,2025-03,1.0,2822150.0,2822150.0,3.0,152347833.0,50782611.0,1.0,3.0
CUST00327,2025-04,3.0,5532746.0,1844248.6666666667,3.0,30700637.0,10233545.666666666,3.0,3.0
CUST00327,2025-05,2.0,3236587.0,1618293.5,1.0,4214026.0,4214026.0,2.0,1.0
CUST00327,2025-06,1.0,1331972.0,1331972.0,0.0,0.0,0.0,1.0,0.0
CUST00327,2025-07,0.0,0.0,0.0,3.0,79646089.0,26548696.333333332,0.0,2.0
CUST00327,2025-08,4.0,10718446.0,2679611.5,3.0,84336733.0,28112244.333333332,4.0,3.0
CUST00327,2025-09,4.0,12447143.0,3111785.75,0.0,0.0,0.0,4.0,0.0
CUST00327,2025-10,0.0,0.0,0.0,1.0,118500268.0,118500268.0,0.0,1.0
CUST00327,2025-11,4.0,4998329.0,1249582.25,0.0,0.0,0.0,4.0,0.0
CUST00327,2025-12,5.0,12195603.0,2439120.6,8.0,208111330.0,26013916.25,4.0,7.0
CUST00328,2025-01,2.0,51564407.0,25782203.5,2.0,21309265.0,10654632.5,2.0,2.0
CUST00328,2025-02,2.0,38340143.0,19170071.5,1.0,51583956.0,51583956.0,2.0,1.0
CUST00328,2025-03,1.0,7799182.0,7799182.0,4.0,38955772.0,9738943.0,1.0,4.0
CUST00328,2025-04,4.0,66771611.0,16692902.75,3.0,28188850.0,9396283.333333334,4.0,3.0
CUST00328,2025-05,0.0,0.0,0.0,2.0,68161148.0,34080574.0,0.0,2.0
CUST00328,2025-06,1.0,21185103.0,21185103.0,3.0,28435263.0,9478421.0,1.0,3.0
CUST00328,2025-07,2.0,77110035.0,38555017.5,3.0,18768104.0,6256034.666666667,2.0,3.0
CUST00328,2025-08,4.0,61162184.0,15290546.0,2.0,40334150.0,20167075.0,3.0,2.0
CUST00328,2025-09,2.0,12550566.0,6275283.0,3.0,5948666.0,1982888.6666666667,2.0,3.0
CUST00328,2025-10,0.0,0.0,0.0,1.0,1549632.0,1549632.0,0.0,1.0
CUST00328,2025-11,1.0,24819894.0,24819894.0,2.0,14383319.0,7191659.5,1.0,2.0
CUST00328,2025-12,2.0,66211941.0,33105970.5,3.0,21242698.0,7080899.333333333,2.0,3.0
CUST00329,2025-01,1.0,5695351.0,5695351.0,2.0,9466912.0,4733456.0,1.0,2.0
CUST00329,2025-02,2.0,12046728.0,6023364.0,3.0,19527773.0,6509257.666666667,2.0,3.0
CUST00329,2025-04,1.0,23038930.0,23038930.0,4.0,9965612.0,2491403.0,1.0,4.0
CUST00329,2025-05,1.0,10941873.0,10941873.0,2.0,4894240.0,2447120.0,1.0,2.0
CUST00329,2025-06,1.0,6291166.0,6291166.0,0.0,0.0,0.0,1.0,0.0
CUST00329,2025-07,1.0,13965825.0,13965825.0,2.0,17478164.0,8739082.0,1.0,2.0
CUST00329,2025-08,2.0,33087410.0,16543705.0,2.0,77050858.0,38525429.0,2.0,2.0
CUST00329,2025-09,2.0,26863241.0,13431620.5,2.0,1853827.0,926913.5,2.0,2.0
CUST00329,2025-10,1.0,3471912.0,3471912.0,3.0,16747193.0,5582397.666666667,1.0,3.0
CUST00329,2025-11,1.0,50517926.0,50517926.0,3.0,19360383.0,6453461.0,1.0,3.0
CUST00329,2025-12,2.0,49154398.0,24577199.0,1.0,553050.0,553050.0,2.0,1.0
CUST00330,2025-01,2.0,57257188.0,28628594.0,4.0,56236330.0,14059082.5,2.0,4.0
CUST00330,2025-02,4.0,38901629.0,9725407.25,4.0,8549896.0,2137474.0,4.0,4.0
CUST00330,2025-03,2.0,61933276.0,30966638.0,3.0,8262445.0,2754148.3333333335,2.0,3.0
CUST00330,2025-04,1.0,4755211.0,4755211.0,1.0,1600682.0,1600682.0,1.0,1.0
CUST00330,2025-05,2.0,21396705.0,10698352.5,3.0,98707747.0,32902582.333333332,2.0,3.0
CUST00330,2025-06,1.0,23056994.0,23056994.0,1.0,3105140.0,3105140.0,1.0,1.0
CUST00330,2025-07,0.0,0.0,0.0,3.0,13076322.0,4358774.0,0.0,3.0
CUST00330,2025-08,2.0,40051678.0,20025839.0,4.0,137516340.0,34379085.0,2.0,4.0
CUST00330,2025-09,5.0,122638541.0,24527708.2,1.0,65395266.0,65395266.0,5.0,1.0
CUST00330,2025-10,1.0,17444180.0,17444180.0,3.0,6540281.0,2180093.6666666665,1.0,3.0
CUST00330,2025-11,1.0,3317905.0,3317905.0,1.0,15064985.0,15064985.0,1.0,1.0
CUST00330,2025-12,4.0,50071342.0,12517835.5,1.0,18792000.0,18792000.0,4.0,1.0
CUST00331,2025-01,3.0,19243851.0,6414617.0,1.0,14165567.0,14165567.0,3.0,1.0
CUST00331,2025-02,1.0,2633524.0,2633524.0,0.0,0.0,0.0,1.0,0.0
CUST00331,2025-03,1.0,427159.0,427159.0,3.0,22560016.0,7520005.333333333,1.0,3.0
CUST00331,2025-04,1.0,1310886.0,1310886.0,0.0,0.0,0.0,1.0,0.0
CUST00331,2025-05,2.0,4626067.0,2313033.5,1.0,53168237.0,53168237.0,2.0,1.0
CUST00331,2025-06,5.0,14527314.0,2905462.8,3.0,137649799.0,45883266.333333336,5.0,3.0
CUST00331,2025-07,2.0,6624452.0,3312226.0,2.0,101947194.0,50973597.0,2.0,2.0
CUST00331,2025-08,2.0,3447082.0,1723541.0,4.0,36695739.0,9173934.75,2.0,3.0
CUST00331,2025-09,2.0,3114713.0,1557356.5,5.0,80060272.0,16012054.4,2.0,5.0
CUST00331,2025-10,1.0,4962675.0,4962675.0,2.0,2860837.0,1430418.5,1.0,2.0
CUST00331,2025-11,2.0,15860380.0,7930190.0,1.0,3233453.0,3233453.0,2.0,1.0
CUST00331,2025-12,3.0,3632819.0,1210939.6666666667,2.0,5902179.0,2951089.5,3.0,2.0
CUST00332,2025-01,3.0,10010703.0,3336901.0,1.0,7116869.0,7116869.0,3.0,1.0
CUST00332,2025-02,1.0,4641048.0,4641048.0,1.0,111394306.0,111394306.0,1.0,1.0
CUST00332,2025-03,3.0,11890501.0,3963500.3333333335,2.0,57530230.0,28765115.0,3.0,2.0
CUST00332,2025-04,2.0,6017389.0,3008694.5,1.0,3127887.0,3127887.0,2.0,1.0
CUST00332,2025-05,0.0,0.0,0.0,1.0,1314015.0,1314015.0,0.0,1.0
CUST00332,2025-06,5.0,14443565.0,2888713.0,0.0,0.0,0.0,5.0,0.0
CUST00332,2025-07,4.0,6570953.0,1642738.25,3.0,46515266.0,15505088.666666666,4.0,3.0
CUST00332,2025-08,2.0,8148927.0,4074463.5,1.0,2979119.0,2979119.0,2.0,1.0
CUST00332,2025-09,2.0,2743752.0,1371876.0,3.0,40146255.0,13382085.0,2.0,3.0
CUST00332,2025-10,0.0,0.0,0.0,2.0,6954816.0,3477408.0,0.0,2.0
CUST00332,2025-11,3.0,10037962.0,3345987.3333333335,1.0,1408409.0,1408409.0,3.0,1.0
CUST00332,2025-12,1.0,5987935.0,5987935.0,2.0,7284490.0,3642245.0,1.0,2.0
CUST00333,2025-01,0.0,0.0,0.0,1.0,310911.0,310911.0,0.0,1.0
CUST00333,2025-02,2.0,73450442.0,36725221.0,3.0,9985882.0,3328627.3333333335,2.0,3.0
CUST00333,2025-03,1.0,15951539.0,15951539.0,1.0,10338903.0,10338903.0,1.0,1.0
CUST00333,2025-04,3.0,88613336.0,29537778.666666668,2.0,4098615.0,2049307.5,3.0,2.0
CUST00333,2025-05,1.0,21234489.0,21234489.0,4.0,55199615.0,13799903.75,1.0,4.0
CUST00333,2025-06,3.0,69329870.0,23109956.666666668,2.0,4347529.0,2173764.5,3.0,2.0
CUST00333,2025-07,3.0,44235608.0,14745202.666666666,2.0,52716626.0,26358313.0,3.0,2.0
CUST00333,2025-08,0.0,0.0,0.0,3.0,7235700.0,2411900.0,0.0,3.0
CUST00333,2025-09,3.0,28273945.0,9424648.333333334,3.0,35685019.0,11895006.333333334,3.0,3.0
CUST00333,2025-10,3.0,77806975.0,25935658.333333332,3.0,52027787.0,17342595.666666668,3.0,3.0
CUST00333,2025-11,3.0,38838365.0,12946121.666666666,4.0,54093508.0,13523377.0,3.0,4.0
CUST00333,2025-12,1.0,13918162.0,13918162.0,1.0,169639361.0,169639361.0,1.0,1.0
CUST00334,2025-01,1.0,43542762.0,43542762.0,5.0,62002883.0,12400576.6,1.0,5.0
CUST00334,2025-02,3.0,80453128.0,26817709.333333332,1.0,3791698.0,3791698.0,2.0,1.0
CUST00334,2025-03,1.0,12444765.0,12444765.0,5.0,65554206.0,13110841.2,1.0,5.0
CUST00334,2025-04,2.0,21800248.0,10900124.0,2.0,29182233.0,14591116.5,2.0,2.0
CUST00334,2025-05,1.0,22764657.0,22764657.0,0.0,0.0,0.0,1.0,0.0
CUST00334,2025-06,1.0,13452945.0,13452945.0,3.0,48821256.0,16273752.0,1.0,3.0
CUST00334,2025-07,3.0,110309582.0,36769860.666666664,5.0,37747589.0,7549517.8,3.0,5.0
CUST00334,2025-08,2.0,30963778.0,15481889.0,0.0,0.0,0.0,2.0,0.0
CUST00334,2025-09,1.0,14568225.0,14568225.0,2.0,22535096.0,11267548.0,1.0,2.0
CUST00334,2025-10,2.0,32663405.0,16331702.5,3.0,18898936.0,6299645.333333333,2.0,3.0
CUST00334,2025-11,0.0,0.0,0.0,1.0,1499505.0,1499505.0,0.0,1.0
CUST00334,2025-12,1.0,13555738.0,13555738.0,1.0,29532981.0,29532981.0,1.0,1.0
CUST00335,2025-01,0.0,0.0,0.0,1.0,120418423.0,120418423.0,0.0,1.0
CUST00335,2025-02,1.0,2687953.0,2687953.0,1.0,396862593.0,396862593.0,1.0,1.0
CUST00335,2025-03,1.0,1288584.0,1288584.0,1.0,860296.0,860296.0,1.0,1.0
CUST00335,2025-04,2.0,5759711.0,2879855.5,2.0,10407891.0,5203945.5,2.0,2.0
CUST00335,2025-05,4.0,6861434.0,1715358.5,2.0,97318739.0,48659369.5,4.0,2.0
CUST00335,2025-06,3.0,9440339.0,3146779.6666666665,1.0,1095777.0,1095777.0,3.0,1.0
CUST00335,2025-07,2.0,2205672.0,1102836.0,3.0,41011411.0,13670470.333333334,2.0,3.0
CUST00335,2025-08,2.0,3830942.0,1915471.0,2.0,39036813.0,19518406.5,2.0,2.0
CUST00335,2025-09,1.0,1760773.0,1760773.0,0.0,0.0,0.0,1.0,0.0
CUST00335,2025-10,1.0,10113974.0,10113974.0,3.0,4177060.0,1392353.3333333333,1.0,2.0
CUST00335,2025-11,3.0,7403622.0,2467874.0,2.0,5971772.0,2985886.0,3.0,2.0
CUST00335,2025-12,5.0,17545846.0,3509169.2,3.0,12394212.0,4131404.0,5.0,3.0
CUST00336,2025-01,3.0,71577984.0,23859328.0,3.0,189112986.0,63037662.0,3.0,3.0
CUST00336,2025-02,1.0,10020624.0,10020624.0,2.0,1551140.0,775570.0,1.0,2.0
CUST00336,2025-03,1.0,30667702.0,30667702.0,1.0,243605515.0,243605515.0,1.0,1.0
CUST00336,2025-04,3.0,54770326.0,18256775.333333332,2.0,8691093.0,4345546.5,3.0,2.0
CUST00336,2025-05,2.0,57569953.0,28784976.5,0.0,0.0,0.0,2.0,0.0
CUST00336,2025-06,2.0,33685152.0,16842576.0,4.0,43136719.0,10784179.75,2.0,4.0
CUST00336,2025-07,4.0,121539774.0,30384943.5,2.0,4169909.0,2084954.5,4.0,2.0
CUST00336,2025-08,3.0,211563152.0,70521050.66666667,3.0,5140512.0,1713504.0,3.0,3.0
CUST00336,2025-09,3.0,45891532.0,15297177.333333334,1.0,17925153.0,17925153.0,3.0,1.0
CUST00336,2025-10,6.0,171119481.0,28519913.5,1.0,2006100.0,2006100.0,6.0,1.0
CUST00336,2025-11,2.0,36840494.0,18420247.0,0.0,0.0,0.0,2.0,0.0
CUST00336,2025-12,1.0,6239329.0,6239329.0,5.0,45354335.0,9070867.0,1.0,5.0
CUST00337,2025-01,2.0,3788198.0,1894099.0,0.0,0.0,0.0,2.0,0.0
CUST00337,2025-02,4.0,6391889.0,1597972.25,1.0,622228.0,622228.0,4.0,1.0
CUST00337,2025-03,1.0,1094214.0,1094214.0,3.0,5126019.0,1708673.0,1.0,3.0
CUST00337,2025-04,0.0,0.0,0.0,2.0,7854171.0,3927085.5,0.0,2.0
CUST00337,2025-06,2.0,5254163.0,2627081.5,2.0,1086789.0,543394.5,2.0,1.0
CUST00337,2025-07,3.0,5542453.0,1847484.3333333333,6.0,118645206.0,19774201.0,3.0,6.0
CUST00337,2025-08,1.0,1030477.0,1030477.0,2.0,17098491.0,8549245.5,1.0,2.0
CUST00337,2025-09,1.0,925669.0,925669.0,3.0,49177632.0,16392544.0,1.0,3.0
CUST00337,2025-10,1.0,1850833.0,1850833.0,1.0,4532681.0,4532681.0,1.0,1.0
CUST00337,2025-11,4.0,11861315.0,2965328.75,0.0,0.0,0.0,4.0,0.0
CUST00337,2025-12,4.0,7190666.0,1797666.5,4.0,23201051.0,5800262.75,3.0,4.0
CUST00338,2025-01,1.0,15044715.0,15044715.0,2.0,4989086.0,2494543.0,1.0,2.0
CUST00338,2025-02,2.0,45222231.0,22611115.5,1.0,1389188.0,1389188.0,2.0,1.0
CUST00338,2025-03,1.0,12217392.0,12217392.0,2.0,336876644.0,168438322.0,1.0,2.0
CUST00338,2025-04,1.0,16812863.0,16812863.0,2.0,10648427.0,5324213.5,1.0,2.0
CUST00338,2025-05,4.0,91967666.0,22991916.5,2.0,1804805.0,902402.5,4.0,2.0
CUST00338,2025-06,1.0,8161477.0,8161477.0,2.0,39802768.0,19901384.0,1.0,2.0
CUST00338,2025-07,3.0,54025264.0,18008421.333333332,1.0,555147.0,555147.0,3.0,1.0
CUST00338,2025-08,2.0,11120304.0,5560152.0,3.0,44469688.0,14823229.333333334,2.0,3.0
CUST00338,2025-09,4.0,92797385.0,23199346.25,3.0,115394796.0,38464932.0,4.0,3.0
CUST00338,2025-10,2.0,25530789.0,12765394.5,3.0,21907208.0,7302402.666666667,2.0,3.0
CUST00338,2025-11,1.0,31925497.0,31925497.0,1.0,3010203.0,3010203.0,1.0,1.0
CUST00338,2025-12,2.0,57724913.0,28862456.5,1.0,2587344.0,2587344.0,2.0,1.0
CUST00339,2025-01,1.0,957583.0,957583.0,3.0,89606775.0,29868925.0,1.0,2.0
CUST00339,2025-02,2.0,3813425.0,1906712.5,4.0,17656610.0,4414152.5,2.0,4.0
CUST00339,2025-03,2.0,4297653.0,2148826.5,4.0,140370024.0,35092506.0,2.0,4.0
CUST00339,2025-04,2.0,2741001.0,1370500.5,3.0,56139130.0,18713043.333333332,2.0,3.0
CUST00339,2025-05,0.0,0.0,0.0,2.0,3608594.0,1804297.0,0.0,2.0
CUST00339,2025-06,2.0,6186327.0,3093163.5,3.0,62148177.0,20716059.0,2.0,3.0
CUST00339,2025-07,3.0,4124605.0,1374868.3333333333,1.0,28475541.0,28475541.0,3.0,1.0
CUST00339,2025-08,2.0,4733893.0,2366946.5,2.0,17517586.0,8758793.0,2.0,2.0
CUST00339,2025-09,7.0,32561356.0,4651622.285714285,2.0,163188255.0,81594127.5,7.0,2.0
CUST00339,2025-10,1.0,939221.0,939221.0,3.0,39463468.0,13154489.333333334,1.0,3.0
CUST00339,2025-11,3.0,6821392.0,2273797.3333333335,1.0,16911056.0,16911056.0,3.0,1.0
CUST00339,2025-12,2.0,1989013.0,994506.5,1.0,2920387.0,2920387.0,2.0,1.0
CUST00340,2025-01,2.0,193821183.0,96910591.5,3.0,5793032.0,1931010.6666666667,2.0,3.0
CUST00340,2025-02,2.0,456245630.0,228122815.0,1.0,1101941.0,1101941.0,2.0,1.0
CUST00340,2025-03,3.0,535570341.0,178523447.0,1.0,68218469.0,68218469.0,2.0,1.0
CUST00340,2025-04,2.0,92514224.0,46257112.0,2.0,26985886.0,13492943.0,2.0,1.0
CUST00340,2025-05,1.0,137685551.0,137685551.0,4.0,54036287.0,13509071.75,1.0,3.0
CUST00340,2025-06,2.0,51791977.0,25895988.5,1.0,2844105.0,2844105.0,2.0,1.0
CUST00340,2025-07,2.0,200280644.0,100140322.0,1.0,6262726.0,6262726.0,2.0,1.0
CUST00340,2025-08,0.0,0.0,0.0,3.0,12198500.0,4066166.6666666665,0.0,2.0
CUST00340,2025-09,2.0,428711799.0,214355899.5,2.0,3403525.0,1701762.5,2.0,1.0
CUST00340,2025-10,5.0,357320457.0,71464091.4,3.0,19225834.0,6408611.333333333,5.0,3.0
CUST00340,2025-11,0.0,0.0,0.0,3.0,119627751.0,39875917.0,0.0,3.0
CUST00340,2025-12,1.0,75120633.0,75120633.0,4.0,91854494.0,22963623.5,1.0,4.0
CUST00341,2025-01,2.0,1718062.0,859031.0,2.0,9447969.0,4723984.5,2.0,1.0
CUST00341,2025-02,3.0,3894708.0,1298236.0,5.0,59527793.0,11905558.6,3.0,5.0
CUST00341,2025-03,2.0,3336995.0,1668497.5,1.0,3910838.0,3910838.0,2.0,1.0
CUST00341,2025-04,4.0,7473368.0,1868342.0,3.0,4018908.0,1339636.0,4.0,3.0
CUST00341,2025-05,2.0,3357659.0,1678829.5,2.0,2519620.0,1259810.0,2.0,2.0
CUST00341,2025-06,2.0,8627774.0,4313887.0,1.0,1079642.0,1079642.0,2.0,1.0
CUST00341,2025-07,2.0,4198850.0,2099425.0,2.0,2394679.0,1197339.5,2.0,2.0
CUST00341,2025-08,2.0,2671367.0,1335683.5,1.0,4389917.0,4389917.0,2.0,1.0
CUST00341,2025-09,1.0,4522886.0,4522886.0,3.0,26429188.0,8809729.333333334,1.0,3.0
CUST00341,2025-10,2.0,3648529.0,1824264.5,1.0,9977106.0,9977106.0,2.0,1.0
CUST00341,2025-11,0.0,0.0,0.0,6.0,73056206.0,12176034.333333334,0.0,6.0
CUST00341,2025-12,2.0,6778935.0,3389467.5,2.0,19963864.0,9981932.0,2.0,2.0
CUST00342,2025-01,2.0,12120432.0,6060216.0,1.0,1109752.0,1109752.0,2.0,1.0
CUST00342,2025-02,2.0,7212182.0,3606091.0,1.0,1305865.0,1305865.0,2.0,1.0
CUST00342,2025-03,4.0,8805586.0,2201396.5,0.0,0.0,0.0,4.0,0.0
CUST00342,2025-04,1.0,1162615.0,1162615.0,3.0,44346136.0,14782045.333333334,1.0,3.0
CUST00342,2025-05,1.0,1102511.0,1102511.0,1.0,3798719.0,3798719.0,1.0,1.0
CUST00342,2025-06,2.0,6030184.0,3015092.0,3.0,45603417.0,15201139.0,2.0,3.0
CUST00342,2025-07,0.0,0.0,0.0,2.0,5865241.0,2932620.5,0.0,2.0
CUST00342,2025-08,0.0,0.0,0.0,4.0,19279985.0,4819996.25,0.0,4.0
CUST00342,2025-09,4.0,8527220.0,2131805.0,5.0,26156499.0,5231299.8,4.0,5.0
CUST00342,2025-10,1.0,3727568.0,3727568.0,3.0,23058033.0,7686011.0,1.0,3.0
CUST00342,2025-11,4.0,8785008.0,2196252.0,5.0,63440417.0,12688083.4,4.0,4.0
CUST00342,2025-12,5.0,21155056.0,4231011.2,2.0,11137789.0,5568894.5,3.0,2.0
CUST00343,2025-01,4.0,9520991.0,2380247.75,2.0,38080352.0,19040176.0,4.0,2.0
CUST00343,2025-02,1.0,3185637.0,3185637.0,1.0,2434666.0,2434666.0,1.0,1.0
CUST00343,2025-03,2.0,5198647.0,2599323.5,4.0,18290861.0,4572715.25,2.0,4.0
CUST00343,2025-04,2.0,11467675.0,5733837.5,1.0,1618487.0,1618487.0,2.0,1.0
CUST00343,2025-05,2.0,2793255.0,1396627.5,4.0,47756567.0,11939141.75,2.0,3.0
CUST00343,2025-06,3.0,8333826.0,2777942.0,2.0,21363144.0,10681572.0,3.0,2.0
CUST00343,2025-07,2.0,3831554.0,1915777.0,5.0,67535861.0,13507172.2,2.0,5.0
CUST00343,2025-08,5.0,15264408.0,3052881.6,6.0,103500435.0,17250072.5,5.0,6.0
CUST00343,2025-09,2.0,7791548.0,3895774.0,0.0,0.0,0.0,2.0,0.0
CUST00343,2025-10,1.0,1547722.0,1547722.0,3.0,10885371.0,3628457.0,1.0,3.0
CUST00343,2025-11,2.0,3836922.0,1918461.0,3.0,46100430.0,15366810.0,2.0,3.0
CUST00343,2025-12,3.0,19333264.0,6444421.333333333,6.0,185494317.0,30915719.5,3.0,5.0
CUST00344,2025-01,1.0,2711747.0,2711747.0,4.0,155166789.0,38791697.25,1.0,4.0
CUST00344,2025-02,3.0,6516524.0,2172174.6666666665,3.0,69952093.0,23317364.333333332,3.0,3.0
CUST00344,2025-03,1.0,1289043.0,1289043.0,1.0,92529327.0,92529327.0,1.0,1.0
CUST00344,2025-04,2.0,4246981.0,2123490.5,1.0,8092582.0,8092582.0,2.0,1.0
CUST00344,2025-05,4.0,5900414.0,1475103.5,3.0,62025021.0,20675007.0,4.0,3.0
CUST00344,2025-06,0.0,0.0,0.0,1.0,29854447.0,29854447.0,0.0,1.0
CUST00344,2025-07,2.0,2327122.0,1163561.0,0.0,0.0,0.0,2.0,0.0
CUST00344,2025-08,0.0,0.0,0.0,2.0,12634458.0,6317229.0,0.0,2.0
CUST00344,2025-09,3.0,24821426.0,8273808.666666667,0.0,0.0,0.0,3.0,0.0
CUST00344,2025-10,1.0,5131024.0,5131024.0,2.0,18055911.0,9027955.5,1.0,2.0
CUST00344,2025-11,2.0,1170229.0,585114.5,1.0,254156832.0,254156832.0,2.0,1.0
CUST00344,2025-12,3.0,10934828.0,3644942.6666666665,3.0,120217842.0,40072614.0,3.0,3.0
CUST00345,2025-01,0.0,0.0,0.0,2.0,27604786.0,13802393.0,0.0,2.0
CUST00345,2025-02,1.0,6307630.0,6307630.0,3.0,24386982.0,8128994.0,1.0,3.0
CUST00345,2025-03,2.0,57871287.0,28935643.5,1.0,2360925.0,2360925.0,2.0,1.0
CUST00345,2025-04,2.0,11628804.0,5814402.0,0.0,0.0,0.0,2.0,0.0
CUST00345,2025-05,1.0,9888694.0,9888694.0,3.0,12306115.0,4102038.3333333335,1.0,3.0
CUST00345,2025-06,2.0,34725751.0,17362875.5,1.0,987512.0,987512.0,2.0,1.0
CUST00345,2025-07,4.0,86024013.0,21506003.25,4.0,13876124.0,3469031.0,4.0,4.0
CUST00345,2025-08,2.0,9380691.0,4690345.5,3.0,146004110.0,48668036.666666664,2.0,3.0
CUST00345,2025-09,4.0,66177697.0,16544424.25,4.0,28423533.0,7105883.25,3.0,4.0
CUST00345,2025-10,4.0,45021552.0,11255388.0,2.0,9824711.0,4912355.5,4.0,2.0
CUST00345,2025-11,0.0,0.0,0.0,1.0,7552357.0,7552357.0,0.0,1.0
CUST00345,2025-12,1.0,48355398.0,48355398.0,2.0,49768997.0,24884498.5,1.0,2.0
CUST00346,2025-01,3.0,465244803.0,155081601.0,3.0,38261392.0,12753797.333333334,3.0,3.0
CUST00346,2025-03,2.0,277850802.0,138925401.0,6.0,113257090.0,18876181.666666668,2.0,6.0
CUST00346,2025-04,2.0,73365639.0,36682819.5,3.0,32708344.0,10902781.333333334,2.0,3.0
CUST00346,2025-05,2.0,372583053.0,186291526.5,2.0,126777238.0,63388619.0,2.0,2.0
CUST00346,2025-06,1.0,53698123.0,53698123.0,0.0,0.0,0.0,1.0,0.0
CUST00346,2025-07,2.0,134229872.0,67114936.0,2.0,4723026.0,2361513.0,2.0,2.0
CUST00346,2025-08,1.0,109503956.0,109503956.0,2.0,44026130.0,22013065.0,1.0,2.0
CUST00346,2025-09,4.0,168805140.0,42201285.0,0.0,0.0,0.0,3.0,0.0
CUST00346,2025-10,1.0,152760116.0,152760116.0,0.0,0.0,0.0,1.0,0.0
CUST00346,2025-11,1.0,32032684.0,32032684.0,0.0,0.0,0.0,1.0,0.0
CUST00346,2025-12,2.0,498984220.0,249492110.0,0.0,0.0,0.0,2.0,0.0
CUST00347,2025-01,4.0,16039884.0,4009971.0,2.0,92135135.0,46067567.5,4.0,2.0
CUST00347,2025-02,2.0,1756417.0,878208.5,2.0,55353656.0,27676828.0,2.0,2.0
CUST00347,2025-03,4.0,10778855.0,2694713.75,2.0,7016643.0,3508321.5,4.0,2.0
CUST00347,2025-04,2.0,8112410.0,4056205.0,1.0,892632.0,892632.0,2.0,1.0
CUST00347,2025-05,1.0,2443233.0,2443233.0,3.0,22266092.0,7422030.666666667,1.0,3.0
CUST00347,2025-06,4.0,15087815.0,3771953.75,0.0,0.0,0.0,4.0,0.0
CUST00347,2025-07,1.0,1335011.0,1335011.0,1.0,6586294.0,6586294.0,1.0,1.0
CUST00347,2025-08,3.0,10011260.0,3337086.6666666665,3.0,17674119.0,5891373.0,3.0,3.0
CUST00347,2025-10,2.0,17061895.0,8530947.5,4.0,27994777.0,6998694.25,2.0,4.0
CUST00347,2025-11,2.0,2291097.0,1145548.5,1.0,3777424.0,3777424.0,2.0,1.0
CUST00347,2025-12,3.0,4282700.0,1427566.6666666667,1.0,5625864.0,5625864.0,3.0,1.0
CUST00348,2025-01,7.0,14049396.0,2007056.5714285714,1.0,6786896.0,6786896.0,7.0,1.0
CUST00348,2025-02,1.0,2025234.0,2025234.0,1.0,930974.0,930974.0,1.0,1.0
CUST00348,2025-03,2.0,2939678.0,1469839.0,2.0,25414238.0,12707119.0,2.0,2.0
CUST00348,2025-04,1.0,5124385.0,5124385.0,4.0,77919619.0,19479904.75,1.0,4.0
CUST00348,2025-05,0.0,0.0,0.0,5.0,48148895.0,9629779.0,0.0,5.0
CUST00348,2025-06,4.0,8146963.0,2036740.75,3.0,36763861.0,12254620.333333334,4.0,3.0
CUST00348,2025-07,1.0,1266869.0,1266869.0,1.0,2200343.0,2200343.0,1.0,1.0
CUST00348,2025-08,2.0,6680849.0,3340424.5,4.0,6568340.0,1642085.0,2.0,4.0
CUST00348,2025-09,3.0,7250150.0,2416716.6666666665,2.0,9715059.0,4857529.5,3.0,2.0
CUST00348,2025-10,0.0,0.0,0.0,3.0,5701489.0,1900496.3333333333,0.0,3.0
CUST00348,2025-11,3.0,8580516.0,2860172.0,1.0,23660095.0,23660095.0,3.0,1.0
CUST00348,2025-12,2.0,4736086.0,2368043.0,2.0,172485376.0,86242688.0,2.0,2.0
CUST00349,2025-01,1.0,5016722.0,5016722.0,0.0,0.0,0.0,1.0,0.0
CUST00349,2025-02,1.0,35436860.0,35436860.0,4.0,57332756.0,14333189.0,1.0,4.0
CUST00349,2025-03,3.0,73664725.0,24554908.333333332,3.0,20757636.0,6919212.0,3.0,3.0
CUST00349,2025-04,2.0,16927361.0,8463680.5,3.0,6436462.0,2145487.3333333335,2.0,2.0
CUST00349,2025-05,0.0,0.0,0.0,1.0,761466.0,761466.0,0.0,1.0
CUST00349,2025-06,2.0,36132347.0,18066173.5,5.0,262122751.0,52424550.2,2.0,5.0
CUST00349,2025-07,2.0,28352180.0,14176090.0,1.0,35809898.0,35809898.0,2.0,1.0
CUST00349,2025-08,1.0,4899413.0,4899413.0,2.0,7610164.0,3805082.0,1.0,2.0
CUST00349,2025-09,1.0,21206030.0,21206030.0,1.0,3086460.0,3086460.0,1.0,1.0
CUST00349,2025-10,3.0,142815288.0,47605096.0,1.0,31823556.0,31823556.0,3.0,1.0
CUST00349,2025-11,0.0,0.0,0.0,1.0,33597541.0,33597541.0,0.0,1.0
CUST00349,2025-12,3.0,34285277.0,11428425.666666666,3.0,22521103.0,7507034.333333333,3.0,3.0
CUST00350,2025-01,2.0,41638064.0,20819032.0,4.0,13083909.0,3270977.25,2.0,4.0
CUST00350,2025-02,1.0,44994618.0,44994618.0,1.0,5653306.0,5653306.0,1.0,1.0
CUST00350,2025-03,0.0,0.0,0.0,1.0,2701346.0,2701346.0,0.0,1.0
CUST00350,2025-04,2.0,21243664.0,10621832.0,6.0,37881321.0,6313553.5,2.0,6.0
CUST00350,2025-05,2.0,36640818.0,18320409.0,1.0,5166642.0,5166642.0,2.0,1.0
CUST00350,2025-06,3.0,40760809.0,13586936.333333334,2.0,9082330.0,4541165.0,3.0,2.0
CUST00350,2025-07,5.0,64661835.0,12932367.0,4.0,64604096.0,16151024.0,5.0,3.0
CUST00350,2025-08,3.0,112292058.0,37430686.0,0.0,0.0,0.0,3.0,0.0
CUST00350,2025-09,2.0,20475067.0,10237533.5,5.0,20968511.0,4193702.2,2.0,5.0
CUST00350,2025-10,4.0,92266071.0,23066517.75,1.0,136214170.0,136214170.0,4.0,1.0
CUST00350,2025-11,2.0,28980616.0,14490308.0,1.0,6070751.0,6070751.0,2.0,1.0
CUST00350,2025-12,1.0,49889992.0,49889992.0,2.0,2729801.0,1364900.5,1.0,2.0
CUST00351,2025-01,0.0,0.0,0.0,1.0,1127669.0,1127669.0,0.0,1.0
CUST00351,2025-02,0.0,0.0,0.0,1.0,1329990.0,1329990.0,0.0,1.0
CUST00351,2025-03,0.0,0.0,0.0,5.0,93098135.0,18619627.0,0.0,5.0
CUST00351,2025-04,2.0,48563357.0,24281678.5,1.0,2997930.0,2997930.0,2.0,1.0
CUST00351,2025-05,2.0,14986485.0,7493242.5,2.0,61573517.0,30786758.5,2.0,2.0
CUST00351,2025-06,1.0,7026426.0,7026426.0,1.0,2614859.0,2614859.0,1.0,1.0
CUST00351,2025-07,2.0,20718067.0,10359033.5,2.0,9526225.0,4763112.5,2.0,2.0
CUST00351,2025-08,0.0,0.0,0.0,1.0,13907438.0,13907438.0,0.0,1.0
CUST00351,2025-09,3.0,62994352.0,20998117.333333332,3.0,20437776.0,6812592.0,3.0,3.0
CUST00351,2025-10,0.0,0.0,0.0,2.0,84957539.0,42478769.5,0.0,2.0
CUST00351,2025-11,2.0,127730279.0,63865139.5,1.0,5622976.0,5622976.0,2.0,1.0
CUST00351,2025-12,3.0,55520831.0,18506943.666666668,2.0,5627625.0,2813812.5,3.0,2.0
CUST00352,2025-01,1.0,1138931.0,1138931.0,5.0,102027364.0,20405472.8,1.0,5.0
CUST00352,2025-02,2.0,9142731.0,4571365.5,3.0,39926732.0,13308910.666666666,2.0,3.0
CUST00352,2025-03,2.0,9992818.0,4996409.0,2.0,13240839.0,6620419.5,2.0,2.0
CUST00352,2025-04,3.0,4879067.0,1626355.6666666667,1.0,7785507.0,7785507.0,3.0,1.0
CUST00352,2025-05,1.0,1725203.0,1725203.0,2.0,38959204.0,19479602.0,1.0,2.0
CUST00352,2025-06,0.0,0.0,0.0,5.0,33002266.0,6600453.2,0.0,5.0
CUST00352,2025-07,2.0,4523000.0,2261500.0,1.0,3330073.0,3330073.0,2.0,1.0
CUST00352,2025-08,1.0,1639786.0,1639786.0,1.0,17533942.0,17533942.0,1.0,1.0
CUST00352,2025-09,3.0,13754533.0,4584844.333333333,3.0,18218280.0,6072760.0,3.0,3.0
CUST00352,2025-10,1.0,2029364.0,2029364.0,2.0,4014929.0,2007464.5,1.0,1.0
CUST00352,2025-11,2.0,2704485.0,1352242.5,0.0,0.0,0.0,2.0,0.0
CUST00352,2025-12,5.0,12714122.0,2542824.4,2.0,10980848.0,5490424.0,5.0,2.0
CUST00353,2025-01,2.0,12401347.0,6200673.5,3.0,32534510.0,10844836.666666666,2.0,3.0
CUST00353,2025-02,1.0,3791429.0,3791429.0,1.0,5628490.0,5628490.0,1.0,1.0
CUST00353,2025-03,3.0,6923009.0,2307669.6666666665,3.0,39514591.0,13171530.333333334,3.0,3.0
CUST00353,2025-04,3.0,6697344.0,2232448.0,2.0,11878868.0,5939434.0,2.0,2.0
CUST00353,2025-05,0.0,0.0,0.0,5.0,42298275.0,8459655.0,0.0,5.0
CUST00353,2025-06,1.0,626480.0,626480.0,1.0,475648.0,475648.0,1.0,1.0
CUST00353,2025-07,2.0,5161712.0,2580856.0,1.0,25219550.0,25219550.0,2.0,1.0
CUST00353,2025-08,1.0,2648971.0,2648971.0,4.0,123809416.0,30952354.0,1.0,4.0
CUST00353,2025-09,8.0,22484448.0,2810556.0,2.0,49391754.0,24695877.0,8.0,2.0
CUST00353,2025-10,1.0,3755692.0,3755692.0,1.0,2429782.0,2429782.0,1.0,1.0
CUST00353,2025-11,1.0,2358963.0,2358963.0,1.0,1021810.0,1021810.0,1.0,1.0
CUST00353,2025-12,2.0,3205491.0,1602745.5,5.0,43617900.0,8723580.0,2.0,4.0
CUST00354,2025-01,3.0,39013425.0,13004475.0,2.0,46001301.0,23000650.5,3.0,2.0
CUST00354,2025-02,1.0,13402244.0,13402244.0,2.0,8597888.0,4298944.0,1.0,2.0
CUST00354,2025-03,5.0,82897427.0,16579485.4,1.0,3504880.0,3504880.0,5.0,1.0
CUST00354,2025-04,4.0,121664753.0,30416188.25,1.0,3505728.0,3505728.0,4.0,1.0
CUST00354,2025-05,2.0,33050133.0,16525066.5,4.0,106794276.0,26698569.0,2.0,3.0
CUST00354,2025-06,2.0,90158430.0,45079215.0,1.0,2534946.0,2534946.0,2.0,1.0
CUST00354,2025-07,3.0,33322792.0,11107597.333333334,4.0,30716702.0,7679175.5,3.0,4.0
CUST00354,2025-08,2.0,8289293.0,4144646.5,4.0,66656848.0,16664212.0,2.0,4.0
CUST00354,2025-10,2.0,19685044.0,9842522.0,2.0,26657979.0,13328989.5,2.0,2.0
CUST00354,2025-11,0.0,0.0,0.0,4.0,82380224.0,20595056.0,0.0,4.0
CUST00354,2025-12,2.0,99465529.0,49732764.5,1.0,47697925.0,47697925.0,2.0,1.0
CUST00355,2025-01,3.0,8099009.0,2699669.6666666665,1.0,387596.0,387596.0,3.0,1.0
CUST00355,2025-02,1.0,2834169.0,2834169.0,2.0,40448670.0,20224335.0,1.0,2.0
CUST00355,2025-03,0.0,0.0,0.0,3.0,21229870.0,7076623.333333333,0.0,3.0
CUST00355,2025-04,2.0,5368848.0,2684424.0,0.0,0.0,0.0,2.0,0.0
CUST00355,2025-05,2.0,6247806.0,3123903.0,2.0,51358337.0,25679168.5,2.0,2.0
CUST00355,2025-06,1.0,3962125.0,3962125.0,0.0,0.0,0.0,1.0,0.0
CUST00355,2025-07,3.0,8314561.0,2771520.3333333335,2.0,14539068.0,7269534.0,3.0,2.0
CUST00355,2025-08,2.0,5196061.0,2598030.5,1.0,7595603.0,7595603.0,2.0,1.0
CUST00355,2025-09,1.0,2785871.0,2785871.0,2.0,12399813.0,6199906.5,1.0,2.0
CUST00355,2025-10,4.0,5784247.0,1446061.75,1.0,1870629.0,1870629.0,4.0,1.0
CUST00355,2025-11,1.0,4209153.0,4209153.0,3.0,21800121.0,7266707.0,1.0,3.0
CUST00355,2025-12,3.0,4311972.0,1437324.0,2.0,2187364.0,1093682.0,3.0,2.0
CUST00356,2025-01,4.0,111822627.0,27955656.75,1.0,32710570.0,32710570.0,4.0,1.0
CUST00356,2025-02,3.0,29547035.0,9849011.666666666,2.0,17155474.0,8577737.0,3.0,2.0
CUST00356,2025-03,2.0,40724097.0,20362048.5,3.0,25372138.0,8457379.333333334,2.0,3.0
CUST00356,2025-04,1.0,30390288.0,30390288.0,1.0,1604214.0,1604214.0,1.0,1.0
CUST00356,2025-05,3.0,34941163.0,11647054.333333334,1.0,756120.0,756120.0,3.0,1.0
CUST00356,2025-06,1.0,8083824.0,8083824.0,0.0,0.0,0.0,1.0,0.0
CUST00356,2025-07,4.0,57847220.0,14461805.0,3.0,201252837.0,67084279.0,4.0,3.0
CUST00356,2025-08,2.0,64898999.0,32449499.5,0.0,0.0,0.0,2.0,0.0
CUST00356,2025-09,2.0,40629369.0,20314684.5,0.0,0.0,0.0,2.0,0.0
CUST00356,2025-10,1.0,35078378.0,35078378.0,3.0,5257534.0,1752511.3333333333,1.0,3.0
CUST00356,2025-11,2.0,67570582.0,33785291.0,3.0,4613425.0,1537808.3333333333,2.0,3.0
CUST00356,2025-12,2.0,20655629.0,10327814.5,5.0,169799334.0,33959866.8,2.0,5.0
CUST00357,2025-01,2.0,13530717.0,6765358.5,1.0,13950773.0,13950773.0,2.0,1.0
CUST00357,2025-02,2.0,3715722.0,1857861.0,3.0,29430173.0,9810057.666666666,1.0,3.0
CUST00357,2025-03,1.0,8121076.0,8121076.0,0.0,0.0,0.0,1.0,0.0
CUST00357,2025-04,3.0,11545210.0,3848403.3333333335,4.0,28775496.0,7193874.0,3.0,4.0
CUST00357,2025-05,4.0,11483289.0,2870822.25,2.0,13815100.0,6907550.0,4.0,2.0
CUST00357,2025-06,3.0,7041011.0,2347003.6666666665,0.0,0.0,0.0,3.0,0.0
CUST00357,2025-07,2.0,1173830.0,586915.0,0.0,0.0,0.0,2.0,0.0
CUST00357,2025-08,3.0,8083797.0,2694599.0,2.0,4463673.0,2231836.5,3.0,2.0
CUST00357,2025-09,1.0,2907692.0,2907692.0,3.0,43126033.0,14375344.333333334,1.0,3.0
CUST00357,2025-10,2.0,7924871.0,3962435.5,2.0,3977383.0,1988691.5,2.0,2.0
CUST00357,2025-11,1.0,5277346.0,5277346.0,2.0,15132222.0,7566111.0,1.0,2.0
CUST00357,2025-12,2.0,2533135.0,1266567.5,2.0,60118875.0,30059437.5,2.0,2.0
CUST00358,2025-01,3.0,85337839.0,28445946.333333332,5.0,127243967.0,25448793.4,2.0,5.0
CUST00358,2025-02,0.0,0.0,0.0,3.0,31776129.0,10592043.0,0.0,3.0
CUST00358,2025-03,3.0,47334674.0,15778224.666666666,1.0,2905611.0,2905611.0,3.0,1.0
CUST00358,2025-04,2.0,81557543.0,40778771.5,4.0,78034814.0,19508703.5,2.0,4.0
CUST00358,2025-05,2.0,25825307.0,12912653.5,4.0,36012512.0,9003128.0,2.0,4.0
CUST00358,2025-06,2.0,21512864.0,10756432.0,0.0,0.0,0.0,2.0,0.0
CUST00358,2025-07,0.0,0.0,0.0,1.0,6047960.0,6047960.0,0.0,1.0
CUST00358,2025-08,3.0,67339142.0,22446380.666666668,3.0,61838413.0,20612804.333333332,3.0,3.0
CUST00358,2025-09,3.0,83342135.0,27780711.666666668,1.0,1267968.0,1267968.0,3.0,1.0
CUST00358,2025-10,4.0,24795943.0,6198985.75,3.0,117429649.0,39143216.333333336,4.0,3.0
CUST00358,2025-11,1.0,7817826.0,7817826.0,0.0,0.0,0.0,1.0,0.0
CUST00358,2025-12,4.0,50117490.0,12529372.5,3.0,645816463.0,215272154.33333334,4.0,3.0
CUST00359,2025-01,4.0,8524546.0,2131136.5,1.0,103862103.0,103862103.0,4.0,1.0
CUST00359,2025-02,0.0,0.0,0.0,2.0,14486616.0,7243308.0,0.0,2.0
CUST00359,2025-03,3.0,10699339.0,3566446.3333333335,4.0,77415008.0,19353752.0,3.0,4.0
CUST00359,2025-04,1.0,2075891.0,2075891.0,0.0,0.0,0.0,1.0,0.0
CUST00359,2025-05,2.0,4139222.0,2069611.0,1.0,17052955.0,17052955.0,2.0,1.0
CUST00359,2025-06,0.0,0.0,0.0,2.0,21971287.0,10985643.5,0.0,2.0
CUST00359,2025-07,2.0,3187697.0,1593848.5,3.0,18242373.0,6080791.0,2.0,3.0
CUST00359,2025-08,1.0,774661.0,774661.0,3.0,248023021.0,82674340.33333333,1.0,3.0
CUST00359,2025-09,1.0,1668225.0,1668225.0,2.0,33394011.0,16697005.5,1.0,2.0
CUST00359,2025-10,2.0,6278554.0,3139277.0,3.0,205226875.0,68408958.33333333,2.0,3.0
CUST00359,2025-11,2.0,4936286.0,2468143.0,2.0,36976905.0,18488452.5,2.0,2.0
CUST00359,2025-12,2.0,3132353.0,1566176.5,1.0,57013571.0,57013571.0,2.0,1.0
CUST00360,2025-01,2.0,23491528.0,11745764.0,3.0,24212639.0,8070879.666666667,2.0,3.0
CUST00360,2025-02,5.0,204688973.0,40937794.6,4.0,20731836.0,5182959.0,5.0,4.0
CUST00360,2025-03,2.0,42261207.0,21130603.5,4.0,89509165.0,22377291.25,2.0,4.0
CUST00360,2025-04,3.0,61344538.0,20448179.333333332,1.0,8931142.0,8931142.0,3.0,1.0
CUST00360,2025-05,5.0,38700731.0,7740146.2,1.0,130512093.0,130512093.0,5.0,1.0
CUST00360,2025-06,2.0,91398423.0,45699211.5,1.0,139018033.0,139018033.0,2.0,1.0
CUST00360,2025-07,4.0,155204704.0,38801176.0,2.0,39961439.0,19980719.5,4.0,2.0
CUST00360,2025-08,4.0,66090430.0,16522607.5,1.0,697823.0,697823.0,4.0,1.0
CUST00360,2025-09,3.0,68151871.0,22717290.333333332,1.0,3946692.0,3946692.0,3.0,1.0
CUST00360,2025-10,0.0,0.0,0.0,5.0,52481569.0,10496313.8,0.0,5.0
CUST00360,2025-11,1.0,112417388.0,112417388.0,1.0,2020923.0,2020923.0,1.0,1.0
CUST00360,2025-12,0.0,0.0,0.0,4.0,11389932.0,2847483.0,0.0,4.0
CUST00361,2025-01,6.0,10593475.0,1765579.1666666667,4.0,16093106.0,4023276.5,6.0,4.0
CUST00361,2025-02,1.0,1207981.0,1207981.0,2.0,45595385.0,22797692.5,1.0,2.0
CUST00361,2025-03,1.0,835764.0,835764.0,2.0,63376408.0,31688204.0,1.0,2.0
CUST00361,2025-04,0.0,0.0,0.0,2.0,39813661.0,19906830.5,0.0,2.0
CUST00361,2025-05,2.0,6093693.0,3046846.5,0.0,0.0,0.0,2.0,0.0
CUST00361,2025-06,3.0,6694963.0,2231654.3333333335,1.0,58364665.0,58364665.0,3.0,1.0
CUST00361,2025-07,1.0,2586961.0,2586961.0,3.0,41472526.0,13824175.333333334,1.0,3.0
CUST00361,2025-08,0.0,0.0,0.0,1.0,35156761.0,35156761.0,0.0,1.0
CUST00361,2025-09,1.0,1770595.0,1770595.0,4.0,32734606.0,8183651.5,1.0,4.0
CUST00361,2025-10,4.0,15194928.0,3798732.0,3.0,56021339.0,18673779.666666668,4.0,3.0
CUST00361,2025-11,2.0,2884471.0,1442235.5,1.0,399971.0,399971.0,2.0,1.0
CUST00361,2025-12,5.0,17601081.0,3520216.2,2.0,13336744.0,6668372.0,5.0,2.0
CUST00362,2025-01,0.0,0.0,0.0,1.0,3405655.0,3405655.0,0.0,1.0
CUST00362,2025-02,1.0,23122138.0,23122138.0,0.0,0.0,0.0,1.0,0.0
CUST00362,2025-03,3.0,68151017.0,22717005.666666668,0.0,0.0,0.0,3.0,0.0
CUST00362,2025-04,4.0,68139726.0,17034931.5,3.0,4148550.0,1382850.0,4.0,3.0
CUST00362,2025-05,0.0,0.0,0.0,4.0,101911823.0,25477955.75,0.0,4.0
CUST00362,2025-06,2.0,47820035.0,23910017.5,3.0,56698675.0,18899558.333333332,2.0,3.0
CUST00362,2025-07,1.0,43728113.0,43728113.0,1.0,1748099.0,1748099.0,1.0,1.0
CUST00362,2025-08,5.0,56368084.0,11273616.8,1.0,82574758.0,82574758.0,5.0,1.0
CUST00362,2025-09,4.0,48567045.0,12141761.25,1.0,9677368.0,9677368.0,4.0,1.0
CUST00362,2025-10,2.0,29003441.0,14501720.5,1.0,8961216.0,8961216.0,2.0,1.0
CUST00362,2025-11,2.0,39351030.0,19675515.0,1.0,1222594.0,1222594.0,2.0,1.0
CUST00362,2025-12,3.0,39871453.0,13290484.333333334,1.0,1499542.0,1499542.0,3.0,1.0
CUST00363,2025-01,5.0,12047952.0,2409590.4,1.0,4421345.0,4421345.0,5.0,1.0
CUST00363,2025-02,0.0,0.0,0.0,2.0,107381990.0,53690995.0,0.0,2.0
CUST00363,2025-03,0.0,0.0,0.0,2.0,3904027.0,1952013.5,0.0,2.0
CUST00363,2025-04,1.0,6240596.0,6240596.0,2.0,7641652.0,3820826.0,1.0,2.0
CUST00363,2025-05,1.0,6247702.0,6247702.0,4.0,95406118.0,23851529.5,1.0,4.0
CUST00363,2025-06,0.0,0.0,0.0,5.0,281580037.0,56316007.4,0.0,5.0
CUST00363,2025-07,2.0,7006034.0,3503017.0,0.0,0.0,0.0,2.0,0.0
CUST00363,2025-08,2.0,4796179.0,2398089.5,3.0,141659830.0,47219943.333333336,2.0,3.0
CUST00363,2025-09,1.0,3325019.0,3325019.0,1.0,1644675.0,1644675.0,1.0,1.0
CUST00363,2025-10,2.0,7339307.0,3669653.5,3.0,7850183.0,2616727.6666666665,2.0,3.0
CUST00363,2025-11,0.0,0.0,0.0,1.0,5114248.0,5114248.0,0.0,1.0
CUST00363,2025-12,4.0,11051205.0,2762801.25,2.0,13702501.0,6851250.5,4.0,2.0
CUST00364,2025-01,5.0,128050649.0,25610129.8,2.0,45490697.0,22745348.5,5.0,2.0
CUST00364,2025-02,0.0,0.0,0.0,2.0,15991780.0,7995890.0,0.0,2.0
CUST00364,2025-03,2.0,28408015.0,14204007.5,1.0,8918063.0,8918063.0,2.0,1.0
CUST00364,2025-04,3.0,59319284.0,19773094.666666668,2.0,6685615.0,3342807.5,3.0,2.0
CUST00364,2025-05,2.0,32837750.0,16418875.0,3.0,10765518.0,3588506.0,2.0,3.0
CUST00364,2025-06,2.0,57318231.0,28659115.5,0.0,0.0,0.0,2.0,0.0
CUST00364,2025-07,5.0,91517563.0,18303512.6,2.0,3089409.0,1544704.5,5.0,2.0
CUST00364,2025-08,2.0,48213993.0,24106996.5,3.0,44288373.0,14762791.0,2.0,3.0
CUST00364,2025-09,7.0,145812435.0,20830347.85714286,4.0,46870363.0,11717590.75,7.0,4.0
CUST00364,2025-10,1.0,25072292.0,25072292.0,2.0,41664862.0,20832431.0,1.0,2.0
CUST00364,2025-11,1.0,43503309.0,43503309.0,1.0,32032684.0,32032684.0,1.0,1.0
CUST00364,2025-12,2.0,94781293.0,47390646.5,1.0,5739804.0,5739804.0,2.0,1.0
CUST00365,2025-01,7.0,139690627.0,19955803.85714286,2.0,25535356.0,12767678.0,7.0,2.0
CUST00365,2025-02,3.0,53147653.0,17715884.333333332,5.0,38964573.0,7792914.6,3.0,5.0
CUST00365,2025-03,2.0,46672656.0,23336328.0,1.0,13658643.0,13658643.0,2.0,1.0
CUST00365,2025-04,5.0,85773476.0,17154695.2,1.0,3225452.0,3225452.0,5.0,1.0
CUST00365,2025-05,1.0,3787857.0,3787857.0,2.0,37374093.0,18687046.5,1.0,2.0
CUST00365,2025-06,5.0,98516251.0,19703250.2,2.0,4398705.0,2199352.5,5.0,2.0
CUST00365,2025-07,3.0,70961313.0,23653771.0,1.0,2109319.0,2109319.0,3.0,1.0
CUST00365,2025-08,2.0,26780459.0,13390229.5,1.0,2364367.0,2364367.0,2.0,1.0
CUST00365,2025-09,1.0,11207186.0,11207186.0,1.0,1617456.0,1617456.0,1.0,1.0
CUST00365,2025-10,5.0,80716008.0,16143201.6,1.0,999660.0,999660.0,5.0,1.0
CUST00365,2025-11,3.0,17991031.0,5997010.333333333,1.0,3802948.0,3802948.0,3.0,1.0
CUST00365,2025-12,2.0,29488432.0,14744216.0,0.0,0.0,0.0,2.0,0.0
CUST00366,2025-01,1.0,29863413.0,29863413.0,2.0,19498915.0,9749457.5,1.0,2.0
CUST00366,2025-02,1.0,9714994.0,9714994.0,1.0,3409408.0,3409408.0,1.0,1.0
CUST00366,2025-03,2.0,21303988.0,10651994.0,3.0,182570417.0,60856805.666666664,2.0,3.0
CUST00366,2025-04,3.0,71226519.0,23742173.0,3.0,8468321.0,2822773.6666666665,3.0,3.0
CUST00366,2025-05,0.0,0.0,0.0,1.0,30290625.0,30290625.0,0.0,1.0
CUST00366,2025-06,8.0,150854752.0,18856844.0,1.0,1784158.0,1784158.0,7.0,1.0
CUST00366,2025-07,1.0,11377693.0,11377693.0,1.0,3932948.0,3932948.0,1.0,1.0
CUST00366,2025-08,3.0,195026865.0,65008955.0,1.0,1888527.0,1888527.0,3.0,1.0
CUST00366,2025-09,2.0,72730067.0,36365033.5,1.0,25847129.0,25847129.0,2.0,1.0
CUST00366,2025-10,3.0,74223191.0,24741063.666666668,1.0,1070715.0,1070715.0,3.0,1.0
CUST00366,2025-11,6.0,65643021.0,10940503.5,3.0,29660723.0,9886907.666666666,6.0,3.0
CUST00366,2025-12,0.0,0.0,0.0,1.0,65521862.0,65521862.0,0.0,1.0
CUST00367,2025-01,0.0,0.0,0.0,2.0,28221639.0,14110819.5,0.0,2.0
CUST00367,2025-02,1.0,2011530.0,2011530.0,1.0,2976308.0,2976308.0,1.0,1.0
CUST00367,2025-03,1.0,30052699.0,30052699.0,3.0,38855553.0,12951851.0,1.0,3.0
CUST00367,2025-04,1.0,16593482.0,16593482.0,1.0,83204663.0,83204663.0,1.0,1.0
CUST00367,2025-05,1.0,4690349.0,4690349.0,2.0,11882616.0,5941308.0,1.0,2.0
CUST00367,2025-06,2.0,24691725.0,12345862.5,2.0,3649708.0,1824854.0,2.0,2.0
CUST00367,2025-07,3.0,20485603.0,6828534.333333333,3.0,24921532.0,8307177.333333333,3.0,3.0
CUST00367,2025-08,3.0,86532970.0,28844323.333333332,1.0,22402187.0,22402187.0,3.0,1.0
CUST00367,2025-09,2.0,30266272.0,15133136.0,1.0,22715278.0,22715278.0,2.0,1.0
CUST00367,2025-10,1.0,25914932.0,25914932.0,1.0,57646561.0,57646561.0,1.0,1.0
CUST00367,2025-11,3.0,22749657.0,7583219.0,2.0,25545354.0,12772677.0,3.0,2.0
CUST00367,2025-12,2.0,71393494.0,35696747.0,1.0,4368401.0,4368401.0,2.0,1.0
CUST00368,2025-01,1.0,21197004.0,21197004.0,0.0,0.0,0.0,1.0,0.0
CUST00368,2025-02,2.0,77751980.0,38875990.0,2.0,12431311.0,6215655.5,2.0,2.0
CUST00368,2025-03,5.0,144867776.0,28973555.2,3.0,14300158.0,4766719.333333333,5.0,3.0
CUST00368,2025-04,3.0,81829203.0,27276401.0,4.0,52453105.0,13113276.25,3.0,4.0
CUST00368,2025-05,1.0,10705206.0,10705206.0,1.0,4619455.0,4619455.0,1.0,1.0
CUST00368,2025-06,2.0,48196409.0,24098204.5,3.0,48809043.0,16269681.0,2.0,3.0
CUST00368,2025-07,1.0,14957918.0,14957918.0,2.0,146866193.0,73433096.5,1.0,2.0
CUST00368,2025-08,0.0,0.0,0.0,3.0,146927417.0,48975805.666666664,0.0,3.0
CUST00368,2025-09,2.0,19907222.0,9953611.0,2.0,14804346.0,7402173.0,2.0,2.0
CUST00368,2025-10,4.0,53348581.0,13337145.25,0.0,0.0,0.0,4.0,0.0
CUST00368,2025-11,3.0,38394132.0,12798044.0,3.0,113178492.0,37726164.0,3.0,3.0
CUST00368,2025-12,3.0,23327194.0,7775731.333333333,2.0,6920040.0,3460020.0,3.0,2.0
CUST00369,2025-01,1.0,6887037.0,6887037.0,1.0,1139149.0,1139149.0,1.0,1.0
CUST00369,2025-02,3.0,134482128.0,44827376.0,4.0,82685866.0,20671466.5,3.0,4.0
CUST00369,2025-03,2.0,51532121.0,25766060.5,3.0,177907679.0,59302559.666666664,2.0,2.0
CUST00369,2025-04,1.0,6296241.0,6296241.0,0.0,0.0,0.0,1.0,0.0
CUST00369,2025-05,2.0,23311088.0,11655544.0,2.0,64152477.0,32076238.5,2.0,2.0
CUST00369,2025-06,0.0,0.0,0.0,1.0,1275649.0,1275649.0,0.0,1.0
CUST00369,2025-07,2.0,63383430.0,31691715.0,1.0,13248180.0,13248180.0,2.0,1.0
CUST00369,2025-08,3.0,100871492.0,33623830.666666664,2.0,55725358.0,27862679.0,3.0,2.0
CUST00369,2025-09,1.0,12652163.0,12652163.0,1.0,38293453.0,38293453.0,1.0,1.0
CUST00369,2025-10,0.0,0.0,0.0,2.0,15719812.0,7859906.0,0.0,2.0
CUST00369,2025-11,4.0,36342877.0,9085719.25,3.0,23517869.0,7839289.666666667,4.0,3.0
CUST00369,2025-12,3.0,43324279.0,14441426.333333334,0.0,0.0,0.0,3.0,0.0
CUST00370,2025-01,3.0,9794579.0,3264859.6666666665,0.0,0.0,0.0,3.0,0.0
CUST00370,2025-02,3.0,7300723.0,2433574.3333333335,1.0,1279359.0,1279359.0,3.0,1.0
CUST00370,2025-03,4.0,10363048.0,2590762.0,1.0,4656131.0,4656131.0,4.0,1.0
CUST00370,2025-04,3.0,5392191.0,1797397.0,4.0,34114051.0,8528512.75,3.0,4.0
CUST00370,2025-05,3.0,11270338.0,3756779.3333333335,1.0,984926.0,984926.0,3.0,1.0
CUST00370,2025-06,3.0,7499779.0,2499926.3333333335,2.0,112438460.0,56219230.0,3.0,2.0
CUST00370,2025-07,1.0,979384.0,979384.0,3.0,18910127.0,6303375.666666667,1.0,3.0
CUST00370,2025-08,4.0,8703578.0,2175894.5,2.0,17949725.0,8974862.5,4.0,2.0
CUST00370,2025-09,5.0,11604672.0,2320934.4,1.0,1223420.0,1223420.0,5.0,1.0
CUST00370,2025-10,3.0,5612419.0,1870806.3333333333,2.0,8624068.0,4312034.0,3.0,2.0
CUST00370,2025-11,1.0,3548264.0,3548264.0,1.0,2811010.0,2811010.0,1.0,1.0
CUST00370,2025-12,1.0,1016915.0,1016915.0,4.0,22491127.0,5622781.75,1.0,4.0
CUST00371,2025-01,2.0,34017854.0,17008927.0,3.0,83964928.0,27988309.333333332,2.0,3.0
CUST00371,2025-02,4.0,72763149.0,18190787.25,1.0,8503561.0,8503561.0,3.0,1.0
CUST00371,2025-03,3.0,45851019.0,15283673.0,3.0,77328798.0,25776266.0,3.0,2.0
CUST00371,2025-04,1.0,12101668.0,12101668.0,2.0,9112307.0,4556153.5,1.0,2.0
CUST00371,2025-05,0.0,0.0,0.0,2.0,1202449.0,601224.5,0.0,2.0
CUST00371,2025-06,0.0,0.0,0.0,1.0,2992649.0,2992649.0,0.0,1.0
CUST00371,2025-07,1.0,29023009.0,29023009.0,0.0,0.0,0.0,1.0,0.0
CUST00371,2025-08,1.0,6576404.0,6576404.0,6.0,160411872.0,26735312.0,1.0,6.0
CUST00371,2025-09,2.0,6247430.0,3123715.0,0.0,0.0,0.0,2.0,0.0
CUST00371,2025-10,3.0,53336490.0,17778830.0,3.0,47784483.0,15928161.0,3.0,3.0
CUST00371,2025-11,1.0,59924912.0,59924912.0,2.0,43424435.0,21712217.5,1.0,2.0
CUST00371,2025-12,5.0,43731876.0,8746375.2,3.0,8279654.0,2759884.6666666665,5.0,3.0
CUST00372,2025-01,3.0,6193736.0,2064578.6666666667,2.0,266152213.0,133076106.5,2.0,2.0
CUST00372,2025-02,2.0,6712751.0,3356375.5,1.0,2822618.0,2822618.0,2.0,1.0
CUST00372,2025-03,2.0,4149381.0,2074690.5,0.0,0.0,0.0,2.0,0.0
CUST00372,2025-04,1.0,3014723.0,3014723.0,1.0,45905223.0,45905223.0,1.0,1.0
CUST00372,2025-05,4.0,6083874.0,1520968.5,3.0,6409505.0,2136501.6666666665,4.0,3.0
CUST00372,2025-06,1.0,1041300.0,1041300.0,0.0,0.0,0.0,1.0,0.0
CUST00372,2025-07,1.0,1481871.0,1481871.0,2.0,8423582.0,4211791.0,1.0,2.0
CUST00372,2025-08,1.0,2233170.0,2233170.0,2.0,5261488.0,2630744.0,1.0,2.0
CUST00372,2025-09,4.0,19980844.0,4995211.0,3.0,46462382.0,15487460.666666666,4.0,3.0
CUST00372,2025-10,0.0,0.0,0.0,6.0,216691360.0,36115226.666666664,0.0,6.0
CUST00372,2025-11,0.0,0.0,0.0,4.0,324772173.0,81193043.25,0.0,4.0
CUST00372,2025-12,2.0,4651051.0,2325525.5,3.0,19758637.0,6586212.333333333,2.0,3.0
CUST00373,2025-01,0.0,0.0,0.0,3.0,4491351.0,1497117.0,0.0,2.0
CUST00373,2025-02,4.0,9151028.0,2287757.0,3.0,26835547.0,8945182.333333334,4.0,3.0
CUST00373,2025-03,0.0,0.0,0.0,3.0,60525964.0,20175321.333333332,0.0,3.0
CUST00373,2025-04,3.0,22220729.0,7406909.666666667,1.0,2100936.0,2100936.0,3.0,1.0
CUST00373,2025-06,2.0,3500323.0,1750161.5,2.0,72111187.0,36055593.5,2.0,2.0
CUST00373,2025-07,3.0,5320770.0,1773590.0,1.0,1910093.0,1910093.0,3.0,1.0
CUST00373,2025-08,3.0,5185660.0,1728553.3333333333,1.0,4661732.0,4661732.0,3.0,1.0
CUST00373,2025-09,4.0,12979589.0,3244897.25,3.0,16880964.0,5626988.0,4.0,3.0
CUST00373,2025-10,2.0,1281457.0,640728.5,1.0,1425036.0,1425036.0,2.0,1.0
CUST00373,2025-11,5.0,14704564.0,2940912.8,6.0,159002899.0,26500483.166666668,5.0,6.0
CUST00373,2025-12,2.0,9330227.0,4665113.5,1.0,4354734.0,4354734.0,1.0,1.0
CUST00374,2025-01,4.0,18103669.0,4525917.25,4.0,13426445.0,3356611.25,3.0,3.0
CUST00374,2025-02,0.0,0.0,0.0,2.0,2391772.0,1195886.0,0.0,1.0
CUST00374,2025-03,2.0,2868388.0,1434194.0,2.0,3975087.0,1987543.5,2.0,2.0
CUST00374,2025-04,4.0,16965379.0,4241344.75,1.0,8191226.0,8191226.0,4.0,1.0
CUST00374,2025-05,3.0,4866971.0,1622323.6666666667,2.0,13440886.0,6720443.0,3.0,2.0
CUST00374,2025-06,3.0,4505551.0,1501850.3333333333,3.0,5005524.0,1668508.0,3.0,3.0
CUST00374,2025-07,0.0,0.0,0.0,3.0,41383941.0,13794647.0,0.0,3.0
CUST00374,2025-08,7.0,22113748.0,3159106.8571428573,2.0,106883043.0,53441521.5,7.0,2.0
CUST00374,2025-09,4.0,8855215.0,2213803.75,2.0,14836483.0,7418241.5,4.0,2.0
CUST00374,2025-10,1.0,1053225.0,1053225.0,1.0,8712899.0,8712899.0,1.0,1.0
CUST00374,2025-11,3.0,3530479.0,1176826.3333333333,2.0,13854204.0,6927102.0,3.0,2.0
CUST00374,2025-12,1.0,838971.0,838971.0,2.0,13070870.0,6535435.0,1.0,2.0
CUST00375,2025-01,1.0,4237289.0,4237289.0,1.0,12579957.0,12579957.0,1.0,1.0
CUST00375,2025-02,1.0,1439203.0,1439203.0,0.0,0.0,0.0,1.0,0.0
CUST00375,2025-03,0.0,0.0,0.0,4.0,59543051.0,14885762.75,0.0,4.0
CUST00375,2025-04,2.0,4876320.0,2438160.0,2.0,13059497.0,6529748.5,1.0,2.0
CUST00375,2025-05,1.0,2207616.0,2207616.0,1.0,20363136.0,20363136.0,1.0,1.0
CUST00375,2025-06,0.0,0.0,0.0,2.0,14350540.0,7175270.0,0.0,2.0
CUST00375,2025-07,1.0,745799.0,745799.0,1.0,25122674.0,25122674.0,1.0,1.0
CUST00375,2025-08,2.0,5528009.0,2764004.5,1.0,2458346.0,2458346.0,2.0,1.0
CUST00375,2025-09,0.0,0.0,0.0,2.0,5865961.0,2932980.5,0.0,2.0
CUST00375,2025-10,3.0,4963794.0,1654598.0,3.0,6038523.0,2012841.0,3.0,3.0
CUST00375,2025-11,0.0,0.0,0.0,1.0,13766070.0,13766070.0,0.0,1.0
CUST00375,2025-12,1.0,6448345.0,6448345.0,4.0,58829360.0,14707340.0,1.0,4.0
CUST00376,2025-01,2.0,23501734.0,11750867.0,1.0,9655280.0,9655280.0,2.0,1.0
CUST00376,2025-02,1.0,6796118.0,6796118.0,1.0,626054.0,626054.0,1.0,1.0
CUST00376,2025-03,4.0,123815660.0,30953915.0,0.0,0.0,0.0,4.0,0.0
CUST00376,2025-04,1.0,2786321.0,2786321.0,2.0,37971606.0,18985803.0,1.0,2.0
CUST00376,2025-05,2.0,53748802.0,26874401.0,4.0,86908162.0,21727040.5,2.0,4.0
CUST00376,2025-06,1.0,11369611.0,11369611.0,0.0,0.0,0.0,1.0,0.0
CUST00376,2025-07,4.0,60301290.0,15075322.5,2.0,2316582.0,1158291.0,4.0,2.0
CUST00376,2025-08,0.0,0.0,0.0,2.0,22969920.0,11484960.0,0.0,2.0
CUST00376,2025-09,3.0,42675598.0,14225199.333333334,1.0,31598227.0,31598227.0,3.0,1.0
CUST00376,2025-10,1.0,10078537.0,10078537.0,5.0,533882774.0,106776554.8,1.0,5.0
CUST00376,2025-11,4.0,43253627.0,10813406.75,1.0,1771889.0,1771889.0,4.0,1.0
CUST00376,2025-12,4.0,60165090.0,15041272.5,1.0,5710335.0,5710335.0,4.0,1.0
CUST00377,2025-01,1.0,37390221.0,37390221.0,1.0,24871671.0,24871671.0,1.0,1.0
CUST00377,2025-02,3.0,48254564.0,16084854.666666666,4.0,29066421.0,7266605.25,3.0,4.0
CUST00377,2025-03,1.0,9490759.0,9490759.0,4.0,57439464.0,14359866.0,1.0,3.0
CUST00377,2025-04,4.0,217689927.0,54422481.75,0.0,0.0,0.0,4.0,0.0
CUST00377,2025-05,2.0,33471138.0,16735569.0,1.0,4143850.0,4143850.0,2.0,1.0
CUST00377,2025-06,5.0,104861091.0,20972218.2,1.0,16926757.0,16926757.0,5.0,1.0
CUST00377,2025-07,1.0,14814590.0,14814590.0,3.0,20229924.0,6743308.0,1.0,3.0
CUST00377,2025-08,6.0,63943189.0,10657198.166666666,4.0,10320939.0,2580234.75,6.0,4.0
CUST00377,2025-09,3.0,39924282.0,13308094.0,2.0,24427263.0,12213631.5,3.0,2.0
CUST00377,2025-10,2.0,40982906.0,20491453.0,1.0,594288.0,594288.0,2.0,1.0
CUST00377,2025-11,2.0,46970084.0,23485042.0,2.0,7443997.0,3721998.5,2.0,2.0
CUST00377,2025-12,3.0,33837179.0,11279059.666666666,4.0,34225861.0,8556465.25,3.0,4.0
CUST00378,2025-01,3.0,70968430.0,23656143.333333332,2.0,2134050.0,1067025.0,3.0,2.0
CUST00378,2025-02,1.0,13324832.0,13324832.0,2.0,10718104.0,5359052.0,1.0,2.0
CUST00378,2025-03,4.0,67006763.0,16751690.75,2.0,10140313.0,5070156.5,4.0,2.0
CUST00378,2025-04,3.0,68172341.0,22724113.666666668,3.0,35807706.0,11935902.0,3.0,3.0
CUST00378,2025-05,3.0,49149123.0,16383041.0,1.0,8415542.0,8415542.0,3.0,1.0
CUST00378,2025-06,1.0,40168922.0,40168922.0,1.0,35203956.0,35203956.0,1.0,1.0
CUST00378,2025-07,3.0,92203963.0,30734654.333333332,2.0,19731659.0,9865829.5,3.0,2.0
CUST00378,2025-08,2.0,55659982.0,27829991.0,0.0,0.0,0.0,2.0,0.0
CUST00378,2025-09,0.0,0.0,0.0,3.0,10986640.0,3662213.3333333335,0.0,3.0
CUST00378,2025-10,2.0,55629163.0,27814581.5,1.0,15165190.0,15165190.0,2.0,1.0
CUST00378,2025-11,1.0,8003283.0,8003283.0,1.0,7313891.0,7313891.0,1.0,1.0
CUST00378,2025-12,1.0,13387392.0,13387392.0,2.0,3494873.0,1747436.5,1.0,2.0
CUST00379,2025-01,1.0,2866036.0,2866036.0,3.0,51918612.0,17306204.0,1.0,2.0
CUST00379,2025-02,2.0,13399900.0,6699950.0,5.0,96467417.0,19293483.4,2.0,5.0
CUST00379,2025-03,2.0,2529224.0,1264612.0,1.0,42248418.0,42248418.0,2.0,1.0
CUST00379,2025-04,2.0,2563711.0,1281855.5,3.0,7233376.0,2411125.3333333335,2.0,3.0
CUST00379,2025-05,1.0,143909.0,143909.0,1.0,621294.0,621294.0,1.0,1.0
CUST00379,2025-06,1.0,1762203.0,1762203.0,1.0,1009976.0,1009976.0,1.0,1.0
CUST00379,2025-07,1.0,1509766.0,1509766.0,1.0,1454048.0,1454048.0,1.0,1.0
CUST00379,2025-08,0.0,0.0,0.0,3.0,25759914.0,8586638.0,0.0,3.0
CUST00379,2025-09,1.0,7970028.0,7970028.0,2.0,8298357.0,4149178.5,1.0,2.0
CUST00379,2025-10,1.0,661405.0,661405.0,3.0,8260761.0,2753587.0,1.0,3.0
CUST00379,2025-11,5.0,8248853.0,1649770.6,1.0,3274629.0,3274629.0,4.0,1.0
CUST00379,2025-12,0.0,0.0,0.0,1.0,40158096.0,40158096.0,0.0,1.0
CUST00380,2025-01,3.0,6335468.0,2111822.6666666665,1.0,277590746.0,277590746.0,3.0,1.0
CUST00380,2025-02,3.0,3611699.0,1203899.6666666667,6.0,142213735.0,23702289.166666668,3.0,6.0
CUST00380,2025-03,1.0,2125194.0,2125194.0,3.0,7086299.0,2362099.6666666665,1.0,3.0
CUST00380,2025-04,1.0,234574.0,234574.0,2.0,3103719.0,1551859.5,1.0,2.0
CUST00380,2025-05,1.0,2748673.0,2748673.0,1.0,1633888.0,1633888.0,1.0,1.0
CUST00380,2025-06,6.0,9631635.0,1605272.5,3.0,18791862.0,6263954.0,6.0,3.0
CUST00380,2025-07,0.0,0.0,0.0,3.0,33477221.0,11159073.666666666,0.0,3.0
CUST00380,2025-08,1.0,1365274.0,1365274.0,1.0,5554227.0,5554227.0,1.0,1.0
CUST00380,2025-09,2.0,3176782.0,1588391.0,3.0,7279555.0,2426518.3333333335,2.0,3.0
CUST00380,2025-10,4.0,7835174.0,1958793.5,1.0,718306.0,718306.0,4.0,1.0
CUST00380,2025-11,0.0,0.0,0.0,2.0,59881477.0,29940738.5,0.0,2.0
CUST00380,2025-12,5.0,23070375.0,4614075.0,4.0,112305879.0,28076469.75,5.0,4.0
CUST00381,2025-01,1.0,17176782.0,17176782.0,5.0,117522174.0,23504434.8,1.0,4.0
CUST00381,2025-02,1.0,1093720.0,1093720.0,3.0,5857433.0,1952477.6666666667,1.0,3.0
CUST00381,2025-03,2.0,3087629.0,1543814.5,2.0,34728734.0,17364367.0,2.0,2.0
CUST00381,2025-04,4.0,10897375.0,2724343.75,1.0,2287747.0,2287747.0,4.0,1.0
CUST00381,2025-05,3.0,5896293.0,1965431.0,0.0,0.0,0.0,3.0,0.0
CUST00381,2025-06,2.0,4380066.0,2190033.0,0.0,0.0,0.0,2.0,0.0
CUST00381,2025-07,3.0,11826709.0,3942236.3333333335,2.0,40352793.0,20176396.5,3.0,2.0
CUST00381,2025-08,5.0,7743109.0,1548621.8,3.0,31915610.0,10638536.666666666,5.0,3.0
CUST00381,2025-09,4.0,20108516.0,5027129.0,2.0,20711794.0,10355897.0,4.0,2.0
CUST00381,2025-10,3.0,11252073.0,3750691.0,4.0,27218372.0,6804593.0,3.0,4.0
CUST00381,2025-11,1.0,919282.0,919282.0,3.0,57926966.0,19308988.666666668,1.0,3.0
CUST00381,2025-12,2.0,4607931.0,2303965.5,3.0,53262232.0,17754077.333333332,2.0,3.0
CUST00382,2025-01,3.0,5322307.0,1774102.3333333333,1.0,27373238.0,27373238.0,3.0,1.0
CUST00382,2025-02,2.0,8044438.0,4022219.0,1.0,2799146.0,2799146.0,2.0,1.0
CUST00382,2025-03,1.0,2650372.0,2650372.0,2.0,137583181.0,68791590.5,1.0,2.0
CUST00382,2025-04,1.0,1522146.0,1522146.0,1.0,7614565.0,7614565.0,1.0,1.0
CUST00382,2025-05,5.0,23174447.0,4634889.4,1.0,603282.0,603282.0,4.0,1.0
CUST00382,2025-06,1.0,4283198.0,4283198.0,6.0,74347958.0,12391326.333333334,1.0,6.0
CUST00382,2025-07,4.0,7626020.0,1906505.0,0.0,0.0,0.0,4.0,0.0
CUST00382,2025-08,3.0,7346006.0,2448668.6666666665,2.0,27690857.0,13845428.5,3.0,2.0
CUST00382,2025-09,1.0,504619.0,504619.0,1.0,1743876.0,1743876.0,1.0,1.0
CUST00382,2025-10,0.0,0.0,0.0,2.0,26557229.0,13278614.5,0.0,2.0
CUST00382,2025-11,1.0,166233.0,166233.0,0.0,0.0,0.0,1.0,0.0
CUST00382,2025-12,2.0,3210325.0,1605162.5,4.0,9433239.0,2358309.75,2.0,4.0
CUST00383,2025-01,1.0,4211400.0,4211400.0,1.0,2550447.0,2550447.0,1.0,1.0
CUST00383,2025-02,1.0,7936639.0,7936639.0,4.0,45619412.0,11404853.0,1.0,4.0
CUST00383,2025-03,4.0,12527378.0,3131844.5,3.0,35890610.0,11963536.666666666,4.0,3.0
CUST00383,2025-04,5.0,12921632.0,2584326.4,0.0,0.0,0.0,5.0,0.0
CUST00383,2025-05,3.0,5328801.0,1776267.0,2.0,16617093.0,8308546.5,3.0,2.0
CUST00383,2025-06,1.0,868168.0,868168.0,1.0,20551997.0,20551997.0,1.0,1.0
CUST00383,2025-07,2.0,4283790.0,2141895.0,1.0,168666053.0,168666053.0,2.0,1.0
CUST00383,2025-08,2.0,3173811.0,1586905.5,1.0,868469.0,868469.0,2.0,1.0
CUST00383,2025-09,1.0,513112.0,513112.0,2.0,2741008.0,1370504.0,1.0,2.0
CUST00383,2025-10,1.0,1337354.0,1337354.0,1.0,1674668.0,1674668.0,1.0,1.0
CUST00383,2025-11,3.0,13928392.0,4642797.333333333,3.0,178997094.0,59665698.0,3.0,3.0
CUST00383,2025-12,2.0,5207307.0,2603653.5,2.0,3012889.0,1506444.5,2.0,2.0
CUST00384,2025-01,1.0,907402.0,907402.0,0.0,0.0,0.0,1.0,0.0
CUST00384,2025-02,1.0,1031283.0,1031283.0,3.0,10231960.0,3410653.3333333335,1.0,3.0
CUST00384,2025-03,0.0,0.0,0.0,1.0,4002356.0,4002356.0,0.0,1.0
CUST00384,2025-04,2.0,2912364.0,1456182.0,1.0,975248.0,975248.0,2.0,1.0
CUST00384,2025-05,5.0,10253674.0,2050734.8,2.0,64857657.0,32428828.5,4.0,2.0
CUST00384,2025-06,0.0,0.0,0.0,1.0,101073677.0,101073677.0,0.0,1.0
CUST00384,2025-07,2.0,6377019.0,3188509.5,2.0,1926828.0,963414.0,2.0,2.0
CUST00384,2025-08,2.0,8273514.0,4136757.0,3.0,5382554.0,1794184.6666666667,2.0,3.0
CUST00384,2025-09,2.0,2894476.0,1447238.0,2.0,16342454.0,8171227.0,2.0,2.0
CUST00384,2025-10,1.0,1191340.0,1191340.0,0.0,0.0,0.0,1.0,0.0
CUST00384,2025-11,1.0,2989435.0,2989435.0,4.0,27117948.0,6779487.0,1.0,4.0
CUST00384,2025-12,4.0,5528164.0,1382041.0,2.0,4116673.0,2058336.5,4.0,2.0
CUST00385,2025-01,2.0,7283475.0,3641737.5,3.0,25162250.0,8387416.666666667,2.0,3.0
CUST00385,2025-02,0.0,0.0,0.0,4.0,158859425.0,39714856.25,0.0,4.0
CUST00385,2025-03,4.0,8241131.0,2060282.75,2.0,3868415.0,1934207.5,4.0,2.0
CUST00385,2025-04,3.0,4069721.0,1356573.6666666667,2.0,67344279.0,33672139.5,3.0,2.0
CUST00385,2025-05,2.0,6309086.0,3154543.0,2.0,29845051.0,14922525.5,2.0,2.0
CUST00385,2025-06,3.0,5263343.0,1754447.6666666667,1.0,55167588.0,55167588.0,3.0,1.0
CUST00385,2025-07,3.0,4344113.0,1448037.6666666667,2.0,59988101.0,29994050.5,3.0,2.0
CUST00385,2025-08,1.0,1607757.0,1607757.0,3.0,19974471.0,6658157.0,1.0,3.0
CUST00385,2025-09,2.0,5122984.0,2561492.0,6.0,87430605.0,14571767.5,2.0,5.0
CUST00385,2025-10,5.0,9405220.0,1881044.0,1.0,32070388.0,32070388.0,5.0,1.0
CUST00385,2025-11,2.0,3702648.0,1851324.0,4.0,59453017.0,14863254.25,2.0,4.0
CUST00385,2025-12,4.0,4894390.0,1223597.5,3.0,112883355.0,37627785.0,4.0,3.0
CUST00386,2025-01,1.0,10888654.0,10888654.0,1.0,2329170.0,2329170.0,1.0,1.0
CUST00386,2025-02,0.0,0.0,0.0,2.0,37983288.0,18991644.0,0.0,2.0
CUST00386,2025-03,0.0,0.0,0.0,1.0,2474167.0,2474167.0,0.0,1.0
CUST00386,2025-04,0.0,0.0,0.0,4.0,15769396.0,3942349.0,0.0,4.0
CUST00386,2025-05,3.0,44545973.0,14848657.666666666,0.0,0.0,0.0,3.0,0.0
CUST00386,2025-06,4.0,43568740.0,10892185.0,3.0,11195140.0,3731713.3333333335,3.0,3.0
CUST00386,2025-07,5.0,138423919.0,27684783.8,1.0,377827.0,377827.0,5.0,1.0
CUST00386,2025-08,3.0,85558868.0,28519622.666666668,0.0,0.0,0.0,3.0,0.0
CUST00386,2025-09,1.0,5659160.0,5659160.0,3.0,39387965.0,13129321.666666666,1.0,3.0
CUST00386,2025-10,3.0,40107081.0,13369027.0,2.0,79704707.0,39852353.5,3.0,1.0
CUST00386,2025-11,4.0,73863094.0,18465773.5,0.0,0.0,0.0,4.0,0.0
CUST00386,2025-12,3.0,27916835.0,9305611.666666666,1.0,7470684.0,7470684.0,3.0,1.0
CUST00387,2025-01,2.0,35656667.0,17828333.5,1.0,6311657.0,6311657.0,2.0,1.0
CUST00387,2025-02,1.0,16831020.0,16831020.0,1.0,101837880.0,101837880.0,1.0,1.0
CUST00387,2025-03,0.0,0.0,0.0,2.0,125320295.0,62660147.5,0.0,2.0
CUST00387,2025-04,2.0,80325467.0,40162733.5,4.0,70503232.0,17625808.0,2.0,4.0
CUST00387,2025-05,2.0,138080259.0,69040129.5,3.0,37425924.0,12475308.0,2.0,3.0
CUST00387,2025-06,1.0,15352990.0,15352990.0,2.0,15960441.0,7980220.5,1.0,2.0
CUST00387,2025-07,7.0,130311779.0,18615968.42857143,1.0,4240095.0,4240095.0,7.0,1.0
CUST00387,2025-08,1.0,21215817.0,21215817.0,0.0,0.0,0.0,1.0,0.0
CUST00387,2025-09,2.0,87127350.0,43563675.0,2.0,13183098.0,6591549.0,2.0,2.0
CUST00387,2025-10,1.0,8590069.0,8590069.0,3.0,199370405.0,66456801.666666664,1.0,3.0
CUST00387,2025-11,2.0,70926608.0,35463304.0,0.0,0.0,0.0,2.0,0.0
CUST00387,2025-12,1.0,6663237.0,6663237.0,1.0,76671379.0,76671379.0,1.0,1.0
CUST00388,2025-01,3.0,416876621.0,138958873.66666666,0.0,0.0,0.0,3.0,0.0
CUST00388,2025-02,1.0,50026377.0,50026377.0,4.0,68642287.0,17160571.75,1.0,4.0
CUST00388,2025-03,0.0,0.0,0.0,3.0,39243727.0,13081242.333333334,0.0,3.0
CUST00388,2025-04,1.0,65897579.0,65897579.0,4.0,9924340.0,2481085.0,1.0,4.0
CUST00388,2025-05,2.0,151592331.0,75796165.5,2.0,66449921.0,33224960.5,2.0,2.0
CUST00388,2025-06,2.0,280195573.0,140097786.5,4.0,10363361.0,2590840.25,2.0,3.0
CUST00388,2025-07,1.0,30794445.0,30794445.0,1.0,2622224.0,2622224.0,1.0,1.0
CUST00388,2025-08,2.0,120777004.0,60388502.0,2.0,52864476.0,26432238.0,2.0,2.0
CUST00388,2025-09,0.0,0.0,0.0,1.0,175767914.0,175767914.0,0.0,1.0
CUST00388,2025-10,3.0,179150500.0,59716833.333333336,4.0,295396928.0,73849232.0,3.0,4.0
CUST00388,2025-12,5.0,528920335.0,105784067.0,3.0,63099287.0,21033095.666666668,5.0,3.0
CUST00389,2025-01,3.0,215042968.0,71680989.33333333,4.0,16767095.0,4191773.75,3.0,4.0
CUST00389,2025-02,0.0,0.0,0.0,1.0,16831020.0,16831020.0,0.0,1.0
CUST00389,2025-03,2.0,491965828.0,245982914.0,2.0,1253794.0,626897.0,2.0,1.0
CUST00389,2025-04,4.0,257333275.0,64333318.75,3.0,3512825.0,1170941.6666666667,4.0,3.0
CUST00389,2025-05,4.0,288997033.0,72249258.25,0.0,0.0,0.0,4.0,0.0
CUST00389,2025-06,0.0,0.0,0.0,1.0,3391107.0,3391107.0,0.0,1.0
CUST00389,2025-07,1.0,159485432.0,159485432.0,1.0,9956356.0,9956356.0,1.0,1.0
CUST00389,2025-08,2.0,454237886.0,227118943.0,1.0,2135874.0,2135874.0,2.0,1.0
CUST00389,2025-09,1.0,162752495.0,162752495.0,1.0,10357481.0,10357481.0,1.0,1.0
CUST00389,2025-10,0.0,0.0,0.0,2.0,83103520.0,41551760.0,0.0,2.0
CUST00389,2025-11,2.0,64502128.0,32251064.0,1.0,826082.0,826082.0,2.0,1.0
CUST00389,2025-12,5.0,453060063.0,90612012.6,1.0,11321473.0,11321473.0,4.0,1.0
CUST00390,2025-01,2.0,81403326.0,40701663.0,2.0,26860010.0,13430005.0,2.0,2.0
CUST00390,2025-02,4.0,58399883.0,14599970.75,1.0,774883.0,774883.0,4.0,1.0
CUST00390,2025-03,0.0,0.0,0.0,5.0,64068077.0,12813615.4,0.0,5.0
CUST00390,2025-04,2.0,73726122.0,36863061.0,4.0,132969061.0,33242265.25,2.0,4.0
CUST00390,2025-05,3.0,13911522.0,4637174.0,3.0,12855534.0,4285178.0,3.0,3.0
CUST00390,2025-06,1.0,28779253.0,28779253.0,3.0,1853184.0,617728.0,1.0,3.0
CUST00390,2025-07,3.0,36711170.0,12237056.666666666,2.0,12891662.0,6445831.0,3.0,2.0
CUST00390,2025-08,2.0,25458813.0,12729406.5,4.0,53767876.0,13441969.0,2.0,4.0
CUST00390,2025-09,2.0,23070282.0,11535141.0,2.0,5566604.0,2783302.0,2.0,2.0
CUST00390,2025-10,2.0,21807735.0,10903867.5,1.0,13415151.0,13415151.0,2.0,1.0
CUST00390,2025-11,0.0,0.0,0.0,4.0,62061427.0,15515356.75,0.0,4.0
CUST00390,2025-12,2.0,74488981.0,37244490.5,2.0,7576932.0,3788466.0,2.0,2.0
CUST00391,2025-01,6.0,14208731.0,2368121.8333333335,2.0,8906299.0,4453149.5,6.0,2.0
CUST00391,2025-02,5.0,21728203.0,4345640.6,3.0,8228479.0,2742826.3333333335,5.0,3.0
CUST00391,2025-03,2.0,4689154.0,2344577.0,2.0,2549155.0,1274577.5,2.0,2.0
CUST00391,2025-04,1.0,8442726.0,8442726.0,4.0,18921285.0,4730321.25,1.0,3.0
CUST00391,2025-05,0.0,0.0,0.0,5.0,124227749.0,24845549.8,0.0,5.0
CUST00391,2025-06,3.0,8770293.0,2923431.0,1.0,10088062.0,10088062.0,3.0,1.0
CUST00391,2025-07,1.0,5140611.0,5140611.0,2.0,12634429.0,6317214.5,1.0,2.0
CUST00391,2025-08,2.0,5827291.0,2913645.5,3.0,68835460.0,22945153.333333332,2.0,3.0
CUST00391,2025-09,5.0,9328667.0,1865733.4,3.0,93260227.0,31086742.333333332,5.0,3.0
CUST00391,2025-10,2.0,8425158.0,4212579.0,1.0,153592481.0,153592481.0,2.0,1.0
CUST00391,2025-11,2.0,3419706.0,1709853.0,3.0,136533796.0,45511265.333333336,2.0,3.0
CUST00392,2025-01,2.0,21837905.0,10918952.5,1.0,11319431.0,11319431.0,2.0,1.0
CUST00392,2025-02,2.0,16089888.0,8044944.0,2.0,53042277.0,26521138.5,2.0,2.0
CUST00392,2025-03,0.0,0.0,0.0,4.0,37543864.0,9385966.0,0.0,4.0
CUST00392,2025-04,3.0,48140803.0,16046934.333333334,0.0,0.0,0.0,3.0,0.0
CUST00392,2025-05,2.0,24507230.0,12253615.0,3.0,6222572.0,2074190.6666666667,2.0,3.0
CUST00392,2025-06,1.0,27827099.0,27827099.0,1.0,23100790.0,23100790.0,1.0,1.0
CUST00392,2025-07,2.0,27398278.0,13699139.0,2.0,18557594.0,9278797.0,2.0,2.0
CUST00392,2025-08,4.0,168817041.0,42204260.25,1.0,12927879.0,12927879.0,4.0,1.0
CUST00392,2025-09,4.0,87695032.0,21923758.0,0.0,0.0,0.0,3.0,0.0
CUST00392,2025-10,5.0,89194535.0,17838907.0,2.0,3400792.0,1700396.0,5.0,2.0
CUST00392,2025-11,3.0,61750746.0,20583582.0,4.0,49127494.0,12281873.5,3.0,4.0
CUST00392,2025-12,1.0,44885915.0,44885915.0,3.0,160816164.0,53605388.0,1.0,3.0
CUST00393,2025-01,1.0,157730624.0,157730624.0,4.0,43430086.0,10857521.5,1.0,4.0
CUST00393,2025-02,0.0,0.0,0.0,3.0,100310022.0,33436674.0,0.0,3.0
CUST00393,2025-03,1.0,18763307.0,18763307.0,2.0,69135811.0,34567905.5,1.0,2.0
CUST00393,2025-05,3.0,45218115.0,15072705.0,2.0,5917837.0,2958918.5,3.0,2.0
CUST00393,2025-06,5.0,158398570.0,31679714.0,2.0,32979536.0,16489768.0,5.0,2.0
CUST00393,2025-07,2.0,12784328.0,6392164.0,3.0,343102623.0,114367541.0,2.0,3.0
CUST00393,2025-08,2.0,31647854.0,15823927.0,2.0,33407801.0,16703900.5,2.0,2.0
CUST00393,2025-09,0.0,0.0,0.0,3.0,52379636.0,17459878.666666668,0.0,3.0
CUST00393,2025-10,2.0,26108419.0,13054209.5,3.0,54783476.0,18261158.666666668,2.0,3.0
CUST00393,2025-11,3.0,59327479.0,19775826.333333332,1.0,1100217.0,1100217.0,3.0,1.0
CUST00393,2025-12,1.0,20652245.0,20652245.0,3.0,207740880.0,69246960.0,1.0,3.0
CUST00394,2025-01,6.0,22184510.0,3697418.3333333335,1.0,2345432.0,2345432.0,6.0,1.0
CUST00394,2025-02,2.0,2223237.0,1111618.5,1.0,9874180.0,9874180.0,2.0,1.0
CUST00394,2025-03,3.0,4071241.0,1357080.3333333333,3.0,17943998.0,5981332.666666667,3.0,3.0
CUST00394,2025-04,1.0,514625.0,514625.0,4.0,93642160.0,23410540.0,1.0,4.0
CUST00394,2025-05,3.0,15609974.0,5203324.666666667,2.0,3926266.0,1963133.0,3.0,2.0
CUST00394,2025-06,1.0,2403867.0,2403867.0,2.0,85956551.0,42978275.5,1.0,2.0
CUST00394,2025-07,2.0,5761517.0,2880758.5,1.0,1259174.0,1259174.0,2.0,1.0
CUST00394,2025-08,3.0,15322778.0,5107592.666666667,1.0,7752891.0,7752891.0,3.0,1.0
CUST00394,2025-09,2.0,4309729.0,2154864.5,3.0,29530754.0,9843584.666666666,2.0,3.0
CUST00394,2025-10,2.0,7686993.0,3843496.5,0.0,0.0,0.0,2.0,0.0
CUST00394,2025-11,3.0,6701405.0,2233801.6666666665,2.0,4699209.0,2349604.5,3.0,2.0
CUST00394,2025-12,3.0,6790419.0,2263473.0,1.0,4615751.0,4615751.0,3.0,1.0
CUST00395,2025-01,1.0,3027902.0,3027902.0,1.0,10640272.0,10640272.0,1.0,1.0
CUST00395,2025-02,0.0,0.0,0.0,2.0,68485123.0,34242561.5,0.0,2.0
CUST00395,2025-03,2.0,9574033.0,4787016.5,3.0,110577521.0,36859173.666666664,2.0,3.0
CUST00395,2025-04,3.0,5305455.0,1768485.0,1.0,30083747.0,30083747.0,3.0,1.0
CUST00395,2025-05,1.0,996270.0,996270.0,3.0,11347677.0,3782559.0,1.0,3.0
CUST00395,2025-06,2.0,3682753.0,1841376.5,1.0,3345971.0,3345971.0,2.0,1.0
CUST00395,2025-07,3.0,7008437.0,2336145.6666666665,1.0,954585.0,954585.0,3.0,1.0
CUST00395,2025-08,1.0,1326878.0,1326878.0,5.0,41156376.0,8231275.2,1.0,5.0
CUST00395,2025-09,2.0,8966339.0,4483169.5,2.0,2045307.0,1022653.5,2.0,1.0
CUST00395,2025-10,1.0,761154.0,761154.0,0.0,0.0,0.0,1.0,0.0
CUST00395,2025-11,1.0,1559202.0,1559202.0,0.0,0.0,0.0,1.0,0.0
CUST00395,2025-12,2.0,5867048.0,2933524.0,1.0,2458379.0,2458379.0,2.0,1.0
CUST00396,2025-01,4.0,115173889.0,28793472.25,4.0,52137920.0,13034480.0,3.0,4.0
CUST00396,2025-02,2.0,71114666.0,35557333.0,2.0,5973135.0,2986567.5,2.0,2.0
CUST00396,2025-03,6.0,84948444.0,14158074.0,3.0,9364540.0,3121513.3333333335,5.0,3.0
CUST00396,2025-04,3.0,37861437.0,12620479.0,0.0,0.0,0.0,3.0,0.0
CUST00396,2025-05,1.0,47545681.0,47545681.0,3.0,7111858.0,2370619.3333333335,1.0,3.0
CUST00396,2025-06,4.0,91897560.0,22974390.0,1.0,27372560.0,27372560.0,4.0,1.0
CUST00396,2025-07,5.0,163318031.0,32663606.2,0.0,0.0,0.0,5.0,0.0
CUST00396,2025-08,4.0,52409243.0,13102310.75,1.0,923445.0,923445.0,4.0,1.0
CUST00396,2025-09,2.0,19733655.0,9866827.5,2.0,75662578.0,37831289.0,2.0,2.0
CUST00396,2025-10,1.0,52359825.0,52359825.0,3.0,36462023.0,12154007.666666666,1.0,3.0
CUST00396,2025-11,2.0,84684254.0,42342127.0,1.0,15121377.0,15121377.0,2.0,1.0
CUST00396,2025-12,1.0,4323960.0,4323960.0,2.0,5118300.0,2559150.0,1.0,2.0
CUST00397,2025-01,1.0,3000184.0,3000184.0,3.0,171101345.0,57033781.666666664,1.0,3.0
CUST00397,2025-02,0.0,0.0,0.0,2.0,49339362.0,24669681.0,0.0,2.0
CUST00397,2025-03,5.0,10749920.0,2149984.0,4.0,26488425.0,6622106.25,5.0,4.0
CUST00397,2025-04,2.0,9125177.0,4562588.5,0.0,0.0,0.0,2.0,0.0
CUST00397,2025-05,2.0,2167594.0,1083797.0,2.0,55571193.0,27785596.5,2.0,1.0
CUST00397,2025-06,1.0,8984860.0,8984860.0,0.0,0.0,0.0,1.0,0.0
CUST00397,2025-07,1.0,7281048.0,7281048.0,2.0,22657967.0,11328983.5,1.0,1.0
CUST00397,2025-08,3.0,9351917.0,3117305.6666666665,2.0,219304859.0,109652429.5,3.0,2.0
CUST00397,2025-09,1.0,10291019.0,10291019.0,1.0,2063633.0,2063633.0,1.0,1.0
CUST00397,2025-10,1.0,2109371.0,2109371.0,7.0,64296542.0,9185220.285714285,1.0,7.0
CUST00397,2025-11,0.0,0.0,0.0,1.0,7034609.0,7034609.0,0.0,1.0
CUST00397,2025-12,2.0,3820390.0,1910195.0,3.0,6105427.0,2035142.3333333333,2.0,3.0
CUST00398,2025-01,1.0,10484858.0,10484858.0,3.0,138502105.0,46167368.333333336,1.0,3.0
CUST00398,2025-02,3.0,58960638.0,19653546.0,2.0,2755319.0,1377659.5,3.0,2.0
CUST00398,2025-03,3.0,71690215.0,23896738.333333332,2.0,4156130.0,2078065.0,3.0,2.0
CUST00398,2025-04,2.0,30353669.0,15176834.5,0.0,0.0,0.0,2.0,0.0
CUST00398,2025-05,1.0,9418578.0,9418578.0,2.0,13432164.0,6716082.0,1.0,2.0
CUST00398,2025-06,0.0,0.0,0.0,2.0,63637596.0,31818798.0,0.0,2.0
CUST00398,2025-07,0.0,0.0,0.0,1.0,152135798.0,152135798.0,0.0,1.0
CUST00398,2025-08,2.0,129849084.0,64924542.0,3.0,13756040.0,4585346.666666667,2.0,3.0
CUST00398,2025-09,2.0,22044718.0,11022359.0,2.0,34592021.0,17296010.5,2.0,2.0
CUST00398,2025-10,1.0,5898502.0,5898502.0,2.0,37219948.0,18609974.0,1.0,2.0
CUST00398,2025-11,1.0,5930039.0,5930039.0,2.0,13445055.0,6722527.5,1.0,2.0
CUST00398,2025-12,3.0,95283049.0,31761016.333333332,3.0,27895013.0,9298337.666666666,3.0,3.0
CUST00399,2025-01,2.0,47568853.0,23784426.5,4.0,14767227.0,3691806.75,2.0,4.0
CUST00399,2025-02,1.0,3721774.0,3721774.0,3.0,7716091.0,2572030.3333333335,1.0,3.0
CUST00399,2025-03,2.0,19435476.0,9717738.0,2.0,67487251.0,33743625.5,2.0,2.0
CUST00399,2025-04,2.0,49945940.0,24972970.0,2.0,32096783.0,16048391.5,2.0,2.0
CUST00399,2025-05,1.0,7498370.0,7498370.0,2.0,24355073.0,12177536.5,1.0,2.0
CUST00399,2025-06,2.0,31054079.0,15527039.5,4.0,46528084.0,11632021.0,2.0,4.0
CUST00399,2025-07,6.0,154894206.0,25815701.0,1.0,9526719.0,9526719.0,6.0,1.0
CUST00399,2025-08,1.0,18592952.0,18592952.0,1.0,5986401.0,5986401.0,1.0,1.0
CUST00399,2025-09,1.0,28222671.0,28222671.0,1.0,1114762.0,1114762.0,1.0,1.0
CUST00399,2025-10,0.0,0.0,0.0,1.0,2337520.0,2337520.0,0.0,1.0
CUST00399,2025-11,0.0,0.0,0.0,4.0,13371579.0,3342894.75,0.0,3.0
CUST00399,2025-12,3.0,38155520.0,12718506.666666666,1.0,2286577.0,2286577.0,3.0,1.0
CUST00400,2025-01,2.0,5356395.0,2678197.5,2.0,6258063.0,3129031.5,2.0,2.0
CUST00400,2025-02,1.0,5940085.0,5940085.0,2.0,33702093.0,16851046.5,1.0,2.0
CUST00400,2025-03,0.0,0.0,0.0,2.0,4728797.0,2364398.5,0.0,2.0
CUST00400,2025-04,2.0,10930552.0,5465276.0,3.0,12854067.0,4284689.0,2.0,3.0
CUST00400,2025-05,3.0,2001391.0,667130.3333333334,2.0,85007114.0,42503557.0,3.0,2.0
CUST00400,2025-06,3.0,5719365.0,1906455.0,1.0,5041141.0,5041141.0,3.0,1.0
CUST00400,2025-07,1.0,2804078.0,2804078.0,0.0,0.0,0.0,1.0,0.0
CUST00400,2025-08,3.0,5661271.0,1887090.3333333333,2.0,8795337.0,4397668.5,3.0,2.0
CUST00400,2025-09,2.0,3718238.0,1859119.0,1.0,2487560.0,2487560.0,2.0,1.0
CUST00400,2025-10,3.0,8194709.0,2731569.6666666665,7.0,259285103.0,37040729.0,3.0,6.0
CUST00400,2025-11,1.0,1704572.0,1704572.0,0.0,0.0,0.0,1.0,0.0
CUST00400,2025-12,1.0,880035.0,880035.0,0.0,0.0,0.0,1.0,0.0
CUST00401,2025-01,2.0,8996463.0,4498231.5,3.0,20070366.0,6690122.0,2.0,3.0
CUST00401,2025-02,1.0,5110886.0,5110886.0,1.0,51979317.0,51979317.0,1.0,1.0
CUST00401,2025-03,2.0,8247706.0,4123853.0,2.0,3815303.0,1907651.5,2.0,2.0
CUST00401,2025-04,0.0,0.0,0.0,3.0,24529856.0,8176618.666666667,0.0,3.0
CUST00401,2025-05,1.0,2001796.0,2001796.0,1.0,1110759.0,1110759.0,1.0,1.0
CUST00401,2025-06,0.0,0.0,0.0,4.0,14729275.0,3682318.75,0.0,4.0
CUST00401,2025-07,2.0,4135220.0,2067610.0,4.0,13978159.0,3494539.75,2.0,3.0
CUST00401,2025-08,4.0,11474517.0,2868629.25,4.0,115038372.0,28759593.0,4.0,4.0
CUST00401,2025-09,1.0,1152712.0,1152712.0,1.0,18514781.0,18514781.0,1.0,1.0
CUST00401,2025-10,3.0,7275072.0,2425024.0,3.0,170317405.0,56772468.333333336,3.0,3.0
CUST00401,2025-11,3.0,6027353.0,2009117.6666666667,3.0,176964249.0,58988083.0,3.0,3.0
CUST00401,2025-12,3.0,2902724.0,967574.6666666666,3.0,12504543.0,4168181.0,3.0,3.0
CUST00402,2025-01,2.0,2318985.0,1159492.5,0.0,0.0,0.0,2.0,0.0
CUST00402,2025-02,3.0,6649716.0,2216572.0,2.0,5620320.0,2810160.0,3.0,2.0
CUST00402,2025-03,2.0,11175453.0,5587726.5,4.0,96389162.0,24097290.5,2.0,4.0
CUST00402,2025-05,2.0,4578323.0,2289161.5,2.0,40994055.0,20497027.5,2.0,2.0
CUST00402,2025-06,2.0,2371769.0,1185884.5,1.0,1344704.0,1344704.0,2.0,1.0
CUST00402,2025-07,5.0,14073574.0,2814714.8,0.0,0.0,0.0,4.0,0.0
CUST00402,2025-08,2.0,12116732.0,6058366.0,2.0,4101959.0,2050979.5,2.0,2.0
CUST00402,2025-09,2.0,5972960.0,2986480.0,2.0,2770504.0,1385252.0,2.0,2.0
CUST00402,2025-11,1.0,582191.0,582191.0,3.0,23043438.0,7681146.0,1.0,3.0
CUST00402,2025-12,3.0,26230400.0,8743466.666666666,4.0,209196549.0,52299137.25,3.0,3.0
CUST00403,2025-01,2.0,1747769.0,873884.5,4.0,12028978.0,3007244.5,2.0,4.0
CUST00403,2025-02,2.0,3206381.0,1603190.5,2.0,15025540.0,7512770.0,2.0,2.0
CUST00403,2025-04,3.0,3718308.0,1239436.0,0.0,0.0,0.0,3.0,0.0
CUST00403,2025-05,6.0,27518459.0,4586409.833333333,1.0,1952043.0,1952043.0,6.0,1.0
CUST00403,2025-06,3.0,12972417.0,4324139.0,1.0,2564444.0,2564444.0,3.0,1.0
CUST00403,2025-07,1.0,921850.0,921850.0,4.0,223083090.0,55770772.5,1.0,4.0
CUST00403,2025-08,1.0,6402210.0,6402210.0,2.0,32334925.0,16167462.5,1.0,2.0
CUST00403,2025-09,2.0,5898184.0,2949092.0,1.0,1572534.0,1572534.0,2.0,1.0
CUST00403,2025-10,2.0,2591968.0,1295984.0,5.0,33599091.0,6719818.2,2.0,5.0
CUST00403,2025-11,4.0,16769220.0,4192305.0,1.0,33070814.0,33070814.0,4.0,1.0
CUST00403,2025-12,2.0,3113861.0,1556930.5,3.0,42780172.0,14260057.333333334,2.0,3.0
CUST00404,2025-01,1.0,1568716.0,1568716.0,2.0,25124696.0,12562348.0,1.0,2.0
CUST00404,2025-02,2.0,1895235.0,947617.5,1.0,1757494.0,1757494.0,2.0,1.0
CUST00404,2025-03,1.0,3408097.0,3408097.0,3.0,194894803.0,64964934.333333336,1.0,3.0
CUST00404,2025-04,3.0,7982629.0,2660876.3333333335,0.0,0.0,0.0,3.0,0.0
CUST00404,2025-05,1.0,2168331.0,2168331.0,3.0,11824503.0,3941501.0,1.0,3.0
CUST00404,2025-06,1.0,783947.0,783947.0,3.0,41281264.0,13760421.333333334,1.0,3.0
CUST00404,2025-07,5.0,7951608.0,1590321.6,1.0,13227884.0,13227884.0,5.0,1.0
CUST00404,2025-08,3.0,11306080.0,3768693.3333333335,3.0,23593369.0,7864456.333333333,3.0,3.0
CUST00404,2025-09,0.0,0.0,0.0,3.0,92787221.0,30929073.666666668,0.0,3.0
CUST00404,2025-10,2.0,13627984.0,6813992.0,2.0,59554026.0,29777013.0,2.0,2.0
CUST00404,2025-11,1.0,3341444.0,3341444.0,1.0,24725885.0,24725885.0,1.0,1.0
CUST00404,2025-12,2.0,2599564.0,1299782.0,2.0,5622782.0,2811391.0,2.0,2.0
CUST00405,2025-01,0.0,0.0,0.0,1.0,3648977.0,3648977.0,0.0,1.0
CUST00405,2025-02,2.0,104648494.0,52324247.0,1.0,1594735.0,1594735.0,2.0,1.0
CUST00405,2025-03,1.0,8487770.0,8487770.0,0.0,0.0,0.0,1.0,0.0
CUST00405,2025-04,1.0,48774827.0,48774827.0,1.0,7795751.0,7795751.0,1.0,1.0
CUST00405,2025-05,3.0,24053871.0,8017957.0,4.0,15419296.0,3854824.0,3.0,4.0
CUST00405,2025-06,2.0,25041230.0,12520615.0,3.0,31161019.0,10387006.333333334,2.0,3.0
CUST00405,2025-07,3.0,60202679.0,20067559.666666668,2.0,59907854.0,29953927.0,3.0,2.0
CUST00405,2025-08,1.0,10557835.0,10557835.0,2.0,13929633.0,6964816.5,1.0,2.0
CUST00405,2025-09,3.0,38875207.0,12958402.333333334,4.0,133778458.0,33444614.5,2.0,4.0
CUST00405,2025-10,1.0,10774428.0,10774428.0,3.0,26602770.0,8867590.0,1.0,3.0
CUST00405,2025-11,2.0,37311183.0,18655591.5,2.0,131569566.0,65784783.0,2.0,2.0
CUST00405,2025-12,1.0,30131665.0,30131665.0,1.0,152066702.0,152066702.0,1.0,1.0
CUST00406,2025-01,3.0,8880102.0,2960034.0,1.0,41814263.0,41814263.0,3.0,1.0
CUST00406,2025-02,4.0,9030506.0,2257626.5,1.0,19758726.0,19758726.0,4.0,1.0
CUST00406,2025-03,2.0,1961129.0,980564.5,0.0,0.0,0.0,2.0,0.0
CUST00406,2025-04,1.0,3257805.0,3257805.0,1.0,45528411.0,45528411.0,1.0,1.0
CUST00406,2025-05,4.0,13094046.0,3273511.5,3.0,18126472.0,6042157.333333333,4.0,3.0
CUST00406,2025-06,1.0,421560.0,421560.0,1.0,3107391.0,3107391.0,1.0,1.0
CUST00406,2025-07,1.0,3017305.0,3017305.0,1.0,5086858.0,5086858.0,1.0,1.0
CUST00406,2025-08,0.0,0.0,0.0,2.0,2273587.0,1136793.5,0.0,2.0
CUST00406,2025-09,3.0,6711359.0,2237119.6666666665,1.0,9845933.0,9845933.0,3.0,1.0
CUST00406,2025-10,1.0,2159282.0,2159282.0,1.0,1436378.0,1436378.0,1.0,1.0
CUST00406,2025-11,0.0,0.0,0.0,1.0,1058768.0,1058768.0,0.0,1.0
CUST00406,2025-12,0.0,0.0,0.0,2.0,21511809.0,10755904.5,0.0,2.0
CUST00407,2025-01,2.0,5030126.0,2515063.0,5.0,118606797.0,23721359.4,2.0,5.0
CUST00407,2025-02,1.0,1389188.0,1389188.0,1.0,5494160.0,5494160.0,1.0,1.0
CUST00407,2025-03,0.0,0.0,0.0,3.0,13379709.0,4459903.0,0.0,3.0
CUST00407,2025-04,4.0,8684785.0,2171196.25,1.0,11342710.0,11342710.0,4.0,1.0
CUST00407,2025-05,1.0,1302405.0,1302405.0,2.0,11486815.0,5743407.5,1.0,2.0
CUST00407,2025-06,2.0,4562982.0,2281491.0,2.0,19098997.0,9549498.5,2.0,2.0
CUST00407,2025-07,3.0,5189689.0,1729896.3333333333,4.0,83004407.0,20751101.75,3.0,4.0
CUST00407,2025-08,3.0,11337796.0,3779265.3333333335,4.0,14436384.0,3609096.0,3.0,4.0
CUST00407,2025-09,2.0,10487905.0,5243952.5,2.0,5258240.0,2629120.0,2.0,2.0
CUST00407,2025-10,1.0,1769508.0,1769508.0,1.0,39038910.0,39038910.0,1.0,1.0
CUST00407,2025-11,2.0,1723959.0,861979.5,3.0,18294252.0,6098084.0,2.0,3.0
CUST00407,2025-12,1.0,1362672.0,1362672.0,1.0,71057428.0,71057428.0,1.0,1.0
CUST00408,2025-01,1.0,572699.0,572699.0,2.0,11676714.0,5838357.0,1.0,2.0
CUST00408,2025-02,1.0,6564059.0,6564059.0,2.0,28217472.0,14108736.0,1.0,2.0
CUST00408,2025-03,0.0,0.0,0.0,3.0,240198952.0,80066317.33333333,0.0,3.0
CUST00408,2025-04,1.0,1409499.0,1409499.0,1.0,3599543.0,3599543.0,1.0,1.0
CUST00408,2025-05,1.0,1310330.0,1310330.0,2.0,13543652.0,6771826.0,1.0,2.0
CUST00408,2025-06,3.0,11611012.0,3870337.3333333335,2.0,28916239.0,14458119.5,3.0,2.0
CUST00408,2025-07,2.0,3631685.0,1815842.5,3.0,22091595.0,7363865.0,2.0,3.0
CUST00408,2025-08,0.0,0.0,0.0,2.0,23697814.0,11848907.0,0.0,2.0
CUST00408,2025-09,2.0,4708106.0,2354053.0,2.0,17082397.0,8541198.5,2.0,2.0
CUST00408,2025-10,4.0,10174142.0,2543535.5,5.0,45896735.0,9179347.0,4.0,5.0
CUST00408,2025-11,1.0,2109448.0,2109448.0,2.0,51897108.0,25948554.0,1.0,2.0
CUST00408,2025-12,7.0,19847097.0,2835299.5714285714,4.0,29960440.0,7490110.0,7.0,4.0
CUST00409,2025-01,2.0,78810049.0,39405024.5,2.0,4052478.0,2026239.0,2.0,2.0
CUST00409,2025-02,1.0,62013680.0,62013680.0,0.0,0.0,0.0,1.0,0.0
CUST00409,2025-03,1.0,73402714.0,73402714.0,3.0,42306906.0,14102302.0,1.0,3.0
CUST00409,2025-04,3.0,167898123.0,55966041.0,0.0,0.0,0.0,2.0,0.0
CUST00409,2025-05,2.0,177295696.0,88647848.0,3.0,74735446.0,24911815.333333332,2.0,3.0
CUST00409,2025-06,0.0,0.0,0.0,3.0,58673066.0,19557688.666666668,0.0,3.0
CUST00409,2025-07,4.0,248269240.0,62067310.0,0.0,0.0,0.0,4.0,0.0
CUST00409,2025-08,2.0,212594035.0,106297017.5,3.0,35218971.0,11739657.0,2.0,3.0
CUST00409,2025-09,0.0,0.0,0.0,2.0,44927789.0,22463894.5,0.0,2.0
CUST00409,2025-10,2.0,199691588.0,99845794.0,2.0,5183562.0,2591781.0,2.0,2.0
CUST00409,2025-11,2.0,177466538.0,88733269.0,3.0,112209282.0,37403094.0,2.0,3.0
CUST00410,2025-01,3.0,5972406.0,1990802.0,2.0,31532824.0,15766412.0,3.0,2.0
CUST00410,2025-02,1.0,885229.0,885229.0,0.0,0.0,0.0,1.0,0.0
CUST00410,2025-03,4.0,9557038.0,2389259.5,3.0,18121056.0,6040352.0,4.0,3.0
CUST00410,2025-04,1.0,2012091.0,2012091.0,4.0,36603021.0,9150755.25,1.0,4.0
CUST00410,2025-05,1.0,461617.0,461617.0,3.0,8650245.0,2883415.0,1.0,3.0
CUST00410,2025-06,5.0,12354014.0,2470802.8,3.0,123290762.0,41096920.666666664,5.0,3.0
CUST00410,2025-07,6.0,12001473.0,2000245.5,3.0,63871744.0,21290581.333333332,6.0,3.0
CUST00410,2025-08,2.0,6036203.0,3018101.5,3.0,13144262.0,4381420.666666667,2.0,3.0
CUST00410,2025-09,2.0,3511508.0,1755754.0,1.0,24119049.0,24119049.0,2.0,1.0
CUST00410,2025-10,2.0,3816364.0,1908182.0,5.0,30853123.0,6170624.6,2.0,5.0
CUST00410,2025-11,1.0,2267640.0,2267640.0,4.0,24349624.0,6087406.0,1.0,4.0
CUST00410,2025-12,2.0,5109920.0,2554960.0,2.0,13273197.0,6636598.5,2.0,2.0
CUST00411,2025-01,6.0,24071597.0,4011932.8333333335,3.0,43810057.0,14603352.333333334,6.0,3.0
CUST00411,2025-02,3.0,4231859.0,1410619.6666666667,2.0,77746543.0,38873271.5,3.0,2.0
CUST00411,2025-03,5.0,22109023.0,4421804.6,2.0,55716655.0,27858327.5,5.0,2.0
CUST00411,2025-04,1.0,2774480.0,2774480.0,2.0,284773607.0,142386803.5,1.0,2.0
CUST00411,2025-05,1.0,7108709.0,7108709.0,1.0,1579970.0,1579970.0,1.0,1.0
CUST00411,2025-06,3.0,8030234.0,2676744.6666666665,3.0,84612795.0,28204265.0,3.0,3.0
CUST00411,2025-07,2.0,5198831.0,2599415.5,4.0,11543050.0,2885762.5,2.0,4.0
CUST00411,2025-08,1.0,1506632.0,1506632.0,2.0,8509738.0,4254869.0,1.0,2.0
CUST00411,2025-09,4.0,5207885.0,1301971.25,2.0,2716033.0,1358016.5,4.0,2.0
CUST00411,2025-10,4.0,8611182.0,2152795.5,1.0,5074894.0,5074894.0,4.0,1.0
CUST00411,2025-11,0.0,0.0,0.0,2.0,25671403.0,12835701.5,0.0,2.0
CUST00411,2025-12,2.0,6072773.0,3036386.5,3.0,17043813.0,5681271.0,2.0,3.0
CUST00412,2025-01,3.0,51221886.0,17073962.0,5.0,119195766.0,23839153.2,3.0,5.0
CUST00412,2025-02,1.0,9839878.0,9839878.0,1.0,1826591.0,1826591.0,1.0,1.0
CUST00412,2025-03,1.0,33818710.0,33818710.0,0.0,0.0,0.0,1.0,0.0
CUST00412,2025-04,0.0,0.0,0.0,1.0,13863180.0,13863180.0,0.0,1.0
CUST00412,2025-05,4.0,79719310.0,19929827.5,5.0,96691294.0,19338258.8,4.0,5.0
CUST00412,2025-06,2.0,666498094.0,333249047.0,2.0,20642296.0,10321148.0,2.0,2.0
CUST00412,2025-07,3.0,63141535.0,21047178.333333332,1.0,2932533.0,2932533.0,3.0,1.0
CUST00412,2025-08,1.0,6347309.0,6347309.0,2.0,17918673.0,8959336.5,1.0,2.0
CUST00412,2025-09,2.0,21798826.0,10899413.0,2.0,30538902.0,15269451.0,2.0,2.0
CUST00412,2025-10,3.0,72205796.0,24068598.666666668,4.0,126258618.0,31564654.5,3.0,3.0
CUST00412,2025-11,0.0,0.0,0.0,3.0,14532476.0,4844158.666666667,0.0,2.0
CUST00412,2025-12,2.0,44991604.0,22495802.0,1.0,20236454.0,20236454.0,2.0,1.0
CUST00413,2025-01,2.0,26108858.0,13054429.0,0.0,0.0,0.0,2.0,0.0
CUST00413,2025-02,1.0,24040488.0,24040488.0,2.0,3669297.0,1834648.5,1.0,2.0
CUST00413,2025-03,2.0,27280070.0,13640035.0,1.0,2819916.0,2819916.0,2.0,1.0
CUST00413,2025-04,1.0,12711834.0,12711834.0,0.0,0.0,0.0,1.0,0.0
CUST00413,2025-05,3.0,72967911.0,24322637.0,3.0,15327928.0,5109309.333333333,3.0,3.0
CUST00413,2025-06,1.0,16631429.0,16631429.0,3.0,2953544.0,984514.6666666666,1.0,3.0
CUST00413,2025-07,0.0,0.0,0.0,1.0,1355779.0,1355779.0,0.0,1.0
CUST00413,2025-08,4.0,48132993.0,12033248.25,6.0,49679302.0,8279883.666666667,4.0,6.0
CUST00413,2025-09,3.0,74580996.0,24860332.0,0.0,0.0,0.0,3.0,0.0
CUST00413,2025-10,7.0,188008095.0,26858299.285714287,1.0,12654892.0,12654892.0,7.0,1.0
CUST00413,2025-11,6.0,207160477.0,34526746.166666664,3.0,8663320.0,2887773.3333333335,5.0,3.0
CUST00413,2025-12,1.0,7585631.0,7585631.0,3.0,21603830.0,7201276.666666667,1.0,3.0
CUST00414,2025-01,4.0,11640072.0,2910018.0,1.0,6866227.0,6866227.0,4.0,1.0
CUST00414,2025-02,1.0,2155803.0,2155803.0,1.0,2191063.0,2191063.0,1.0,1.0
CUST00414,2025-03,1.0,959506.0,959506.0,3.0,6650878.0,2216959.3333333335,1.0,3.0
CUST00414,2025-04,2.0,4087265.0,2043632.5,1.0,77729452.0,77729452.0,2.0,1.0
CUST00414,2025-05,2.0,9112576.0,4556288.0,1.0,24992793.0,24992793.0,2.0,1.0
CUST00414,2025-06,3.0,12644820.0,4214940.0,3.0,11862550.0,3954183.3333333335,3.0,3.0
CUST00414,2025-07,1.0,1798779.0,1798779.0,2.0,12131207.0,6065603.5,1.0,2.0
CUST00414,2025-08,1.0,2455423.0,2455423.0,3.0,14569548.0,4856516.0,1.0,3.0
CUST00414,2025-09,3.0,30789360.0,10263120.0,2.0,42581085.0,21290542.5,3.0,2.0
CUST00414,2025-10,2.0,3358147.0,1679073.5,3.0,72657335.0,24219111.666666668,2.0,2.0
CUST00414,2025-11,2.0,3799229.0,1899614.5,2.0,83194755.0,41597377.5,2.0,2.0
CUST00415,2025-01,2.0,15645385.0,7822692.5,5.0,128934463.0,25786892.6,2.0,5.0
CUST00415,2025-02,0.0,0.0,0.0,1.0,20831994.0,20831994.0,0.0,1.0
CUST00415,2025-03,0.0,0.0,0.0,1.0,1611805.0,1611805.0,0.0,1.0
CUST00415,2025-04,0.0,0.0,0.0,2.0,2679367.0,1339683.5,0.0,2.0
CUST00415,2025-05,2.0,39810076.0,19905038.0,2.0,3236649.0,1618324.5,2.0,2.0
CUST00415,2025-06,2.0,17232754.0,8616377.0,0.0,0.0,0.0,2.0,0.0
CUST00415,2025-07,0.0,0.0,0.0,2.0,18960674.0,9480337.0,0.0,2.0
CUST00415,2025-08,2.0,58387001.0,29193500.5,1.0,641412.0,641412.0,2.0,1.0
CUST00415,2025-09,3.0,47304033.0,15768011.0,1.0,931649.0,931649.0,3.0,1.0
CUST00415,2025-11,3.0,72037108.0,24012369.333333332,1.0,769720.0,769720.0,3.0,1.0
CUST00415,2025-12,1.0,9882110.0,9882110.0,3.0,19305657.0,6435219.0,1.0,3.0
CUST00416,2025-01,2.0,2771072.0,1385536.0,2.0,319684023.0,159842011.5,2.0,1.0
CUST00416,2025-02,4.0,8002639.0,2000659.75,4.0,19109577.0,4777394.25,4.0,4.0
CUST00416,2025-03,2.0,3455575.0,1727787.5,1.0,2394410.0,2394410.0,2.0,1.0
CUST00416,2025-04,2.0,2165113.0,1082556.5,2.0,46194493.0,23097246.5,2.0,2.0
CUST00416,2025-05,2.0,12077312.0,6038656.0,2.0,37698733.0,18849366.5,2.0,2.0
CUST00416,2025-06,2.0,5095073.0,2547536.5,2.0,3602871.0,1801435.5,2.0,2.0
CUST00416,2025-07,1.0,802192.0,802192.0,0.0,0.0,0.0,1.0,0.0
CUST00416,2025-08,2.0,2700545.0,1350272.5,2.0,118071336.0,59035668.0,2.0,2.0
CUST00416,2025-09,1.0,1121496.0,1121496.0,2.0,10351923.0,5175961.5,1.0,2.0
CUST00416,2025-10,2.0,4013183.0,2006591.5,3.0,121104794.0,40368264.666666664,2.0,3.0
CUST00416,2025-11,2.0,13114805.0,6557402.5,3.0,25012488.0,8337496.0,1.0,3.0
CUST00416,2025-12,0.0,0.0,0.0,2.0,67207014.0,33603507.0,0.0,2.0
CUST00417,2025-01,5.0,7490098.0,1498019.6,1.0,6715548.0,6715548.0,5.0,1.0
CUST00417,2025-02,1.0,5790072.0,5790072.0,2.0,32763384.0,16381692.0,1.0,2.0
CUST00417,2025-03,3.0,7331555.0,2443851.6666666665,0.0,0.0,0.0,3.0,0.0
CUST00417,2025-04,2.0,4536488.0,2268244.0,4.0,73279375.0,18319843.75,2.0,4.0
CUST00417,2025-05,5.0,13235450.0,2647090.0,2.0,3528316.0,1764158.0,5.0,2.0
CUST00417,2025-06,3.0,4178283.0,1392761.0,0.0,0.0,0.0,3.0,0.0
CUST00417,2025-07,2.0,16923505.0,8461752.5,1.0,2777769.0,2777769.0,2.0,1.0
CUST00417,2025-08,1.0,5193051.0,5193051.0,0.0,0.0,0.0,1.0,0.0
CUST00417,2025-09,1.0,2811029.0,2811029.0,4.0,3467290.0,866822.5,1.0,4.0
CUST00417,2025-10,1.0,1692784.0,1692784.0,2.0,36512171.0,18256085.5,1.0,2.0
CUST00417,2025-11,3.0,8849071.0,2949690.3333333335,0.0,0.0,0.0,3.0,0.0
CUST00417,2025-12,5.0,9293958.0,1858791.6,1.0,19566130.0,19566130.0,5.0,1.0
CUST00418,2025-01,3.0,4174692.0,1391564.0,3.0,7916519.0,2638839.6666666665,3.0,3.0
CUST00418,2025-02,2.0,11848458.0,5924229.0,3.0,168486346.0,56162115.333333336,2.0,3.0
CUST00418,2025-03,1.0,5950701.0,5950701.0,2.0,11593193.0,5796596.5,1.0,2.0
CUST00418,2025-04,1.0,2968315.0,2968315.0,0.0,0.0,0.0,1.0,0.0
CUST00418,2025-05,1.0,1471003.0,1471003.0,1.0,1738428.0,1738428.0,1.0,1.0
CUST00418,2025-06,0.0,0.0,0.0,2.0,36496054.0,18248027.0,0.0,2.0
CUST00418,2025-07,3.0,3048402.0,1016134.0,2.0,45197376.0,22598688.0,3.0,2.0
CUST00418,2025-08,3.0,8455298.0,2818432.6666666665,3.0,106856100.0,35618700.0,3.0,3.0
CUST00418,2025-09,1.0,845438.0,845438.0,3.0,127911409.0,42637136.333333336,1.0,3.0
CUST00418,2025-10,2.0,9664776.0,4832388.0,1.0,563557.0,563557.0,2.0,1.0
CUST00418,2025-11,0.0,0.0,0.0,3.0,157123362.0,52374454.0,0.0,3.0
CUST00418,2025-12,2.0,1600806.0,800403.0,6.0,52731643.0,8788607.166666666,2.0,6.0
CUST00419,2025-01,5.0,11683513.0,2336702.6,7.0,94187860.0,13455408.57142857,5.0,7.0
CUST00419,2025-02,0.0,0.0,0.0,2.0,33682152.0,16841076.0,0.0,2.0
CUST00419,2025-03,2.0,13853590.0,6926795.0,3.0,56386757.0,18795585.666666668,2.0,3.0
CUST00419,2025-04,4.0,10382664.0,2595666.0,3.0,3929794.0,1309931.3333333333,4.0,2.0
CUST00419,2025-05,1.0,8351380.0,8351380.0,4.0,25033899.0,6258474.75,1.0,4.0
CUST00419,2025-06,1.0,5594708.0,5594708.0,4.0,127546530.0,31886632.5,1.0,4.0
CUST00419,2025-07,2.0,7483448.0,3741724.0,3.0,5609184.0,1869728.0,2.0,3.0
CUST00419,2025-08,5.0,14160940.0,2832188.0,2.0,11125417.0,5562708.5,5.0,2.0
CUST00419,2025-09,3.0,6128713.0,2042904.3333333333,3.0,161978260.0,53992753.333333336,3.0,3.0
CUST00419,2025-10,4.0,14402581.0,3600645.25,3.0,4802358.0,1600786.0,3.0,3.0
CUST00419,2025-11,4.0,5819423.0,1454855.75,1.0,12959424.0,12959424.0,4.0,1.0
CUST00419,2025-12,2.0,7196735.0,3598367.5,1.0,372117.0,372117.0,2.0,1.0
CUST00420,2025-01,3.0,62963307.0,20987769.0,4.0,8854335.0,2213583.75,3.0,3.0
CUST00420,2025-02,1.0,31205712.0,31205712.0,0.0,0.0,0.0,1.0,0.0
CUST00420,2025-03,2.0,46895786.0,23447893.0,1.0,6032951.0,6032951.0,2.0,1.0
CUST00420,2025-04,1.0,25020627.0,25020627.0,1.0,3830321.0,3830321.0,1.0,1.0
CUST00420,2025-05,1.0,16540802.0,16540802.0,4.0,36828377.0,9207094.25,1.0,4.0
CUST00420,2025-06,4.0,47366907.0,11841726.75,0.0,0.0,0.0,4.0,0.0
CUST00420,2025-07,2.0,66739557.0,33369778.5,1.0,4035882.0,4035882.0,2.0,1.0
CUST00420,2025-08,2.0,37412310.0,18706155.0,1.0,4388541.0,4388541.0,2.0,1.0
CUST00420,2025-09,0.0,0.0,0.0,1.0,28600871.0,28600871.0,0.0,1.0
CUST00420,2025-10,2.0,34392820.0,17196410.0,6.0,140791498.0,23465249.666666668,2.0,6.0
CUST00420,2025-11,2.0,17928777.0,8964388.5,1.0,2233035.0,2233035.0,2.0,1.0
CUST00420,2025-12,1.0,8154479.0,8154479.0,3.0,33090135.0,11030045.0,1.0,3.0
CUST00421,2025-01,1.0,548246.0,548246.0,0.0,0.0,0.0,1.0,0.0
CUST00421,2025-02,2.0,2957865.0,1478932.5,0.0,0.0,0.0,2.0,0.0
CUST00421,2025-03,2.0,4361567.0,2180783.5,3.0,48565377.0,16188459.0,2.0,3.0
CUST00421,2025-04,1.0,3069711.0,3069711.0,2.0,21174658.0,10587329.0,1.0,2.0
CUST00421,2025-05,4.0,9089379.0,2272344.75,0.0,0.0,0.0,4.0,0.0
CUST00421,2025-06,0.0,0.0,0.0,1.0,56427188.0,56427188.0,0.0,1.0
CUST00421,2025-07,1.0,7357417.0,7357417.0,1.0,5986032.0,5986032.0,1.0,1.0
CUST00421,2025-08,3.0,9542836.0,3180945.3333333335,2.0,4842788.0,2421394.0,3.0,2.0
CUST00421,2025-09,3.0,15177326.0,5059108.666666667,2.0,37671467.0,18835733.5,3.0,2.0
CUST00421,2025-11,4.0,14622911.0,3655727.75,4.0,15256052.0,3814013.0,4.0,4.0
CUST00421,2025-12,2.0,2641495.0,1320747.5,4.0,27083799.0,6770949.75,2.0,3.0
CUST00422,2025-01,2.0,5721521.0,2860760.5,3.0,9924273.0,3308091.0,2.0,3.0
CUST00422,2025-02,1.0,5494230.0,5494230.0,2.0,2121353.0,1060676.5,1.0,2.0
CUST00422,2025-03,0.0,0.0,0.0,1.0,4673041.0,4673041.0,0.0,1.0
CUST00422,2025-04,1.0,3953463.0,3953463.0,1.0,129275104.0,129275104.0,1.0,1.0
CUST00422,2025-05,3.0,11466295.0,3822098.3333333335,5.0,20607214.0,4121442.8,2.0,4.0
CUST00422,2025-06,3.0,8379339.0,2793113.0,3.0,9091314.0,3030438.0,3.0,3.0
CUST00422,2025-07,3.0,4240091.0,1413363.6666666667,3.0,71776742.0,23925580.666666668,2.0,3.0
CUST00422,2025-08,3.0,11721602.0,3907200.6666666665,2.0,31150105.0,15575052.5,3.0,2.0
CUST00422,2025-09,4.0,13226794.0,3306698.5,1.0,960220.0,960220.0,4.0,1.0
CUST00422,2025-10,1.0,1057024.0,1057024.0,1.0,1175826.0,1175826.0,1.0,1.0
CUST00422,2025-11,0.0,0.0,0.0,2.0,28602272.0,14301136.0,0.0,2.0
CUST00422,2025-12,2.0,6130493.0,3065246.5,0.0,0.0,0.0,2.0,0.0
CUST00423,2025-01,2.0,38352754.0,19176377.0,3.0,30319544.0,10106514.666666666,2.0,3.0
CUST00423,2025-02,2.0,27532913.0,13766456.5,3.0,103348576.0,34449525.333333336,2.0,3.0
CUST00423,2025-03,0.0,0.0,0.0,5.0,25235886.0,5047177.2,0.0,5.0
CUST00423,2025-04,3.0,43883742.0,14627914.0,3.0,7504626.0,2501542.0,3.0,3.0
CUST00423,2025-05,2.0,33469134.0,16734567.0,3.0,15751414.0,5250471.333333333,2.0,3.0
CUST00423,2025-06,1.0,8658509.0,8658509.0,1.0,15912682.0,15912682.0,1.0,1.0
CUST00423,2025-07,3.0,50312513.0,16770837.666666666,2.0,33755898.0,16877949.0,2.0,2.0
CUST00423,2025-08,1.0,3830071.0,3830071.0,4.0,27699767.0,6924941.75,1.0,4.0
CUST00423,2025-09,6.0,143178582.0,23863097.0,2.0,27663153.0,13831576.5,5.0,2.0
CUST00423,2025-10,1.0,7151380.0,7151380.0,1.0,489317.0,489317.0,1.0,1.0
CUST00423,2025-11,1.0,154147547.0,154147547.0,4.0,101283016.0,25320754.0,1.0,3.0
CUST00423,2025-12,4.0,77645415.0,19411353.75,2.0,15937463.0,7968731.5,4.0,2.0
CUST00424,2025-01,4.0,47492287.0,11873071.75,4.0,106228349.0,26557087.25,4.0,4.0
CUST00424,2025-02,3.0,26335140.0,8778380.0,2.0,15667365.0,7833682.5,3.0,2.0
CUST00424,2025-03,3.0,54906641.0,18302213.666666668,4.0,27547016.0,6886754.0,3.0,4.0
CUST00424,2025-04,1.0,12425670.0,12425670.0,0.0,0.0,0.0,1.0,0.0
CUST00424,2025-05,4.0,62446070.0,15611517.5,4.0,22569411.0,5642352.75,4.0,4.0
CUST00424,2025-06,4.0,57844953.0,14461238.25,4.0,44236449.0,11059112.25,4.0,4.0
CUST00424,2025-07,1.0,4863395.0,4863395.0,2.0,21331179.0,10665589.5,1.0,2.0
CUST00424,2025-08,0.0,0.0,0.0,2.0,5120937.0,2560468.5,0.0,2.0
CUST00424,2025-09,2.0,14010990.0,7005495.0,1.0,4351006.0,4351006.0,2.0,1.0
CUST00424,2025-10,5.0,93313232.0,18662646.4,0.0,0.0,0.0,5.0,0.0
CUST00424,2025-11,3.0,89591250.0,29863750.0,3.0,54915392.0,18305130.666666668,3.0,3.0
CUST00424,2025-12,1.0,8239208.0,8239208.0,2.0,2920397.0,1460198.5,1.0,2.0
CUST00425,2025-01,2.0,2415216.0,1207608.0,2.0,6911215.0,3455607.5,2.0,2.0
CUST00425,2025-02,3.0,7868335.0,2622778.3333333335,3.0,36939311.0,12313103.666666666,3.0,3.0
CUST00425,2025-03,3.0,6025864.0,2008621.3333333333,3.0,8331995.0,2777331.6666666665,3.0,3.0
CUST00425,2025-04,0.0,0.0,0.0,1.0,1031640.0,1031640.0,0.0,1.0
CUST00425,2025-05,3.0,5283807.0,1761269.0,1.0,4268301.0,4268301.0,3.0,1.0
CUST00425,2025-06,2.0,5552690.0,2776345.0,2.0,7677868.0,3838934.0,2.0,2.0
CUST00425,2025-07,1.0,853898.0,853898.0,0.0,0.0,0.0,1.0,0.0
CUST00425,2025-08,4.0,33798145.0,8449536.25,3.0,18473685.0,6157895.0,4.0,3.0
CUST00425,2025-09,4.0,7274711.0,1818677.75,2.0,4383616.0,2191808.0,4.0,2.0
CUST00425,2025-10,1.0,1735263.0,1735263.0,1.0,29005878.0,29005878.0,1.0,1.0
CUST00425,2025-11,4.0,9597958.0,2399489.5,0.0,0.0,0.0,4.0,0.0
CUST00425,2025-12,5.0,9347743.0,1869548.6,2.0,8992145.0,4496072.5,5.0,2.0
CUST00426,2025-01,2.0,47652566.0,23826283.0,2.0,22614747.0,11307373.5,2.0,2.0
CUST00426,2025-02,1.0,195301485.0,195301485.0,5.0,8156356.0,1631271.2,1.0,5.0
CUST00426,2025-03,3.0,25625626.0,8541875.333333334,3.0,66409179.0,22136393.0,3.0,3.0
CUST00426,2025-04,2.0,18658807.0,9329403.5,4.0,9715938.0,2428984.5,2.0,3.0
CUST00426,2025-05,1.0,8474265.0,8474265.0,2.0,43291459.0,21645729.5,1.0,2.0
CUST00426,2025-06,0.0,0.0,0.0,3.0,6197907.0,2065969.0,0.0,3.0
CUST00426,2025-07,1.0,8618444.0,8618444.0,1.0,17376200.0,17376200.0,1.0,1.0
CUST00426,2025-08,5.0,103089136.0,20617827.2,2.0,48145419.0,24072709.5,5.0,2.0
CUST00426,2025-09,3.0,32064213.0,10688071.0,1.0,55117729.0,55117729.0,3.0,1.0
CUST00426,2025-10,0.0,0.0,0.0,1.0,15902538.0,15902538.0,0.0,1.0
CUST00426,2025-11,3.0,91628773.0,30542924.333333332,1.0,39626437.0,39626437.0,3.0,1.0
CUST00426,2025-12,4.0,146549760.0,36637440.0,2.0,26695016.0,13347508.0,4.0,2.0
CUST00427,2025-01,3.0,14505489.0,4835163.0,5.0,161270976.0,32254195.2,3.0,5.0
CUST00427,2025-02,3.0,12397007.0,4132335.6666666665,1.0,2321599.0,2321599.0,3.0,1.0
CUST00427,2025-03,3.0,14681561.0,4893853.666666667,1.0,46354221.0,46354221.0,3.0,1.0
CUST00427,2025-04,3.0,9003358.0,3001119.3333333335,0.0,0.0,0.0,3.0,0.0
CUST00427,2025-05,1.0,9317284.0,9317284.0,4.0,111072454.0,27768113.5,1.0,4.0
CUST00427,2025-06,4.0,17951962.0,4487990.5,3.0,64534116.0,21511372.0,4.0,3.0
CUST00427,2025-07,2.0,8170161.0,4085080.5,2.0,191902314.0,95951157.0,2.0,2.0
CUST00427,2025-08,6.0,16002212.0,2667035.3333333335,5.0,39697667.0,7939533.4,6.0,4.0
CUST00427,2025-09,2.0,4725244.0,2362622.0,1.0,12823647.0,12823647.0,1.0,1.0
CUST00427,2025-10,5.0,9898075.0,1979615.0,4.0,44356437.0,11089109.25,5.0,4.0
CUST00427,2025-11,3.0,9310265.0,3103421.6666666665,1.0,30261440.0,30261440.0,3.0,1.0
CUST00427,2025-12,0.0,0.0,0.0,5.0,55193730.0,11038746.0,0.0,5.0
CUST00428,2025-01,1.0,84733826.0,84733826.0,2.0,6136656.0,3068328.0,1.0,2.0
CUST00428,2025-02,1.0,3850315.0,3850315.0,3.0,31462824.0,10487608.0,1.0,2.0
CUST00428,2025-03,2.0,63751920.0,31875960.0,1.0,6832158.0,6832158.0,2.0,1.0
CUST00428,2025-04,5.0,119279091.0,23855818.2,0.0,0.0,0.0,5.0,0.0
CUST00428,2025-05,3.0,48671927.0,16223975.666666666,3.0,4937545.0,1645848.3333333333,3.0,3.0
CUST00428,2025-06,6.0,93532185.0,15588697.5,1.0,4280092.0,4280092.0,6.0,1.0
CUST00428,2025-07,0.0,0.0,0.0,1.0,92027234.0,92027234.0,0.0,1.0
CUST00428,2025-08,2.0,55262746.0,27631373.0,3.0,26871883.0,8957294.333333334,2.0,3.0
CUST00428,2025-09,0.0,0.0,0.0,1.0,25623022.0,25623022.0,0.0,1.0
CUST00428,2025-10,4.0,102841653.0,25710413.25,2.0,109304130.0,54652065.0,4.0,2.0
CUST00428,2025-11,1.0,14032626.0,14032626.0,1.0,593012.0,593012.0,1.0,1.0
CUST00428,2025-12,3.0,51049024.0,17016341.333333332,3.0,172574113.0,57524704.333333336,3.0,3.0
CUST00429,2025-01,1.0,3788701.0,3788701.0,1.0,785581.0,785581.0,1.0,1.0
CUST00429,2025-02,2.0,33425923.0,16712961.5,3.0,162702342.0,54234114.0,2.0,3.0
CUST00429,2025-03,1.0,4502856.0,4502856.0,0.0,0.0,0.0,1.0,0.0
CUST00429,2025-04,2.0,33496897.0,16748448.5,1.0,1029757.0,1029757.0,2.0,1.0
CUST00429,2025-05,2.0,12052112.0,6026056.0,1.0,3126701.0,3126701.0,2.0,1.0
CUST00429,2025-06,1.0,24408066.0,24408066.0,3.0,199917647.0,66639215.666666664,1.0,3.0
CUST00429,2025-07,1.0,58809540.0,58809540.0,1.0,568412.0,568412.0,1.0,1.0
CUST00429,2025-08,1.0,10126573.0,10126573.0,3.0,17950082.0,5983360.666666667,1.0,3.0
CUST00429,2025-09,2.0,49560798.0,24780399.0,0.0,0.0,0.0,2.0,0.0
CUST00429,2025-10,2.0,59996516.0,29998258.0,3.0,77248149.0,25749383.0,2.0,3.0
CUST00429,2025-11,0.0,0.0,0.0,2.0,22401964.0,11200982.0,0.0,2.0
CUST00429,2025-12,2.0,20724721.0,10362360.5,1.0,5223294.0,5223294.0,2.0,1.0
CUST00430,2025-01,1.0,33301041.0,33301041.0,2.0,97675916.0,48837958.0,1.0,2.0
CUST00430,2025-02,1.0,46346824.0,46346824.0,0.0,0.0,0.0,1.0,0.0
CUST00430,2025-03,1.0,78530463.0,78530463.0,1.0,19138946.0,19138946.0,1.0,1.0
CUST00430,2025-04,2.0,121952322.0,60976161.0,3.0,118437968.0,39479322.666666664,2.0,3.0
CUST00430,2025-05,1.0,29293291.0,29293291.0,0.0,0.0,0.0,1.0,0.0
CUST00430,2025-06,0.0,0.0,0.0,2.0,6130237.0,3065118.5,0.0,2.0
CUST00430,2025-07,1.0,310317998.0,310317998.0,4.0,111867540.0,27966885.0,1.0,4.0
CUST00430,2025-08,1.0,90873223.0,90873223.0,2.0,92811075.0,46405537.5,1.0,2.0
CUST00430,2025-09,5.0,399356678.0,79871335.6,3.0,222767444.0,74255814.66666667,5.0,3.0
CUST00430,2025-10,1.0,418252648.0,418252648.0,3.0,151745011.0,50581670.333333336,1.0,3.0
CUST00430,2025-11,2.0,182576487.0,91288243.5,2.0,17242414.0,8621207.0,2.0,2.0
CUST00430,2025-12,5.0,478631640.0,95726328.0,2.0,71250432.0,35625216.0,5.0,2.0
CUST00431,2025-01,3.0,3809929.0,1269976.3333333333,3.0,35155749.0,11718583.0,3.0,3.0
CUST00431,2025-02,2.0,6473913.0,3236956.5,0.0,0.0,0.0,2.0,0.0
CUST00431,2025-03,1.0,663011.0,663011.0,1.0,1617885.0,1617885.0,1.0,1.0
CUST00431,2025-04,2.0,6817367.0,3408683.5,3.0,15356805.0,5118935.0,2.0,3.0
CUST00431,2025-05,1.0,6699519.0,6699519.0,1.0,17856863.0,17856863.0,1.0,1.0
CUST00431,2025-06,3.0,10629187.0,3543062.3333333335,1.0,5088186.0,5088186.0,3.0,1.0
CUST00431,2025-08,3.0,6706231.0,2235410.3333333335,4.0,102488029.0,25622007.25,3.0,4.0
CUST00431,2025-09,0.0,0.0,0.0,1.0,3513306.0,3513306.0,0.0,1.0
CUST00431,2025-10,2.0,3452995.0,1726497.5,3.0,19898006.0,6632668.666666667,2.0,3.0
CUST00431,2025-11,1.0,2274524.0,2274524.0,2.0,14238262.0,7119131.0,1.0,2.0
CUST00431,2025-12,3.0,12977654.0,4325884.666666667,4.0,11588909.0,2897227.25,3.0,4.0
CUST00432,2025-01,0.0,0.0,0.0,3.0,3886918.0,1295639.3333333333,0.0,3.0
CUST00432,2025-02,0.0,0.0,0.0,2.0,12141114.0,6070557.0,0.0,2.0
CUST00432,2025-03,4.0,11509425.0,2877356.25,1.0,7212134.0,7212134.0,4.0,1.0
CUST00432,2025-04,2.0,3083724.0,1541862.0,2.0,20793173.0,10396586.5,2.0,2.0
CUST00432,2025-05,1.0,3140845.0,3140845.0,5.0,26799441.0,5359888.2,1.0,5.0
CUST00432,2025-06,1.0,2840651.0,2840651.0,2.0,10075222.0,5037611.0,1.0,2.0
CUST00432,2025-07,1.0,3169251.0,3169251.0,1.0,17466272.0,17466272.0,1.0,1.0
CUST00432,2025-08,3.0,6988301.0,2329433.6666666665,1.0,4218097.0,4218097.0,3.0,1.0
CUST00432,2025-09,3.0,5929243.0,1976414.3333333333,3.0,27730020.0,9243340.0,3.0,3.0
CUST00432,2025-10,1.0,4365605.0,4365605.0,0.0,0.0,0.0,1.0,0.0
CUST00432,2025-11,3.0,14472479.0,4824159.666666667,3.0,25691537.0,8563845.666666666,3.0,3.0
CUST00432,2025-12,2.0,5086410.0,2543205.0,1.0,34473349.0,34473349.0,2.0,1.0
CUST00433,2025-01,3.0,9980447.0,3326815.6666666665,1.0,6327939.0,6327939.0,3.0,1.0
CUST00433,2025-02,0.0,0.0,0.0,1.0,7262509.0,7262509.0,0.0,1.0
CUST00433,2025-03,3.0,2791738.0,930579.3333333334,0.0,0.0,0.0,3.0,0.0
CUST00433,2025-04,3.0,8353976.0,2784658.6666666665,0.0,0.0,0.0,3.0,0.0
CUST00433,2025-05,2.0,6144045.0,3072022.5,3.0,49276024.0,16425341.333333334,2.0,3.0
CUST00433,2025-06,2.0,5484761.0,2742380.5,3.0,33658011.0,11219337.0,2.0,3.0
CUST00433,2025-07,2.0,4866714.0,2433357.0,4.0,18560814.0,4640203.5,2.0,4.0
CUST00433,2025-08,2.0,9360582.0,4680291.0,3.0,76088900.0,25362966.666666668,2.0,3.0
CUST00433,2025-09,4.0,12493958.0,3123489.5,0.0,0.0,0.0,4.0,0.0
CUST00433,2025-10,3.0,9351728.0,3117242.6666666665,1.0,1632047.0,1632047.0,3.0,1.0
CUST00433,2025-11,1.0,2422326.0,2422326.0,0.0,0.0,0.0,1.0,0.0
CUST00433,2025-12,1.0,5253059.0,5253059.0,1.0,20119792.0,20119792.0,1.0,1.0
CUST00434,2025-01,1.0,1532105.0,1532105.0,3.0,93090345.0,31030115.0,1.0,3.0
CUST00434,2025-02,1.0,2271580.0,2271580.0,1.0,1688483.0,1688483.0,1.0,1.0
CUST00434,2025-03,4.0,11741047.0,2935261.75,2.0,31718081.0,15859040.5,4.0,2.0
CUST00434,2025-04,3.0,8048769.0,2682923.0,2.0,2411330.0,1205665.0,3.0,2.0
CUST00434,2025-05,3.0,4646531.0,1548843.6666666667,5.0,17575099.0,3515019.8,3.0,5.0
CUST00434,2025-06,0.0,0.0,0.0,3.0,48373681.0,16124560.333333334,0.0,3.0
CUST00434,2025-07,4.0,7677314.0,1919328.5,2.0,6884322.0,3442161.0,4.0,2.0
CUST00434,2025-08,3.0,6969183.0,2323061.0,2.0,98056936.0,49028468.0,3.0,2.0
CUST00434,2025-09,1.0,1785208.0,1785208.0,4.0,71563550.0,17890887.5,1.0,3.0
CUST00434,2025-10,0.0,0.0,0.0,2.0,11834283.0,5917141.5,0.0,2.0
CUST00434,2025-11,4.0,21761429.0,5440357.25,3.0,13933171.0,4644390.333333333,4.0,3.0
CUST00434,2025-12,5.0,18527898.0,3705579.6,4.0,106810094.0,26702523.5,5.0,4.0
CUST00435,2025-01,2.0,3335179.0,1667589.5,0.0,0.0,0.0,2.0,0.0
CUST00435,2025-02,5.0,12525361.0,2505072.2,2.0,27123640.0,13561820.0,5.0,2.0
CUST00435,2025-03,2.0,14245114.0,7122557.0,0.0,0.0,0.0,2.0,0.0
CUST00435,2025-04,0.0,0.0,0.0,2.0,14553109.0,7276554.5,0.0,2.0
CUST00435,2025-05,2.0,3370927.0,1685463.5,3.0,45867960.0,15289320.0,2.0,3.0
CUST00435,2025-06,2.0,4912686.0,2456343.0,1.0,802954.0,802954.0,2.0,1.0
CUST00435,2025-07,1.0,3753530.0,3753530.0,3.0,34489633.0,11496544.333333334,1.0,3.0
CUST00435,2025-08,0.0,0.0,0.0,2.0,263288076.0,131644038.0,0.0,2.0
CUST00435,2025-09,2.0,1502712.0,751356.0,2.0,61037015.0,30518507.5,2.0,2.0
CUST00435,2025-10,1.0,415745.0,415745.0,1.0,2267785.0,2267785.0,1.0,1.0
CUST00435,2025-11,0.0,0.0,0.0,2.0,2206441.0,1103220.5,0.0,2.0
CUST00435,2025-12,1.0,1398981.0,1398981.0,1.0,4114382.0,4114382.0,1.0,1.0
CUST00436,2025-01,2.0,164001548.0,82000774.0,5.0,29901922.0,5980384.4,2.0,5.0
CUST00436,2025-02,5.0,290950160.0,58190032.0,2.0,25063234.0,12531617.0,5.0,2.0
CUST00436,2025-03,1.0,68218469.0,68218469.0,4.0,24525604.0,6131401.0,1.0,4.0
CUST00436,2025-04,2.0,215506609.0,107753304.5,1.0,95574924.0,95574924.0,2.0,1.0
CUST00436,2025-05,2.0,250107694.0,125053847.0,4.0,18855979.0,4713994.75,2.0,4.0
CUST00436,2025-06,5.0,532954224.0,106590844.8,3.0,31551231.0,10517077.0,4.0,3.0
CUST00436,2025-07,1.0,80717396.0,80717396.0,2.0,20510525.0,10255262.5,1.0,2.0
CUST00436,2025-08,5.0,775072227.0,155014445.4,2.0,10843427.0,5421713.5,5.0,1.0
CUST00436,2025-09,4.0,437330648.0,109332662.0,2.0,18887692.0,9443846.0,4.0,2.0
CUST00436,2025-10,4.0,663231634.0,165807908.5,1.0,357548061.0,357548061.0,4.0,1.0
CUST00436,2025-11,2.0,48428295.0,24214147.5,2.0,47065226.0,23532613.0,2.0,2.0
CUST00436,2025-12,4.0,406237191.0,101559297.75,3.0,10131929.0,3377309.6666666665,3.0,3.0
CUST00437,2025-01,2.0,3624719.0,1812359.5,5.0,63035760.0,12607152.0,2.0,5.0
CUST00437,2025-02,1.0,3038028.0,3038028.0,4.0,189433867.0,47358466.75,1.0,4.0
CUST00437,2025-03,2.0,2489670.0,1244835.0,3.0,19387494.0,6462498.0,2.0,3.0
CUST00437,2025-04,0.0,0.0,0.0,3.0,60091088.0,20030362.666666668,0.0,3.0
CUST00437,2025-05,1.0,4101036.0,4101036.0,1.0,30580860.0,30580860.0,1.0,1.0
CUST00437,2025-06,2.0,1716050.0,858025.0,2.0,45421291.0,22710645.5,2.0,2.0
CUST00437,2025-07,3.0,3011587.0,1003862.3333333334,2.0,11223250.0,5611625.0,3.0,2.0
CUST00437,2025-08,4.0,14968704.0,3742176.0,1.0,1501450.0,1501450.0,4.0,1.0
CUST00437,2025-09,4.0,8430213.0,2107553.25,4.0,69056816.0,17264204.0,4.0,4.0
CUST00437,2025-10,1.0,1308005.0,1308005.0,3.0,5535864.0,1845288.0,1.0,3.0
CUST00437,2025-11,0.0,0.0,0.0,1.0,133033.0,133033.0,0.0,1.0
CUST00437,2025-12,3.0,11050947.0,3683649.0,2.0,15985088.0,7992544.0,3.0,2.0
CUST00438,2025-01,2.0,6918669.0,3459334.5,2.0,5008446.0,2504223.0,2.0,2.0
CUST00438,2025-02,2.0,1401956.0,700978.0,0.0,0.0,0.0,2.0,0.0
CUST00438,2025-03,3.0,6552435.0,2184145.0,2.0,115495695.0,57747847.5,3.0,2.0
CUST00438,2025-04,2.0,5415645.0,2707822.5,2.0,9243654.0,4621827.0,2.0,2.0
CUST00438,2025-05,3.0,8107619.0,2702539.6666666665,3.0,19626415.0,6542138.333333333,3.0,3.0
CUST00438,2025-06,3.0,2617711.0,872570.3333333334,3.0,3811023.0,1270341.0,3.0,3.0
CUST00438,2025-07,3.0,16481254.0,5493751.333333333,1.0,1305145.0,1305145.0,3.0,1.0
CUST00438,2025-08,6.0,8774572.0,1462428.6666666667,7.0,97476049.0,13925149.857142856,5.0,6.0
CUST00438,2025-09,2.0,3784054.0,1892027.0,3.0,20073852.0,6691284.0,2.0,3.0
CUST00438,2025-10,3.0,6254280.0,2084760.0,2.0,3253519.0,1626759.5,3.0,2.0
CUST00438,2025-11,1.0,2070121.0,2070121.0,0.0,0.0,0.0,1.0,0.0
CUST00438,2025-12,3.0,6066222.0,2022074.0,1.0,1621939.0,1621939.0,3.0,1.0
CUST00439,2025-01,2.0,169268853.0,84634426.5,5.0,16564397.0,3312879.4,2.0,5.0
CUST00439,2025-02,1.0,13713191.0,13713191.0,2.0,38266388.0,19133194.0,1.0,2.0
CUST00439,2025-03,4.0,73390070.0,18347517.5,5.0,50730724.0,10146144.8,4.0,5.0
CUST00439,2025-04,1.0,5185392.0,5185392.0,1.0,749758.0,749758.0,1.0,1.0
CUST00439,2025-05,1.0,21256904.0,21256904.0,1.0,1652546.0,1652546.0,1.0,1.0
CUST00439,2025-06,4.0,56436327.0,14109081.75,0.0,0.0,0.0,4.0,0.0
CUST00439,2025-07,4.0,196825522.0,49206380.5,2.0,25225919.0,12612959.5,4.0,2.0
CUST00439,2025-08,1.0,6047892.0,6047892.0,3.0,30153405.0,10051135.0,1.0,3.0
CUST00439,2025-09,1.0,35515548.0,35515548.0,2.0,8565219.0,4282609.5,1.0,2.0
CUST00439,2025-10,1.0,16456540.0,16456540.0,2.0,8033958.0,4016979.0,1.0,2.0
CUST00439,2025-12,1.0,34537232.0,34537232.0,1.0,126260399.0,126260399.0,1.0,1.0
CUST00440,2025-01,3.0,12738976.0,4246325.333333333,4.0,19027668.0,4756917.0,3.0,4.0
CUST00440,2025-02,1.0,833503.0,833503.0,3.0,37190244.0,12396748.0,1.0,2.0
CUST00440,2025-03,4.0,18132987.0,4533246.75,1.0,14863966.0,14863966.0,4.0,1.0
CUST00440,2025-04,0.0,0.0,0.0,3.0,15088396.0,5029465.333333333,0.0,3.0
CUST00440,2025-05,6.0,35416648.0,5902774.666666667,2.0,1831686.0,915843.0,6.0,2.0
CUST00440,2025-06,1.0,2211312.0,2211312.0,1.0,1024096.0,1024096.0,1.0,1.0
CUST00440,2025-07,1.0,1821560.0,1821560.0,4.0,221598260.0,55399565.0,1.0,4.0
CUST00440,2025-08,4.0,7025610.0,1756402.5,2.0,15205172.0,7602586.0,4.0,2.0
CUST00440,2025-09,1.0,2897005.0,2897005.0,3.0,47607285.0,15869095.0,1.0,3.0
CUST00440,2025-10,0.0,0.0,0.0,6.0,142371484.0,23728580.666666668,0.0,6.0
CUST00440,2025-11,0.0,0.0,0.0,5.0,46286665.0,9257333.0,0.0,5.0
CUST00440,2025-12,1.0,850958.0,850958.0,3.0,19458364.0,6486121.333333333,1.0,3.0
CUST00441,2025-01,1.0,3874937.0,3874937.0,2.0,38643957.0,19321978.5,1.0,2.0
CUST00441,2025-02,3.0,28985455.0,9661818.333333334,1.0,21402421.0,21402421.0,3.0,1.0
CUST00441,2025-03,2.0,19702661.0,9851330.5,3.0,268763339.0,89587779.66666667,1.0,3.0
CUST00441,2025-04,2.0,43081487.0,21540743.5,3.0,163615130.0,54538376.666666664,2.0,3.0
CUST00441,2025-05,2.0,42430051.0,21215025.5,4.0,21776765.0,5444191.25,2.0,4.0
CUST00441,2025-06,5.0,88028034.0,17605606.8,2.0,1910257.0,955128.5,5.0,1.0
CUST00441,2025-07,1.0,9078680.0,9078680.0,1.0,1845952.0,1845952.0,1.0,1.0
CUST00441,2025-08,2.0,21159062.0,10579531.0,2.0,4321962.0,2160981.0,2.0,2.0
CUST00441,2025-09,0.0,0.0,0.0,1.0,40377513.0,40377513.0,0.0,1.0
CUST00441,2025-10,2.0,62336352.0,31168176.0,2.0,558738579.0,279369289.5,2.0,2.0
CUST00441,2025-11,4.0,77076539.0,19269134.75,3.0,111013144.0,37004381.333333336,4.0,3.0
CUST00441,2025-12,3.0,60213610.0,20071203.333333332,1.0,1138001.0,1138001.0,3.0,1.0
CUST00442,2025-01,6.0,19551234.0,3258539.0,1.0,4577332.0,4577332.0,6.0,1.0
CUST00442,2025-02,2.0,7077792.0,3538896.0,2.0,28605253.0,14302626.5,2.0,2.0
CUST00442,2025-03,3.0,17769618.0,5923206.0,1.0,2125194.0,2125194.0,3.0,1.0
CUST00442,2025-04,2.0,3247129.0,1623564.5,3.0,11058165.0,3686055.0,2.0,3.0
CUST00442,2025-05,2.0,8235261.0,4117630.5,5.0,13227657.0,2645531.4,2.0,5.0
CUST00442,2025-06,1.0,318868.0,318868.0,3.0,7320496.0,2440165.3333333335,1.0,3.0
CUST00442,2025-07,2.0,5804513.0,2902256.5,0.0,0.0,0.0,2.0,0.0
CUST00442,2025-08,0.0,0.0,0.0,2.0,4249475.0,2124737.5,0.0,2.0
CUST00442,2025-09,1.0,2063633.0,2063633.0,2.0,25723684.0,12861842.0,1.0,2.0
CUST00442,2025-10,1.0,2381240.0,2381240.0,4.0,7811951.0,1952987.75,1.0,4.0
CUST00442,2025-11,1.0,1029359.0,1029359.0,2.0,22386549.0,11193274.5,1.0,2.0
CUST00442,2025-12,2.0,8279944.0,4139972.0,2.0,188017846.0,94008923.0,2.0,2.0
CUST00443,2025-01,5.0,9241767.0,1848353.4,1.0,5037175.0,5037175.0,5.0,1.0
CUST00443,2025-02,0.0,0.0,0.0,1.0,4378669.0,4378669.0,0.0,1.0
CUST00443,2025-03,3.0,14164201.0,4721400.333333333,2.0,24680413.0,12340206.5,3.0,2.0
CUST00443,2025-04,1.0,3447853.0,3447853.0,3.0,164307007.0,54769002.333333336,1.0,3.0
CUST00443,2025-05,3.0,3539799.0,1179933.0,2.0,87273749.0,43636874.5,3.0,2.0
CUST00443,2025-06,0.0,0.0,0.0,1.0,1725467.0,1725467.0,0.0,1.0
CUST00443,2025-07,1.0,3790017.0,3790017.0,2.0,8301703.0,4150851.5,1.0,2.0
CUST00443,2025-08,4.0,6360009.0,1590002.25,3.0,93309209.0,31103069.666666668,4.0,3.0
CUST00443,2025-09,0.0,0.0,0.0,2.0,9050100.0,4525050.0,0.0,2.0
CUST00443,2025-10,1.0,4266023.0,4266023.0,0.0,0.0,0.0,1.0,0.0
CUST00443,2025-11,4.0,1989122.0,497280.5,0.0,0.0,0.0,3.0,0.0
CUST00443,2025-12,4.0,22539587.0,5634896.75,0.0,0.0,0.0,4.0,0.0
CUST00444,2025-01,2.0,6965585.0,3482792.5,2.0,5078414.0,2539207.0,2.0,2.0
CUST00444,2025-02,2.0,3928033.0,1964016.5,1.0,9874643.0,9874643.0,2.0,1.0
CUST00444,2025-03,2.0,7026714.0,3513357.0,1.0,915767.0,915767.0,2.0,1.0
CUST00444,2025-04,3.0,7184951.0,2394983.6666666665,4.0,11073625.0,2768406.25,3.0,4.0
CUST00444,2025-05,0.0,0.0,0.0,2.0,6403272.0,3201636.0,0.0,2.0
CUST00444,2025-06,1.0,3652342.0,3652342.0,4.0,340338326.0,85084581.5,1.0,4.0
CUST00444,2025-07,1.0,5652697.0,5652697.0,0.0,0.0,0.0,1.0,0.0
CUST00444,2025-08,4.0,11854835.0,2963708.75,5.0,63157777.0,12631555.4,4.0,5.0
CUST00444,2025-09,2.0,3971295.0,1985647.5,3.0,68822215.0,22940738.333333332,2.0,3.0
CUST00444,2025-10,4.0,6640897.0,1660224.25,0.0,0.0,0.0,4.0,0.0
CUST00444,2025-12,1.0,5223294.0,5223294.0,0.0,0.0,0.0,1.0,0.0
CUST00445,2025-01,3.0,9066221.0,3022073.6666666665,1.0,13019582.0,13019582.0,3.0,1.0
CUST00445,2025-02,0.0,0.0,0.0,5.0,58215741.0,11643148.2,0.0,5.0
CUST00445,2025-03,4.0,19448120.0,4862030.0,3.0,4850531.0,1616843.6666666667,4.0,3.0
CUST00445,2025-04,2.0,5509688.0,2754844.0,4.0,131162772.0,32790693.0,2.0,4.0
CUST00445,2025-05,1.0,1633888.0,1633888.0,2.0,12296130.0,6148065.0,1.0,2.0
CUST00445,2025-06,3.0,7646308.0,2548769.3333333335,3.0,6482456.0,2160818.6666666665,3.0,3.0
CUST00445,2025-07,0.0,0.0,0.0,3.0,429233512.0,143077837.33333334,0.0,3.0
CUST00445,2025-08,2.0,3938172.0,1969086.0,0.0,0.0,0.0,2.0,0.0
CUST00445,2025-09,0.0,0.0,0.0,3.0,18581751.0,6193917.0,0.0,3.0
CUST00445,2025-10,1.0,2974197.0,2974197.0,3.0,22462256.0,7487418.666666667,1.0,3.0
CUST00445,2025-11,5.0,10421703.0,2084340.6,1.0,1095098.0,1095098.0,5.0,1.0
CUST00445,2025-12,0.0,0.0,0.0,5.0,16846771.0,3369354.2,0.0,5.0
CUST00446,2025-01,2.0,446727745.0,223363872.5,3.0,34460485.0,11486828.333333334,2.0,3.0
CUST00446,2025-02,3.0,203640115.0,67880038.33333333,3.0,32101456.0,10700485.333333334,3.0,3.0
CUST00446,2025-03,0.0,0.0,0.0,5.0,93944501.0,18788900.2,0.0,5.0
CUST00446,2025-04,1.0,30083747.0,30083747.0,2.0,4874153.0,2437076.5,1.0,1.0
CUST00446,2025-05,1.0,35715040.0,35715040.0,0.0,0.0,0.0,1.0,0.0
CUST00446,2025-06,3.0,131490500.0,43830166.666666664,0.0,0.0,0.0,3.0,0.0
CUST00446,2025-07,1.0,36731093.0,36731093.0,3.0,327237996.0,109079332.0,1.0,3.0
CUST00446,2025-08,2.0,75881265.0,37940632.5,2.0,129749864.0,64874932.0,2.0,2.0
CUST00446,2025-09,3.0,412563181.0,137521060.33333334,2.0,21637947.0,10818973.5,3.0,2.0
CUST00446,2025-10,6.0,435247058.0,72541176.33333333,4.0,122653538.0,30663384.5,6.0,4.0
CUST00446,2025-11,2.0,81193213.0,40596606.5,0.0,0.0,0.0,2.0,0.0
CUST00446,2025-12,3.0,278056604.0,92685534.66666667,0.0,0.0,0.0,3.0,0.0
CUST00447,2025-01,4.0,11915476.0,2978869.0,4.0,7625015.0,1906253.75,4.0,4.0
CUST00447,2025-02,0.0,0.0,0.0,2.0,6160144.0,3080072.0,0.0,1.0
CUST00447,2025-03,2.0,3546447.0,1773223.5,3.0,17759753.0,5919917.666666667,2.0,3.0
CUST00447,2025-04,1.0,1859813.0,1859813.0,5.0,196606033.0,39321206.6,1.0,5.0
CUST00447,2025-05,3.0,23172633.0,7724211.0,1.0,1568265.0,1568265.0,3.0,1.0
CUST00447,2025-06,2.0,3212747.0,1606373.5,4.0,18359725.0,4589931.25,2.0,4.0
CUST00447,2025-07,1.0,2504566.0,2504566.0,2.0,3477202.0,1738601.0,1.0,2.0
CUST00447,2025-08,3.0,5629472.0,1876490.6666666667,2.0,3688076.0,1844038.0,3.0,2.0
CUST00447,2025-09,3.0,6886077.0,2295359.0,1.0,11288018.0,11288018.0,2.0,1.0
CUST00447,2025-10,3.0,5526308.0,1842102.6666666667,3.0,15477787.0,5159262.333333333,3.0,3.0
CUST00447,2025-11,0.0,0.0,0.0,2.0,10195003.0,5097501.5,0.0,2.0
CUST00447,2025-12,0.0,0.0,0.0,1.0,11089403.0,11089403.0,0.0,1.0
CUST00448,2025-01,1.0,2348115.0,2348115.0,3.0,87715265.0,29238421.666666668,1.0,3.0
CUST00448,2025-02,1.0,2025501.0,2025501.0,1.0,1031283.0,1031283.0,1.0,1.0
CUST00448,2025-03,2.0,6459077.0,3229538.5,4.0,42703680.0,10675920.0,2.0,4.0
CUST00448,2025-04,3.0,3867669.0,1289223.0,1.0,2788437.0,2788437.0,3.0,1.0
CUST00448,2025-05,2.0,10169602.0,5084801.0,3.0,16483131.0,5494377.0,2.0,3.0
CUST00448,2025-06,2.0,5522252.0,2761126.0,1.0,28093194.0,28093194.0,2.0,1.0
CUST00448,2025-07,3.0,5899545.0,1966515.0,3.0,153016671.0,51005557.0,3.0,3.0
CUST00448,2025-08,3.0,10105320.0,3368440.0,1.0,1864843.0,1864843.0,3.0,1.0
CUST00448,2025-09,0.0,0.0,0.0,2.0,28632423.0,14316211.5,0.0,2.0
CUST00448,2025-10,1.0,5211550.0,5211550.0,2.0,18780588.0,9390294.0,1.0,2.0
CUST00448,2025-11,2.0,5074764.0,2537382.0,0.0,0.0,0.0,2.0,0.0
CUST00448,2025-12,3.0,3532896.0,1177632.0,1.0,10506432.0,10506432.0,3.0,1.0
CUST00449,2025-01,1.0,1254984.0,1254984.0,1.0,6041558.0,6041558.0,1.0,1.0
CUST00449,2025-02,1.0,5125487.0,5125487.0,0.0,0.0,0.0,1.0,0.0
CUST00449,2025-03,3.0,9745761.0,3248587.0,2.0,14182431.0,7091215.5,3.0,2.0
CUST00449,2025-04,1.0,5645490.0,5645490.0,4.0,80552453.0,20138113.25,1.0,4.0
CUST00449,2025-05,2.0,2548710.0,1274355.0,6.0,30446937.0,5074489.5,2.0,6.0
CUST00449,2025-06,5.0,26000017.0,5200003.4,1.0,594068.0,594068.0,5.0,1.0
CUST00449,2025-07,1.0,677337.0,677337.0,3.0,139422365.0,46474121.666666664,1.0,3.0
CUST00449,2025-08,2.0,9444234.0,4722117.0,1.0,2241418.0,2241418.0,2.0,1.0
CUST00449,2025-09,5.0,20709992.0,4141998.4,2.0,3984676.0,1992338.0,4.0,2.0
CUST00449,2025-10,1.0,2436835.0,2436835.0,3.0,178874149.0,59624716.333333336,1.0,3.0
CUST00449,2025-11,1.0,440002.0,440002.0,2.0,14633509.0,7316754.5,1.0,2.0
CUST00449,2025-12,2.0,4309315.0,2154657.5,1.0,51144805.0,51144805.0,2.0,1.0
CUST00450,2025-01,1.0,6140859.0,6140859.0,2.0,3409035.0,1704517.5,1.0,2.0
CUST00450,2025-02,2.0,22583357.0,11291678.5,2.0,12797130.0,6398565.0,2.0,2.0
CUST00450,2025-03,0.0,0.0,0.0,3.0,32902605.0,10967535.0,0.0,3.0
CUST00450,2025-04,2.0,3303751.0,1651875.5,2.0,4298243.0,2149121.5,2.0,2.0
CUST00450,2025-05,1.0,1615578.0,1615578.0,2.0,79883082.0,39941541.0,1.0,2.0
CUST00450,2025-06,1.0,2032072.0,2032072.0,1.0,61841437.0,61841437.0,1.0,1.0
CUST00450,2025-07,0.0,0.0,0.0,3.0,153631695.0,51210565.0,0.0,3.0
CUST00450,2025-08,2.0,3176117.0,1588058.5,1.0,4240101.0,4240101.0,2.0,1.0
CUST00450,2025-09,3.0,7522123.0,2507374.3333333335,1.0,9489936.0,9489936.0,3.0,1.0
CUST00450,2025-10,3.0,4180504.0,1393501.3333333333,5.0,74729415.0,14945883.0,3.0,5.0
CUST00450,2025-11,2.0,2557020.0,1278510.0,4.0,34876851.0,8719212.75,2.0,4.0
CUST00450,2025-12,2.0,2850001.0,1425000.5,5.0,219302987.0,43860597.4,2.0,5.0
CUST00451,2025-01,3.0,42133943.0,14044647.666666666,2.0,28450709.0,14225354.5,3.0,2.0
CUST00451,2025-02,4.0,96541526.0,24135381.5,6.0,388365194.0,64727532.333333336,4.0,5.0
CUST00451,2025-03,1.0,22651612.0,22651612.0,3.0,6880175.0,2293391.6666666665,1.0,3.0
CUST00451,2025-04,2.0,19365366.0,9682683.0,0.0,0.0,0.0,2.0,0.0
CUST00451,2025-05,3.0,75740666.0,25246888.666666668,1.0,11532944.0,11532944.0,3.0,1.0
CUST00451,2025-06,4.0,189777727.0,47444431.75,1.0,12347858.0,12347858.0,4.0,1.0
CUST00451,2025-07,3.0,18966161.0,6322053.666666667,3.0,14829766.0,4943255.333333333,3.0,3.0
CUST00451,2025-08,2.0,33907383.0,16953691.5,4.0,15845054.0,3961263.5,2.0,4.0
CUST00451,2025-09,0.0,0.0,0.0,1.0,118931698.0,118931698.0,0.0,1.0
CUST00451,2025-10,1.0,22223940.0,22223940.0,3.0,31516986.0,10505662.0,1.0,3.0
CUST00451,2025-11,1.0,62558259.0,62558259.0,2.0,5983225.0,2991612.5,1.0,2.0
CUST00451,2025-12,1.0,26134909.0,26134909.0,1.0,29398354.0,29398354.0,1.0,1.0
CUST00452,2025-01,2.0,3090869.0,1545434.5,2.0,17578067.0,8789033.5,2.0,2.0
CUST00452,2025-02,1.0,1701421.0,1701421.0,1.0,1034674.0,1034674.0,1.0,1.0
CUST00452,2025-03,4.0,10560417.0,2640104.25,2.0,15727231.0,7863615.5,4.0,2.0
CUST00452,2025-04,3.0,3187327.0,1062442.3333333333,3.0,30348226.0,10116075.333333334,3.0,3.0
CUST00452,2025-05,2.0,2959897.0,1479948.5,3.0,246186819.0,82062273.0,2.0,3.0
CUST00452,2025-06,1.0,2657424.0,2657424.0,0.0,0.0,0.0,1.0,0.0
CUST00452,2025-07,5.0,9447027.0,1889405.4,0.0,0.0,0.0,4.0,0.0
CUST00452,2025-08,2.0,3169408.0,1584704.0,4.0,125677556.0,31419389.0,2.0,4.0
CUST00452,2025-09,2.0,1939388.0,969694.0,2.0,32109033.0,16054516.5,2.0,2.0
CUST00452,2025-10,2.0,4650915.0,2325457.5,2.0,32741592.0,16370796.0,2.0,2.0
CUST00452,2025-11,5.0,10446892.0,2089378.4,1.0,723396.0,723396.0,5.0,1.0
CUST00452,2025-12,2.0,6324103.0,3162051.5,1.0,973602.0,973602.0,2.0,1.0
CUST00453,2025-01,3.0,66473554.0,22157851.333333332,2.0,11250041.0,5625020.5,3.0,2.0
CUST00453,2025-02,3.0,45304780.0,15101593.333333334,1.0,32187714.0,32187714.0,3.0,1.0
CUST00453,2025-03,3.0,256835134.0,85611711.33333333,4.0,14569826.0,3642456.5,3.0,4.0
CUST00453,2025-04,3.0,59828552.0,19942850.666666668,1.0,2546999.0,2546999.0,3.0,1.0
CUST00453,2025-05,6.0,69647732.0,11607955.333333334,2.0,3736658.0,1868329.0,6.0,2.0
CUST00453,2025-06,2.0,44769825.0,22384912.5,1.0,548104.0,548104.0,2.0,1.0
CUST00453,2025-07,2.0,57104071.0,28552035.5,4.0,66445880.0,16611470.0,2.0,4.0
CUST00453,2025-08,5.0,80416145.0,16083229.0,4.0,18930772.0,4732693.0,5.0,4.0
CUST00453,2025-09,1.0,15487876.0,15487876.0,2.0,13854171.0,6927085.5,1.0,2.0
CUST00453,2025-10,2.0,51763255.0,25881627.5,1.0,16562247.0,16562247.0,2.0,1.0
CUST00453,2025-11,2.0,10709867.0,5354933.5,4.0,192748560.0,48187140.0,2.0,4.0
CUST00453,2025-12,2.0,28831894.0,14415947.0,2.0,126284981.0,63142490.5,2.0,2.0
CUST00454,2025-01,2.0,68724745.0,34362372.5,2.0,39496170.0,19748085.0,2.0,2.0
CUST00454,2025-02,2.0,162156633.0,81078316.5,2.0,32277071.0,16138535.5,2.0,2.0
CUST00454,2025-03,0.0,0.0,0.0,2.0,16330514.0,8165257.0,0.0,2.0
CUST00454,2025-04,1.0,73628461.0,73628461.0,4.0,57171192.0,14292798.0,1.0,4.0
CUST00454,2025-05,1.0,87169617.0,87169617.0,1.0,1330317.0,1330317.0,1.0,1.0
CUST00454,2025-06,0.0,0.0,0.0,2.0,3489650.0,1744825.0,0.0,2.0
CUST00454,2025-07,1.0,146551946.0,146551946.0,0.0,0.0,0.0,1.0,0.0
CUST00454,2025-08,0.0,0.0,0.0,1.0,7339320.0,7339320.0,0.0,1.0
CUST00454,2025-09,3.0,256377927.0,85459309.0,1.0,726204.0,726204.0,3.0,1.0
CUST00454,2025-10,2.0,88498545.0,44249272.5,3.0,18240856.0,6080285.333333333,2.0,3.0
CUST00454,2025-11,2.0,264875777.0,132437888.5,3.0,13620262.0,4540087.333333333,2.0,3.0
CUST00454,2025-12,1.0,37099708.0,37099708.0,1.0,11390684.0,11390684.0,1.0,1.0
CUST00455,2025-01,2.0,51457706.0,25728853.0,1.0,22352499.0,22352499.0,2.0,1.0
CUST00455,2025-02,2.0,15448408.0,7724204.0,1.0,33832037.0,33832037.0,2.0,1.0
CUST00455,2025-03,4.0,36116748.0,9029187.0,2.0,140292715.0,70146357.5,3.0,2.0
CUST00455,2025-04,4.0,59114816.0,14778704.0,0.0,0.0,0.0,4.0,0.0
CUST00455,2025-05,1.0,6106431.0,6106431.0,2.0,4790570.0,2395285.0,1.0,2.0
CUST00455,2025-06,1.0,25576502.0,25576502.0,3.0,49365788.0,16455262.666666666,1.0,3.0
CUST00455,2025-07,3.0,102307260.0,34102420.0,2.0,15256692.0,7628346.0,2.0,2.0
CUST00455,2025-08,1.0,12378530.0,12378530.0,1.0,34029321.0,34029321.0,1.0,1.0
CUST00455,2025-09,1.0,14280481.0,14280481.0,3.0,48083392.0,16027797.333333334,1.0,3.0
CUST00455,2025-10,5.0,67403328.0,13480665.6,2.0,28906916.0,14453458.0,5.0,2.0
CUST00455,2025-11,3.0,193207014.0,64402338.0,2.0,32500115.0,16250057.5,3.0,2.0
CUST00455,2025-12,2.0,13645714.0,6822857.0,1.0,3522244.0,3522244.0,2.0,1.0
CUST00456,2025-01,3.0,219578478.0,73192826.0,4.0,65089556.0,16272389.0,3.0,4.0
CUST00456,2025-02,0.0,0.0,0.0,3.0,15512067.0,5170689.0,0.0,3.0
CUST00456,2025-03,2.0,70307872.0,35153936.0,0.0,0.0,0.0,2.0,0.0
CUST00456,2025-04,2.0,227321913.0,113660956.5,1.0,42482069.0,42482069.0,2.0,1.0
CUST00456,2025-05,5.0,402951502.0,80590300.4,2.0,287859302.0,143929651.0,5.0,2.0
CUST00456,2025-06,1.0,115851996.0,115851996.0,4.0,54454625.0,13613656.25,1.0,4.0
CUST00456,2025-07,2.0,1069963800.0,534981900.0,1.0,1826320.0,1826320.0,2.0,1.0
CUST00456,2025-08,1.0,60949466.0,60949466.0,1.0,5193051.0,5193051.0,1.0,1.0
CUST00456,2025-09,2.0,163787993.0,81893996.5,2.0,32394819.0,16197409.5,2.0,2.0
CUST00456,2025-10,2.0,182548112.0,91274056.0,0.0,0.0,0.0,2.0,0.0
CUST00456,2025-11,6.0,565013105.0,94168850.83333333,1.0,9258095.0,9258095.0,6.0,1.0
CUST00456,2025-12,1.0,288699698.0,288699698.0,2.0,10761301.0,5380650.5,1.0,2.0
CUST00457,2025-01,2.0,2802619.0,1401309.5,2.0,6442270.0,3221135.0,2.0,2.0
CUST00457,2025-02,0.0,0.0,0.0,1.0,33788072.0,33788072.0,0.0,1.0
CUST00457,2025-03,1.0,7289754.0,7289754.0,1.0,22729979.0,22729979.0,1.0,1.0
CUST00457,2025-04,2.0,2119628.0,1059814.0,1.0,74314010.0,74314010.0,2.0,1.0
CUST00457,2025-05,3.0,5308937.0,1769645.6666666667,1.0,7012768.0,7012768.0,3.0,1.0
CUST00457,2025-06,3.0,6192507.0,2064169.0,1.0,49747537.0,49747537.0,3.0,1.0
CUST00457,2025-07,3.0,5459414.0,1819804.6666666667,2.0,54516480.0,27258240.0,3.0,2.0
CUST00457,2025-08,0.0,0.0,0.0,2.0,16183288.0,8091644.0,0.0,2.0
CUST00457,2025-09,4.0,4532398.0,1133099.5,4.0,185300692.0,46325173.0,4.0,4.0
CUST00457,2025-10,6.0,23428211.0,3904701.8333333335,0.0,0.0,0.0,6.0,0.0
CUST00457,2025-11,4.0,7246746.0,1811686.5,3.0,13757825.0,4585941.666666667,3.0,3.0
CUST00457,2025-12,2.0,4824597.0,2412298.5,2.0,17435944.0,8717972.0,2.0,2.0
CUST00458,2025-01,0.0,0.0,0.0,1.0,13749554.0,13749554.0,0.0,1.0
CUST00458,2025-02,3.0,4657298.0,1552432.6666666667,1.0,5189639.0,5189639.0,3.0,1.0
CUST00458,2025-03,2.0,5943005.0,2971502.5,0.0,0.0,0.0,2.0,0.0
CUST00458,2025-04,2.0,7938417.0,3969208.5,2.0,2826557.0,1413278.5,2.0,2.0
CUST00458,2025-05,2.0,5705714.0,2852857.0,3.0,31974970.0,10658323.333333334,2.0,3.0
CUST00458,2025-06,0.0,0.0,0.0,2.0,32242302.0,16121151.0,0.0,2.0
CUST00458,2025-07,0.0,0.0,0.0,1.0,2299896.0,2299896.0,0.0,1.0
CUST00458,2025-08,5.0,12664630.0,2532926.0,3.0,31750804.0,10583601.333333334,5.0,3.0
CUST00458,2025-09,2.0,2328867.0,1164433.5,1.0,9728466.0,9728466.0,2.0,1.0
CUST00458,2025-10,0.0,0.0,0.0,1.0,718416.0,718416.0,0.0,1.0
CUST00458,2025-11,1.0,2088855.0,2088855.0,5.0,45888395.0,9177679.0,1.0,5.0
CUST00458,2025-12,2.0,3902945.0,1951472.5,2.0,32263322.0,16131661.0,2.0,2.0
CUST00459,2025-01,2.0,4003251.0,2001625.5,1.0,6953561.0,6953561.0,2.0,1.0
CUST00459,2025-02,0.0,0.0,0.0,3.0,47562531.0,15854177.0,0.0,3.0
CUST00459,2025-03,1.0,1031315.0,1031315.0,3.0,29654635.0,9884878.333333334,1.0,3.0
CUST00459,2025-04,1.0,2367674.0,2367674.0,2.0,46696688.0,23348344.0,1.0,2.0
CUST00459,2025-05,1.0,747165.0,747165.0,5.0,89148435.0,17829687.0,1.0,5.0
CUST00459,2025-06,5.0,9928248.0,1985649.6,2.0,8063473.0,4031736.5,5.0,2.0
CUST00459,2025-07,2.0,4497139.0,2248569.5,1.0,1535562.0,1535562.0,2.0,1.0
CUST00459,2025-08,0.0,0.0,0.0,2.0,53424184.0,26712092.0,0.0,2.0
CUST00459,2025-09,1.0,2314303.0,2314303.0,2.0,10955770.0,5477885.0,1.0,2.0
CUST00459,2025-10,1.0,3396526.0,3396526.0,1.0,848889.0,848889.0,1.0,1.0
CUST00459,2025-11,2.0,7721031.0,3860515.5,2.0,971540.0,485770.0,2.0,2.0
CUST00459,2025-12,6.0,13779800.0,2296633.3333333335,1.0,13657680.0,13657680.0,5.0,1.0
CUST00460,2025-01,6.0,135972658.0,22662109.666666668,1.0,17001236.0,17001236.0,6.0,1.0
CUST00460,2025-02,0.0,0.0,0.0,2.0,13875350.0,6937675.0,0.0,2.0
CUST00460,2025-03,5.0,132209560.0,26441912.0,1.0,2776520.0,2776520.0,5.0,1.0
CUST00460,2025-04,3.0,23062948.0,7687649.333333333,1.0,2968315.0,2968315.0,3.0,1.0
CUST00460,2025-05,3.0,55257261.0,18419087.0,0.0,0.0,0.0,3.0,0.0
CUST00460,2025-06,1.0,14482605.0,14482605.0,1.0,10448389.0,10448389.0,1.0,1.0
CUST00460,2025-07,4.0,146281230.0,36570307.5,3.0,59421135.0,19807045.0,4.0,3.0
CUST00460,2025-08,4.0,47157601.0,11789400.25,3.0,23286404.0,7762134.666666667,4.0,3.0
CUST00460,2025-09,5.0,84967358.0,16993471.6,6.0,99736681.0,16622780.166666666,5.0,5.0
CUST00460,2025-10,0.0,0.0,0.0,2.0,10908738.0,5454369.0,0.0,2.0
CUST00460,2025-11,2.0,102320049.0,51160024.5,2.0,17691668.0,8845834.0,2.0,2.0
CUST00460,2025-12,1.0,6010184.0,6010184.0,1.0,58167847.0,58167847.0,1.0,1.0
CUST00461,2025-01,1.0,281182657.0,281182657.0,4.0,48291343.0,12072835.75,1.0,4.0
CUST00461,2025-02,1.0,207673340.0,207673340.0,0.0,0.0,0.0,1.0,0.0
CUST00461,2025-03,3.0,300574193.0,100191397.66666667,1.0,12229246.0,12229246.0,3.0,1.0
CUST00461,2025-04,2.0,92294370.0,46147185.0,1.0,24288679.0,24288679.0,2.0,1.0
CUST00461,2025-05,1.0,84102044.0,84102044.0,1.0,27839155.0,27839155.0,1.0,1.0
CUST00461,2025-06,2.0,77011401.0,38505700.5,2.0,19459026.0,9729513.0,2.0,2.0
CUST00461,2025-07,1.0,174264540.0,174264540.0,1.0,2574883.0,2574883.0,1.0,1.0
CUST00461,2025-08,1.0,44595119.0,44595119.0,1.0,2321993.0,2321993.0,1.0,1.0
CUST00461,2025-09,2.0,220837747.0,110418873.5,5.0,8575975.0,1715195.0,2.0,5.0
CUST00461,2025-10,3.0,783010304.0,261003434.66666666,4.0,26731049.0,6682762.25,3.0,4.0
CUST00461,2025-11,0.0,0.0,0.0,1.0,110855749.0,110855749.0,0.0,1.0
CUST00461,2025-12,3.0,675652125.0,225217375.0,2.0,22053067.0,11026533.5,3.0,2.0
CUST00462,2025-01,1.0,283771.0,283771.0,2.0,23730255.0,11865127.5,1.0,2.0
CUST00462,2025-02,2.0,7565698.0,3782849.0,3.0,65863741.0,21954580.333333332,2.0,3.0
CUST00462,2025-03,2.0,7439035.0,3719517.5,2.0,12328051.0,6164025.5,2.0,2.0
CUST00462,2025-04,1.0,8035487.0,8035487.0,3.0,52483802.0,17494600.666666668,1.0,3.0
CUST00462,2025-05,0.0,0.0,0.0,2.0,26332771.0,13166385.5,0.0,2.0
CUST00462,2025-06,1.0,1648151.0,1648151.0,6.0,70091987.0,11681997.833333334,1.0,6.0
CUST00462,2025-07,2.0,4194207.0,2097103.5,2.0,22128903.0,11064451.5,2.0,2.0
CUST00462,2025-08,4.0,11055116.0,2763779.0,0.0,0.0,0.0,3.0,0.0
CUST00462,2025-09,1.0,2993086.0,2993086.0,1.0,2277131.0,2277131.0,1.0,1.0
CUST00462,2025-10,0.0,0.0,0.0,3.0,9054661.0,3018220.3333333335,0.0,3.0
CUST00462,2025-11,1.0,1077966.0,1077966.0,3.0,26354669.0,8784889.666666666,1.0,3.0
CUST00462,2025-12,5.0,6426813.0,1285362.6,3.0,105670118.0,35223372.666666664,5.0,3.0
CUST00463,2025-01,2.0,154153817.0,77076908.5,4.0,8795445.0,2198861.25,2.0,4.0
CUST00463,2025-02,0.0,0.0,0.0,2.0,8155101.0,4077550.5,0.0,2.0
CUST00463,2025-03,2.0,12483358.0,6241679.0,2.0,30614426.0,15307213.0,2.0,2.0
CUST00463,2025-04,0.0,0.0,0.0,2.0,18215093.0,9107546.5,0.0,2.0
CUST00463,2025-05,3.0,31164648.0,10388216.0,1.0,59522348.0,59522348.0,3.0,1.0
CUST00463,2025-06,1.0,24373426.0,24373426.0,4.0,15415316.0,3853829.0,1.0,4.0
CUST00463,2025-07,4.0,101079520.0,25269880.0,3.0,29026507.0,9675502.333333334,4.0,3.0
CUST00463,2025-08,2.0,82847598.0,41423799.0,2.0,18840802.0,9420401.0,2.0,2.0
CUST00463,2025-09,2.0,21675427.0,10837713.5,2.0,10231465.0,5115732.5,2.0,2.0
CUST00463,2025-10,2.0,27582939.0,13791469.5,1.0,8814494.0,8814494.0,2.0,1.0
CUST00463,2025-11,0.0,0.0,0.0,2.0,419897983.0,209948991.5,0.0,2.0
CUST00463,2025-12,3.0,60206165.0,20068721.666666668,0.0,0.0,0.0,3.0,0.0
CUST00464,2025-01,2.0,6343688.0,3171844.0,0.0,0.0,0.0,1.0,0.0
CUST00464,2025-02,3.0,12378917.0,4126305.6666666665,3.0,17049775.0,5683258.333333333,3.0,3.0
CUST00464,2025-03,3.0,9187745.0,3062581.6666666665,3.0,3834917.0,1278305.6666666667,3.0,2.0
CUST00464,2025-04,0.0,0.0,0.0,1.0,4582664.0,4582664.0,0.0,1.0
CUST00464,2025-05,5.0,6847478.0,1369495.6,2.0,15075946.0,7537973.0,5.0,2.0
CUST00464,2025-06,2.0,4636546.0,2318273.0,1.0,1039600.0,1039600.0,2.0,1.0
CUST00464,2025-07,0.0,0.0,0.0,1.0,1170640.0,1170640.0,0.0,1.0
CUST00464,2025-08,1.0,8959324.0,8959324.0,2.0,31699983.0,15849991.5,1.0,2.0
CUST00464,2025-09,1.0,5208173.0,5208173.0,8.0,272182290.0,34022786.25,1.0,8.0
CUST00464,2025-10,3.0,4978176.0,1659392.0,5.0,110694378.0,22138875.6,3.0,5.0
CUST00464,2025-11,0.0,0.0,0.0,1.0,33012716.0,33012716.0,0.0,1.0
CUST00464,2025-12,2.0,2535358.0,1267679.0,3.0,22517745.0,7505915.0,2.0,3.0
CUST00465,2025-01,1.0,37032078.0,37032078.0,3.0,15287124.0,5095708.0,1.0,3.0
CUST00465,2025-02,2.0,36103208.0,18051604.0,3.0,376806525.0,125602175.0,2.0,3.0
CUST00465,2025-03,1.0,21082287.0,21082287.0,5.0,19011512.0,3802302.4,1.0,4.0
CUST00465,2025-04,1.0,55990363.0,55990363.0,3.0,7327375.0,2442458.3333333335,1.0,3.0
CUST00465,2025-05,1.0,14274947.0,14274947.0,3.0,9148291.0,3049430.3333333335,1.0,3.0
CUST00465,2025-06,3.0,46491121.0,15497040.333333334,4.0,47318797.0,11829699.25,3.0,4.0
CUST00465,2025-07,4.0,81942092.0,20485523.0,2.0,2805811.0,1402905.5,4.0,2.0
CUST00465,2025-08,0.0,0.0,0.0,3.0,49882296.0,16627432.0,0.0,3.0
CUST00465,2025-09,1.0,4173162.0,4173162.0,1.0,1299911.0,1299911.0,1.0,1.0
CUST00465,2025-10,2.0,39311970.0,19655985.0,1.0,2922373.0,2922373.0,2.0,1.0
CUST00465,2025-11,0.0,0.0,0.0,2.0,6392938.0,3196469.0,0.0,2.0
CUST00465,2025-12,2.0,31404179.0,15702089.5,2.0,19439533.0,9719766.5,2.0,2.0
CUST00466,2025-01,4.0,8777430.0,2194357.5,4.0,86517945.0,21629486.25,4.0,4.0
CUST00466,2025-02,2.0,2000546.0,1000273.0,1.0,66779007.0,66779007.0,2.0,1.0
CUST00466,2025-03,1.0,3266112.0,3266112.0,4.0,231402073.0,57850518.25,1.0,4.0
CUST00466,2025-04,3.0,11108735.0,3702911.6666666665,1.0,6147832.0,6147832.0,3.0,1.0
CUST00466,2025-05,4.0,13981014.0,3495253.5,2.0,11509378.0,5754689.0,4.0,2.0
CUST00466,2025-06,2.0,2608822.0,1304411.0,2.0,2585117.0,1292558.5,2.0,1.0
CUST00466,2025-07,2.0,16486227.0,8243113.5,1.0,1025246.0,1025246.0,2.0,1.0
CUST00466,2025-08,3.0,11236492.0,3745497.3333333335,1.0,21418936.0,21418936.0,3.0,1.0
CUST00466,2025-09,5.0,16716141.0,3343228.2,1.0,3238098.0,3238098.0,5.0,1.0
CUST00466,2025-10,2.0,9822465.0,4911232.5,1.0,109193718.0,109193718.0,2.0,1.0
CUST00466,2025-11,3.0,3307801.0,1102600.3333333333,2.0,101835388.0,50917694.0,3.0,2.0
CUST00466,2025-12,1.0,900299.0,900299.0,4.0,12211697.0,3052924.25,1.0,3.0
CUST00467,2025-01,2.0,211427433.0,105713716.5,0.0,0.0,0.0,2.0,0.0
CUST00467,2025-02,0.0,0.0,0.0,2.0,5662315.0,2831157.5,0.0,2.0
CUST00467,2025-03,2.0,143197654.0,71598827.0,1.0,10313347.0,10313347.0,2.0,1.0
CUST00467,2025-04,3.0,357369038.0,119123012.66666667,0.0,0.0,0.0,3.0,0.0
CUST00467,2025-05,1.0,50852503.0,50852503.0,3.0,24500447.0,8166815.666666667,1.0,3.0
CUST00467,2025-06,1.0,101073677.0,101073677.0,3.0,332521546.0,110840515.33333333,1.0,3.0
CUST00467,2025-07,4.0,209368497.0,52342124.25,3.0,102502100.0,34167366.666666664,4.0,3.0
CUST00467,2025-08,3.0,360052877.0,120017625.66666667,0.0,0.0,0.0,3.0,0.0
CUST00467,2025-09,4.0,335797520.0,83949380.0,2.0,29664990.0,14832495.0,4.0,2.0
CUST00467,2025-10,4.0,211352838.0,52838209.5,2.0,61857606.0,30928803.0,4.0,2.0
CUST00467,2025-11,1.0,20349937.0,20349937.0,0.0,0.0,0.0,1.0,0.0
CUST00467,2025-12,6.0,456650494.0,76108415.66666667,1.0,11658881.0,11658881.0,5.0,1.0
CUST00468,2025-01,2.0,48348267.0,24174133.5,4.0,110909008.0,27727252.0,2.0,4.0
CUST00468,2025-02,0.0,0.0,0.0,2.0,28600701.0,14300350.5,0.0,2.0
CUST00468,2025-03,2.0,43407182.0,21703591.0,3.0,15929211.0,5309737.0,2.0,3.0
CUST00468,2025-04,2.0,58580474.0,29290237.0,6.0,136518331.0,22753055.166666668,2.0,6.0
CUST00468,2025-05,0.0,0.0,0.0,2.0,61491202.0,30745601.0,0.0,2.0
CUST00468,2025-06,1.0,5809856.0,5809856.0,3.0,40345661.0,13448553.666666666,1.0,3.0
CUST00468,2025-07,4.0,66348380.0,16587095.0,3.0,84054592.0,28018197.333333332,4.0,3.0
CUST00468,2025-08,2.0,25925128.0,12962564.0,3.0,71067817.0,23689272.333333332,2.0,3.0
CUST00468,2025-09,3.0,81343124.0,27114374.666666668,3.0,288126705.0,96042235.0,3.0,3.0
CUST00468,2025-10,3.0,27948843.0,9316281.0,1.0,3243236.0,3243236.0,3.0,1.0
CUST00468,2025-11,2.0,55465527.0,27732763.5,2.0,26339439.0,13169719.5,2.0,2.0
CUST00468,2025-12,1.0,12412487.0,12412487.0,4.0,34024691.0,8506172.75,1.0,4.0
CUST00469,2025-01,1.0,579961.0,579961.0,3.0,25574994.0,8524998.0,1.0,3.0
CUST00469,2025-02,0.0,0.0,0.0,3.0,16013244.0,5337748.0,0.0,3.0
CUST00469,2025-03,6.0,17921515.0,2986919.1666666665,2.0,12826258.0,6413129.0,6.0,2.0
CUST00469,2025-04,0.0,0.0,0.0,2.0,19126853.0,9563426.5,0.0,2.0
CUST00469,2025-05,1.0,2394838.0,2394838.0,2.0,26731965.0,13365982.5,1.0,2.0
CUST00469,2025-06,2.0,4580727.0,2290363.5,1.0,3624810.0,3624810.0,2.0,1.0
CUST00469,2025-07,2.0,4076902.0,2038451.0,3.0,50262456.0,16754152.0,2.0,3.0
CUST00469,2025-08,3.0,4636585.0,1545528.3333333333,6.0,39933802.0,6655633.666666667,3.0,6.0
CUST00469,2025-09,3.0,3813611.0,1271203.6666666667,5.0,47271428.0,9454285.6,3.0,4.0
CUST00469,2025-10,2.0,2509211.0,1254605.5,1.0,3350316.0,3350316.0,2.0,1.0
CUST00469,2025-11,0.0,0.0,0.0,3.0,56367710.0,18789236.666666668,0.0,3.0
CUST00469,2025-12,2.0,3803403.0,1901701.5,2.0,572217616.0,286108808.0,2.0,2.0
CUST00470,2025-01,2.0,3561344.0,1780672.0,2.0,6168563.0,3084281.5,2.0,2.0
CUST00470,2025-03,1.0,1640468.0,1640468.0,2.0,3713850.0,1856925.0,1.0,2.0
CUST00470,2025-04,1.0,2740809.0,2740809.0,2.0,33868222.0,16934111.0,1.0,2.0
CUST00470,2025-05,1.0,1087473.0,1087473.0,1.0,4660072.0,4660072.0,1.0,1.0
CUST00470,2025-06,1.0,2670547.0,2670547.0,1.0,11705991.0,11705991.0,1.0,1.0
CUST00470,2025-07,2.0,5007337.0,2503668.5,0.0,0.0,0.0,2.0,0.0
CUST00470,2025-08,0.0,0.0,0.0,1.0,1391000.0,1391000.0,0.0,1.0
CUST00470,2025-09,2.0,3782433.0,1891216.5,0.0,0.0,0.0,2.0,0.0
CUST00470,2025-10,1.0,2409143.0,2409143.0,1.0,4108813.0,4108813.0,1.0,1.0
CUST00470,2025-11,2.0,2255708.0,1127854.0,5.0,35378730.0,7075746.0,2.0,5.0
CUST00470,2025-12,1.0,1977841.0,1977841.0,7.0,54865342.0,7837906.0,1.0,6.0
CUST00471,2025-01,0.0,0.0,0.0,4.0,91592344.0,22898086.0,0.0,4.0
CUST00471,2025-02,3.0,8512567.0,2837522.3333333335,2.0,8097989.0,4048994.5,2.0,2.0
CUST00471,2025-03,1.0,2330302.0,2330302.0,3.0,28451116.0,9483705.333333334,1.0,3.0
CUST00471,2025-04,1.0,1910309.0,1910309.0,0.0,0.0,0.0,1.0,0.0
CUST00471,2025-05,4.0,7402348.0,1850587.0,3.0,134482239.0,44827413.0,4.0,3.0
CUST00471,2025-06,7.0,30110577.0,4301511.0,1.0,19940738.0,19940738.0,6.0,1.0
CUST00471,2025-07,2.0,4612623.0,2306311.5,2.0,4999381.0,2499690.5,2.0,1.0
CUST00471,2025-08,3.0,3234749.0,1078249.6666666667,1.0,18379340.0,18379340.0,3.0,1.0
CUST00471,2025-09,2.0,2799723.0,1399861.5,1.0,9322063.0,9322063.0,2.0,1.0
CUST00471,2025-10,2.0,8136234.0,4068117.0,2.0,105543033.0,52771516.5,2.0,2.0
CUST00471,2025-11,1.0,617606.0,617606.0,2.0,43093566.0,21546783.0,1.0,2.0
CUST00471,2025-12,1.0,1720613.0,1720613.0,3.0,15988336.0,5329445.333333333,1.0,3.0
CUST00472,2025-01,2.0,3736456.0,1868228.0,1.0,21080505.0,21080505.0,2.0,1.0
CUST00472,2025-02,3.0,8397175.0,2799058.3333333335,1.0,22048226.0,22048226.0,3.0,1.0
CUST00472,2025-03,5.0,16762682.0,3352536.4,3.0,8592721.0,2864240.3333333335,5.0,3.0
CUST00472,2025-04,2.0,3157436.0,1578718.0,1.0,1979462.0,1979462.0,2.0,1.0
CUST00472,2025-05,1.0,3593536.0,3593536.0,1.0,18953812.0,18953812.0,1.0,1.0
CUST00472,2025-06,2.0,4517417.0,2258708.5,5.0,101628316.0,20325663.2,2.0,5.0
CUST00472,2025-07,1.0,1958467.0,1958467.0,1.0,6452021.0,6452021.0,1.0,1.0
CUST00472,2025-08,4.0,16592791.0,4148197.75,4.0,70882898.0,17720724.5,4.0,4.0
CUST00472,2025-09,4.0,6899175.0,1724793.75,5.0,40019459.0,8003891.8,4.0,5.0
CUST00472,2025-10,3.0,5339856.0,1779952.0,3.0,41467902.0,13822634.0,2.0,3.0
CUST00472,2025-11,0.0,0.0,0.0,2.0,23467727.0,11733863.5,0.0,2.0
CUST00472,2025-12,4.0,7296296.0,1824074.0,0.0,0.0,0.0,4.0,0.0
CUST00473,2025-01,2.0,4954412.0,2477206.0,0.0,0.0,0.0,2.0,0.0
CUST00473,2025-02,2.0,1119369.0,559684.5,1.0,19866266.0,19866266.0,2.0,1.0
CUST00473,2025-03,2.0,2021572.0,1010786.0,1.0,36624020.0,36624020.0,2.0,1.0
CUST00473,2025-04,1.0,2336192.0,2336192.0,0.0,0.0,0.0,1.0,0.0
CUST00473,2025-05,0.0,0.0,0.0,3.0,38079682.0,12693227.333333334,0.0,3.0
CUST00473,2025-06,0.0,0.0,0.0,2.0,3805645.0,1902822.5,0.0,2.0
CUST00473,2025-08,2.0,2681011.0,1340505.5,3.0,36278202.0,12092734.0,2.0,3.0
CUST00473,2025-09,5.0,12542560.0,2508512.0,0.0,0.0,0.0,5.0,0.0
CUST00473,2025-10,1.0,580858.0,580858.0,0.0,0.0,0.0,1.0,0.0
CUST00473,2025-11,4.0,10360600.0,2590150.0,3.0,9652419.0,3217473.0,4.0,3.0
CUST00473,2025-12,4.0,13098685.0,3274671.25,3.0,33890843.0,11296947.666666666,4.0,3.0
CUST00474,2025-01,1.0,33078873.0,33078873.0,2.0,11518630.0,5759315.0,1.0,2.0
CUST00474,2025-02,3.0,71283384.0,23761128.0,2.0,14882339.0,7441169.5,3.0,2.0
CUST00474,2025-03,5.0,31926990.0,6385398.0,2.0,9355770.0,4677885.0,5.0,2.0
CUST00474,2025-04,1.0,13859364.0,13859364.0,0.0,0.0,0.0,1.0,0.0
CUST00474,2025-05,3.0,54468360.0,18156120.0,1.0,19682048.0,19682048.0,3.0,1.0
CUST00474,2025-06,3.0,64707063.0,21569021.0,1.0,1286845.0,1286845.0,3.0,1.0
CUST00474,2025-07,2.0,41428014.0,20714007.0,0.0,0.0,0.0,2.0,0.0
CUST00474,2025-08,0.0,0.0,0.0,3.0,187766198.0,62588732.666666664,0.0,3.0
CUST00474,2025-09,3.0,46603065.0,15534355.0,0.0,0.0,0.0,3.0,0.0
CUST00474,2025-10,3.0,50651780.0,16883926.666666668,3.0,37941151.0,12647050.333333334,3.0,3.0
CUST00474,2025-11,2.0,46396234.0,23198117.0,1.0,50110397.0,50110397.0,2.0,1.0
CUST00474,2025-12,2.0,29606601.0,14803300.5,0.0,0.0,0.0,2.0,0.0
CUST00475,2025-02,1.0,31000214.0,31000214.0,3.0,35602030.0,11867343.333333334,1.0,3.0
CUST00475,2025-03,4.0,102380410.0,25595102.5,0.0,0.0,0.0,4.0,0.0
CUST00475,2025-04,0.0,0.0,0.0,7.0,126610846.0,18087263.714285713,0.0,6.0
CUST00475,2025-05,0.0,0.0,0.0,3.0,26265419.0,8755139.666666666,0.0,3.0
CUST00475,2025-06,5.0,87576896.0,17515379.2,1.0,16216324.0,16216324.0,4.0,1.0
CUST00475,2025-07,1.0,7257145.0,7257145.0,1.0,14519658.0,14519658.0,1.0,1.0
CUST00475,2025-08,1.0,7505127.0,7505127.0,1.0,1099343.0,1099343.0,1.0,1.0
CUST00475,2025-09,2.0,29610765.0,14805382.5,1.0,1249969.0,1249969.0,2.0,1.0
CUST00475,2025-10,2.0,81627669.0,40813834.5,2.0,23605418.0,11802709.0,2.0,2.0
CUST00475,2025-11,2.0,53984545.0,26992272.5,5.0,96744657.0,19348931.4,2.0,5.0
CUST00475,2025-12,2.0,12695554.0,6347777.0,1.0,1317956.0,1317956.0,2.0,1.0
CUST00476,2025-01,2.0,2614674.0,1307337.0,2.0,20077299.0,10038649.5,2.0,2.0
CUST00476,2025-02,2.0,5962973.0,2981486.5,1.0,50597254.0,50597254.0,2.0,1.0
CUST00476,2025-03,0.0,0.0,0.0,3.0,7736508.0,2578836.0,0.0,3.0
CUST00476,2025-04,0.0,0.0,0.0,3.0,213628075.0,71209358.33333333,0.0,3.0
CUST00476,2025-05,4.0,9285801.0,2321450.25,2.0,58195475.0,29097737.5,4.0,2.0
CUST00476,2025-06,1.0,151538.0,151538.0,6.0,31099322.0,5183220.333333333,1.0,6.0
CUST00476,2025-07,3.0,4756243.0,1585414.3333333333,1.0,322412.0,322412.0,3.0,1.0
CUST00476,2025-08,3.0,5651762.0,1883920.6666666667,4.0,58629189.0,14657297.25,2.0,4.0
CUST00476,2025-09,1.0,3156369.0,3156369.0,2.0,5179298.0,2589649.0,1.0,2.0
CUST00476,2025-10,5.0,9895617.0,1979123.4,4.0,19928713.0,4982178.25,5.0,4.0
CUST00476,2025-11,3.0,6058573.0,2019524.3333333333,0.0,0.0,0.0,3.0,0.0
CUST00476,2025-12,2.0,3648085.0,1824042.5,5.0,33616749.0,6723349.8,2.0,5.0
CUST00477,2025-01,1.0,3178617.0,3178617.0,0.0,0.0,0.0,1.0,0.0
CUST00477,2025-02,3.0,10599256.0,3533085.3333333335,0.0,0.0,0.0,3.0,0.0
CUST00477,2025-03,5.0,7981268.0,1596253.6,4.0,64780334.0,16195083.5,5.0,4.0
CUST00477,2025-04,0.0,0.0,0.0,3.0,26146858.0,8715619.333333334,0.0,3.0
CUST00477,2025-05,0.0,0.0,0.0,1.0,191204154.0,191204154.0,0.0,1.0
CUST00477,2025-06,2.0,1984437.0,992218.5,2.0,27869809.0,13934904.5,2.0,2.0
CUST00477,2025-07,4.0,6069243.0,1517310.75,2.0,20869989.0,10434994.5,3.0,2.0
CUST00477,2025-08,5.0,25494932.0,5098986.4,1.0,21673838.0,21673838.0,5.0,1.0
CUST00477,2025-09,1.0,1032565.0,1032565.0,1.0,4301450.0,4301450.0,1.0,1.0
CUST00477,2025-10,2.0,5076981.0,2538490.5,0.0,0.0,0.0,2.0,0.0
CUST00477,2025-11,0.0,0.0,0.0,1.0,8893785.0,8893785.0,0.0,1.0
CUST00477,2025-12,2.0,2185476.0,1092738.0,0.0,0.0,0.0,2.0,0.0
CUST00478,2025-01,2.0,27467179.0,13733589.5,0.0,0.0,0.0,2.0,0.0
CUST00478,2025-02,1.0,10494590.0,10494590.0,1.0,14762331.0,14762331.0,1.0,1.0
CUST00478,2025-03,3.0,76054461.0,25351487.0,1.0,754153.0,754153.0,3.0,1.0
CUST00478,2025-04,1.0,8581050.0,8581050.0,3.0,10334781.0,3444927.0,1.0,3.0
CUST00478,2025-05,3.0,76142339.0,25380779.666666668,1.0,17959432.0,17959432.0,3.0,1.0
CUST00478,2025-06,1.0,10063191.0,10063191.0,1.0,15976822.0,15976822.0,1.0,1.0
CUST00478,2025-07,1.0,9327859.0,9327859.0,1.0,2204885.0,2204885.0,1.0,1.0
CUST00478,2025-08,2.0,37767914.0,18883957.0,4.0,10541598.0,2635399.5,2.0,4.0
CUST00478,2025-09,1.0,17029926.0,17029926.0,2.0,5661205.0,2830602.5,1.0,2.0
CUST00478,2025-10,3.0,40282978.0,13427659.333333334,3.0,5319287.0,1773095.6666666667,3.0,3.0
CUST00478,2025-11,2.0,35485532.0,17742766.0,4.0,13980652.0,3495163.0,2.0,4.0
CUST00478,2025-12,6.0,85471285.0,14245214.166666666,2.0,26001697.0,13000848.5,6.0,2.0
CUST00479,2025-01,4.0,55570120.0,13892530.0,0.0,0.0,0.0,4.0,0.0
CUST00479,2025-02,1.0,15584160.0,15584160.0,5.0,32261266.0,6452253.2,1.0,5.0
CUST00479,2025-03,5.0,96956633.0,19391326.6,1.0,34305872.0,34305872.0,5.0,1.0
CUST00479,2025-04,0.0,0.0,0.0,2.0,14313216.0,7156608.0,0.0,2.0
CUST00479,2025-05,5.0,76345952.0,15269190.4,0.0,0.0,0.0,5.0,0.0
CUST00479,2025-06,2.0,43055138.0,21527569.0,1.0,1748534.0,1748534.0,2.0,1.0
CUST00479,2025-07,3.0,80803208.0,26934402.666666668,2.0,99216117.0,49608058.5,3.0,2.0
CUST00479,2025-08,2.0,33299773.0,16649886.5,3.0,20685809.0,6895269.666666667,2.0,3.0
CUST00479,2025-09,0.0,0.0,0.0,1.0,1090828.0,1090828.0,0.0,1.0
CUST00479,2025-10,0.0,0.0,0.0,2.0,3295340.0,1647670.0,0.0,2.0
CUST00479,2025-11,7.0,134987549.0,19283935.57142857,1.0,5755271.0,5755271.0,6.0,1.0
CUST00479,2025-12,1.0,51144805.0,51144805.0,0.0,0.0,0.0,1.0,0.0
CUST00480,2025-01,3.0,7587925.0,2529308.3333333335,3.0,15401969.0,5133989.666666667,3.0,2.0
CUST00480,2025-02,2.0,6073537.0,3036768.5,6.0,263525957.0,43920992.833333336,2.0,6.0
CUST00480,2025-03,2.0,4865126.0,2432563.0,0.0,0.0,0.0,2.0,0.0
CUST00480,2025-04,1.0,3094749.0,3094749.0,1.0,23415848.0,23415848.0,1.0,1.0
CUST00480,2025-05,3.0,6180525.0,2060175.0,2.0,17085292.0,8542646.0,3.0,2.0
CUST00480,2025-06,2.0,9846169.0,4923084.5,2.0,15196343.0,7598171.5,2.0,2.0
CUST00480,2025-07,1.0,979125.0,979125.0,8.0,81451126.0,10181390.75,1.0,8.0
CUST00480,2025-08,5.0,10444808.0,2088961.6,2.0,22489386.0,11244693.0,4.0,2.0
CUST00480,2025-09,2.0,2268690.0,1134345.0,0.0,0.0,0.0,2.0,0.0
CUST00480,2025-10,3.0,9004967.0,3001655.6666666665,1.0,3871282.0,3871282.0,3.0,1.0
CUST00480,2025-11,3.0,7507780.0,2502593.3333333335,3.0,52858070.0,17619356.666666668,3.0,3.0
CUST00480,2025-12,2.0,9712551.0,4856275.5,4.0,32457968.0,8114492.0,2.0,4.0
CUST00481,2025-01,1.0,18164850.0,18164850.0,1.0,4386510.0,4386510.0,1.0,1.0
CUST00481,2025-02,2.0,37125248.0,18562624.0,0.0,0.0,0.0,2.0,0.0
CUST00481,2025-03,2.0,49509941.0,24754970.5,3.0,58621085.0,19540361.666666668,2.0,3.0
CUST00481,2025-04,0.0,0.0,0.0,2.0,64876007.0,32438003.5,0.0,2.0
CUST00481,2025-05,0.0,0.0,0.0,3.0,228037778.0,76012592.66666667,0.0,3.0
CUST00481,2025-06,2.0,70845827.0,35422913.5,2.0,47929093.0,23964546.5,2.0,2.0
CUST00481,2025-07,1.0,4180472.0,4180472.0,3.0,64092027.0,21364009.0,1.0,3.0
CUST00481,2025-08,2.0,27077206.0,13538603.0,0.0,0.0,0.0,2.0,0.0
CUST00481,2025-09,3.0,25873479.0,8624493.0,1.0,5851463.0,5851463.0,3.0,1.0
CUST00481,2025-10,4.0,57883130.0,14470782.5,1.0,1721297.0,1721297.0,4.0,1.0
CUST00481,2025-11,2.0,25026573.0,12513286.5,2.0,41339453.0,20669726.5,2.0,2.0
CUST00481,2025-12,2.0,35111371.0,17555685.5,0.0,0.0,0.0,2.0,0.0
CUST00482,2025-01,1.0,1774197.0,1774197.0,2.0,67409702.0,33704851.0,1.0,1.0
CUST00482,2025-02,2.0,12214359.0,6107179.5,1.0,8916516.0,8916516.0,2.0,1.0
CUST00482,2025-03,2.0,13502391.0,6751195.5,1.0,12782957.0,12782957.0,2.0,1.0
CUST00482,2025-04,2.0,3117872.0,1558936.0,2.0,156020833.0,78010416.5,2.0,2.0
CUST00482,2025-05,3.0,9762273.0,3254091.0,0.0,0.0,0.0,3.0,0.0
CUST00482,2025-06,0.0,0.0,0.0,1.0,9762688.0,9762688.0,0.0,1.0
CUST00482,2025-07,0.0,0.0,0.0,1.0,39895118.0,39895118.0,0.0,1.0
CUST00482,2025-08,1.0,2091217.0,2091217.0,0.0,0.0,0.0,1.0,0.0
CUST00482,2025-09,1.0,2074619.0,2074619.0,1.0,18080049.0,18080049.0,1.0,1.0
CUST00482,2025-10,1.0,800224.0,800224.0,0.0,0.0,0.0,1.0,0.0
CUST00482,2025-11,2.0,12056310.0,6028155.0,1.0,3198291.0,3198291.0,2.0,1.0
CUST00482,2025-12,1.0,2067698.0,2067698.0,3.0,277835632.0,92611877.33333333,1.0,3.0
CUST00483,2025-02,1.0,4270422.0,4270422.0,2.0,16234431.0,8117215.5,1.0,2.0
CUST00483,2025-03,0.0,0.0,0.0,1.0,2263220.0,2263220.0,0.0,1.0
CUST00483,2025-04,3.0,3778858.0,1259619.3333333333,2.0,41870897.0,20935448.5,3.0,2.0
CUST00483,2025-05,2.0,5372830.0,2686415.0,1.0,42662541.0,42662541.0,2.0,1.0
CUST00483,2025-06,2.0,8008395.0,4004197.5,5.0,52805932.0,10561186.4,2.0,4.0
CUST00483,2025-07,1.0,1227508.0,1227508.0,2.0,18837288.0,9418644.0,1.0,2.0
CUST00483,2025-08,1.0,7702093.0,7702093.0,2.0,49135080.0,24567540.0,1.0,2.0
CUST00483,2025-09,2.0,3226097.0,1613048.5,2.0,16393401.0,8196700.5,2.0,2.0
CUST00483,2025-10,5.0,11008720.0,2201744.0,2.0,57348072.0,28674036.0,5.0,2.0
CUST00483,2025-11,2.0,5315057.0,2657528.5,1.0,9024502.0,9024502.0,2.0,1.0
CUST00483,2025-12,0.0,0.0,0.0,4.0,72784077.0,18196019.25,0.0,4.0
CUST00484,2025-01,3.0,4437354.0,1479118.0,1.0,49944762.0,49944762.0,3.0,1.0
CUST00484,2025-02,4.0,8571968.0,2142992.0,3.0,22703454.0,7567818.0,4.0,3.0
CUST00484,2025-03,1.0,1297513.0,1297513.0,2.0,8735841.0,4367920.5,1.0,2.0
CUST00484,2025-04,1.0,6052000.0,6052000.0,5.0,107653273.0,21530654.6,1.0,5.0
CUST00484,2025-06,2.0,3373327.0,1686663.5,1.0,3342768.0,3342768.0,2.0,1.0
CUST00484,2025-07,1.0,2292280.0,2292280.0,2.0,14239219.0,7119609.5,1.0,2.0
CUST00484,2025-08,3.0,6975968.0,2325322.6666666665,3.0,10761290.0,3587096.6666666665,3.0,3.0
CUST00484,2025-09,1.0,1191361.0,1191361.0,0.0,0.0,0.0,1.0,0.0
CUST00484,2025-10,0.0,0.0,0.0,1.0,17874240.0,17874240.0,0.0,1.0
CUST00484,2025-11,6.0,13432133.0,2238688.8333333335,5.0,15620633.0,3124126.6,6.0,4.0
CUST00484,2025-12,0.0,0.0,0.0,2.0,21173011.0,10586505.5,0.0,2.0
CUST00485,2025-01,2.0,1119217.0,559608.5,1.0,22038950.0,22038950.0,2.0,1.0
CUST00485,2025-02,4.0,17180133.0,4295033.25,1.0,56006354.0,56006354.0,4.0,1.0
CUST00485,2025-03,0.0,0.0,0.0,4.0,62805851.0,15701462.75,0.0,4.0
CUST00485,2025-05,3.0,5703853.0,1901284.3333333333,3.0,43586640.0,14528880.0,3.0,3.0
CUST00485,2025-06,3.0,7710621.0,2570207.0,0.0,0.0,0.0,3.0,0.0
CUST00485,2025-07,1.0,490155.0,490155.0,2.0,304216403.0,152108201.5,1.0,2.0
CUST00485,2025-08,1.0,1137082.0,1137082.0,1.0,1400262.0,1400262.0,1.0,1.0
CUST00485,2025-09,2.0,2428960.0,1214480.0,5.0,59533543.0,11906708.6,2.0,5.0
CUST00485,2025-10,1.0,1706855.0,1706855.0,2.0,16601335.0,8300667.5,1.0,2.0
CUST00485,2025-11,1.0,1160446.0,1160446.0,4.0,13007089.0,3251772.25,1.0,4.0
CUST00485,2025-12,1.0,1890788.0,1890788.0,3.0,65983769.0,21994589.666666668,1.0,3.0
CUST00486,2025-01,0.0,0.0,0.0,3.0,6829667.0,2276555.6666666665,0.0,3.0
CUST00486,2025-02,0.0,0.0,0.0,2.0,5823072.0,2911536.0,0.0,2.0
CUST00486,2025-03,2.0,4939876.0,2469938.0,1.0,2614279.0,2614279.0,2.0,1.0
CUST00486,2025-04,2.0,3053085.0,1526542.5,1.0,2632052.0,2632052.0,2.0,1.0
CUST00486,2025-05,2.0,5729815.0,2864907.5,2.0,8291074.0,4145537.0,2.0,2.0
CUST00486,2025-06,2.0,1907518.0,953759.0,4.0,13649732.0,3412433.0,2.0,4.0
CUST00486,2025-07,3.0,3634204.0,1211401.3333333333,1.0,13926494.0,13926494.0,2.0,1.0
CUST00486,2025-09,3.0,6425426.0,2141808.6666666665,1.0,5584711.0,5584711.0,3.0,1.0
CUST00486,2025-10,3.0,4837254.0,1612418.0,1.0,29660011.0,29660011.0,3.0,1.0
CUST00486,2025-11,1.0,2010865.0,2010865.0,1.0,3359242.0,3359242.0,1.0,1.0
CUST00487,2025-01,2.0,269551296.0,134775648.0,5.0,9434805.0,1886961.0,2.0,4.0
CUST00487,2025-02,1.0,87425886.0,87425886.0,1.0,17768628.0,17768628.0,1.0,1.0
CUST00487,2025-03,4.0,415708996.0,103927249.0,1.0,1560396.0,1560396.0,4.0,1.0
CUST00487,2025-04,3.0,693837067.0,231279022.33333334,1.0,8055964.0,8055964.0,3.0,1.0
CUST00487,2025-05,3.0,443904107.0,147968035.66666666,4.0,128802073.0,32200518.25,3.0,4.0
CUST00487,2025-06,3.0,246206015.0,82068671.66666667,0.0,0.0,0.0,3.0,0.0
CUST00487,2025-07,1.0,90248865.0,90248865.0,0.0,0.0,0.0,1.0,0.0
CUST00487,2025-08,3.0,294832654.0,98277551.33333333,5.0,98758712.0,19751742.4,3.0,5.0
CUST00487,2025-09,2.0,224761523.0,112380761.5,1.0,3120325.0,3120325.0,2.0,1.0
CUST00487,2025-10,1.0,452945560.0,452945560.0,2.0,3941130.0,1970565.0,1.0,2.0
CUST00487,2025-11,4.0,313691328.0,78422832.0,2.0,111233051.0,55616525.5,4.0,2.0
CUST00488,2025-01,3.0,42183700.0,14061233.333333334,2.0,4843208.0,2421604.0,3.0,2.0
CUST00488,2025-02,4.0,34031276.0,8507819.0,1.0,1831281.0,1831281.0,4.0,1.0
CUST00488,2025-03,6.0,85073443.0,14178907.166666666,0.0,0.0,0.0,6.0,0.0
CUST00488,2025-04,3.0,61346811.0,20448937.0,3.0,142282899.0,47427633.0,3.0,3.0
CUST00488,2025-05,1.0,30300894.0,30300894.0,1.0,2090957.0,2090957.0,1.0,1.0
CUST00488,2025-06,4.0,37462935.0,9365733.75,1.0,129323042.0,129323042.0,4.0,1.0
CUST00488,2025-07,3.0,33698467.0,11232822.333333334,6.0,100089253.0,16681542.166666666,2.0,6.0
CUST00488,2025-08,2.0,114077001.0,57038500.5,0.0,0.0,0.0,2.0,0.0
CUST00488,2025-09,0.0,0.0,0.0,3.0,21084635.0,7028211.666666667,0.0,3.0
CUST00488,2025-10,3.0,60845342.0,20281780.666666668,2.0,31928434.0,15964217.0,3.0,2.0
CUST00488,2025-11,1.0,7968384.0,7968384.0,3.0,10488289.0,3496096.3333333335,1.0,3.0
CUST00488,2025-12,1.0,21020904.0,21020904.0,0.0,0.0,0.0,1.0,0.0
CUST00489,2025-01,3.0,43475893.0,14491964.333333334,2.0,39374204.0,19687102.0,3.0,2.0
CUST00489,2025-02,3.0,24759746.0,8253248.666666667,2.0,9952248.0,4976124.0,3.0,2.0
CUST00489,2025-03,3.0,46531886.0,15510628.666666666,0.0,0.0,0.0,3.0,0.0
CUST00489,2025-04,1.0,6576835.0,6576835.0,1.0,1645754.0,1645754.0,1.0,1.0
CUST00489,2025-05,4.0,35157172.0,8789293.0,1.0,17899568.0,17899568.0,4.0,1.0
CUST00489,2025-06,5.0,61042469.0,12208493.8,3.0,116989975.0,38996658.333333336,5.0,3.0
CUST00489,2025-07,2.0,55499861.0,27749930.5,2.0,9726103.0,4863051.5,2.0,2.0
CUST00489,2025-08,2.0,52743346.0,26371673.0,4.0,26275587.0,6568896.75,2.0,4.0
CUST00489,2025-09,5.0,60325570.0,12065114.0,4.0,168420468.0,42105117.0,5.0,4.0
CUST00489,2025-10,1.0,30034689.0,30034689.0,2.0,27197094.0,13598547.0,1.0,2.0
CUST00489,2025-11,0.0,0.0,0.0,3.0,5519639.0,1839879.6666666667,0.0,3.0
CUST00489,2025-12,0.0,0.0,0.0,1.0,7744746.0,7744746.0,0.0,1.0
CUST00490,2025-01,3.0,8408269.0,2802756.3333333335,5.0,74098010.0,14819602.0,2.0,4.0
CUST00490,2025-02,1.0,1168637.0,1168637.0,1.0,6342019.0,6342019.0,1.0,1.0
CUST00490,2025-03,5.0,7869967.0,1573993.4,3.0,79122471.0,26374157.0,5.0,3.0
CUST00490,2025-04,1.0,13766906.0,13766906.0,4.0,21627307.0,5406826.75,1.0,4.0
CUST00490,2025-05,2.0,9049824.0,4524912.0,1.0,3325310.0,3325310.0,2.0,1.0
CUST00490,2025-06,1.0,6584324.0,6584324.0,3.0,24196157.0,8065385.666666667,1.0,3.0
CUST00490,2025-07,1.0,3545763.0,3545763.0,1.0,2586961.0,2586961.0,1.0,1.0
CUST00490,2025-08,2.0,4085658.0,2042829.0,0.0,0.0,0.0,2.0,0.0
CUST00490,2025-09,3.0,8706995.0,2902331.6666666665,2.0,39778190.0,19889095.0,3.0,2.0
CUST00490,2025-10,4.0,6519669.0,1629917.25,0.0,0.0,0.0,4.0,0.0
CUST00490,2025-11,3.0,5339798.0,1779932.6666666667,2.0,38537000.0,19268500.0,3.0,2.0
CUST00490,2025-12,0.0,0.0,0.0,1.0,5051559.0,5051559.0,0.0,1.0
CUST00491,2025-01,2.0,4426292.0,2213146.0,2.0,3248339.0,1624169.5,2.0,2.0
CUST00491,2025-02,4.0,11036868.0,2759217.0,0.0,0.0,0.0,4.0,0.0
CUST00491,2025-03,4.0,5834962.0,1458740.5,3.0,2815696.0,938565.3333333334,4.0,3.0
CUST00491,2025-04,1.0,1998718.0,1998718.0,3.0,55198039.0,18399346.333333332,1.0,3.0
CUST00491,2025-05,4.0,23978938.0,5994734.5,2.0,113058102.0,56529051.0,4.0,2.0
CUST00491,2025-06,1.0,12598983.0,12598983.0,0.0,0.0,0.0,1.0,0.0
CUST00491,2025-07,1.0,2283941.0,2283941.0,5.0,35592758.0,7118551.6,1.0,5.0
CUST00491,2025-08,3.0,8812091.0,2937363.6666666665,0.0,0.0,0.0,3.0,0.0
CUST00491,2025-09,1.0,414852.0,414852.0,3.0,101632401.0,33877467.0,1.0,3.0
CUST00491,2025-10,1.0,14381421.0,14381421.0,2.0,383479291.0,191739645.5,1.0,2.0
CUST00491,2025-11,2.0,5556258.0,2778129.0,2.0,11141435.0,5570717.5,2.0,2.0
CUST00491,2025-12,2.0,8150778.0,4075389.0,0.0,0.0,0.0,2.0,0.0
CUST00492,2025-01,1.0,17759104.0,17759104.0,0.0,0.0,0.0,1.0,0.0
CUST00492,2025-02,1.0,27701775.0,27701775.0,0.0,0.0,0.0,1.0,0.0
CUST00492,2025-03,4.0,101631685.0,25407921.25,2.0,62481580.0,31240790.0,4.0,2.0
CUST00492,2025-04,2.0,16739092.0,8369546.0,0.0,0.0,0.0,2.0,0.0
CUST00492,2025-05,2.0,31398156.0,15699078.0,1.0,3822038.0,3822038.0,2.0,1.0
CUST00492,2025-06,2.0,79706503.0,39853251.5,0.0,0.0,0.0,2.0,0.0
CUST00492,2025-07,2.0,61640799.0,30820399.5,2.0,8201596.0,4100798.0,2.0,2.0
CUST00492,2025-08,3.0,46212680.0,15404226.666666666,4.0,42600002.0,10650000.5,3.0,4.0
CUST00492,2025-09,1.0,45357518.0,45357518.0,1.0,6643844.0,6643844.0,1.0,1.0
CUST00492,2025-10,4.0,115192185.0,28798046.25,1.0,9691784.0,9691784.0,4.0,1.0
CUST00492,2025-11,0.0,0.0,0.0,2.0,198438744.0,99219372.0,0.0,2.0
CUST00492,2025-12,2.0,29574666.0,14787333.0,3.0,175833185.0,58611061.666666664,2.0,3.0
CUST00493,2025-01,1.0,897840.0,897840.0,3.0,16095430.0,5365143.333333333,1.0,3.0
CUST00493,2025-02,0.0,0.0,0.0,2.0,36685826.0,18342913.0,0.0,2.0
CUST00493,2025-04,2.0,5744250.0,2872125.0,0.0,0.0,0.0,2.0,0.0
CUST00493,2025-05,3.0,8512351.0,2837450.3333333335,1.0,23274857.0,23274857.0,3.0,1.0
CUST00493,2025-06,1.0,2419232.0,2419232.0,1.0,43538860.0,43538860.0,1.0,1.0
CUST00493,2025-07,2.0,11015406.0,5507703.0,1.0,17499804.0,17499804.0,2.0,1.0
CUST00493,2025-08,3.0,15948434.0,5316144.666666667,1.0,713361.0,713361.0,3.0,1.0
CUST00493,2025-09,1.0,1699806.0,1699806.0,1.0,811177.0,811177.0,1.0,1.0
CUST00493,2025-10,3.0,5705361.0,1901787.0,1.0,12610613.0,12610613.0,3.0,1.0
CUST00493,2025-11,3.0,4369939.0,1456646.3333333333,6.0,152101956.0,25350326.0,3.0,6.0
CUST00493,2025-12,0.0,0.0,0.0,2.0,7283180.0,3641590.0,0.0,2.0
CUST00494,2025-01,2.0,6984067.0,3492033.5,5.0,275538789.0,55107757.8,2.0,5.0
CUST00494,2025-02,0.0,0.0,0.0,3.0,37199535.0,12399845.0,0.0,3.0
CUST00494,2025-03,2.0,3721748.0,1860874.0,5.0,115976092.0,23195218.4,2.0,5.0
CUST00494,2025-04,1.0,2621435.0,2621435.0,1.0,19772141.0,19772141.0,1.0,1.0
CUST00494,2025-05,4.0,8709430.0,2177357.5,3.0,34868533.0,11622844.333333334,4.0,3.0
CUST00494,2025-06,0.0,0.0,0.0,3.0,129880903.0,43293634.333333336,0.0,3.0
CUST00494,2025-07,2.0,5685342.0,2842671.0,2.0,12384508.0,6192254.0,2.0,2.0
CUST00494,2025-08,2.0,3348788.0,1674394.0,0.0,0.0,0.0,2.0,0.0
CUST00494,2025-09,0.0,0.0,0.0,1.0,512325.0,512325.0,0.0,1.0
CUST00494,2025-10,0.0,0.0,0.0,3.0,21799931.0,7266643.666666667,0.0,3.0
CUST00494,2025-11,1.0,3083356.0,3083356.0,2.0,14097008.0,7048504.0,1.0,2.0
CUST00494,2025-12,1.0,8919639.0,8919639.0,1.0,1922015.0,1922015.0,1.0,1.0
CUST00495,2025-01,2.0,6965051.0,3482525.5,2.0,11113426.0,5556713.0,2.0,2.0
CUST00495,2025-02,1.0,8368294.0,8368294.0,0.0,0.0,0.0,1.0,0.0
CUST00495,2025-03,4.0,11683282.0,2920820.5,2.0,5330027.0,2665013.5,4.0,2.0
CUST00495,2025-04,2.0,1826508.0,913254.0,1.0,28879352.0,28879352.0,2.0,1.0
CUST00495,2025-05,0.0,0.0,0.0,1.0,3561501.0,3561501.0,0.0,1.0
CUST00495,2025-06,1.0,1223386.0,1223386.0,2.0,3083517.0,1541758.5,1.0,2.0
CUST00495,2025-07,2.0,6205281.0,3102640.5,5.0,82403456.0,16480691.2,2.0,5.0
CUST00495,2025-08,4.0,17517041.0,4379260.25,4.0,63199336.0,15799834.0,4.0,3.0
CUST00495,2025-09,0.0,0.0,0.0,2.0,3109827.0,1554913.5,0.0,2.0
CUST00495,2025-10,4.0,9914110.0,2478527.5,2.0,100166697.0,50083348.5,4.0,2.0
CUST00495,2025-11,0.0,0.0,0.0,2.0,142373026.0,71186513.0,0.0,2.0
CUST00495,2025-12,1.0,1718992.0,1718992.0,3.0,135907313.0,45302437.666666664,1.0,3.0
CUST00496,2025-01,1.0,16948309.0,16948309.0,4.0,71739325.0,17934831.25,1.0,4.0
CUST00496,2025-02,3.0,80592846.0,26864282.0,1.0,71135161.0,71135161.0,3.0,1.0
CUST00496,2025-03,0.0,0.0,0.0,2.0,23114986.0,11557493.0,0.0,2.0
CUST00496,2025-04,0.0,0.0,0.0,3.0,81616300.0,27205433.333333332,0.0,3.0
CUST00496,2025-05,2.0,45321738.0,22660869.0,2.0,41405789.0,20702894.5,2.0,1.0
CUST00496,2025-06,2.0,17581062.0,8790531.0,1.0,13320106.0,13320106.0,2.0,1.0
CUST00496,2025-07,4.0,75777667.0,18944416.75,5.0,300243597.0,60048719.4,4.0,5.0
CUST00496,2025-08,1.0,33727787.0,33727787.0,2.0,18509440.0,9254720.0,1.0,2.0
CUST00496,2025-09,3.0,141794827.0,47264942.333333336,3.0,120091122.0,40030374.0,3.0,3.0
CUST00496,2025-10,4.0,108421127.0,27105281.75,2.0,26765942.0,13382971.0,4.0,2.0
CUST00496,2025-11,0.0,0.0,0.0,2.0,37404867.0,18702433.5,0.0,2.0
CUST00496,2025-12,1.0,12353730.0,12353730.0,4.0,19148094.0,4787023.5,1.0,4.0
CUST00497,2025-01,3.0,10825655.0,3608551.6666666665,2.0,24905671.0,12452835.5,3.0,2.0
CUST00497,2025-02,1.0,1721942.0,1721942.0,2.0,10313511.0,5156755.5,1.0,2.0
CUST00497,2025-03,7.0,21948310.0,3135472.8571428573,3.0,42836781.0,14278927.0,7.0,3.0
CUST00497,2025-04,4.0,19304534.0,4826133.5,3.0,65731525.0,21910508.333333332,4.0,3.0
CUST00497,2025-05,3.0,14230424.0,4743474.666666667,2.0,18030094.0,9015047.0,2.0,2.0
CUST00497,2025-06,2.0,3595837.0,1797918.5,3.0,22544410.0,7514803.333333333,2.0,3.0
CUST00497,2025-07,2.0,12903695.0,6451847.5,6.0,65432873.0,10905478.833333334,2.0,6.0
CUST00497,2025-08,3.0,5363433.0,1787811.0,4.0,549538467.0,137384616.75,3.0,4.0
CUST00497,2025-09,3.0,8630323.0,2876774.3333333335,1.0,120935500.0,120935500.0,3.0,1.0
CUST00497,2025-10,3.0,7871248.0,2623749.3333333335,0.0,0.0,0.0,3.0,0.0
CUST00497,2025-11,0.0,0.0,0.0,1.0,1559202.0,1559202.0,0.0,1.0
CUST00497,2025-12,2.0,2300460.0,1150230.0,3.0,149115971.0,49705323.666666664,2.0,3.0
CUST00498,2025-01,8.0,23270053.0,2908756.625,6.0,45420745.0,7570124.166666667,8.0,6.0
CUST00498,2025-02,1.0,3503224.0,3503224.0,2.0,135721750.0,67860875.0,1.0,2.0
CUST00498,2025-03,2.0,5441303.0,2720651.5,1.0,27010484.0,27010484.0,2.0,1.0
CUST00498,2025-04,1.0,2817398.0,2817398.0,2.0,29422046.0,14711023.0,1.0,2.0
CUST00498,2025-05,1.0,1866764.0,1866764.0,5.0,323310601.0,64662120.2,1.0,5.0
CUST00498,2025-06,3.0,8564507.0,2854835.6666666665,4.0,99767833.0,24941958.25,3.0,4.0
CUST00498,2025-07,1.0,4567771.0,4567771.0,1.0,5501987.0,5501987.0,1.0,1.0
CUST00498,2025-08,1.0,1330336.0,1330336.0,2.0,99741778.0,49870889.0,1.0,2.0
CUST00498,2025-09,4.0,13710739.0,3427684.75,1.0,2263525.0,2263525.0,4.0,1.0
CUST00498,2025-10,1.0,3399443.0,3399443.0,4.0,29215193.0,7303798.25,1.0,4.0
CUST00498,2025-11,1.0,2630576.0,2630576.0,3.0,116733162.0,38911054.0,1.0,3.0
CUST00498,2025-12,5.0,16854170.0,3370834.0,1.0,56511702.0,56511702.0,5.0,1.0
CUST00499,2025-01,4.0,198992721.0,49748180.25,3.0,101817607.0,33939202.333333336,4.0,3.0
CUST00499,2025-02,1.0,16706040.0,16706040.0,3.0,41924635.0,13974878.333333334,1.0,3.0
CUST00499,2025-03,1.0,4246821.0,4246821.0,1.0,60067450.0,60067450.0,1.0,1.0
CUST00499,2025-04,2.0,33901565.0,16950782.5,3.0,24768158.0,8256052.666666667,2.0,3.0
CUST00499,2025-05,1.0,33409611.0,33409611.0,0.0,0.0,0.0,1.0,0.0
CUST00499,2025-06,1.0,25016280.0,25016280.0,1.0,89333097.0,89333097.0,1.0,1.0
CUST00499,2025-07,0.0,0.0,0.0,2.0,10980745.0,5490372.5,0.0,2.0
CUST00499,2025-08,3.0,95427606.0,31809202.0,2.0,33910182.0,16955091.0,3.0,2.0
CUST00499,2025-09,3.0,29730113.0,9910037.666666666,3.0,10089004.0,3363001.3333333335,3.0,3.0
CUST00499,2025-10,2.0,24609805.0,12304902.5,1.0,459876.0,459876.0,2.0,1.0
CUST00499,2025-11,3.0,43277193.0,14425731.0,4.0,460363526.0,115090881.5,3.0,4.0
CUST00499,2025-12,1.0,32509722.0,32509722.0,3.0,51093640.0,17031213.333333332,1.0,3.0
CUST00500,2025-01,4.0,9786426.0,2446606.5,2.0,59094889.0,29547444.5,4.0,2.0
CUST00500,2025-02,2.0,7919487.0,3959743.5,5.0,56549591.0,11309918.2,2.0,5.0
CUST00500,2025-03,1.0,1246839.0,1246839.0,3.0,10487418.0,3495806.0,1.0,3.0
CUST00500,2025-04,2.0,5010594.0,2505297.0,0.0,0.0,0.0,2.0,0.0
CUST00500,2025-05,1.0,3231626.0,3231626.0,5.0,39634795.0,7926959.0,1.0,5.0
CUST00500,2025-06,5.0,14832488.0,2966497.6,2.0,130676893.0,65338446.5,5.0,2.0
CUST00500,2025-07,2.0,8541746.0,4270873.0,0.0,0.0,0.0,2.0,0.0
CUST00500,2025-08,2.0,8320247.0,4160123.5,4.0,132782129.0,33195532.25,2.0,4.0
CUST00500,2025-09,0.0,0.0,0.0,1.0,1530973.0,1530973.0,0.0,1.0
CUST00500,2025-10,0.0,0.0,0.0,3.0,19946338.0,6648779.333333333,0.0,3.0
CUST00500,2025-11,2.0,5546627.0,2773313.5,3.0,127928791.0,42642930.333333336,2.0,3.0
CUST00500,2025-12,1.0,2087934.0,2087934.0,0.0,0.0,0.0,1.0,0.0
CUST00501,2025-01,9.0,28592081.0,3176897.888888889,1.0,1754827.0,1754827.0,8.0,1.0
CUST00501,2025-02,1.0,2203935.0,2203935.0,0.0,0.0,0.0,1.0,0.0
CUST00501,2025-03,1.0,338670.0,338670.0,6.0,62390419.0,10398403.166666666,1.0,6.0
CUST00501,2025-04,0.0,0.0,0.0,2.0,237338566.0,118669283.0,0.0,2.0
CUST00501,2025-05,3.0,9234887.0,3078295.6666666665,2.0,351350477.0,175675238.5,3.0,2.0
CUST00501,2025-06,2.0,3263262.0,1631631.0,0.0,0.0,0.0,2.0,0.0
CUST00501,2025-07,0.0,0.0,0.0,2.0,4996716.0,2498358.0,0.0,2.0
CUST00501,2025-08,1.0,2242991.0,2242991.0,3.0,8310201.0,2770067.0,1.0,3.0
CUST00501,2025-09,1.0,1067861.0,1067861.0,1.0,1264393.0,1264393.0,1.0,1.0
CUST00501,2025-10,1.0,1919847.0,1919847.0,2.0,3899618.0,1949809.0,1.0,2.0
CUST00501,2025-11,3.0,8419937.0,2806645.6666666665,3.0,20369618.0,6789872.666666667,3.0,3.0
CUST00501,2025-12,4.0,24085415.0,6021353.75,1.0,9650137.0,9650137.0,4.0,1.0
CUST00502,2025-01,1.0,1461157.0,1461157.0,0.0,0.0,0.0,1.0,0.0
CUST00502,2025-02,6.0,10938834.0,1823139.0,0.0,0.0,0.0,6.0,0.0
CUST00502,2025-03,4.0,10719331.0,2679832.75,2.0,380365328.0,190182664.0,4.0,2.0
CUST00502,2025-04,0.0,0.0,0.0,4.0,70606446.0,17651611.5,0.0,4.0
CUST00502,2025-05,2.0,1944370.0,972185.0,2.0,107693232.0,53846616.0,2.0,2.0
CUST00502,2025-06,0.0,0.0,0.0,1.0,24590894.0,24590894.0,0.0,1.0
CUST00502,2025-07,2.0,1192457.0,596228.5,2.0,222551598.0,111275799.0,2.0,1.0
CUST00502,2025-08,3.0,6101804.0,2033934.6666666667,3.0,99113909.0,33037969.666666668,3.0,3.0
CUST00502,2025-09,1.0,13163276.0,13163276.0,2.0,22983604.0,11491802.0,1.0,2.0
CUST00502,2025-10,1.0,1231507.0,1231507.0,1.0,3360768.0,3360768.0,1.0,1.0
CUST00502,2025-11,0.0,0.0,0.0,2.0,3848534.0,1924267.0,0.0,2.0
CUST00502,2025-12,1.0,1407220.0,1407220.0,2.0,95025682.0,47512841.0,1.0,2.0
CUST00503,2025-01,1.0,4966591.0,4966591.0,4.0,131555985.0,32888996.25,1.0,3.0
CUST00503,2025-02,2.0,2943364.0,1471682.0,1.0,1168869.0,1168869.0,2.0,1.0
CUST00503,2025-03,3.0,2739394.0,913131.3333333334,1.0,2072100.0,2072100.0,3.0,1.0
CUST00503,2025-04,3.0,11925425.0,3975141.6666666665,0.0,0.0,0.0,3.0,0.0
CUST00503,2025-05,4.0,8948018.0,2237004.5,5.0,18140763.0,3628152.6,4.0,5.0
CUST00503,2025-06,3.0,2446808.0,815602.6666666666,5.0,48410591.0,9682118.2,3.0,5.0
CUST00503,2025-07,5.0,19316381.0,3863276.2,1.0,50115743.0,50115743.0,5.0,1.0
CUST00503,2025-08,4.0,11669615.0,2917403.75,2.0,25796313.0,12898156.5,4.0,2.0
CUST00503,2025-09,4.0,6020300.0,1505075.0,2.0,63579596.0,31789798.0,4.0,2.0
CUST00503,2025-10,0.0,0.0,0.0,1.0,6266389.0,6266389.0,0.0,1.0
CUST00503,2025-11,1.0,8314637.0,8314637.0,2.0,170500420.0,85250210.0,1.0,2.0
CUST00503,2025-12,0.0,0.0,0.0,2.0,4357937.0,2178968.5,0.0,2.0
CUST00504,2025-01,1.0,35472132.0,35472132.0,4.0,51845557.0,12961389.25,1.0,4.0
CUST00504,2025-02,2.0,39348744.0,19674372.0,1.0,11895625.0,11895625.0,2.0,1.0
CUST00504,2025-03,0.0,0.0,0.0,5.0,75768762.0,15153752.4,0.0,5.0
CUST00504,2025-04,2.0,63081809.0,31540904.5,1.0,2958194.0,2958194.0,2.0,1.0
CUST00504,2025-05,4.0,137930373.0,34482593.25,3.0,12237489.0,4079163.0,4.0,3.0
CUST00504,2025-06,2.0,36422957.0,18211478.5,3.0,8331396.0,2777132.0,2.0,3.0
CUST00504,2025-07,4.0,89050459.0,22262614.75,0.0,0.0,0.0,4.0,0.0
CUST00504,2025-08,2.0,43237360.0,21618680.0,1.0,11856310.0,11856310.0,2.0,1.0
CUST00504,2025-09,4.0,104639351.0,26159837.75,0.0,0.0,0.0,4.0,0.0
CUST00504,2025-10,1.0,53970387.0,53970387.0,2.0,51897328.0,25948664.0,1.0,2.0
CUST00504,2025-11,1.0,5040881.0,5040881.0,2.0,10353811.0,5176905.5,1.0,2.0
CUST00504,2025-12,3.0,44957805.0,14985935.0,2.0,8439048.0,4219524.0,3.0,2.0
CUST00505,2025-01,6.0,8855632.0,1475938.6666666667,2.0,10328189.0,5164094.5,6.0,2.0
CUST00505,2025-02,2.0,5538604.0,2769302.0,1.0,3214999.0,3214999.0,2.0,1.0
CUST00505,2025-03,3.0,10107089.0,3369029.6666666665,4.0,21917746.0,5479436.5,3.0,4.0
CUST00505,2025-04,2.0,2324881.0,1162440.5,1.0,1290476.0,1290476.0,2.0,1.0
CUST00505,2025-05,5.0,22047515.0,4409503.0,3.0,21344441.0,7114813.666666667,5.0,3.0
CUST00505,2025-06,5.0,10292074.0,2058414.8,3.0,86391704.0,28797234.666666668,5.0,3.0
CUST00505,2025-07,2.0,1454523.0,727261.5,2.0,25296800.0,12648400.0,2.0,2.0
CUST00505,2025-08,2.0,3235486.0,1617743.0,4.0,117774642.0,29443660.5,2.0,4.0
CUST00505,2025-09,3.0,2412189.0,804063.0,3.0,47793840.0,15931280.0,3.0,3.0
CUST00505,2025-10,4.0,18410655.0,4602663.75,2.0,36631019.0,18315509.5,4.0,2.0
CUST00505,2025-11,2.0,5891350.0,2945675.0,3.0,19823084.0,6607694.666666667,2.0,2.0
CUST00505,2025-12,0.0,0.0,0.0,1.0,7123303.0,7123303.0,0.0,1.0
CUST00506,2025-01,5.0,17000277.0,3400055.4,1.0,1533920.0,1533920.0,5.0,1.0
CUST00506,2025-02,1.0,1112062.0,1112062.0,2.0,5089778.0,2544889.0,1.0,2.0
CUST00506,2025-03,1.0,1830475.0,1830475.0,5.0,79845310.0,15969062.0,1.0,5.0
CUST00506,2025-04,4.0,15391865.0,3847966.25,3.0,29542112.0,9847370.666666666,4.0,3.0
CUST00506,2025-05,6.0,20034607.0,3339101.1666666665,0.0,0.0,0.0,6.0,0.0
CUST00506,2025-06,3.0,8768781.0,2922927.0,1.0,1377115.0,1377115.0,3.0,1.0
CUST00506,2025-07,0.0,0.0,0.0,5.0,58642795.0,11728559.0,0.0,5.0
CUST00506,2025-08,6.0,16892883.0,2815480.5,1.0,2547820.0,2547820.0,6.0,1.0
CUST00506,2025-09,1.0,1886115.0,1886115.0,0.0,0.0,0.0,1.0,0.0
CUST00506,2025-10,2.0,5793024.0,2896512.0,1.0,3533178.0,3533178.0,2.0,1.0
CUST00506,2025-11,1.0,793378.0,793378.0,0.0,0.0,0.0,1.0,0.0
CUST00506,2025-12,4.0,10233544.0,2558386.0,2.0,30145004.0,15072502.0,4.0,2.0
CUST00507,2025-01,3.0,29165082.0,9721694.0,4.0,195991784.0,48997946.0,3.0,4.0
CUST00507,2025-02,3.0,33736933.0,11245644.333333334,4.0,50389495.0,12597373.75,3.0,4.0
CUST00507,2025-04,3.0,38989658.0,12996552.666666666,2.0,3188136.0,1594068.0,3.0,2.0
CUST00507,2025-05,2.0,42500278.0,21250139.0,0.0,0.0,0.0,2.0,0.0
CUST00507,2025-06,2.0,20159445.0,10079722.5,5.0,36222646.0,7244529.2,2.0,5.0
CUST00507,2025-07,1.0,10794461.0,10794461.0,2.0,82515295.0,41257647.5,1.0,2.0
CUST00507,2025-08,1.0,30161101.0,30161101.0,0.0,0.0,0.0,1.0,0.0
CUST00507,2025-09,1.0,73177821.0,73177821.0,1.0,2252372.0,2252372.0,1.0,1.0
CUST00507,2025-10,3.0,37140909.0,12380303.0,1.0,1308834.0,1308834.0,3.0,1.0
CUST00507,2025-11,2.0,39726054.0,19863027.0,0.0,0.0,0.0,2.0,0.0
CUST00507,2025-12,2.0,79261023.0,39630511.5,3.0,22819232.0,7606410.666666667,2.0,3.0
CUST00508,2025-01,4.0,207256599.0,51814149.75,1.0,5161391.0,5161391.0,4.0,1.0
CUST00508,2025-02,2.0,19458589.0,9729294.5,3.0,19622479.0,6540826.333333333,2.0,3.0
CUST00508,2025-03,1.0,6832158.0,6832158.0,1.0,60145054.0,60145054.0,1.0,1.0
CUST00508,2025-04,2.0,18617671.0,9308835.5,1.0,2863798.0,2863798.0,2.0,1.0
CUST00508,2025-05,3.0,85060124.0,28353374.666666668,3.0,11704499.0,3901499.6666666665,3.0,3.0
CUST00508,2025-06,2.0,26081177.0,13040588.5,1.0,26408387.0,26408387.0,2.0,1.0
CUST00508,2025-07,1.0,16787876.0,16787876.0,4.0,107051487.0,26762871.75,1.0,4.0
CUST00508,2025-08,1.0,71695054.0,71695054.0,0.0,0.0,0.0,1.0,0.0
CUST00508,2025-09,1.0,51292865.0,51292865.0,4.0,67834133.0,16958533.25,1.0,4.0
CUST00508,2025-10,1.0,29561555.0,29561555.0,0.0,0.0,0.0,1.0,0.0
CUST00508,2025-11,1.0,15720472.0,15720472.0,1.0,1310142.0,1310142.0,1.0,1.0
CUST00508,2025-12,3.0,17606342.0,5868780.666666667,1.0,28438141.0,28438141.0,3.0,1.0
CUST00509,2025-01,2.0,14512856.0,7256428.0,2.0,45718115.0,22859057.5,2.0,2.0
CUST00509,2025-02,1.0,20212152.0,20212152.0,4.0,21682861.0,5420715.25,1.0,4.0
CUST00509,2025-03,2.0,37670058.0,18835029.0,0.0,0.0,0.0,2.0,0.0
CUST00509,2025-04,1.0,32207239.0,32207239.0,2.0,3918453.0,1959226.5,1.0,2.0
CUST00509,2025-05,6.0,89469313.0,14911552.166666666,0.0,0.0,0.0,5.0,0.0
CUST00509,2025-06,0.0,0.0,0.0,3.0,66637236.0,22212412.0,0.0,3.0
CUST00509,2025-07,2.0,21168371.0,10584185.5,2.0,13118002.0,6559001.0,2.0,2.0
CUST00509,2025-08,4.0,74020546.0,18505136.5,3.0,108450859.0,36150286.333333336,4.0,3.0
CUST00509,2025-09,3.0,114185168.0,38061722.666666664,0.0,0.0,0.0,3.0,0.0
CUST00509,2025-10,5.0,59263162.0,11852632.4,2.0,175740397.0,87870198.5,5.0,2.0
CUST00509,2025-11,2.0,51161650.0,25580825.0,3.0,25129457.0,8376485.666666667,2.0,3.0
CUST00509,2025-12,2.0,23241834.0,11620917.0,4.0,7511560.0,1877890.0,2.0,4.0
CUST00510,2025-01,2.0,3617690.0,1808845.0,2.0,83667167.0,41833583.5,2.0,2.0
CUST00510,2025-02,2.0,17529291.0,8764645.5,3.0,37493594.0,12497864.666666666,2.0,3.0
CUST00510,2025-03,3.0,6443798.0,2147932.6666666665,2.0,16769487.0,8384743.5,3.0,2.0
CUST00510,2025-04,3.0,4938003.0,1646001.0,3.0,5636669.0,1878889.6666666667,3.0,3.0
CUST00510,2025-05,4.0,12437228.0,3109307.0,0.0,0.0,0.0,4.0,0.0
CUST00510,2025-06,0.0,0.0,0.0,3.0,32191236.0,10730412.0,0.0,2.0
CUST00510,2025-07,1.0,1988199.0,1988199.0,4.0,6619144.0,1654786.0,1.0,4.0
CUST00510,2025-08,1.0,3205662.0,3205662.0,0.0,0.0,0.0,1.0,0.0
CUST00510,2025-09,0.0,0.0,0.0,2.0,3937852.0,1968926.0,0.0,2.0
CUST00510,2025-10,1.0,967775.0,967775.0,2.0,22875172.0,11437586.0,1.0,2.0
CUST00510,2025-11,2.0,18305517.0,9152758.5,0.0,0.0,0.0,2.0,0.0
CUST00510,2025-12,1.0,9020277.0,9020277.0,2.0,4979666.0,2489833.0,1.0,2.0
CUST00511,2025-01,2.0,3911404.0,1955702.0,1.0,3941357.0,3941357.0,2.0,1.0
CUST00511,2025-02,3.0,8371782.0,2790594.0,4.0,15932955.0,3983238.75,3.0,4.0
CUST00511,2025-03,1.0,1890874.0,1890874.0,0.0,0.0,0.0,1.0,0.0
CUST00511,2025-04,2.0,7665578.0,3832789.0,4.0,19212809.0,4803202.25,2.0,4.0
CUST00511,2025-05,0.0,0.0,0.0,1.0,2374815.0,2374815.0,0.0,1.0
CUST00511,2025-06,1.0,2153059.0,2153059.0,1.0,2096788.0,2096788.0,1.0,1.0
CUST00511,2025-07,3.0,8946541.0,2982180.3333333335,1.0,5962139.0,5962139.0,3.0,1.0
CUST00511,2025-08,0.0,0.0,0.0,7.0,113165713.0,16166530.42857143,0.0,7.0
CUST00511,2025-09,1.0,2369836.0,2369836.0,1.0,74920834.0,74920834.0,1.0,1.0
CUST00511,2025-10,3.0,6754416.0,2251472.0,1.0,2346093.0,2346093.0,3.0,1.0
CUST00511,2025-11,5.0,14563548.0,2912709.6,2.0,9068476.0,4534238.0,5.0,2.0
CUST00511,2025-12,2.0,4748125.0,2374062.5,5.0,17733189.0,3546637.8,2.0,5.0
CUST00512,2025-01,4.0,410548918.0,102637229.5,4.0,20492093.0,5123023.25,3.0,4.0
CUST00512,2025-02,1.0,44779832.0,44779832.0,2.0,229980165.0,114990082.5,1.0,2.0
CUST00512,2025-03,1.0,378246913.0,378246913.0,1.0,2427184.0,2427184.0,1.0,1.0
CUST00512,2025-04,0.0,0.0,0.0,3.0,6134690.0,2044896.6666666667,0.0,3.0
CUST00512,2025-05,1.0,83687212.0,83687212.0,1.0,13814746.0,13814746.0,1.0,1.0
CUST00512,2025-06,1.0,15609157.0,15609157.0,2.0,11804064.0,5902032.0,1.0,2.0
CUST00512,2025-07,3.0,253700098.0,84566699.33333333,1.0,96368428.0,96368428.0,2.0,1.0
CUST00512,2025-08,5.0,368346847.0,73669369.4,2.0,72176352.0,36088176.0,5.0,2.0
CUST00512,2025-10,1.0,64865037.0,64865037.0,2.0,14013242.0,7006621.0,1.0,2.0
CUST00512,2025-11,0.0,0.0,0.0,1.0,924008.0,924008.0,0.0,1.0
CUST00512,2025-12,3.0,211805936.0,70601978.66666667,3.0,69303436.0,23101145.333333332,3.0,3.0
CUST00513,2025-01,3.0,86485479.0,28828493.0,1.0,6868743.0,6868743.0,3.0,1.0
CUST00513,2025-02,4.0,94819369.0,23704842.25,1.0,4255807.0,4255807.0,4.0,1.0
CUST00513,2025-03,1.0,5005237.0,5005237.0,4.0,32987062.0,8246765.5,1.0,4.0
CUST00513,2025-04,1.0,34958407.0,34958407.0,1.0,20755163.0,20755163.0,1.0,1.0
CUST00513,2025-05,2.0,52919859.0,26459929.5,2.0,80305022.0,40152511.0,2.0,2.0
CUST00513,2025-06,4.0,177292659.0,44323164.75,2.0,7789294.0,3894647.0,4.0,2.0
CUST00513,2025-07,1.0,50479862.0,50479862.0,3.0,21445582.0,7148527.333333333,1.0,3.0
CUST00513,2025-08,3.0,57984541.0,19328180.333333332,4.0,56706099.0,14176524.75,3.0,4.0
CUST00513,2025-09,2.0,51201188.0,25600594.0,0.0,0.0,0.0,2.0,0.0
CUST00513,2025-10,1.0,2307688.0,2307688.0,0.0,0.0,0.0,1.0,0.0
CUST00513,2025-11,0.0,0.0,0.0,2.0,2239310.0,1119655.0,0.0,2.0
CUST00513,2025-12,3.0,76166611.0,25388870.333333332,2.0,8764580.0,4382290.0,3.0,2.0
CUST00514,2025-01,0.0,0.0,0.0,5.0,70056113.0,14011222.6,0.0,5.0
CUST00514,2025-02,2.0,3167176.0,1583588.0,0.0,0.0,0.0,2.0,0.0
CUST00514,2025-03,4.0,15044950.0,3761237.5,2.0,47328608.0,23664304.0,3.0,2.0
CUST00514,2025-04,3.0,5982165.0,1994055.0,3.0,65895160.0,21965053.333333332,3.0,3.0
CUST00514,2025-05,0.0,0.0,0.0,2.0,11231511.0,5615755.5,0.0,2.0
CUST00514,2025-06,0.0,0.0,0.0,1.0,819853.0,819853.0,0.0,1.0
CUST00514,2025-08,3.0,5938021.0,1979340.3333333333,5.0,23684686.0,4736937.2,3.0,5.0
CUST00514,2025-09,3.0,6276880.0,2092293.3333333333,4.0,35373734.0,8843433.5,3.0,4.0
CUST00514,2025-10,2.0,11601253.0,5800626.5,3.0,36268799.0,12089599.666666666,2.0,3.0
CUST00514,2025-11,1.0,3270000.0,3270000.0,1.0,8522918.0,8522918.0,1.0,1.0
CUST00514,2025-12,3.0,6917784.0,2305928.0,2.0,23901805.0,11950902.5,3.0,2.0
CUST00515,2025-01,2.0,4568666.0,2284333.0,0.0,0.0,0.0,2.0,0.0
CUST00515,2025-02,2.0,4454914.0,2227457.0,2.0,38339538.0,19169769.0,2.0,2.0
CUST00515,2025-03,1.0,2360925.0,2360925.0,1.0,1402959.0,1402959.0,1.0,1.0
CUST00515,2025-04,4.0,14579719.0,3644929.75,4.0,49749544.0,12437386.0,4.0,4.0
CUST00515,2025-05,1.0,1101374.0,1101374.0,3.0,8082100.0,2694033.3333333335,1.0,3.0
CUST00515,2025-06,1.0,2815202.0,2815202.0,1.0,3533329.0,3533329.0,1.0,1.0
CUST00515,2025-07,0.0,0.0,0.0,2.0,12254768.0,6127384.0,0.0,2.0
CUST00515,2025-08,3.0,17779776.0,5926592.0,3.0,11617115.0,3872371.6666666665,3.0,3.0
CUST00515,2025-09,1.0,1186641.0,1186641.0,2.0,10316448.0,5158224.0,1.0,2.0
CUST00515,2025-10,3.0,10169800.0,3389933.3333333335,3.0,14106298.0,4702099.333333333,3.0,2.0
CUST00515,2025-11,3.0,9259701.0,3086567.0,5.0,72567943.0,14513588.6,3.0,5.0
CUST00515,2025-12,2.0,3868039.0,1934019.5,0.0,0.0,0.0,2.0,0.0
CUST00516,2025-01,1.0,3648977.0,3648977.0,1.0,12727493.0,12727493.0,1.0,1.0
CUST00516,2025-02,2.0,1583119.0,791559.5,0.0,0.0,0.0,2.0,0.0
CUST00516,2025-03,4.0,9272150.0,2318037.5,1.0,24783483.0,24783483.0,3.0,1.0
CUST00516,2025-04,2.0,8539624.0,4269812.0,0.0,0.0,0.0,2.0,0.0
CUST00516,2025-05,1.0,4007010.0,4007010.0,1.0,55647724.0,55647724.0,1.0,1.0
CUST00516,2025-06,2.0,1567455.0,783727.5,0.0,0.0,0.0,2.0,0.0
CUST00516,2025-07,2.0,5545945.0,2772972.5,3.0,44833412.0,14944470.666666666,2.0,3.0
CUST00516,2025-08,2.0,5419870.0,2709935.0,0.0,0.0,0.0,2.0,0.0
CUST00516,2025-09,4.0,4013925.0,1003481.25,2.0,55608129.0,27804064.5,4.0,2.0
CUST00516,2025-10,1.0,1421401.0,1421401.0,2.0,16379624.0,8189812.0,1.0,2.0
CUST00516,2025-11,0.0,0.0,0.0,2.0,19987973.0,9993986.5,0.0,2.0
CUST00516,2025-12,2.0,1288758.0,644379.0,1.0,1429445.0,1429445.0,2.0,1.0
CUST00517,2025-01,1.0,99473754.0,99473754.0,1.0,2527234.0,2527234.0,1.0,1.0
CUST00517,2025-02,5.0,422570585.0,84514117.0,1.0,1955509.0,1955509.0,5.0,1.0
CUST00517,2025-03,1.0,80905264.0,80905264.0,1.0,1939517.0,1939517.0,1.0,1.0
CUST00517,2025-04,2.0,289389680.0,144694840.0,4.0,18259936.0,4564984.0,2.0,4.0
CUST00517,2025-05,3.0,439641365.0,146547121.66666666,3.0,3589189.0,1196396.3333333333,3.0,3.0
CUST00517,2025-06,4.0,324167973.0,81041993.25,3.0,18910981.0,6303660.333333333,4.0,3.0
CUST00517,2025-07,1.0,25106827.0,25106827.0,1.0,5420344.0,5420344.0,1.0,1.0
CUST00517,2025-08,2.0,104111259.0,52055629.5,1.0,12393153.0,12393153.0,2.0,1.0
CUST00517,2025-09,2.0,290736511.0,145368255.5,4.0,29745175.0,7436293.75,2.0,4.0
CUST00517,2025-10,2.0,183844127.0,91922063.5,3.0,34320686.0,11440228.666666666,2.0,2.0
CUST00517,2025-11,2.0,266906768.0,133453384.0,5.0,111965443.0,22393088.6,2.0,5.0
CUST00517,2025-12,2.0,55014786.0,27507393.0,0.0,0.0,0.0,2.0,0.0
CUST00518,2025-01,1.0,13095932.0,13095932.0,3.0,13564913.0,4521637.666666667,1.0,3.0
CUST00518,2025-02,1.0,405768.0,405768.0,4.0,39936433.0,9984108.25,1.0,4.0
CUST00518,2025-03,3.0,2120335.0,706778.3333333334,4.0,26579901.0,6644975.25,3.0,4.0
CUST00518,2025-04,1.0,1629131.0,1629131.0,4.0,21784252.0,5446063.0,1.0,4.0
CUST00518,2025-05,2.0,4459362.0,2229681.0,2.0,7367753.0,3683876.5,2.0,2.0
CUST00518,2025-06,5.0,16761417.0,3352283.4,2.0,36299474.0,18149737.0,4.0,2.0
CUST00518,2025-07,2.0,2609769.0,1304884.5,4.0,31344650.0,7836162.5,2.0,4.0
CUST00518,2025-08,3.0,4312076.0,1437358.6666666667,1.0,518264.0,518264.0,3.0,1.0
CUST00518,2025-09,2.0,7570852.0,3785426.0,1.0,2001857.0,2001857.0,2.0,1.0
CUST00518,2025-10,4.0,7996813.0,1999203.25,5.0,27155455.0,5431091.0,4.0,5.0
CUST00518,2025-11,1.0,934000.0,934000.0,1.0,6572780.0,6572780.0,1.0,1.0
CUST00518,2025-12,2.0,5001380.0,2500690.0,2.0,10741973.0,5370986.5,2.0,2.0
CUST00519,2025-01,1.0,4831930.0,4831930.0,1.0,1173396.0,1173396.0,1.0,1.0
CUST00519,2025-02,1.0,1636609.0,1636609.0,3.0,167339691.0,55779897.0,1.0,3.0
CUST00519,2025-03,0.0,0.0,0.0,1.0,1247986.0,1247986.0,0.0,1.0
CUST00519,2025-04,3.0,10655378.0,3551792.6666666665,0.0,0.0,0.0,3.0,0.0
CUST00519,2025-05,4.0,11324115.0,2831028.75,3.0,29387873.0,9795957.666666666,4.0,3.0
CUST00519,2025-06,4.0,6105484.0,1526371.0,3.0,5331828.0,1777276.0,4.0,3.0
CUST00519,2025-07,1.0,1328324.0,1328324.0,4.0,40647530.0,10161882.5,1.0,4.0
CUST00519,2025-09,2.0,1768989.0,884494.5,1.0,4767772.0,4767772.0,2.0,1.0
CUST00519,2025-10,1.0,856473.0,856473.0,0.0,0.0,0.0,1.0,0.0
CUST00519,2025-11,1.0,1857167.0,1857167.0,1.0,5891884.0,5891884.0,1.0,1.0
CUST00519,2025-12,1.0,1910579.0,1910579.0,2.0,5936080.0,2968040.0,1.0,2.0
CUST00520,2025-01,2.0,9101771.0,4550885.5,2.0,40432745.0,20216372.5,1.0,2.0
CUST00520,2025-02,1.0,8346808.0,8346808.0,2.0,72074924.0,36037462.0,1.0,2.0
CUST00520,2025-03,4.0,10943069.0,2735767.25,1.0,1069737.0,1069737.0,4.0,1.0
CUST00520,2025-04,0.0,0.0,0.0,2.0,5348033.0,2674016.5,0.0,2.0
CUST00520,2025-05,1.0,3225380.0,3225380.0,6.0,246445629.0,41074271.5,1.0,6.0
CUST00520,2025-06,2.0,5555097.0,2777548.5,4.0,71883510.0,17970877.5,2.0,4.0
CUST00520,2025-07,1.0,4312935.0,4312935.0,2.0,44226681.0,22113340.5,1.0,2.0
CUST00520,2025-08,1.0,5295697.0,5295697.0,1.0,64800808.0,64800808.0,1.0,1.0
CUST00520,2025-09,1.0,1503704.0,1503704.0,2.0,43765344.0,21882672.0,1.0,2.0
CUST00520,2025-10,1.0,2666039.0,2666039.0,1.0,4725210.0,4725210.0,1.0,1.0
CUST00520,2025-11,2.0,3042166.0,1521083.0,2.0,19737369.0,9868684.5,2.0,2.0
CUST00520,2025-12,3.0,7608910.0,2536303.3333333335,3.0,58432433.0,19477477.666666668,3.0,3.0
CUST00521,2025-01,3.0,45016623.0,15005541.0,2.0,5223453.0,2611726.5,2.0,2.0
CUST00521,2025-02,2.0,40473555.0,20236777.5,4.0,77802137.0,19450534.25,2.0,3.0
CUST00521,2025-03,3.0,100976472.0,33658824.0,2.0,6811159.0,3405579.5,3.0,2.0
CUST00521,2025-04,2.0,19570824.0,9785412.0,1.0,2892913.0,2892913.0,2.0,1.0
CUST00521,2025-05,0.0,0.0,0.0,1.0,1395151.0,1395151.0,0.0,1.0
CUST00521,2025-06,3.0,46006870.0,15335623.333333334,4.0,34987221.0,8746805.25,3.0,4.0
CUST00521,2025-07,1.0,25162720.0,25162720.0,1.0,1718080.0,1718080.0,1.0,1.0
CUST00521,2025-08,1.0,3576465.0,3576465.0,1.0,3283795.0,3283795.0,1.0,1.0
CUST00521,2025-09,4.0,38103447.0,9525861.75,3.0,211614529.0,70538176.33333333,4.0,3.0
CUST00521,2025-10,1.0,7585845.0,7585845.0,4.0,95585300.0,23896325.0,1.0,4.0
CUST00521,2025-11,1.0,141389160.0,141389160.0,1.0,1077966.0,1077966.0,1.0,1.0
CUST00522,2025-01,2.0,75403844.0,37701922.0,0.0,0.0,0.0,2.0,0.0
CUST00522,2025-02,4.0,25850422.0,6462605.5,1.0,16778223.0,16778223.0,4.0,1.0
CUST00522,2025-03,3.0,78628146.0,26209382.0,2.0,16125738.0,8062869.0,3.0,2.0
CUST00522,2025-04,1.0,13901361.0,13901361.0,2.0,3503479.0,1751739.5,1.0,2.0
CUST00522,2025-05,1.0,20649567.0,20649567.0,2.0,28555250.0,14277625.0,1.0,2.0
CUST00522,2025-06,3.0,51766740.0,17255580.0,1.0,1567878.0,1567878.0,3.0,1.0
CUST00522,2025-07,3.0,84038253.0,28012751.0,2.0,4240688.0,2120344.0,3.0,2.0
CUST00522,2025-08,3.0,47273112.0,15757704.0,0.0,0.0,0.0,3.0,0.0
CUST00522,2025-09,3.0,33633729.0,11211243.0,2.0,21438372.0,10719186.0,3.0,2.0
CUST00522,2025-10,5.0,88858370.0,17771674.0,1.0,1995137.0,1995137.0,4.0,1.0
CUST00522,2025-11,1.0,11098129.0,11098129.0,2.0,11567145.0,5783572.5,1.0,2.0
CUST00522,2025-12,2.0,76515505.0,38257752.5,3.0,28554231.0,9518077.0,2.0,3.0
CUST00523,2025-01,3.0,7423468.0,2474489.3333333335,2.0,3483743.0,1741871.5,3.0,2.0
CUST00523,2025-02,1.0,2362969.0,2362969.0,3.0,10534968.0,3511656.0,1.0,3.0
CUST00523,2025-03,3.0,6476650.0,2158883.3333333335,0.0,0.0,0.0,3.0,0.0
CUST00523,2025-04,1.0,3792225.0,3792225.0,0.0,0.0,0.0,1.0,0.0
CUST00523,2025-05,3.0,4265299.0,1421766.3333333333,2.0,47681028.0,23840514.0,3.0,2.0
CUST00523,2025-06,1.0,1286845.0,1286845.0,2.0,5861282.0,2930641.0,1.0,2.0
CUST00523,2025-07,0.0,0.0,0.0,5.0,123779845.0,24755969.0,0.0,5.0
CUST00523,2025-08,1.0,3144705.0,3144705.0,1.0,20080546.0,20080546.0,1.0,1.0
CUST00523,2025-09,4.0,6981068.0,1745267.0,2.0,2891043.0,1445521.5,4.0,2.0
CUST00523,2025-10,1.0,2946735.0,2946735.0,4.0,24584092.0,6146023.0,1.0,4.0
CUST00523,2025-11,1.0,2822044.0,2822044.0,0.0,0.0,0.0,1.0,0.0
CUST00523,2025-12,3.0,4152114.0,1384038.0,5.0,45501817.0,9100363.4,3.0,5.0
CUST00524,2025-01,2.0,72555790.0,36277895.0,2.0,2126216.0,1063108.0,2.0,2.0
CUST00524,2025-02,1.0,19822354.0,19822354.0,6.0,26759601.0,4459933.5,1.0,6.0
CUST00524,2025-03,2.0,22488573.0,11244286.5,2.0,23901547.0,11950773.5,2.0,2.0
CUST00524,2025-04,2.0,19595172.0,9797586.0,4.0,44622844.0,11155711.0,2.0,4.0
CUST00524,2025-05,5.0,138303579.0,27660715.8,0.0,0.0,0.0,5.0,0.0
CUST00524,2025-06,2.0,52477467.0,26238733.5,3.0,13945596.0,4648532.0,2.0,3.0
CUST00524,2025-07,4.0,113440391.0,28360097.75,2.0,42236409.0,21118204.5,4.0,2.0
CUST00524,2025-08,2.0,31406999.0,15703499.5,0.0,0.0,0.0,2.0,0.0
CUST00524,2025-09,1.0,6503595.0,6503595.0,3.0,140846814.0,46948938.0,1.0,3.0
CUST00524,2025-10,1.0,48787312.0,48787312.0,3.0,7303110.0,2434370.0,1.0,3.0
CUST00524,2025-11,1.0,8634625.0,8634625.0,2.0,15015288.0,7507644.0,1.0,2.0
CUST00524,2025-12,4.0,91503496.0,22875874.0,4.0,25129711.0,6282427.75,4.0,4.0
CUST00525,2025-01,2.0,331972064.0,165986032.0,5.0,17915066.0,3583013.2,2.0,4.0
CUST00525,2025-02,3.0,292161485.0,97387161.66666667,0.0,0.0,0.0,3.0,0.0
CUST00525,2025-03,3.0,207410562.0,69136854.0,1.0,15670200.0,15670200.0,3.0,1.0
CUST00525,2025-04,3.0,248837537.0,82945845.66666667,4.0,106021012.0,26505253.0,3.0,4.0
CUST00525,2025-05,3.0,184391097.0,61463699.0,2.0,106129220.0,53064610.0,3.0,2.0
CUST00525,2025-06,1.0,152724732.0,152724732.0,1.0,7678609.0,7678609.0,1.0,1.0
CUST00525,2025-07,4.0,404194249.0,101048562.25,3.0,51309219.0,17103073.0,4.0,3.0
CUST00525,2025-08,4.0,316945190.0,79236297.5,2.0,3880484.0,1940242.0,4.0,2.0
CUST00525,2025-09,4.0,598278155.0,149569538.75,3.0,34431870.0,11477290.0,4.0,3.0
CUST00525,2025-10,3.0,203899706.0,67966568.66666667,1.0,3471006.0,3471006.0,3.0,1.0
CUST00525,2025-11,6.0,480776393.0,80129398.83333333,1.0,1930882.0,1930882.0,5.0,1.0
CUST00525,2025-12,5.0,397702786.0,79540557.2,0.0,0.0,0.0,5.0,0.0
CUST00526,2025-01,6.0,19401319.0,3233553.1666666665,1.0,1029770.0,1029770.0,6.0,1.0
CUST00526,2025-02,1.0,2005329.0,2005329.0,2.0,2639084.0,1319542.0,1.0,2.0
CUST00526,2025-03,1.0,12430181.0,12430181.0,2.0,21755264.0,10877632.0,1.0,2.0
CUST00526,2025-04,3.0,5093777.0,1697925.6666666667,2.0,9101560.0,4550780.0,3.0,2.0
CUST00526,2025-05,3.0,3694295.0,1231431.6666666667,2.0,109696045.0,54848022.5,3.0,2.0
CUST00526,2025-06,1.0,3107391.0,3107391.0,1.0,22021221.0,22021221.0,1.0,1.0
CUST00526,2025-07,3.0,8797299.0,2932433.0,1.0,93948606.0,93948606.0,3.0,1.0
CUST00526,2025-08,3.0,12723238.0,4241079.333333333,4.0,27795433.0,6948858.25,3.0,4.0
CUST00526,2025-09,0.0,0.0,0.0,1.0,4142039.0,4142039.0,0.0,1.0
CUST00526,2025-10,0.0,0.0,0.0,3.0,131319625.0,43773208.333333336,0.0,3.0
CUST00526,2025-11,1.0,5755919.0,5755919.0,1.0,9853447.0,9853447.0,1.0,1.0
CUST00526,2025-12,5.0,13219033.0,2643806.6,4.0,9577397.0,2394349.25,5.0,4.0
CUST00527,2025-01,2.0,6068086.0,3034043.0,0.0,0.0,0.0,2.0,0.0
CUST00527,2025-02,0.0,0.0,0.0,5.0,38843194.0,7768638.8,0.0,5.0
CUST00527,2025-03,1.0,3250971.0,3250971.0,2.0,263976260.0,131988130.0,1.0,2.0
CUST00527,2025-04,2.0,3701473.0,1850736.5,3.0,49218601.0,16406200.333333334,2.0,3.0
CUST00527,2025-05,4.0,13757725.0,3439431.25,2.0,34178164.0,17089082.0,4.0,2.0
CUST00527,2025-06,1.0,1322104.0,1322104.0,2.0,5123696.0,2561848.0,1.0,2.0
CUST00527,2025-07,3.0,21139669.0,7046556.333333333,1.0,62481911.0,62481911.0,3.0,1.0
CUST00527,2025-08,1.0,3864307.0,3864307.0,2.0,7992294.0,3996147.0,1.0,2.0
CUST00527,2025-09,1.0,1795068.0,1795068.0,1.0,3312571.0,3312571.0,1.0,1.0
CUST00527,2025-10,0.0,0.0,0.0,4.0,39863194.0,9965798.5,0.0,4.0
CUST00527,2025-11,2.0,7618164.0,3809082.0,1.0,2575443.0,2575443.0,2.0,1.0
CUST00527,2025-12,1.0,1913560.0,1913560.0,5.0,98486859.0,19697371.8,1.0,5.0
CUST00528,2025-01,1.0,2296756.0,2296756.0,0.0,0.0,0.0,1.0,0.0
CUST00528,2025-02,3.0,12852546.0,4284182.0,4.0,39105742.0,9776435.5,3.0,4.0
CUST00528,2025-03,4.0,26252376.0,6563094.0,0.0,0.0,0.0,4.0,0.0
CUST00528,2025-04,0.0,0.0,0.0,6.0,161823548.0,26970591.333333332,0.0,6.0
CUST00528,2025-05,3.0,7934184.0,2644728.0,2.0,40538982.0,20269491.0,3.0,2.0
CUST00528,2025-06,1.0,4077135.0,4077135.0,2.0,3654527.0,1827263.5,1.0,2.0
CUST00528,2025-07,3.0,8554182.0,2851394.0,1.0,1831554.0,1831554.0,3.0,1.0
CUST00528,2025-08,3.0,10852161.0,3617387.0,3.0,18219816.0,6073272.0,3.0,3.0
CUST00528,2025-09,1.0,1906661.0,1906661.0,0.0,0.0,0.0,1.0,0.0
CUST00528,2025-10,2.0,6400213.0,3200106.5,2.0,40264760.0,20132380.0,2.0,2.0
CUST00528,2025-11,0.0,0.0,0.0,2.0,17115910.0,8557955.0,0.0,2.0
CUST00528,2025-12,0.0,0.0,0.0,2.0,3147090.0,1573545.0,0.0,2.0
CUST00529,2025-01,1.0,27591188.0,27591188.0,3.0,9198844.0,3066281.3333333335,1.0,3.0
CUST00529,2025-02,1.0,10735828.0,10735828.0,4.0,49874433.0,12468608.25,1.0,4.0
CUST00529,2025-03,1.0,29068000.0,29068000.0,1.0,10551102.0,10551102.0,1.0,1.0
CUST00529,2025-04,1.0,15828145.0,15828145.0,1.0,17670182.0,17670182.0,1.0,1.0
CUST00529,2025-05,1.0,7518105.0,7518105.0,3.0,41562654.0,13854218.0,1.0,3.0
CUST00529,2025-06,2.0,43048511.0,21524255.5,0.0,0.0,0.0,2.0,0.0
CUST00529,2025-07,1.0,14336951.0,14336951.0,1.0,11946273.0,11946273.0,1.0,1.0
CUST00529,2025-08,0.0,0.0,0.0,2.0,29682722.0,14841361.0,0.0,2.0
CUST00529,2025-10,2.0,46804621.0,23402310.5,1.0,9314885.0,9314885.0,2.0,1.0
CUST00529,2025-11,4.0,109970635.0,27492658.75,3.0,17906714.0,5968904.666666667,4.0,3.0
CUST00529,2025-12,1.0,10043137.0,10043137.0,2.0,18496228.0,9248114.0,1.0,2.0
CUST00530,2025-01,7.0,72284751.0,10326393.0,3.0,71192331.0,23730777.0,7.0,2.0
CUST00530,2025-02,2.0,54635039.0,27317519.5,2.0,36612373.0,18306186.5,2.0,2.0
CUST00530,2025-03,0.0,0.0,0.0,3.0,39032461.0,13010820.333333334,0.0,3.0
CUST00530,2025-05,0.0,0.0,0.0,1.0,910198.0,910198.0,0.0,1.0
CUST00530,2025-06,1.0,15577076.0,15577076.0,3.0,274841560.0,91613853.33333333,1.0,3.0
CUST00530,2025-07,2.0,18456777.0,9228388.5,2.0,18408304.0,9204152.0,2.0,2.0
CUST00530,2025-08,2.0,69131375.0,34565687.5,2.0,14950919.0,7475459.5,2.0,2.0
CUST00530,2025-09,4.0,52487020.0,13121755.0,1.0,1212177.0,1212177.0,4.0,1.0
CUST00530,2025-10,3.0,87545791.0,29181930.333333332,4.0,125121140.0,31280285.0,3.0,4.0
CUST00530,2025-11,2.0,57488429.0,28744214.5,1.0,1653598.0,1653598.0,2.0,1.0
CUST00530,2025-12,0.0,0.0,0.0,2.0,50835197.0,25417598.5,0.0,2.0
CUST00531,2025-01,2.0,84309134.0,42154567.0,2.0,6486848.0,3243424.0,2.0,2.0
CUST00531,2025-02,3.0,85916333.0,28638777.666666668,4.0,27713216.0,6928304.0,3.0,3.0
CUST00531,2025-03,3.0,33231154.0,11077051.333333334,5.0,68038644.0,13607728.8,3.0,5.0
CUST00531,2025-04,1.0,37041101.0,37041101.0,3.0,2998895.0,999631.6666666666,1.0,3.0
CUST00531,2025-05,0.0,0.0,0.0,2.0,16530017.0,8265008.5,0.0,2.0
CUST00531,2025-06,0.0,0.0,0.0,1.0,58030041.0,58030041.0,0.0,1.0
CUST00531,2025-07,8.0,80136287.0,10017035.875,6.0,69139405.0,11523234.166666666,8.0,6.0
CUST00531,2025-08,2.0,36901553.0,18450776.5,1.0,8305157.0,8305157.0,2.0,1.0
CUST00531,2025-09,1.0,6245208.0,6245208.0,2.0,3267752.0,1633876.0,1.0,2.0
CUST00531,2025-10,1.0,48337391.0,48337391.0,2.0,9397552.0,4698776.0,1.0,2.0
CUST00531,2025-11,2.0,70570832.0,35285416.0,2.0,49539613.0,24769806.5,2.0,2.0
CUST00531,2025-12,2.0,51383072.0,25691536.0,2.0,34241189.0,17120594.5,2.0,2.0
CUST00532,2025-01,3.0,88401789.0,29467263.0,2.0,78273959.0,39136979.5,3.0,2.0
CUST00532,2025-02,2.0,9508916.0,4754458.0,3.0,130849145.0,43616381.666666664,2.0,3.0
CUST00532,2025-03,2.0,20939195.0,10469597.5,4.0,22336779.0,5584194.75,2.0,4.0
CUST00532,2025-04,3.0,40961568.0,13653856.0,3.0,3328973.0,1109657.6666666667,3.0,3.0
CUST00532,2025-05,1.0,10803359.0,10803359.0,1.0,931529.0,931529.0,1.0,1.0
CUST00532,2025-06,0.0,0.0,0.0,2.0,6412079.0,3206039.5,0.0,2.0
CUST00532,2025-07,1.0,50542691.0,50542691.0,4.0,28932446.0,7233111.5,1.0,4.0
CUST00532,2025-08,2.0,47809439.0,23904719.5,1.0,853436.0,853436.0,2.0,1.0
CUST00532,2025-09,0.0,0.0,0.0,1.0,5948497.0,5948497.0,0.0,1.0
CUST00532,2025-10,1.0,3333231.0,3333231.0,1.0,49765182.0,49765182.0,1.0,1.0
CUST00532,2025-11,2.0,86716164.0,43358082.0,1.0,582191.0,582191.0,2.0,1.0
CUST00532,2025-12,2.0,14078565.0,7039282.5,3.0,14964127.0,4988042.333333333,2.0,3.0
CUST00533,2025-01,1.0,3332137.0,3332137.0,2.0,7127870.0,3563935.0,1.0,2.0
CUST00533,2025-02,1.0,4242165.0,4242165.0,2.0,5311308.0,2655654.0,1.0,2.0
CUST00533,2025-03,3.0,4510461.0,1503487.0,1.0,65711065.0,65711065.0,3.0,1.0
CUST00533,2025-04,1.0,646370.0,646370.0,2.0,27901117.0,13950558.5,1.0,2.0
CUST00533,2025-05,1.0,3289617.0,3289617.0,1.0,3833166.0,3833166.0,1.0,1.0
CUST00533,2025-06,2.0,2032445.0,1016222.5,1.0,140123675.0,140123675.0,2.0,1.0
CUST00533,2025-07,1.0,1468006.0,1468006.0,2.0,39230979.0,19615489.5,1.0,2.0
CUST00533,2025-08,3.0,3519327.0,1173109.0,3.0,23112527.0,7704175.666666667,3.0,3.0
CUST00533,2025-09,3.0,11752320.0,3917440.0,2.0,134811046.0,67405523.0,3.0,2.0
CUST00533,2025-10,3.0,7731927.0,2577309.0,4.0,12834804.0,3208701.0,3.0,4.0
CUST00533,2025-11,2.0,8881975.0,4440987.5,2.0,70175671.0,35087835.5,2.0,2.0
CUST00533,2025-12,1.0,3242367.0,3242367.0,2.0,5011189.0,2505594.5,1.0,2.0
CUST00534,2025-01,0.0,0.0,0.0,5.0,32852291.0,6570458.2,0.0,5.0
CUST00534,2025-02,2.0,159703841.0,79851920.5,1.0,5704772.0,5704772.0,2.0,1.0
CUST00534,2025-03,2.0,154731848.0,77365924.0,3.0,45210150.0,15070050.0,2.0,3.0
CUST00534,2025-04,0.0,0.0,0.0,3.0,67369763.0,22456587.666666668,0.0,3.0
CUST00534,2025-05,2.0,79629260.0,39814630.0,1.0,1022851.0,1022851.0,2.0,1.0
CUST00534,2025-06,2.0,243596398.0,121798199.0,2.0,129354779.0,64677389.5,2.0,2.0
CUST00534,2025-07,4.0,306895544.0,76723886.0,1.0,21875833.0,21875833.0,4.0,1.0
CUST00534,2025-08,1.0,50569504.0,50569504.0,1.0,1717311.0,1717311.0,1.0,1.0
CUST00534,2025-09,1.0,209244602.0,209244602.0,3.0,3691362.0,1230454.0,1.0,3.0
CUST00534,2025-10,1.0,119780682.0,119780682.0,2.0,21992776.0,10996388.0,1.0,2.0
CUST00534,2025-11,1.0,59089107.0,59089107.0,0.0,0.0,0.0,1.0,0.0
CUST00534,2025-12,1.0,83376581.0,83376581.0,4.0,80142156.0,20035539.0,1.0,4.0
CUST00535,2025-01,3.0,13318755.0,4439585.0,1.0,2952223.0,2952223.0,3.0,1.0
CUST00535,2025-02,0.0,0.0,0.0,3.0,7230688.0,2410229.3333333335,0.0,3.0
CUST00535,2025-03,3.0,10252521.0,3417507.0,2.0,33091484.0,16545742.0,3.0,2.0
CUST00535,2025-04,2.0,3068972.0,1534486.0,0.0,0.0,0.0,2.0,0.0
CUST00535,2025-05,1.0,1300361.0,1300361.0,2.0,7234506.0,3617253.0,1.0,2.0
CUST00535,2025-06,4.0,7723595.0,1930898.75,3.0,7753685.0,2584561.6666666665,4.0,3.0
CUST00535,2025-07,3.0,5764438.0,1921479.3333333333,2.0,59485329.0,29742664.5,3.0,2.0
CUST00535,2025-08,1.0,617991.0,617991.0,2.0,5816508.0,2908254.0,1.0,2.0
CUST00535,2025-09,1.0,8048684.0,8048684.0,2.0,10994128.0,5497064.0,1.0,2.0
CUST00535,2025-10,2.0,2847750.0,1423875.0,0.0,0.0,0.0,2.0,0.0
CUST00535,2025-11,4.0,4162733.0,1040683.25,2.0,2673641.0,1336820.5,4.0,2.0
CUST00535,2025-12,1.0,765856.0,765856.0,1.0,13918162.0,13918162.0,1.0,1.0
CUST00536,2025-01,1.0,540749.0,540749.0,1.0,2183149.0,2183149.0,1.0,1.0
CUST00536,2025-02,3.0,17508021.0,5836007.0,1.0,4043607.0,4043607.0,3.0,1.0
CUST00536,2025-03,4.0,10185784.0,2546446.0,2.0,9166776.0,4583388.0,4.0,2.0
CUST00536,2025-04,0.0,0.0,0.0,3.0,29120583.0,9706861.0,0.0,3.0
CUST00536,2025-05,1.0,4369587.0,4369587.0,3.0,21766904.0,7255634.666666667,1.0,3.0
CUST00536,2025-06,0.0,0.0,0.0,2.0,54403239.0,27201619.5,0.0,2.0
CUST00536,2025-07,4.0,12188442.0,3047110.5,4.0,134001862.0,33500465.5,4.0,4.0
CUST00536,2025-08,1.0,3435050.0,3435050.0,3.0,5401065.0,1800355.0,1.0,3.0
CUST00536,2025-09,3.0,6810506.0,2270168.6666666665,1.0,4710983.0,4710983.0,3.0,1.0
CUST00536,2025-10,1.0,1004761.0,1004761.0,2.0,9857049.0,4928524.5,1.0,2.0
CUST00536,2025-11,3.0,17669057.0,5889685.666666667,3.0,735365639.0,245121879.66666666,3.0,3.0
CUST00536,2025-12,2.0,962095.0,481047.5,4.0,371476684.0,92869171.0,2.0,4.0
CUST00537,2025-01,1.0,6980708.0,6980708.0,2.0,15893926.0,7946963.0,1.0,2.0
CUST00537,2025-02,0.0,0.0,0.0,4.0,15949671.0,3987417.75,0.0,4.0
CUST00537,2025-03,6.0,95620385.0,15936730.833333334,2.0,4699716.0,2349858.0,6.0,2.0
CUST00537,2025-04,4.0,92523116.0,23130779.0,1.0,856040.0,856040.0,4.0,1.0
CUST00537,2025-05,1.0,9339244.0,9339244.0,1.0,1010047.0,1010047.0,1.0,1.0
CUST00537,2025-06,3.0,84254544.0,28084848.0,5.0,141370981.0,28274196.2,3.0,5.0
CUST00537,2025-07,3.0,58533923.0,19511307.666666668,4.0,134089727.0,33522431.75,3.0,4.0
CUST00537,2025-08,2.0,40776403.0,20388201.5,2.0,4334744.0,2167372.0,2.0,2.0
CUST00537,2025-09,4.0,65687142.0,16421785.5,0.0,0.0,0.0,4.0,0.0
CUST00537,2025-10,3.0,54859112.0,18286370.666666668,4.0,27126365.0,6781591.25,3.0,4.0
CUST00537,2025-11,1.0,10333580.0,10333580.0,3.0,213834093.0,71278031.0,1.0,3.0
CUST00537,2025-12,2.0,12578494.0,6289247.0,0.0,0.0,0.0,2.0,0.0
CUST00538,2025-01,3.0,91218534.0,30406178.0,1.0,778533.0,778533.0,3.0,1.0
CUST00538,2025-02,4.0,102154259.0,25538564.75,2.0,2872717.0,1436358.5,4.0,2.0
CUST00538,2025-03,2.0,63058371.0,31529185.5,5.0,221457092.0,44291418.4,2.0,5.0
CUST00538,2025-04,4.0,51618769.0,12904692.25,1.0,6035836.0,6035836.0,4.0,1.0
CUST00538,2025-05,3.0,76706507.0,25568835.666666668,1.0,18950291.0,18950291.0,3.0,1.0
CUST00538,2025-06,1.0,9979911.0,9979911.0,3.0,33934786.0,11311595.333333334,1.0,3.0
CUST00538,2025-07,1.0,24254207.0,24254207.0,5.0,48078906.0,9615781.2,1.0,5.0
CUST00538,2025-08,3.0,65160731.0,21720243.666666668,2.0,1320613.0,660306.5,2.0,2.0
CUST00538,2025-09,3.0,74365030.0,24788343.333333332,2.0,17119696.0,8559848.0,3.0,2.0
CUST00538,2025-10,2.0,36031923.0,18015961.5,3.0,25716711.0,8572237.0,2.0,3.0
CUST00538,2025-11,2.0,41565941.0,20782970.5,3.0,173919742.0,57973247.333333336,2.0,3.0
CUST00538,2025-12,5.0,83867345.0,16773469.0,0.0,0.0,0.0,4.0,0.0
CUST00539,2025-01,3.0,8825698.0,2941899.3333333335,1.0,2242489.0,2242489.0,3.0,1.0
CUST00539,2025-02,0.0,0.0,0.0,3.0,85239310.0,28413103.333333332,0.0,3.0
CUST00539,2025-03,3.0,8250724.0,2750241.3333333335,0.0,0.0,0.0,3.0,0.0
CUST00539,2025-04,1.0,4165520.0,4165520.0,1.0,5897298.0,5897298.0,1.0,1.0
CUST00539,2025-05,5.0,8031372.0,1606274.4,1.0,6171878.0,6171878.0,5.0,1.0
CUST00539,2025-06,1.0,6953816.0,6953816.0,4.0,64937985.0,16234496.25,1.0,3.0
CUST00539,2025-07,0.0,0.0,0.0,4.0,21700746.0,5425186.5,0.0,4.0
CUST00539,2025-08,4.0,6408512.0,1602128.0,2.0,128875582.0,64437791.0,3.0,2.0
CUST00539,2025-09,3.0,19501299.0,6500433.0,2.0,20503877.0,10251938.5,3.0,2.0
CUST00539,2025-10,1.0,1093241.0,1093241.0,4.0,35610197.0,8902549.25,1.0,4.0
CUST00539,2025-11,0.0,0.0,0.0,1.0,3958926.0,3958926.0,0.0,1.0
CUST00539,2025-12,1.0,435832.0,435832.0,2.0,12781031.0,6390515.5,1.0,2.0
CUST00540,2025-01,1.0,33595645.0,33595645.0,2.0,20312703.0,10156351.5,1.0,2.0
CUST00540,2025-02,3.0,45319204.0,15106401.333333334,2.0,5561227.0,2780613.5,3.0,2.0
CUST00540,2025-03,2.0,18097564.0,9048782.0,5.0,10477730.0,2095546.0,2.0,5.0
CUST00540,2025-04,4.0,204997464.0,51249366.0,3.0,14420091.0,4806697.0,4.0,3.0
CUST00540,2025-05,2.0,89870272.0,44935136.0,2.0,49090855.0,24545427.5,2.0,2.0
CUST00540,2025-06,1.0,14735020.0,14735020.0,1.0,204518172.0,204518172.0,1.0,1.0
CUST00540,2025-07,8.0,226711378.0,28338922.25,0.0,0.0,0.0,8.0,0.0
CUST00540,2025-08,2.0,76634043.0,38317021.5,2.0,6652095.0,3326047.5,2.0,2.0
CUST00540,2025-09,0.0,0.0,0.0,1.0,23366867.0,23366867.0,0.0,1.0
CUST00540,2025-10,0.0,0.0,0.0,1.0,92974095.0,92974095.0,0.0,1.0
CUST00540,2025-11,2.0,34487401.0,17243700.5,2.0,60311047.0,30155523.5,2.0,2.0
CUST00540,2025-12,2.0,36116133.0,18058066.5,1.0,49020298.0,49020298.0,2.0,1.0
CUST00541,2025-01,1.0,40154717.0,40154717.0,3.0,74019419.0,24673139.666666668,1.0,3.0
CUST00541,2025-02,0.0,0.0,0.0,3.0,21619744.0,7206581.333333333,0.0,3.0
CUST00541,2025-03,3.0,298441590.0,99480530.0,2.0,8260627.0,4130313.5,3.0,2.0
CUST00541,2025-04,1.0,58961425.0,58961425.0,6.0,296631414.0,49438569.0,1.0,5.0
CUST00541,2025-05,1.0,207764780.0,207764780.0,0.0,0.0,0.0,1.0,0.0
CUST00541,2025-06,6.0,499667076.0,83277846.0,2.0,362837844.0,181418922.0,6.0,2.0
CUST00541,2025-07,2.0,221624074.0,110812037.0,3.0,5655643.0,1885214.3333333333,2.0,2.0
CUST00541,2025-08,3.0,327276715.0,109092238.33333333,2.0,4952351.0,2476175.5,3.0,2.0
CUST00541,2025-09,2.0,306412660.0,153206330.0,1.0,1764471.0,1764471.0,2.0,1.0
CUST00541,2025-10,2.0,77559871.0,38779935.5,3.0,48357142.0,16119047.333333334,2.0,3.0
CUST00541,2025-11,3.0,269578025.0,89859341.66666667,0.0,0.0,0.0,3.0,0.0
CUST00541,2025-12,2.0,399262230.0,199631115.0,3.0,19613870.0,6537956.666666667,2.0,3.0
CUST00542,2025-01,1.0,1887958.0,1887958.0,2.0,5915066.0,2957533.0,1.0,2.0
CUST00542,2025-02,0.0,0.0,0.0,4.0,150258095.0,37564523.75,0.0,4.0
CUST00542,2025-03,2.0,2959717.0,1479858.5,1.0,7617513.0,7617513.0,2.0,1.0
CUST00542,2025-04,3.0,4673059.0,1557686.3333333333,3.0,587205650.0,195735216.66666666,3.0,3.0
CUST00542,2025-06,2.0,2954787.0,1477393.5,4.0,11475590.0,2868897.5,2.0,4.0
CUST00542,2025-07,3.0,12479908.0,4159969.3333333335,3.0,32089537.0,10696512.333333334,3.0,3.0
CUST00542,2025-08,6.0,17138235.0,2856372.5,2.0,2717124.0,1358562.0,6.0,2.0
CUST00542,2025-09,4.0,19386256.0,4846564.0,5.0,218001981.0,43600396.2,3.0,5.0
CUST00542,2025-10,4.0,8530803.0,2132700.75,0.0,0.0,0.0,4.0,0.0
CUST00542,2025-11,1.0,1664824.0,1664824.0,4.0,87251247.0,21812811.75,1.0,4.0
CUST00542,2025-12,3.0,11776613.0,3925537.6666666665,2.0,3079700.0,1539850.0,2.0,2.0
CUST00543,2025-01,0.0,0.0,0.0,2.0,36123817.0,18061908.5,0.0,2.0
CUST00543,2025-02,0.0,0.0,0.0,3.0,64972791.0,21657597.0,0.0,3.0
CUST00543,2025-03,3.0,556224837.0,185408279.0,5.0,15473217.0,3094643.4,3.0,5.0
CUST00543,2025-04,2.0,82926318.0,41463159.0,1.0,1563652.0,1563652.0,2.0,1.0
CUST00543,2025-05,4.0,552554737.0,138138684.25,3.0,7903805.0,2634601.6666666665,4.0,3.0
CUST00543,2025-06,0.0,0.0,0.0,5.0,133601857.0,26720371.4,0.0,4.0
CUST00543,2025-07,1.0,20934896.0,20934896.0,1.0,2384287.0,2384287.0,1.0,1.0
CUST00543,2025-09,2.0,211902276.0,105951138.0,1.0,7540937.0,7540937.0,2.0,1.0
CUST00543,2025-10,3.0,257525529.0,85841843.0,2.0,14228444.0,7114222.0,3.0,2.0
CUST00543,2025-11,1.0,92666640.0,92666640.0,0.0,0.0,0.0,1.0,0.0
CUST00543,2025-12,2.0,131962556.0,65981278.0,0.0,0.0,0.0,2.0,0.0
CUST00544,2025-01,1.0,5061053.0,5061053.0,3.0,27593263.0,9197754.333333334,1.0,3.0
CUST00544,2025-02,1.0,1168869.0,1168869.0,1.0,3088269.0,3088269.0,1.0,1.0
CUST00544,2025-03,3.0,4518239.0,1506079.6666666667,0.0,0.0,0.0,3.0,0.0
CUST00544,2025-04,2.0,6080768.0,3040384.0,4.0,32287992.0,8071998.0,2.0,4.0
CUST00544,2025-05,2.0,7271108.0,3635554.0,1.0,24845286.0,24845286.0,2.0,1.0
CUST00544,2025-06,1.0,283604.0,283604.0,1.0,2268761.0,2268761.0,1.0,1.0
CUST00544,2025-07,2.0,977860.0,488930.0,4.0,57051653.0,14262913.25,2.0,3.0
CUST00544,2025-08,2.0,1577933.0,788966.5,0.0,0.0,0.0,2.0,0.0
CUST00544,2025-09,2.0,7852337.0,3926168.5,5.0,28585158.0,5717031.6,2.0,5.0
CUST00544,2025-10,2.0,1398059.0,699029.5,1.0,7915253.0,7915253.0,2.0,1.0
CUST00544,2025-11,4.0,8665968.0,2166492.0,6.0,109428026.0,18238004.333333332,4.0,6.0
CUST00544,2025-12,2.0,4786712.0,2393356.0,2.0,38334767.0,19167383.5,2.0,2.0
CUST00545,2025-01,2.0,2796177.0,1398088.5,0.0,0.0,0.0,2.0,0.0
CUST00545,2025-02,2.0,3338890.0,1669445.0,2.0,3646305.0,1823152.5,2.0,2.0
CUST00545,2025-03,3.0,4608810.0,1536270.0,3.0,153739694.0,51246564.666666664,3.0,3.0
CUST00545,2025-04,5.0,11761401.0,2352280.2,0.0,0.0,0.0,3.0,0.0
CUST00545,2025-05,2.0,12828495.0,6414247.5,0.0,0.0,0.0,2.0,0.0
CUST00545,2025-06,4.0,9469197.0,2367299.25,4.0,66050206.0,16512551.5,4.0,4.0
CUST00545,2025-07,0.0,0.0,0.0,1.0,10365347.0,10365347.0,0.0,1.0
CUST00545,2025-08,2.0,10970441.0,5485220.5,1.0,3145564.0,3145564.0,2.0,1.0
CUST00545,2025-09,0.0,0.0,0.0,5.0,76072461.0,15214492.2,0.0,5.0
CUST00545,2025-10,3.0,6485382.0,2161794.0,4.0,18172505.0,4543126.25,3.0,3.0
CUST00545,2025-11,4.0,4861021.0,1215255.25,0.0,0.0,0.0,3.0,0.0
CUST00545,2025-12,0.0,0.0,0.0,2.0,26953601.0,13476800.5,0.0,2.0
CUST00546,2025-01,2.0,4312561.0,2156280.5,1.0,32851608.0,32851608.0,2.0,1.0
CUST00546,2025-02,3.0,15661989.0,5220663.0,1.0,1876970.0,1876970.0,3.0,1.0
CUST00546,2025-03,2.0,1553197.0,776598.5,0.0,0.0,0.0,2.0,0.0
CUST00546,2025-04,5.0,9996067.0,1999213.4,2.0,74485245.0,37242622.5,5.0,2.0
CUST00546,2025-05,3.0,7099768.0,2366589.3333333335,0.0,0.0,0.0,3.0,0.0
CUST00546,2025-06,0.0,0.0,0.0,2.0,23997758.0,11998879.0,0.0,2.0
CUST00546,2025-07,0.0,0.0,0.0,2.0,21114781.0,10557390.5,0.0,2.0
CUST00546,2025-08,1.0,1934325.0,1934325.0,1.0,1414132.0,1414132.0,1.0,1.0
CUST00546,2025-09,2.0,2979391.0,1489695.5,1.0,1344296.0,1344296.0,2.0,1.0
CUST00546,2025-10,3.0,8111700.0,2703900.0,0.0,0.0,0.0,3.0,0.0
CUST00546,2025-11,2.0,12140357.0,6070178.5,2.0,2714193.0,1357096.5,2.0,2.0
CUST00546,2025-12,5.0,9831006.0,1966201.2,1.0,2434836.0,2434836.0,5.0,1.0
CUST00547,2025-01,0.0,0.0,0.0,2.0,3585950.0,1792975.0,0.0,2.0
CUST00547,2025-02,1.0,6047374.0,6047374.0,2.0,71223960.0,35611980.0,1.0,2.0
CUST00547,2025-03,2.0,67082613.0,33541306.5,4.0,59877448.0,14969362.0,2.0,3.0
CUST00547,2025-04,3.0,43116644.0,14372214.666666666,3.0,153688368.0,51229456.0,3.0,3.0
CUST00547,2025-05,2.0,23797798.0,11898899.0,0.0,0.0,0.0,2.0,0.0
CUST00547,2025-06,0.0,0.0,0.0,2.0,159482967.0,79741483.5,0.0,2.0
CUST00547,2025-07,6.0,126314636.0,21052439.333333332,2.0,27230639.0,13615319.5,6.0,2.0
CUST00547,2025-08,1.0,56063177.0,56063177.0,1.0,2099335.0,2099335.0,1.0,1.0
CUST00547,2025-09,0.0,0.0,0.0,2.0,8074188.0,4037094.0,0.0,2.0
CUST00547,2025-10,2.0,114842491.0,57421245.5,2.0,114463026.0,57231513.0,2.0,2.0
CUST00547,2025-11,2.0,24304304.0,12152152.0,2.0,3132641.0,1566320.5,2.0,2.0
CUST00548,2025-01,4.0,112500675.0,28125168.75,2.0,13717785.0,6858892.5,4.0,2.0
CUST00548,2025-02,1.0,9548242.0,9548242.0,1.0,5178292.0,5178292.0,1.0,1.0
CUST00548,2025-03,2.0,78045796.0,39022898.0,1.0,5927018.0,5927018.0,2.0,1.0
CUST00548,2025-04,1.0,34027784.0,34027784.0,0.0,0.0,0.0,1.0,0.0
CUST00548,2025-05,7.0,75954174.0,10850596.285714285,2.0,7679327.0,3839663.5,6.0,2.0
CUST00548,2025-06,3.0,83421303.0,27807101.0,4.0,76716191.0,19179047.75,3.0,4.0
CUST00548,2025-07,3.0,42333544.0,14111181.333333334,3.0,101902172.0,33967390.666666664,3.0,3.0
CUST00548,2025-08,2.0,21514748.0,10757374.0,2.0,17646810.0,8823405.0,2.0,2.0
CUST00548,2025-09,1.0,23340830.0,23340830.0,1.0,5133977.0,5133977.0,1.0,1.0
CUST00548,2025-10,4.0,77821287.0,19455321.75,2.0,79238083.0,39619041.5,4.0,2.0
CUST00548,2025-11,2.0,39779082.0,19889541.0,2.0,3518993.0,1759496.5,2.0,2.0
CUST00548,2025-12,2.0,11783400.0,5891700.0,2.0,66398248.0,33199124.0,2.0,2.0
CUST00549,2025-01,5.0,11240760.0,2248152.0,4.0,626595910.0,156648977.5,5.0,4.0
CUST00549,2025-02,3.0,7113210.0,2371070.0,3.0,144744696.0,48248232.0,3.0,3.0
CUST00549,2025-03,2.0,4957490.0,2478745.0,1.0,11374760.0,11374760.0,2.0,1.0
CUST00549,2025-04,0.0,0.0,0.0,2.0,27401808.0,13700904.0,0.0,2.0
CUST00549,2025-05,1.0,517399.0,517399.0,0.0,0.0,0.0,1.0,0.0
CUST00549,2025-06,0.0,0.0,0.0,4.0,18575136.0,4643784.0,0.0,4.0
CUST00549,2025-07,2.0,3727476.0,1863738.0,2.0,3255205.0,1627602.5,2.0,2.0
CUST00549,2025-08,2.0,5460351.0,2730175.5,4.0,97262487.0,24315621.75,2.0,4.0
CUST00549,2025-09,3.0,5444516.0,1814838.6666666667,1.0,1550290.0,1550290.0,3.0,1.0
CUST00549,2025-10,2.0,4461629.0,2230814.5,3.0,361016081.0,120338693.66666667,2.0,3.0
CUST00549,2025-11,3.0,4752037.0,1584012.3333333333,2.0,5840412.0,2920206.0,3.0,2.0
CUST00549,2025-12,3.0,8475586.0,2825195.3333333335,0.0,0.0,0.0,3.0,0.0
CUST00550,2025-01,2.0,5069168.0,2534584.0,0.0,0.0,0.0,2.0,0.0
CUST00550,2025-02,0.0,0.0,0.0,1.0,7498975.0,7498975.0,0.0,1.0
CUST00550,2025-03,0.0,0.0,0.0,3.0,8023983.0,2674661.0,0.0,3.0
CUST00550,2025-04,3.0,24300778.0,8100259.333333333,2.0,16516944.0,8258472.0,3.0,2.0
CUST00550,2025-05,3.0,4933900.0,1644633.3333333333,3.0,13672747.0,4557582.333333333,3.0,3.0
CUST00550,2025-06,3.0,4244412.0,1414804.0,1.0,3046247.0,3046247.0,3.0,1.0
CUST00550,2025-07,1.0,4921181.0,4921181.0,5.0,167280441.0,33456088.2,1.0,5.0
CUST00550,2025-08,1.0,1731024.0,1731024.0,1.0,8677938.0,8677938.0,1.0,1.0
CUST00550,2025-09,4.0,11763152.0,2940788.0,3.0,5790439.0,1930146.3333333333,4.0,3.0
CUST00550,2025-10,1.0,3499192.0,3499192.0,3.0,59553989.0,19851329.666666668,1.0,3.0
CUST00550,2025-11,3.0,5037903.0,1679301.0,2.0,53929353.0,26964676.5,3.0,2.0
CUST00550,2025-12,1.0,665125.0,665125.0,2.0,48585034.0,24292517.0,1.0,2.0
CUST00551,2025-01,1.0,6070109.0,6070109.0,7.0,47779117.0,6825588.142857143,1.0,7.0
CUST00551,2025-02,3.0,96158999.0,32052999.666666668,1.0,39308210.0,39308210.0,3.0,1.0
CUST00551,2025-03,2.0,19863467.0,9931733.5,1.0,29322730.0,29322730.0,2.0,1.0
CUST00551,2025-04,2.0,81002650.0,40501325.0,4.0,49137795.0,12284448.75,2.0,4.0
CUST00551,2025-05,3.0,63557743.0,21185914.333333332,2.0,3152274.0,1576137.0,3.0,2.0
CUST00551,2025-06,4.0,97791550.0,24447887.5,3.0,106681837.0,35560612.333333336,4.0,3.0
CUST00551,2025-07,2.0,43039379.0,21519689.5,3.0,43424386.0,14474795.333333334,2.0,3.0
CUST00551,2025-08,3.0,32019788.0,10673262.666666666,5.0,85142994.0,17028598.8,3.0,4.0
CUST00551,2025-09,1.0,9969072.0,9969072.0,4.0,33841845.0,8460461.25,1.0,4.0
CUST00551,2025-10,5.0,52855680.0,10571136.0,1.0,39206759.0,39206759.0,5.0,1.0
CUST00551,2025-11,3.0,82531631.0,27510543.666666668,1.0,1714323.0,1714323.0,3.0,1.0
CUST00551,2025-12,1.0,13412618.0,13412618.0,2.0,11966739.0,5983369.5,1.0,2.0
CUST00552,2025-01,4.0,11115358.0,2778839.5,2.0,24198968.0,12099484.0,3.0,2.0
CUST00552,2025-02,2.0,4227592.0,2113796.0,2.0,56490141.0,28245070.5,2.0,2.0
CUST00552,2025-03,3.0,9329189.0,3109729.6666666665,1.0,17222107.0,17222107.0,3.0,1.0
CUST00552,2025-04,3.0,11811329.0,3937109.6666666665,3.0,7209459.0,2403153.0,3.0,3.0
CUST00552,2025-05,3.0,16487464.0,5495821.333333333,2.0,8698124.0,4349062.0,3.0,2.0
CUST00552,2025-06,1.0,2265144.0,2265144.0,1.0,2489599.0,2489599.0,1.0,1.0
CUST00552,2025-07,2.0,4557782.0,2278891.0,2.0,127081946.0,63540973.0,2.0,2.0
CUST00552,2025-08,2.0,3475650.0,1737825.0,2.0,6472921.0,3236460.5,2.0,2.0
CUST00552,2025-09,0.0,0.0,0.0,2.0,2580089.0,1290044.5,0.0,2.0
CUST00552,2025-10,2.0,5408959.0,2704479.5,2.0,6025487.0,3012743.5,2.0,2.0
CUST00552,2025-11,2.0,5191761.0,2595880.5,2.0,12420897.0,6210448.5,2.0,2.0
CUST00552,2025-12,3.0,5315116.0,1771705.3333333333,2.0,10514885.0,5257442.5,3.0,2.0
CUST00553,2025-01,5.0,109381950.0,21876390.0,0.0,0.0,0.0,5.0,0.0
CUST00553,2025-02,2.0,77462866.0,38731433.0,1.0,131858323.0,131858323.0,2.0,1.0
CUST00553,2025-03,2.0,35559452.0,17779726.0,0.0,0.0,0.0,2.0,0.0
CUST00553,2025-04,3.0,86647789.0,28882596.333333332,1.0,5387789.0,5387789.0,3.0,1.0
CUST00553,2025-05,1.0,2546999.0,2546999.0,2.0,63656227.0,31828113.5,1.0,2.0
CUST00553,2025-06,0.0,0.0,0.0,2.0,8040950.0,4020475.0,0.0,2.0
CUST00553,2025-07,3.0,98878889.0,32959629.666666668,2.0,4394639.0,2197319.5,3.0,2.0
CUST00553,2025-08,2.0,18954769.0,9477384.5,2.0,32196291.0,16098145.5,2.0,2.0
CUST00553,2025-09,2.0,19475094.0,9737547.0,0.0,0.0,0.0,2.0,0.0
CUST00553,2025-10,6.0,92786533.0,15464422.166666666,1.0,897440.0,897440.0,6.0,1.0
CUST00553,2025-11,1.0,19859999.0,19859999.0,2.0,17649237.0,8824618.5,1.0,2.0
CUST00553,2025-12,5.0,140391926.0,28078385.2,2.0,273545436.0,136772718.0,5.0,2.0
CUST00554,2025-01,0.0,0.0,0.0,5.0,9846178.0,1969235.6,0.0,5.0
CUST00554,2025-02,2.0,52354600.0,26177300.0,2.0,1614211.0,807105.5,2.0,2.0
CUST00554,2025-03,3.0,50200213.0,16733404.333333334,3.0,15811058.0,5270352.666666667,3.0,3.0
CUST00554,2025-04,2.0,63304239.0,31652119.5,0.0,0.0,0.0,2.0,0.0
CUST00554,2025-05,5.0,137448753.0,27489750.6,2.0,3283251.0,1641625.5,5.0,2.0
CUST00554,2025-07,2.0,51238083.0,25619041.5,3.0,22282175.0,7427391.666666667,2.0,3.0
CUST00554,2025-08,0.0,0.0,0.0,4.0,108334557.0,27083639.25,0.0,4.0
CUST00554,2025-09,1.0,36707585.0,36707585.0,3.0,149796057.0,49932019.0,1.0,3.0
CUST00554,2025-10,5.0,87644365.0,17528873.0,4.0,22461686.0,5615421.5,5.0,4.0
CUST00554,2025-11,1.0,12004840.0,12004840.0,2.0,1941693.0,970846.5,1.0,2.0
CUST00554,2025-12,1.0,7503559.0,7503559.0,2.0,3578713.0,1789356.5,1.0,1.0
CUST00555,2025-01,1.0,3052993.0,3052993.0,1.0,39721189.0,39721189.0,1.0,1.0
CUST00555,2025-02,2.0,4935212.0,2467606.0,3.0,169810083.0,56603361.0,2.0,3.0
CUST00555,2025-03,2.0,3772893.0,1886446.5,2.0,12884219.0,6442109.5,2.0,2.0
CUST00555,2025-04,3.0,8496248.0,2832082.6666666665,2.0,48656809.0,24328404.5,3.0,2.0
CUST00555,2025-05,3.0,8920510.0,2973503.3333333335,4.0,7910442.0,1977610.5,3.0,3.0
CUST00555,2025-06,2.0,4260581.0,2130290.5,2.0,5054569.0,2527284.5,2.0,2.0
CUST00555,2025-07,1.0,1200922.0,1200922.0,0.0,0.0,0.0,1.0,0.0
CUST00555,2025-08,1.0,2346771.0,2346771.0,1.0,1922995.0,1922995.0,1.0,1.0
CUST00555,2025-09,5.0,9949054.0,1989810.8,2.0,3765798.0,1882899.0,5.0,2.0
CUST00555,2025-10,2.0,5315085.0,2657542.5,3.0,10819518.0,3606506.0,2.0,3.0
CUST00555,2025-11,3.0,9992105.0,3330701.6666666665,0.0,0.0,0.0,3.0,0.0
CUST00555,2025-12,4.0,6213007.0,1553251.75,1.0,2320425.0,2320425.0,4.0,1.0
CUST00556,2025-01,3.0,301443841.0,100481280.33333333,5.0,9598092.0,1919618.4,3.0,5.0
CUST00556,2025-02,1.0,54358171.0,54358171.0,1.0,16523595.0,16523595.0,1.0,1.0
CUST00556,2025-03,3.0,311952405.0,103984135.0,2.0,14550359.0,7275179.5,3.0,2.0
CUST00556,2025-04,0.0,0.0,0.0,4.0,15437394.0,3859348.5,0.0,4.0
CUST00556,2025-05,7.0,865717544.0,123673934.85714285,3.0,18950397.0,6316799.0,7.0,3.0
CUST00556,2025-06,1.0,24673512.0,24673512.0,2.0,18383172.0,9191586.0,1.0,2.0
CUST00556,2025-07,0.0,0.0,0.0,1.0,21046485.0,21046485.0,0.0,1.0
CUST00556,2025-08,3.0,177085727.0,59028575.666666664,3.0,3344830.0,1114943.3333333333,3.0,3.0
CUST00556,2025-09,2.0,199545880.0,99772940.0,3.0,108025426.0,36008475.333333336,2.0,3.0
CUST00556,2025-10,2.0,105386875.0,52693437.5,0.0,0.0,0.0,2.0,0.0
CUST00556,2025-11,0.0,0.0,0.0,1.0,11094583.0,11094583.0,0.0,1.0
CUST00556,2025-12,2.0,233483197.0,116741598.5,1.0,4854891.0,4854891.0,2.0,1.0
CUST00557,2025-01,2.0,3209537.0,1604768.5,0.0,0.0,0.0,2.0,0.0
CUST00557,2025-02,0.0,0.0,0.0,2.0,111539163.0,55769581.5,0.0,2.0
CUST00557,2025-03,4.0,19831535.0,4957883.75,4.0,11363450.0,2840862.5,4.0,4.0
CUST00557,2025-04,3.0,13859407.0,4619802.333333333,3.0,9267436.0,3089145.3333333335,3.0,3.0
CUST00557,2025-05,2.0,3639987.0,1819993.5,2.0,2165318.0,1082659.0,2.0,2.0
CUST00557,2025-06,4.0,19395939.0,4848984.75,0.0,0.0,0.0,4.0,0.0
CUST00557,2025-07,2.0,3946414.0,1973207.0,0.0,0.0,0.0,2.0,0.0
CUST00557,2025-08,2.0,2749671.0,1374835.5,0.0,0.0,0.0,2.0,0.0
CUST00557,2025-09,1.0,4092270.0,4092270.0,1.0,13764485.0,13764485.0,1.0,1.0
CUST00557,2025-10,3.0,11620467.0,3873489.0,1.0,1959922.0,1959922.0,3.0,1.0
CUST00557,2025-11,2.0,8790763.0,4395381.5,4.0,383306148.0,95826537.0,2.0,4.0
CUST00557,2025-12,3.0,11305082.0,3768360.6666666665,2.0,12717668.0,6358834.0,3.0,2.0
CUST00558,2025-01,5.0,344661893.0,68932378.6,2.0,3680462.0,1840231.0,5.0,2.0
CUST00558,2025-02,2.0,200321127.0,100160563.5,3.0,4584144.0,1528048.0,2.0,3.0
CUST00558,2025-03,0.0,0.0,0.0,1.0,487146.0,487146.0,0.0,1.0
CUST00558,2025-04,0.0,0.0,0.0,3.0,10813683.0,3604561.0,0.0,3.0
CUST00558,2025-05,2.0,135989199.0,67994599.5,1.0,1852072.0,1852072.0,2.0,1.0
CUST00558,2025-06,0.0,0.0,0.0,1.0,2706392.0,2706392.0,0.0,1.0
CUST00558,2025-07,5.0,654828795.0,130965759.0,3.0,34314817.0,11438272.333333334,5.0,2.0
CUST00558,2025-08,5.0,242679549.0,48535909.8,2.0,40000004.0,20000002.0,5.0,2.0
CUST00558,2025-09,1.0,126547910.0,126547910.0,2.0,99855924.0,49927962.0,1.0,2.0
CUST00558,2025-10,7.0,710161019.0,101451574.14285715,2.0,25769030.0,12884515.0,7.0,2.0
CUST00558,2025-12,6.0,370534784.0,61755797.333333336,2.0,5817487.0,2908743.5,6.0,2.0
CUST00559,2025-01,1.0,6383983.0,6383983.0,3.0,63922558.0,21307519.333333332,1.0,3.0
CUST00559,2025-02,1.0,35037609.0,35037609.0,1.0,16554655.0,16554655.0,1.0,1.0
CUST00559,2025-03,2.0,10559514.0,5279757.0,1.0,10204477.0,10204477.0,2.0,1.0
CUST00559,2025-04,1.0,12066026.0,12066026.0,3.0,37435856.0,12478618.666666666,1.0,3.0
CUST00559,2025-05,3.0,80999695.0,26999898.333333332,0.0,0.0,0.0,3.0,0.0
CUST00559,2025-06,2.0,30466235.0,15233117.5,3.0,6819120.0,2273040.0,2.0,3.0
CUST00559,2025-07,3.0,135423913.0,45141304.333333336,6.0,21721396.0,3620232.6666666665,3.0,5.0
CUST00559,2025-08,3.0,77762603.0,25920867.666666668,3.0,19651340.0,6550446.666666667,3.0,3.0
CUST00559,2025-09,3.0,25482586.0,8494195.333333334,1.0,22581945.0,22581945.0,3.0,1.0
CUST00559,2025-10,0.0,0.0,0.0,3.0,31700170.0,10566723.333333334,0.0,3.0
CUST00559,2025-11,3.0,26025539.0,8675179.666666666,4.0,32660129.0,8165032.25,3.0,4.0
CUST00559,2025-12,1.0,22477069.0,22477069.0,2.0,125981731.0,62990865.5,1.0,2.0
CUST00560,2025-01,4.0,56235114.0,14058778.5,1.0,7583086.0,7583086.0,4.0,1.0
CUST00560,2025-02,1.0,39172605.0,39172605.0,2.0,8591116.0,4295558.0,1.0,2.0
CUST00560,2025-03,3.0,43540653.0,14513551.0,1.0,2563277.0,2563277.0,3.0,1.0
CUST00560,2025-04,2.0,14794336.0,7397168.0,2.0,15059533.0,7529766.5,2.0,2.0
CUST00560,2025-05,2.0,42975427.0,21487713.5,1.0,837736.0,837736.0,2.0,1.0
CUST00560,2025-06,0.0,0.0,0.0,1.0,1263191.0,1263191.0,0.0,1.0
CUST00560,2025-07,0.0,0.0,0.0,2.0,19832722.0,9916361.0,0.0,2.0
CUST00560,2025-08,2.0,22107238.0,11053619.0,0.0,0.0,0.0,2.0,0.0
CUST00560,2025-09,1.0,19866151.0,19866151.0,4.0,14917679.0,3729419.75,1.0,4.0
CUST00560,2025-10,4.0,38855253.0,9713813.25,2.0,2563695.0,1281847.5,4.0,2.0
CUST00560,2025-11,0.0,0.0,0.0,4.0,12104360.0,3026090.0,0.0,3.0
CUST00560,2025-12,2.0,43937567.0,21968783.5,4.0,120104150.0,30026037.5,2.0,4.0
CUST00561,2025-01,1.0,451398.0,451398.0,0.0,0.0,0.0,1.0,0.0
CUST00561,2025-02,3.0,4187506.0,1395835.3333333333,1.0,252379.0,252379.0,3.0,1.0
CUST00561,2025-03,3.0,14294121.0,4764707.0,1.0,700860.0,700860.0,3.0,1.0
CUST00561,2025-04,4.0,3603278.0,900819.5,3.0,5534056.0,1844685.3333333333,4.0,3.0
CUST00561,2025-05,2.0,5756292.0,2878146.0,1.0,5589851.0,5589851.0,2.0,1.0
CUST00561,2025-06,1.0,1377115.0,1377115.0,1.0,8365941.0,8365941.0,1.0,1.0
CUST00561,2025-07,1.0,1392952.0,1392952.0,2.0,9373563.0,4686781.5,1.0,2.0
CUST00561,2025-08,3.0,20229022.0,6743007.333333333,1.0,48055594.0,48055594.0,3.0,1.0
CUST00561,2025-09,2.0,8334672.0,4167336.0,1.0,44006690.0,44006690.0,2.0,1.0
CUST00561,2025-10,1.0,1502082.0,1502082.0,2.0,4861579.0,2430789.5,1.0,2.0
CUST00561,2025-11,4.0,6719675.0,1679918.75,3.0,24303500.0,8101166.666666667,4.0,3.0
CUST00561,2025-12,1.0,1116591.0,1116591.0,2.0,78619175.0,39309587.5,1.0,2.0
CUST00562,2025-01,1.0,22922417.0,22922417.0,1.0,20366585.0,20366585.0,1.0,1.0
CUST00562,2025-02,2.0,28416471.0,14208235.5,2.0,15966516.0,7983258.0,2.0,2.0
CUST00562,2025-03,2.0,19625694.0,9812847.0,4.0,117190293.0,29297573.25,2.0,4.0
CUST00562,2025-04,2.0,97946513.0,48973256.5,1.0,40946282.0,40946282.0,2.0,1.0
CUST00562,2025-05,3.0,64615224.0,21538408.0,3.0,100389343.0,33463114.333333332,3.0,3.0
CUST00562,2025-06,2.0,23575868.0,11787934.0,4.0,34363780.0,8590945.0,2.0,4.0
CUST00562,2025-07,0.0,0.0,0.0,4.0,40650264.0,10162566.0,0.0,4.0
CUST00562,2025-08,2.0,38204760.0,19102380.0,3.0,32946762.0,10982254.0,2.0,3.0
CUST00562,2025-10,3.0,88464016.0,29488005.333333332,3.0,29302397.0,9767465.666666666,3.0,3.0
CUST00562,2025-11,3.0,92051141.0,30683713.666666668,2.0,91075758.0,45537879.0,3.0,2.0
CUST00562,2025-12,4.0,88391501.0,22097875.25,2.0,84429214.0,42214607.0,4.0,2.0
CUST00563,2025-01,5.0,7196190.0,1439238.0,1.0,10865731.0,10865731.0,5.0,1.0
CUST00563,2025-02,5.0,9961597.0,1992319.4,0.0,0.0,0.0,5.0,0.0
CUST00563,2025-03,1.0,3369798.0,3369798.0,2.0,3160227.0,1580113.5,1.0,2.0
CUST00563,2025-04,1.0,615025.0,615025.0,2.0,10097135.0,5048567.5,1.0,2.0
CUST00563,2025-05,0.0,0.0,0.0,5.0,26266704.0,5253340.8,0.0,5.0
CUST00563,2025-06,3.0,6709794.0,2236598.0,1.0,2938958.0,2938958.0,3.0,1.0
CUST00563,2025-07,4.0,7974631.0,1993657.75,3.0,38384713.0,12794904.333333334,4.0,2.0
CUST00563,2025-08,2.0,2103924.0,1051962.0,5.0,24423452.0,4884690.4,2.0,5.0
CUST00563,2025-09,0.0,0.0,0.0,4.0,53347121.0,13336780.25,0.0,4.0
CUST00563,2025-10,4.0,9272080.0,2318020.0,0.0,0.0,0.0,4.0,0.0
CUST00563,2025-11,6.0,10489520.0,1748253.3333333333,1.0,730596.0,730596.0,6.0,1.0
CUST00563,2025-12,1.0,3446473.0,3446473.0,2.0,10094783.0,5047391.5,1.0,2.0
CUST00564,2025-01,4.0,6817814.0,1704453.5,1.0,19513243.0,19513243.0,4.0,1.0
CUST00564,2025-02,1.0,3629072.0,3629072.0,3.0,37671815.0,12557271.666666666,1.0,3.0
CUST00564,2025-03,0.0,0.0,0.0,1.0,10921191.0,10921191.0,0.0,1.0
CUST00564,2025-04,4.0,5509866.0,1377466.5,1.0,1505731.0,1505731.0,4.0,1.0
CUST00564,2025-05,3.0,5367560.0,1789186.6666666667,1.0,1139449.0,1139449.0,3.0,1.0
CUST00564,2025-06,3.0,7497741.0,2499247.0,1.0,17461967.0,17461967.0,3.0,1.0
CUST00564,2025-07,1.0,5095445.0,5095445.0,2.0,10296811.0,5148405.5,1.0,1.0
CUST00564,2025-08,3.0,4008801.0,1336267.0,0.0,0.0,0.0,3.0,0.0
CUST00564,2025-09,1.0,4562537.0,4562537.0,1.0,1647536.0,1647536.0,1.0,1.0
CUST00564,2025-10,3.0,10575082.0,3525027.3333333335,0.0,0.0,0.0,3.0,0.0
CUST00564,2025-11,2.0,1479451.0,739725.5,2.0,3702627.0,1851313.5,2.0,2.0
CUST00564,2025-12,3.0,7689815.0,2563271.6666666665,6.0,36852317.0,6142052.833333333,3.0,5.0
CUST00565,2025-01,1.0,8236590.0,8236590.0,0.0,0.0,0.0,1.0,0.0
CUST00565,2025-02,2.0,15073313.0,7536656.5,2.0,20335045.0,10167522.5,2.0,2.0
CUST00565,2025-03,4.0,15130133.0,3782533.25,3.0,2904521.0,968173.6666666666,4.0,3.0
CUST00565,2025-04,2.0,2087151.0,1043575.5,4.0,68819284.0,17204821.0,2.0,4.0
CUST00565,2025-05,3.0,12535717.0,4178572.3333333335,2.0,5103551.0,2551775.5,3.0,2.0
CUST00565,2025-06,2.0,5930378.0,2965189.0,5.0,29428176.0,5885635.2,2.0,5.0
CUST00565,2025-07,1.0,936208.0,936208.0,1.0,1449847.0,1449847.0,1.0,1.0
CUST00565,2025-08,1.0,2784404.0,2784404.0,2.0,2437754.0,1218877.0,1.0,2.0
CUST00565,2025-10,5.0,9612821.0,1922564.2,3.0,45216271.0,15072090.333333334,5.0,3.0
CUST00565,2025-11,4.0,12144750.0,3036187.5,1.0,3225025.0,3225025.0,4.0,1.0
CUST00565,2025-12,5.0,13621808.0,2724361.6,4.0,260159608.0,65039902.0,5.0,4.0
CUST00566,2025-01,2.0,15226764.0,7613382.0,0.0,0.0,0.0,2.0,0.0
CUST00566,2025-02,2.0,20495874.0,10247937.0,1.0,285776.0,285776.0,2.0,1.0
CUST00566,2025-03,2.0,65286675.0,32643337.5,1.0,30747741.0,30747741.0,2.0,1.0
CUST00566,2025-04,1.0,9774603.0,9774603.0,2.0,6492614.0,3246307.0,1.0,2.0
CUST00566,2025-05,4.0,84235918.0,21058979.5,4.0,164369335.0,41092333.75,3.0,4.0
CUST00566,2025-06,3.0,83583123.0,27861041.0,3.0,17954455.0,5984818.333333333,3.0,3.0
CUST00566,2025-07,3.0,50938454.0,16979484.666666668,2.0,13378931.0,6689465.5,3.0,2.0
CUST00566,2025-08,2.0,39453248.0,19726624.0,1.0,1665275.0,1665275.0,2.0,1.0
CUST00566,2025-09,2.0,21027544.0,10513772.0,1.0,22030387.0,22030387.0,2.0,1.0
CUST00566,2025-10,3.0,49392506.0,16464168.666666666,3.0,69008539.0,23002846.333333332,3.0,2.0
CUST00566,2025-11,0.0,0.0,0.0,1.0,63950875.0,63950875.0,0.0,1.0
CUST00566,2025-12,3.0,28025087.0,9341695.666666666,1.0,17471457.0,17471457.0,3.0,1.0
CUST00567,2025-01,5.0,8126815.0,1625363.0,0.0,0.0,0.0,5.0,0.0
CUST00567,2025-02,0.0,0.0,0.0,3.0,76000571.0,25333523.666666668,0.0,3.0
CUST00567,2025-03,2.0,10231036.0,5115518.0,3.0,27560204.0,9186734.666666666,2.0,3.0
CUST00567,2025-04,0.0,0.0,0.0,1.0,64098846.0,64098846.0,0.0,1.0
CUST00567,2025-05,2.0,5729346.0,2864673.0,1.0,2105725.0,2105725.0,2.0,1.0
CUST00567,2025-06,2.0,5413591.0,2706795.5,2.0,70004466.0,35002233.0,2.0,2.0
CUST00567,2025-07,2.0,4011646.0,2005823.0,1.0,15290046.0,15290046.0,2.0,1.0
CUST00567,2025-08,0.0,0.0,0.0,3.0,5270403.0,1756801.0,0.0,3.0
CUST00567,2025-09,1.0,2055273.0,2055273.0,6.0,105180664.0,17530110.666666668,1.0,6.0
CUST00567,2025-10,1.0,836518.0,836518.0,3.0,37190305.0,12396768.333333334,1.0,3.0
CUST00567,2025-11,7.0,20537579.0,2933939.8571428573,2.0,34085660.0,17042830.0,7.0,2.0
CUST00567,2025-12,1.0,1238888.0,1238888.0,2.0,5386508.0,2693254.0,1.0,2.0
CUST00568,2025-01,1.0,15593868.0,15593868.0,0.0,0.0,0.0,1.0,0.0
CUST00568,2025-02,2.0,42031274.0,21015637.0,2.0,7294334.0,3647167.0,2.0,2.0
CUST00568,2025-03,1.0,3770298.0,3770298.0,1.0,2058269.0,2058269.0,1.0,1.0
CUST00568,2025-04,1.0,6720083.0,6720083.0,1.0,429128.0,429128.0,1.0,1.0
CUST00568,2025-05,2.0,37312167.0,18656083.5,0.0,0.0,0.0,2.0,0.0
CUST00568,2025-06,3.0,28283608.0,9427869.333333334,2.0,70519214.0,35259607.0,3.0,2.0
CUST00568,2025-07,4.0,85144760.0,21286190.0,5.0,39531528.0,7906305.6,4.0,4.0
CUST00568,2025-08,4.0,62169296.0,15542324.0,3.0,228504597.0,76168199.0,4.0,3.0
CUST00568,2025-09,1.0,10464611.0,10464611.0,0.0,0.0,0.0,1.0,0.0
CUST00568,2025-10,2.0,22439683.0,11219841.5,0.0,0.0,0.0,2.0,0.0
CUST00568,2025-11,1.0,2801670.0,2801670.0,0.0,0.0,0.0,1.0,0.0
CUST00568,2025-12,4.0,73291126.0,18322781.5,0.0,0.0,0.0,3.0,0.0
CUST00569,2025-01,2.0,59688703.0,29844351.5,2.0,93304715.0,46652357.5,2.0,2.0
CUST00569,2025-02,1.0,12352972.0,12352972.0,0.0,0.0,0.0,1.0,0.0
CUST00569,2025-03,0.0,0.0,0.0,1.0,6657725.0,6657725.0,0.0,1.0
CUST00569,2025-04,1.0,10429801.0,10429801.0,0.0,0.0,0.0,1.0,0.0
CUST00569,2025-05,1.0,23904253.0,23904253.0,3.0,9598079.0,3199359.6666666665,1.0,3.0
CUST00569,2025-06,1.0,60550168.0,60550168.0,3.0,96004367.0,32001455.666666668,1.0,3.0
CUST00569,2025-07,0.0,0.0,0.0,3.0,68398384.0,22799461.333333332,0.0,3.0
CUST00569,2025-08,1.0,30639568.0,30639568.0,2.0,64519186.0,32259593.0,1.0,2.0
CUST00569,2025-09,2.0,89988183.0,44994091.5,0.0,0.0,0.0,2.0,0.0
CUST00569,2025-10,1.0,25945603.0,25945603.0,3.0,45728683.0,15242894.333333334,1.0,3.0
CUST00569,2025-11,0.0,0.0,0.0,3.0,5263189.0,1754396.3333333333,0.0,3.0
CUST00569,2025-12,1.0,16818871.0,16818871.0,2.0,10364599.0,5182299.5,1.0,1.0
CUST00570,2025-01,0.0,0.0,0.0,3.0,38073900.0,12691300.0,0.0,3.0
CUST00570,2025-02,5.0,16649556.0,3329911.2,0.0,0.0,0.0,4.0,0.0
CUST00570,2025-03,2.0,8773517.0,4386758.5,2.0,189489489.0,94744744.5,2.0,2.0
CUST00570,2025-04,2.0,5938266.0,2969133.0,1.0,815045.0,815045.0,2.0,1.0
CUST00570,2025-05,2.0,5571347.0,2785673.5,2.0,17647846.0,8823923.0,2.0,2.0
CUST00570,2025-06,0.0,0.0,0.0,2.0,10906475.0,5453237.5,0.0,2.0
CUST00570,2025-07,4.0,11420579.0,2855144.75,2.0,38696646.0,19348323.0,4.0,2.0
CUST00570,2025-08,1.0,567264.0,567264.0,2.0,182667445.0,91333722.5,1.0,2.0
CUST00570,2025-09,2.0,14210740.0,7105370.0,2.0,120934408.0,60467204.0,2.0,2.0
CUST00570,2025-10,4.0,16330837.0,4082709.25,2.0,3054378.0,1527189.0,4.0,2.0
CUST00570,2025-11,2.0,3419686.0,1709843.0,2.0,45644601.0,22822300.5,2.0,2.0
CUST00570,2025-12,6.0,11855035.0,1975839.1666666667,2.0,14541176.0,7270588.0,6.0,2.0
CUST00571,2025-01,2.0,15015729.0,7507864.5,1.0,9387638.0,9387638.0,2.0,1.0
CUST00571,2025-02,3.0,37098327.0,12366109.0,2.0,14106949.0,7053474.5,3.0,2.0
CUST00571,2025-03,1.0,36624020.0,36624020.0,1.0,2761737.0,2761737.0,1.0,1.0
CUST00571,2025-04,5.0,96051815.0,19210363.0,2.0,28072131.0,14036065.5,5.0,2.0
CUST00571,2025-05,1.0,12932663.0,12932663.0,1.0,38661917.0,38661917.0,1.0,1.0
CUST00571,2025-06,2.0,44205240.0,22102620.0,2.0,10224263.0,5112131.5,2.0,2.0
CUST00571,2025-07,1.0,38072353.0,38072353.0,3.0,5276828.0,1758942.6666666667,1.0,3.0
CUST00571,2025-08,3.0,80916081.0,26972027.0,2.0,5051234.0,2525617.0,3.0,2.0
CUST00571,2025-09,1.0,15355852.0,15355852.0,3.0,13432358.0,4477452.666666667,1.0,3.0
CUST00571,2025-10,1.0,10198256.0,10198256.0,1.0,3555384.0,3555384.0,1.0,1.0
CUST00571,2025-11,2.0,58410490.0,29205245.0,1.0,27318371.0,27318371.0,2.0,1.0
CUST00571,2025-12,3.0,64575866.0,21525288.666666668,2.0,6121122.0,3060561.0,3.0,2.0
CUST00572,2025-01,2.0,4279942.0,2139971.0,3.0,13894239.0,4631413.0,2.0,3.0
CUST00572,2025-02,3.0,6522136.0,2174045.3333333335,3.0,24241478.0,8080492.666666667,3.0,3.0
CUST00572,2025-03,2.0,3041815.0,1520907.5,3.0,9800178.0,3266726.0,2.0,3.0
CUST00572,2025-04,0.0,0.0,0.0,1.0,4382494.0,4382494.0,0.0,1.0
CUST00572,2025-05,5.0,15517475.0,3103495.0,2.0,53578739.0,26789369.5,4.0,2.0
CUST00572,2025-06,2.0,3303839.0,1651919.5,1.0,6372051.0,6372051.0,2.0,1.0
CUST00572,2025-07,4.0,5304856.0,1326214.0,3.0,9660306.0,3220102.0,4.0,2.0
CUST00572,2025-08,1.0,2218260.0,2218260.0,1.0,53112905.0,53112905.0,1.0,1.0
CUST00572,2025-09,1.0,1426287.0,1426287.0,1.0,2581893.0,2581893.0,1.0,1.0
CUST00572,2025-10,2.0,12618130.0,6309065.0,2.0,31304578.0,15652289.0,2.0,2.0
CUST00572,2025-11,3.0,16378508.0,5459502.666666667,3.0,11605441.0,3868480.3333333335,3.0,3.0
CUST00572,2025-12,1.0,987318.0,987318.0,1.0,6473226.0,6473226.0,1.0,1.0
CUST00573,2025-01,2.0,77246285.0,38623142.5,2.0,6138165.0,3069082.5,2.0,2.0
CUST00573,2025-02,4.0,53945819.0,13486454.75,3.0,10080875.0,3360291.6666666665,4.0,3.0
CUST00573,2025-03,1.0,11062752.0,11062752.0,4.0,436112235.0,109028058.75,1.0,4.0
CUST00573,2025-04,2.0,25460425.0,12730212.5,1.0,6576835.0,6576835.0,2.0,1.0
CUST00573,2025-05,2.0,162752566.0,81376283.0,0.0,0.0,0.0,2.0,0.0
CUST00573,2025-06,0.0,0.0,0.0,5.0,70242726.0,14048545.2,0.0,5.0
CUST00573,2025-07,1.0,5854743.0,5854743.0,3.0,88785963.0,29595321.0,1.0,3.0
CUST00573,2025-08,3.0,48169996.0,16056665.333333334,2.0,8812762.0,4406381.0,3.0,2.0
CUST00573,2025-09,2.0,25101648.0,12550824.0,0.0,0.0,0.0,2.0,0.0
CUST00573,2025-10,4.0,82529095.0,20632273.75,2.0,5490964.0,2745482.0,4.0,2.0
CUST00573,2025-11,2.0,79840985.0,39920492.5,3.0,34593037.0,11531012.333333334,2.0,3.0
CUST00573,2025-12,4.0,38948201.0,9737050.25,3.0,75846989.0,25282329.666666668,4.0,2.0
CUST00574,2025-01,1.0,45749121.0,45749121.0,2.0,6628330.0,3314165.0,1.0,2.0
CUST00574,2025-02,1.0,23235675.0,23235675.0,2.0,16928472.0,8464236.0,1.0,2.0
CUST00574,2025-03,0.0,0.0,0.0,1.0,2805523.0,2805523.0,0.0,1.0
CUST00574,2025-04,1.0,15221602.0,15221602.0,3.0,7067823.0,2355941.0,1.0,3.0
CUST00574,2025-05,1.0,13379941.0,13379941.0,2.0,6436186.0,3218093.0,1.0,2.0
CUST00574,2025-06,2.0,31608974.0,15804487.0,2.0,7957798.0,3978899.0,2.0,2.0
CUST00574,2025-07,0.0,0.0,0.0,1.0,1089019.0,1089019.0,0.0,1.0
CUST00574,2025-08,3.0,47478145.0,15826048.333333334,2.0,61593945.0,30796972.5,3.0,2.0
CUST00574,2025-09,2.0,14489206.0,7244603.0,1.0,1746709.0,1746709.0,2.0,1.0
CUST00574,2025-10,3.0,25756557.0,8585519.0,5.0,246550933.0,49310186.6,3.0,5.0
CUST00574,2025-11,1.0,20226721.0,20226721.0,2.0,151651230.0,75825615.0,1.0,2.0
CUST00574,2025-12,0.0,0.0,0.0,1.0,1102296.0,1102296.0,0.0,1.0
CUST00575,2025-01,1.0,2824857.0,2824857.0,2.0,10982850.0,5491425.0,1.0,2.0
CUST00575,2025-02,2.0,5264696.0,2632348.0,1.0,1795800.0,1795800.0,2.0,1.0
CUST00575,2025-03,2.0,2976642.0,1488321.0,1.0,17025358.0,17025358.0,2.0,1.0
CUST00575,2025-04,3.0,14957840.0,4985946.666666667,1.0,11135650.0,11135650.0,3.0,1.0
CUST00575,2025-05,0.0,0.0,0.0,3.0,19190508.0,6396836.0,0.0,3.0
CUST00575,2025-06,0.0,0.0,0.0,2.0,4786397.0,2393198.5,0.0,2.0
CUST00575,2025-07,4.0,16669378.0,4167344.5,5.0,71007104.0,14201420.8,4.0,5.0
CUST00575,2025-08,1.0,6691431.0,6691431.0,0.0,0.0,0.0,1.0,0.0
CUST00575,2025-09,3.0,6565297.0,2188432.3333333335,3.0,10989946.0,3663315.3333333335,3.0,3.0
CUST00575,2025-10,3.0,6734630.0,2244876.6666666665,3.0,10237474.0,3412491.3333333335,3.0,3.0
CUST00575,2025-11,7.0,23502926.0,3357560.8571428573,1.0,4653271.0,4653271.0,7.0,1.0
CUST00575,2025-12,1.0,910091.0,910091.0,3.0,103827225.0,34609075.0,1.0,3.0
CUST00576,2025-01,2.0,8947522.0,4473761.0,3.0,7947738.0,2649246.0,2.0,3.0
CUST00576,2025-02,3.0,57759285.0,19253095.0,1.0,7369279.0,7369279.0,3.0,1.0
CUST00576,2025-03,1.0,12609908.0,12609908.0,2.0,79493756.0,39746878.0,1.0,2.0
CUST00576,2025-04,1.0,5061016.0,5061016.0,0.0,0.0,0.0,1.0,0.0
CUST00576,2025-05,1.0,3536633.0,3536633.0,3.0,56590833.0,18863611.0,1.0,3.0
CUST00576,2025-06,0.0,0.0,0.0,3.0,22825825.0,7608608.333333333,0.0,3.0
CUST00576,2025-07,1.0,10619675.0,10619675.0,3.0,7285027.0,2428342.3333333335,1.0,3.0
CUST00576,2025-08,5.0,128545167.0,25709033.4,4.0,45080018.0,11270004.5,4.0,4.0
CUST00576,2025-09,3.0,61272737.0,20424245.666666668,1.0,21985563.0,21985563.0,3.0,1.0
CUST00576,2025-10,4.0,65084161.0,16271040.25,4.0,21055952.0,5263988.0,3.0,4.0
CUST00576,2025-11,0.0,0.0,0.0,2.0,33937547.0,16968773.5,0.0,2.0
CUST00576,2025-12,4.0,81304851.0,20326212.75,2.0,9750818.0,4875409.0,4.0,2.0
CUST00577,2025-01,5.0,6423327.0,1284665.4,0.0,0.0,0.0,5.0,0.0
CUST00577,2025-02,2.0,13345616.0,6672808.0,4.0,96108647.0,24027161.75,2.0,4.0
CUST00577,2025-03,1.0,2922438.0,2922438.0,2.0,4030615.0,2015307.5,1.0,2.0
CUST00577,2025-04,1.0,1431477.0,1431477.0,2.0,44735142.0,22367571.0,1.0,2.0
CUST00577,2025-05,1.0,384001.0,384001.0,3.0,110130587.0,36710195.666666664,1.0,3.0
CUST00577,2025-06,6.0,17832261.0,2972043.5,2.0,25703142.0,12851571.0,6.0,2.0
CUST00577,2025-07,2.0,13973159.0,6986579.5,3.0,35695772.0,11898590.666666666,2.0,3.0
CUST00577,2025-08,3.0,15658410.0,5219470.0,2.0,14466751.0,7233375.5,3.0,2.0
CUST00577,2025-09,0.0,0.0,0.0,1.0,2696828.0,2696828.0,0.0,1.0
CUST00577,2025-10,1.0,1326672.0,1326672.0,1.0,34589227.0,34589227.0,1.0,1.0
CUST00577,2025-11,2.0,1820607.0,910303.5,7.0,99980277.0,14282896.714285715,2.0,7.0
CUST00577,2025-12,4.0,42928399.0,10732099.75,3.0,97238081.0,32412693.666666668,4.0,3.0
CUST00578,2025-01,0.0,0.0,0.0,3.0,67113732.0,22371244.0,0.0,3.0
CUST00578,2025-02,2.0,1708098.0,854049.0,1.0,1662911.0,1662911.0,2.0,1.0
CUST00578,2025-03,3.0,8774937.0,2924979.0,3.0,235019865.0,78339955.0,3.0,3.0
CUST00578,2025-04,3.0,15451043.0,5150347.666666667,4.0,219646298.0,54911574.5,3.0,4.0
CUST00578,2025-05,1.0,703431.0,703431.0,1.0,2140134.0,2140134.0,1.0,1.0
CUST00578,2025-06,2.0,4455781.0,2227890.5,3.0,21177404.0,7059134.666666667,2.0,3.0
CUST00578,2025-07,2.0,12897571.0,6448785.5,4.0,17748163.0,4437040.75,2.0,4.0
CUST00578,2025-08,3.0,4019314.0,1339771.3333333333,2.0,18214139.0,9107069.5,3.0,2.0
CUST00578,2025-09,1.0,2305277.0,2305277.0,1.0,1679987.0,1679987.0,1.0,1.0
CUST00578,2025-10,1.0,407538.0,407538.0,1.0,33756172.0,33756172.0,1.0,1.0
CUST00578,2025-11,1.0,1842576.0,1842576.0,2.0,24630215.0,12315107.5,1.0,2.0
CUST00578,2025-12,2.0,3777574.0,1888787.0,2.0,3132190.0,1566095.0,2.0,2.0
CUST00579,2025-01,1.0,28848948.0,28848948.0,0.0,0.0,0.0,1.0,0.0
CUST00579,2025-02,0.0,0.0,0.0,3.0,44778278.0,14926092.666666666,0.0,3.0
CUST00579,2025-03,1.0,11642760.0,11642760.0,3.0,66700540.0,22233513.333333332,1.0,3.0
CUST00579,2025-05,2.0,16688142.0,8344071.0,1.0,10919369.0,10919369.0,2.0,1.0
CUST00579,2025-07,2.0,11318425.0,5659212.5,6.0,39115548.0,6519258.0,2.0,6.0
CUST00579,2025-08,0.0,0.0,0.0,2.0,33419988.0,16709994.0,0.0,2.0
CUST00579,2025-09,1.0,15934490.0,15934490.0,2.0,9597326.0,4798663.0,1.0,2.0
CUST00579,2025-10,1.0,17668037.0,17668037.0,1.0,1369907.0,1369907.0,1.0,1.0
CUST00579,2025-11,4.0,89297640.0,22324410.0,0.0,0.0,0.0,4.0,0.0
CUST00579,2025-12,2.0,16721442.0,8360721.0,4.0,107713043.0,26928260.75,2.0,4.0
CUST00580,2025-01,3.0,13188551.0,4396183.666666667,0.0,0.0,0.0,3.0,0.0
CUST00580,2025-02,2.0,5879478.0,2939739.0,1.0,62947292.0,62947292.0,2.0,1.0
CUST00580,2025-03,0.0,0.0,0.0,2.0,11676967.0,5838483.5,0.0,2.0
CUST00580,2025-04,1.0,325494.0,325494.0,2.0,96027257.0,48013628.5,1.0,2.0
CUST00580,2025-05,2.0,2951179.0,1475589.5,0.0,0.0,0.0,2.0,0.0
CUST00580,2025-06,4.0,3969488.0,992372.0,1.0,9655009.0,9655009.0,4.0,1.0
CUST00580,2025-07,0.0,0.0,0.0,3.0,9820195.0,3273398.3333333335,0.0,3.0
CUST00580,2025-08,2.0,2556542.0,1278271.0,3.0,23652756.0,7884252.0,2.0,3.0
CUST00580,2025-09,2.0,1596804.0,798402.0,1.0,1692343.0,1692343.0,2.0,1.0
CUST00580,2025-10,0.0,0.0,0.0,4.0,40517994.0,10129498.5,0.0,4.0
CUST00580,2025-11,3.0,8359798.0,2786599.3333333335,2.0,59768735.0,29884367.5,3.0,2.0
CUST00580,2025-12,1.0,4027663.0,4027663.0,3.0,24041447.0,8013815.666666667,1.0,3.0
CUST00581,2025-01,2.0,9985602.0,4992801.0,4.0,38630635.0,9657658.75,2.0,3.0
CUST00581,2025-02,0.0,0.0,0.0,3.0,36095495.0,12031831.666666666,0.0,3.0
CUST00581,2025-03,2.0,5241172.0,2620586.0,2.0,31302932.0,15651466.0,2.0,2.0
CUST00581,2025-04,1.0,3004990.0,3004990.0,1.0,4735029.0,4735029.0,1.0,1.0
CUST00581,2025-05,1.0,5006831.0,5006831.0,3.0,22198239.0,7399413.0,1.0,3.0
CUST00581,2025-06,2.0,823616.0,411808.0,3.0,32090001.0,10696667.0,2.0,3.0
CUST00581,2025-07,3.0,3877952.0,1292650.6666666667,2.0,68952106.0,34476053.0,3.0,2.0
CUST00581,2025-08,1.0,5128644.0,5128644.0,3.0,34560538.0,11520179.333333334,1.0,3.0
CUST00581,2025-09,2.0,2742958.0,1371479.0,2.0,10023341.0,5011670.5,2.0,2.0
CUST00581,2025-10,3.0,4134722.0,1378240.6666666667,2.0,67992308.0,33996154.0,3.0,2.0
CUST00581,2025-11,3.0,18496645.0,6165548.333333333,1.0,9612995.0,9612995.0,3.0,1.0
CUST00581,2025-12,2.0,3935983.0,1967991.5,3.0,34544196.0,11514732.0,2.0,3.0
CUST00582,2025-02,1.0,1508209.0,1508209.0,2.0,7716659.0,3858329.5,1.0,2.0
CUST00582,2025-03,2.0,3127439.0,1563719.5,2.0,12189270.0,6094635.0,1.0,2.0
CUST00582,2025-04,2.0,8638913.0,4319456.5,2.0,71084682.0,35542341.0,2.0,2.0
CUST00582,2025-05,1.0,2784517.0,2784517.0,1.0,1636353.0,1636353.0,1.0,1.0
CUST00582,2025-06,6.0,15875519.0,2645919.8333333335,1.0,318868.0,318868.0,5.0,1.0
CUST00582,2025-07,4.0,9766510.0,2441627.5,2.0,6792630.0,3396315.0,4.0,2.0
CUST00582,2025-08,1.0,1032264.0,1032264.0,4.0,31196856.0,7799214.0,1.0,4.0
CUST00582,2025-09,1.0,611112.0,611112.0,1.0,1516240.0,1516240.0,1.0,1.0
CUST00582,2025-10,3.0,8361222.0,2787074.0,5.0,71164476.0,14232895.2,3.0,5.0
CUST00582,2025-11,1.0,2793862.0,2793862.0,1.0,1530669.0,1530669.0,1.0,1.0
CUST00582,2025-12,2.0,6128981.0,3064490.5,3.0,16517481.0,5505827.0,2.0,3.0
CUST00583,2025-01,3.0,36150613.0,12050204.333333334,1.0,378729.0,378729.0,3.0,1.0
CUST00583,2025-02,6.0,120694353.0,20115725.5,1.0,5142252.0,5142252.0,6.0,1.0
CUST00583,2025-03,0.0,0.0,0.0,3.0,5106851.0,1702283.6666666667,0.0,3.0
CUST00583,2025-04,4.0,54206417.0,13551604.25,1.0,36769074.0,36769074.0,4.0,1.0
CUST00583,2025-05,1.0,18953812.0,18953812.0,3.0,18676615.0,6225538.333333333,1.0,3.0
CUST00583,2025-06,2.0,52840296.0,26420148.0,2.0,35493617.0,17746808.5,2.0,2.0
CUST00583,2025-07,5.0,98864522.0,19772904.4,1.0,28067628.0,28067628.0,5.0,1.0
CUST00583,2025-08,1.0,19683859.0,19683859.0,1.0,6404666.0,6404666.0,1.0,1.0
CUST00583,2025-09,1.0,24648979.0,24648979.0,2.0,3222333.0,1611166.5,1.0,2.0
CUST00583,2025-10,5.0,199377121.0,39875424.2,2.0,28459846.0,14229923.0,5.0,2.0
CUST00583,2025-11,1.0,17649227.0,17649227.0,1.0,63737330.0,63737330.0,1.0,1.0
CUST00583,2025-12,1.0,28081442.0,28081442.0,0.0,0.0,0.0,1.0,0.0
CUST00584,2025-01,1.0,1596748.0,1596748.0,1.0,1207550.0,1207550.0,1.0,1.0
CUST00584,2025-02,1.0,1662911.0,1662911.0,1.0,846952.0,846952.0,1.0,1.0
CUST00584,2025-03,6.0,15581613.0,2596935.5,0.0,0.0,0.0,5.0,0.0
CUST00584,2025-04,0.0,0.0,0.0,6.0,166228137.0,27704689.5,0.0,5.0
CUST00584,2025-05,1.0,5306787.0,5306787.0,1.0,3178119.0,3178119.0,1.0,1.0
CUST00584,2025-06,4.0,5520813.0,1380203.25,0.0,0.0,0.0,4.0,0.0
CUST00584,2025-07,3.0,3259912.0,1086637.3333333333,3.0,9485590.0,3161863.3333333335,3.0,3.0
CUST00584,2025-08,1.0,12393153.0,12393153.0,1.0,1472240.0,1472240.0,1.0,1.0
CUST00584,2025-09,2.0,2926281.0,1463140.5,2.0,36434602.0,18217301.0,2.0,2.0
CUST00584,2025-10,0.0,0.0,0.0,2.0,3696570.0,1848285.0,0.0,2.0
CUST00584,2025-12,1.0,2222132.0,2222132.0,2.0,15765261.0,7882630.5,1.0,2.0
CUST00585,2025-01,1.0,8861573.0,8861573.0,3.0,25860853.0,8620284.333333334,1.0,3.0
CUST00585,2025-02,1.0,6601950.0,6601950.0,3.0,176956064.0,58985354.666666664,1.0,3.0
CUST00585,2025-03,4.0,10860764.0,2715191.0,5.0,41267961.0,8253592.2,4.0,5.0
CUST00585,2025-04,3.0,7557035.0,2519011.6666666665,6.0,42286680.0,7047780.0,2.0,6.0
CUST00585,2025-05,1.0,12444969.0,12444969.0,2.0,53960453.0,26980226.5,1.0,2.0
CUST00585,2025-06,2.0,5375799.0,2687899.5,3.0,11722004.0,3907334.6666666665,2.0,3.0
CUST00585,2025-07,3.0,15466002.0,5155334.0,3.0,94659990.0,31553330.0,3.0,3.0
CUST00585,2025-08,1.0,995216.0,995216.0,2.0,28656391.0,14328195.5,1.0,2.0
CUST00585,2025-09,2.0,3334036.0,1667018.0,3.0,7654106.0,2551368.6666666665,2.0,3.0
CUST00585,2025-10,3.0,17165010.0,5721670.0,2.0,48632121.0,24316060.5,3.0,2.0
CUST00585,2025-11,2.0,9761466.0,4880733.0,0.0,0.0,0.0,2.0,0.0
CUST00585,2025-12,4.0,5023586.0,1255896.5,2.0,9520239.0,4760119.5,4.0,2.0
CUST00586,2025-01,2.0,27455579.0,13727789.5,1.0,1304964.0,1304964.0,2.0,1.0
CUST00586,2025-02,1.0,38744500.0,38744500.0,2.0,23246770.0,11623385.0,1.0,1.0
CUST00586,2025-03,2.0,11683934.0,5841967.0,2.0,28813750.0,14406875.0,2.0,2.0
CUST00586,2025-04,0.0,0.0,0.0,1.0,2740809.0,2740809.0,0.0,1.0
CUST00586,2025-05,3.0,58250588.0,19416862.666666668,1.0,672632.0,672632.0,3.0,1.0
CUST00586,2025-06,5.0,69822359.0,13964471.8,1.0,672801.0,672801.0,5.0,1.0
CUST00586,2025-07,1.0,10195685.0,10195685.0,2.0,19315935.0,9657967.5,1.0,2.0
CUST00586,2025-08,3.0,76688608.0,25562869.333333332,1.0,38204802.0,38204802.0,3.0,1.0
CUST00586,2025-09,1.0,8955480.0,8955480.0,2.0,8553836.0,4276918.0,1.0,2.0
CUST00586,2025-10,3.0,59956447.0,19985482.333333332,1.0,2657036.0,2657036.0,3.0,1.0
CUST00586,2025-11,3.0,37275591.0,12425197.0,0.0,0.0,0.0,3.0,0.0
CUST00586,2025-12,3.0,33492497.0,11164165.666666666,2.0,18639262.0,9319631.0,3.0,2.0
CUST00587,2025-01,1.0,6014472.0,6014472.0,5.0,290271802.0,58054360.4,1.0,5.0
CUST00587,2025-02,2.0,37278142.0,18639071.0,1.0,4751757.0,4751757.0,2.0,1.0
CUST00587,2025-03,2.0,26177453.0,13088726.5,2.0,2192293.0,1096146.5,2.0,2.0
CUST00587,2025-04,3.0,123317784.0,41105928.0,8.0,123824955.0,15478119.375,2.0,8.0
CUST00587,2025-05,2.0,18166197.0,9083098.5,0.0,0.0,0.0,2.0,0.0
CUST00587,2025-06,3.0,32892076.0,10964025.333333334,4.0,21748126.0,5437031.5,3.0,4.0
CUST00587,2025-07,1.0,7481309.0,7481309.0,3.0,19538491.0,6512830.333333333,1.0,3.0
CUST00587,2025-08,2.0,35733902.0,17866951.0,1.0,48167387.0,48167387.0,2.0,1.0
CUST00587,2025-09,2.0,15288625.0,7644312.5,0.0,0.0,0.0,2.0,0.0
CUST00587,2025-10,2.0,34120162.0,17060081.0,2.0,4827469.0,2413734.5,2.0,2.0
CUST00587,2025-11,1.0,38636556.0,38636556.0,1.0,1183939.0,1183939.0,1.0,1.0
CUST00587,2025-12,4.0,33633968.0,8408492.0,0.0,0.0,0.0,4.0,0.0
CUST00588,2025-01,0.0,0.0,0.0,5.0,179192988.0,35838597.6,0.0,5.0
CUST00588,2025-02,1.0,1618129.0,1618129.0,4.0,387287088.0,96821772.0,1.0,4.0
CUST00588,2025-03,2.0,3413845.0,1706922.5,1.0,13125298.0,13125298.0,2.0,1.0
CUST00588,2025-04,2.0,2729760.0,1364880.0,4.0,57138295.0,14284573.75,2.0,4.0
CUST00588,2025-05,4.0,7302989.0,1825747.25,3.0,360141717.0,120047239.0,4.0,3.0
CUST00588,2025-06,0.0,0.0,0.0,2.0,2813645.0,1406822.5,0.0,2.0
CUST00588,2025-07,3.0,12409082.0,4136360.6666666665,3.0,9593032.0,3197677.3333333335,3.0,3.0
CUST00588,2025-08,1.0,692649.0,692649.0,3.0,16558533.0,5519511.0,1.0,3.0
CUST00588,2025-09,2.0,2481067.0,1240533.5,3.0,78303062.0,26101020.666666668,2.0,3.0
CUST00588,2025-10,2.0,5946960.0,2973480.0,3.0,17385681.0,5795227.0,2.0,3.0
CUST00588,2025-11,2.0,3084245.0,1542122.5,4.0,114598512.0,28649628.0,2.0,4.0
CUST00588,2025-12,4.0,7267380.0,1816845.0,1.0,2697872.0,2697872.0,4.0,1.0
CUST00589,2025-01,4.0,11465754.0,2866438.5,2.0,18529317.0,9264658.5,3.0,2.0
CUST00589,2025-02,1.0,1788499.0,1788499.0,2.0,9249973.0,4624986.5,1.0,2.0
CUST00589,2025-03,3.0,7150156.0,2383385.3333333335,3.0,7154240.0,2384746.6666666665,3.0,3.0
CUST00589,2025-04,2.0,3279191.0,1639595.5,1.0,718033.0,718033.0,2.0,1.0
CUST00589,2025-05,1.0,12558388.0,12558388.0,0.0,0.0,0.0,1.0,0.0
CUST00589,2025-06,2.0,4518794.0,2259397.0,2.0,4170391.0,2085195.5,2.0,2.0
CUST00589,2025-07,3.0,7442573.0,2480857.6666666665,3.0,57936659.0,19312219.666666668,3.0,2.0
CUST00589,2025-08,2.0,1447945.0,723972.5,2.0,21441913.0,10720956.5,2.0,2.0
CUST00589,2025-09,1.0,690578.0,690578.0,1.0,5650541.0,5650541.0,1.0,1.0
CUST00589,2025-10,2.0,1840887.0,920443.5,5.0,75239496.0,15047899.2,2.0,5.0
CUST00589,2025-11,1.0,1027534.0,1027534.0,0.0,0.0,0.0,1.0,0.0
CUST00589,2025-12,1.0,7543455.0,7543455.0,5.0,180838318.0,36167663.6,1.0,5.0
CUST00590,2025-01,2.0,6131757.0,3065878.5,2.0,9786552.0,4893276.0,2.0,2.0
CUST00590,2025-02,4.0,7666002.0,1916500.5,2.0,28586235.0,14293117.5,4.0,2.0
CUST00590,2025-03,3.0,4669401.0,1556467.0,0.0,0.0,0.0,3.0,0.0
CUST00590,2025-04,3.0,5956263.0,1985421.0,0.0,0.0,0.0,3.0,0.0
CUST00590,2025-05,3.0,14122149.0,4707383.0,3.0,27575818.0,9191939.333333334,3.0,3.0
CUST00590,2025-06,2.0,6509625.0,3254812.5,2.0,166603092.0,83301546.0,2.0,2.0
CUST00590,2025-07,5.0,7375905.0,1475181.0,2.0,38548649.0,19274324.5,5.0,2.0
CUST00590,2025-08,2.0,3502226.0,1751113.0,3.0,12183069.0,4061023.0,2.0,3.0
CUST00590,2025-09,2.0,2464033.0,1232016.5,2.0,51006798.0,25503399.0,2.0,2.0
CUST00590,2025-10,3.0,6985552.0,2328517.3333333335,4.0,32089404.0,8022351.0,3.0,4.0
CUST00590,2025-11,3.0,7417043.0,2472347.6666666665,2.0,24446952.0,12223476.0,3.0,2.0
CUST00590,2025-12,1.0,1431250.0,1431250.0,2.0,7518930.0,3759465.0,1.0,2.0
CUST00591,2025-01,1.0,6524874.0,6524874.0,2.0,92856578.0,46428289.0,1.0,2.0
CUST00591,2025-02,1.0,2925604.0,2925604.0,2.0,20279128.0,10139564.0,1.0,2.0
CUST00591,2025-03,1.0,908835.0,908835.0,3.0,7315116.0,2438372.0,1.0,3.0
CUST00591,2025-04,2.0,4675273.0,2337636.5,3.0,81722142.0,27240714.0,2.0,3.0
CUST00591,2025-05,3.0,4080572.0,1360190.6666666667,4.0,108737049.0,27184262.25,3.0,4.0
CUST00591,2025-06,3.0,3943347.0,1314449.0,1.0,5866520.0,5866520.0,2.0,1.0
CUST00591,2025-08,4.0,11402867.0,2850716.75,3.0,26243520.0,8747840.0,4.0,3.0
CUST00591,2025-09,1.0,11630671.0,11630671.0,1.0,6790124.0,6790124.0,1.0,1.0
CUST00591,2025-10,7.0,28787648.0,4112521.1428571427,2.0,18259263.0,9129631.5,7.0,2.0
CUST00591,2025-11,0.0,0.0,0.0,2.0,9168933.0,4584466.5,0.0,2.0
CUST00591,2025-12,0.0,0.0,0.0,1.0,42318998.0,42318998.0,0.0,1.0
CUST00592,2025-01,1.0,545271.0,545271.0,2.0,5185023.0,2592511.5,1.0,2.0
CUST00592,2025-02,5.0,28324643.0,5664928.6,3.0,6953629.0,2317876.3333333335,5.0,3.0
CUST00592,2025-04,0.0,0.0,0.0,2.0,14470898.0,7235449.0,0.0,2.0
CUST00592,2025-05,1.0,2240452.0,2240452.0,2.0,3207550.0,1603775.0,1.0,2.0
CUST00592,2025-06,3.0,9816023.0,3272007.6666666665,1.0,2862776.0,2862776.0,3.0,1.0
CUST00592,2025-07,2.0,5080293.0,2540146.5,0.0,0.0,0.0,2.0,0.0
CUST00592,2025-08,3.0,9781029.0,3260343.0,1.0,2377233.0,2377233.0,3.0,1.0
CUST00592,2025-09,0.0,0.0,0.0,4.0,28486543.0,7121635.75,0.0,4.0
CUST00592,2025-10,2.0,6266171.0,3133085.5,5.0,32453267.0,6490653.4,2.0,5.0
CUST00592,2025-11,2.0,7108094.0,3554047.0,3.0,76531113.0,25510371.0,2.0,3.0
CUST00592,2025-12,2.0,2789151.0,1394575.5,2.0,220019359.0,110009679.5,2.0,2.0
CUST00593,2025-01,2.0,91221361.0,45610680.5,0.0,0.0,0.0,2.0,0.0
CUST00593,2025-02,2.0,153026620.0,76513310.0,1.0,9279536.0,9279536.0,2.0,1.0
CUST00593,2025-03,3.0,41929628.0,13976542.666666666,2.0,29188275.0,14594137.5,3.0,2.0
CUST00593,2025-04,1.0,36413949.0,36413949.0,3.0,39268379.0,13089459.666666666,1.0,3.0
CUST00593,2025-05,2.0,19764028.0,9882014.0,4.0,230873267.0,57718316.75,2.0,4.0
CUST00593,2025-06,1.0,84221800.0,84221800.0,2.0,14517436.0,7258718.0,1.0,2.0
CUST00593,2025-07,4.0,105332898.0,26333224.5,4.0,51981809.0,12995452.25,4.0,4.0
CUST00593,2025-08,1.0,26873636.0,26873636.0,0.0,0.0,0.0,1.0,0.0
CUST00593,2025-09,2.0,49406004.0,24703002.0,0.0,0.0,0.0,2.0,0.0
CUST00593,2025-10,5.0,105925990.0,21185198.0,4.0,49291034.0,12322758.5,5.0,4.0
CUST00593,2025-11,2.0,28233158.0,14116579.0,1.0,5352330.0,5352330.0,2.0,1.0
CUST00593,2025-12,2.0,83309221.0,41654610.5,3.0,24611312.0,8203770.666666667,2.0,3.0
CUST00594,2025-01,5.0,76173747.0,15234749.4,3.0,24773559.0,8257853.0,5.0,3.0
CUST00594,2025-02,2.0,54087267.0,27043633.5,2.0,86392102.0,43196051.0,2.0,2.0
CUST00594,2025-03,2.0,24749954.0,12374977.0,1.0,298070235.0,298070235.0,2.0,1.0
CUST00594,2025-04,4.0,95825311.0,23956327.75,0.0,0.0,0.0,3.0,0.0
CUST00594,2025-05,5.0,119317219.0,23863443.8,3.0,12754146.0,4251382.0,5.0,3.0
CUST00594,2025-06,5.0,83777678.0,16755535.6,1.0,2605840.0,2605840.0,5.0,1.0
CUST00594,2025-07,1.0,65661658.0,65661658.0,4.0,54210192.0,13552548.0,1.0,4.0
CUST00594,2025-08,0.0,0.0,0.0,3.0,22616342.0,7538780.666666667,0.0,3.0
CUST00594,2025-09,0.0,0.0,0.0,1.0,3663280.0,3663280.0,0.0,1.0
CUST00594,2025-10,6.0,80193199.0,13365533.166666666,4.0,29813752.0,7453438.0,6.0,4.0
CUST00594,2025-11,1.0,12509618.0,12509618.0,0.0,0.0,0.0,1.0,0.0
CUST00594,2025-12,3.0,52327208.0,17442402.666666668,4.0,13844192.0,3461048.0,3.0,4.0
CUST00595,2025-01,2.0,29203124.0,14601562.0,1.0,23190100.0,23190100.0,2.0,1.0
CUST00595,2025-02,3.0,184328738.0,61442912.666666664,1.0,10379900.0,10379900.0,3.0,1.0
CUST00595,2025-03,0.0,0.0,0.0,1.0,1752501.0,1752501.0,0.0,1.0
CUST00595,2025-04,2.0,31623258.0,15811629.0,3.0,14171135.0,4723711.666666667,2.0,3.0
CUST00595,2025-05,3.0,75165956.0,25055318.666666668,2.0,6319685.0,3159842.5,3.0,2.0
CUST00595,2025-06,4.0,71290631.0,17822657.75,3.0,39201605.0,13067201.666666666,4.0,3.0
CUST00595,2025-07,3.0,41101863.0,13700621.0,0.0,0.0,0.0,3.0,0.0
CUST00595,2025-08,4.0,117859062.0,29464765.5,2.0,23451381.0,11725690.5,4.0,2.0
CUST00595,2025-09,2.0,71393468.0,35696734.0,3.0,15821661.0,5273887.0,2.0,3.0
CUST00595,2025-10,2.0,21311340.0,10655670.0,1.0,38935176.0,38935176.0,2.0,1.0
CUST00595,2025-11,2.0,79992714.0,39996357.0,3.0,12520842.0,4173614.0,2.0,3.0
CUST00595,2025-12,4.0,78008402.0,19502100.5,2.0,9069614.0,4534807.0,3.0,2.0
CUST00596,2025-01,1.0,983515.0,983515.0,1.0,7471402.0,7471402.0,1.0,1.0
CUST00596,2025-02,1.0,2429456.0,2429456.0,2.0,17303668.0,8651834.0,1.0,2.0
CUST00596,2025-03,1.0,4472432.0,4472432.0,1.0,1062515.0,1062515.0,1.0,1.0
CUST00596,2025-04,5.0,9818590.0,1963718.0,4.0,36035811.0,9008952.75,4.0,4.0
CUST00596,2025-05,3.0,3359160.0,1119720.0,2.0,4687227.0,2343613.5,3.0,2.0
CUST00596,2025-06,2.0,1901190.0,950595.0,1.0,1104959.0,1104959.0,2.0,1.0
CUST00596,2025-07,3.0,8142708.0,2714236.0,4.0,19548387.0,4887096.75,3.0,4.0
CUST00596,2025-08,3.0,4267536.0,1422512.0,2.0,50531746.0,25265873.0,3.0,2.0
CUST00596,2025-09,1.0,1908386.0,1908386.0,2.0,18952390.0,9476195.0,1.0,2.0
CUST00596,2025-10,0.0,0.0,0.0,4.0,14922114.0,3730528.5,0.0,4.0
CUST00596,2025-11,4.0,9187782.0,2296945.5,1.0,6073521.0,6073521.0,4.0,1.0
CUST00596,2025-12,2.0,2032139.0,1016069.5,1.0,329829.0,329829.0,2.0,1.0
CUST00597,2025-01,1.0,9810713.0,9810713.0,1.0,20791346.0,20791346.0,1.0,1.0
CUST00597,2025-02,3.0,165623485.0,55207828.333333336,5.0,256031124.0,51206224.8,3.0,5.0
CUST00597,2025-03,1.0,40709776.0,40709776.0,6.0,62911253.0,10485208.833333334,1.0,6.0
CUST00597,2025-04,3.0,35011056.0,11670352.0,5.0,24747523.0,4949504.6,3.0,5.0
CUST00597,2025-05,3.0,83953002.0,27984334.0,0.0,0.0,0.0,3.0,0.0
CUST00597,2025-06,3.0,55660394.0,18553464.666666668,1.0,114301892.0,114301892.0,3.0,1.0
CUST00597,2025-07,5.0,84133245.0,16826649.0,2.0,5723066.0,2861533.0,4.0,2.0
CUST00597,2025-08,4.0,93905214.0,23476303.5,3.0,25586367.0,8528789.0,4.0,3.0
CUST00597,2025-09,8.0,218083905.0,27260488.125,1.0,95572916.0,95572916.0,8.0,1.0
CUST00597,2025-10,1.0,29860753.0,29860753.0,3.0,15863211.0,5287737.0,1.0,2.0
CUST00597,2025-11,0.0,0.0,0.0,1.0,25960576.0,25960576.0,0.0,1.0
CUST00597,2025-12,1.0,34034250.0,34034250.0,6.0,138689626.0,23114937.666666668,1.0,6.0
CUST00598,2025-01,2.0,5962638.0,2981319.0,2.0,20099162.0,10049581.0,2.0,2.0
CUST00598,2025-02,2.0,2302256.0,1151128.0,1.0,1225989.0,1225989.0,2.0,1.0
CUST00598,2025-03,5.0,17755373.0,3551074.6,1.0,64076999.0,64076999.0,4.0,1.0
CUST00598,2025-04,1.0,2813865.0,2813865.0,2.0,12639277.0,6319638.5,1.0,2.0
CUST00598,2025-05,2.0,2618561.0,1309280.5,0.0,0.0,0.0,2.0,0.0
CUST00598,2025-06,2.0,3544157.0,1772078.5,2.0,20350104.0,10175052.0,2.0,2.0
CUST00598,2025-07,4.0,8675793.0,2168948.25,2.0,9228727.0,4614363.5,4.0,2.0
CUST00598,2025-08,1.0,1935344.0,1935344.0,3.0,28201909.0,9400636.333333334,1.0,3.0
CUST00598,2025-09,4.0,12380616.0,3095154.0,0.0,0.0,0.0,3.0,0.0
CUST00598,2025-10,3.0,7939396.0,2646465.3333333335,5.0,46913871.0,9382774.2,3.0,5.0
CUST00598,2025-11,2.0,4201424.0,2100712.0,1.0,1006636.0,1006636.0,2.0,1.0
CUST00598,2025-12,3.0,9316457.0,3105485.6666666665,1.0,2670059.0,2670059.0,3.0,1.0
CUST00599,2025-01,1.0,101709582.0,101709582.0,2.0,12875040.0,6437520.0,1.0,2.0
CUST00599,2025-02,1.0,140824797.0,140824797.0,1.0,10915347.0,10915347.0,1.0,1.0
CUST00599,2025-03,2.0,74134097.0,37067048.5,4.0,31717124.0,7929281.0,2.0,4.0
CUST00599,2025-04,2.0,153593755.0,76796877.5,2.0,12990359.0,6495179.5,2.0,2.0
CUST00599,2025-05,0.0,0.0,0.0,3.0,7307016.0,2435672.0,0.0,3.0
CUST00599,2025-06,2.0,324039277.0,162019638.5,3.0,152610986.0,50870328.666666664,2.0,3.0
CUST00599,2025-07,1.0,178553407.0,178553407.0,1.0,19841082.0,19841082.0,1.0,1.0
CUST00599,2025-08,2.0,169601438.0,84800719.0,1.0,1860676.0,1860676.0,2.0,1.0
CUST00599,2025-09,2.0,195007104.0,97503552.0,0.0,0.0,0.0,2.0,0.0
CUST00599,2025-10,3.0,105765022.0,35255007.333333336,2.0,7122489.0,3561244.5,3.0,2.0
CUST00599,2025-11,0.0,0.0,0.0,2.0,171471508.0,85735754.0,0.0,2.0
CUST00599,2025-12,6.0,519269759.0,86544959.83333333,0.0,0.0,0.0,6.0,0.0
CUST00600,2025-01,0.0,0.0,0.0,4.0,308551816.0,77137954.0,0.0,4.0
CUST00600,2025-02,6.0,79329379.0,13221563.166666666,1.0,1930347.0,1930347.0,6.0,1.0
CUST00600,2025-03,2.0,20168201.0,10084100.5,1.0,35710012.0,35710012.0,2.0,1.0
CUST00600,2025-04,3.0,24970649.0,8323549.666666667,3.0,11189216.0,3729738.6666666665,3.0,3.0
CUST00600,2025-05,1.0,19055997.0,19055997.0,1.0,4109196.0,4109196.0,1.0,1.0
CUST00600,2025-06,4.0,43004411.0,10751102.75,0.0,0.0,0.0,4.0,0.0
CUST00600,2025-07,2.0,33104506.0,16552253.0,3.0,28425672.0,9475224.0,2.0,3.0
CUST00600,2025-08,3.0,94351761.0,31450587.0,0.0,0.0,0.0,3.0,0.0
CUST00600,2025-09,1.0,33423529.0,33423529.0,2.0,60454794.0,30227397.0,1.0,2.0
CUST00600,2025-10,1.0,2582209.0,2582209.0,3.0,11631132.0,3877044.0,1.0,3.0
CUST00600,2025-11,1.0,9262245.0,9262245.0,3.0,32504058.0,10834686.0,1.0,3.0
CUST00600,2025-12,0.0,0.0,0.0,1.0,11571668.0,11571668.0,0.0,1.0
CUST00601,2025-01,3.0,7493281.0,2497760.3333333335,5.0,52201642.0,10440328.4,3.0,5.0
CUST00601,2025-02,2.0,3712911.0,1856455.5,1.0,585880.0,585880.0,2.0,1.0
CUST00601,2025-03,4.0,11331940.0,2832985.0,1.0,5796634.0,5796634.0,4.0,1.0
CUST00601,2025-04,4.0,5921227.0,1480306.75,4.0,37201791.0,9300447.75,4.0,4.0
CUST00601,2025-05,2.0,1858601.0,929300.5,2.0,17478607.0,8739303.5,2.0,2.0
CUST00601,2025-06,0.0,0.0,0.0,2.0,40730759.0,20365379.5,0.0,2.0
CUST00601,2025-07,3.0,3665060.0,1221686.6666666667,0.0,0.0,0.0,3.0,0.0
CUST00601,2025-08,5.0,11010368.0,2202073.6,2.0,16776762.0,8388381.0,5.0,2.0
CUST00601,2025-09,3.0,13655982.0,4551994.0,0.0,0.0,0.0,3.0,0.0
CUST00601,2025-10,0.0,0.0,0.0,2.0,60368146.0,30184073.0,0.0,2.0
CUST00601,2025-11,1.0,8324666.0,8324666.0,1.0,21773077.0,21773077.0,1.0,1.0
CUST00601,2025-12,2.0,6525227.0,3262613.5,1.0,2522036.0,2522036.0,2.0,1.0
CUST00602,2025-01,1.0,17270795.0,17270795.0,3.0,93856081.0,31285360.333333332,1.0,3.0
CUST00602,2025-02,2.0,22396256.0,11198128.0,1.0,14667404.0,14667404.0,2.0,1.0
CUST00602,2025-03,0.0,0.0,0.0,2.0,15092104.0,7546052.0,0.0,2.0
CUST00602,2025-04,3.0,24254661.0,8084887.0,6.0,34697195.0,5782865.833333333,3.0,5.0
CUST00602,2025-05,0.0,0.0,0.0,2.0,4903606.0,2451803.0,0.0,2.0
CUST00602,2025-06,3.0,37854409.0,12618136.333333334,1.0,2466368.0,2466368.0,2.0,1.0
CUST00602,2025-07,1.0,9526719.0,9526719.0,2.0,31862955.0,15931477.5,1.0,2.0
CUST00602,2025-08,1.0,8690949.0,8690949.0,3.0,50761322.0,16920440.666666668,1.0,3.0
CUST00602,2025-09,2.0,47633714.0,23816857.0,1.0,1500211.0,1500211.0,2.0,1.0
CUST00602,2025-10,2.0,40044870.0,20022435.0,2.0,27452749.0,13726374.5,2.0,1.0
CUST00602,2025-11,1.0,8977844.0,8977844.0,2.0,5046384.0,2523192.0,1.0,2.0
CUST00602,2025-12,1.0,25147730.0,25147730.0,7.0,258790207.0,36970029.571428575,1.0,7.0
CUST00603,2025-01,2.0,4784839.0,2392419.5,1.0,16288011.0,16288011.0,2.0,1.0
CUST00603,2025-02,2.0,6644224.0,3322112.0,2.0,39971175.0,19985587.5,2.0,2.0
CUST00603,2025-03,3.0,5504137.0,1834712.3333333333,3.0,20747181.0,6915727.0,3.0,3.0
CUST00603,2025-04,1.0,868812.0,868812.0,2.0,3035249.0,1517624.5,1.0,2.0
CUST00603,2025-05,3.0,9656703.0,3218901.0,6.0,24190653.0,4031775.5,3.0,6.0
CUST00603,2025-06,5.0,28750509.0,5750101.8,3.0,12017682.0,4005894.0,5.0,3.0
CUST00603,2025-07,2.0,4425452.0,2212726.0,2.0,14172860.0,7086430.0,2.0,2.0
CUST00603,2025-08,0.0,0.0,0.0,2.0,13214894.0,6607447.0,0.0,2.0
CUST00603,2025-09,2.0,6218226.0,3109113.0,1.0,34729804.0,34729804.0,2.0,1.0
CUST00603,2025-10,3.0,24826829.0,8275609.666666667,5.0,42319905.0,8463981.0,3.0,3.0
CUST00603,2025-11,1.0,1182240.0,1182240.0,1.0,3359925.0,3359925.0,1.0,1.0
CUST00603,2025-12,1.0,4955338.0,4955338.0,1.0,2153669.0,2153669.0,1.0,1.0
CUST00604,2025-01,1.0,4041001.0,4041001.0,1.0,1334359.0,1334359.0,1.0,1.0
CUST00604,2025-02,1.0,6726733.0,6726733.0,0.0,0.0,0.0,1.0,0.0
CUST00604,2025-03,1.0,12143899.0,12143899.0,0.0,0.0,0.0,1.0,0.0
CUST00604,2025-04,2.0,26985886.0,13492943.0,0.0,0.0,0.0,1.0,0.0
CUST00604,2025-05,3.0,50371642.0,16790547.333333332,2.0,7414271.0,3707135.5,3.0,2.0
CUST00604,2025-06,1.0,9681648.0,9681648.0,3.0,58152528.0,19384176.0,1.0,3.0
CUST00604,2025-07,3.0,71794013.0,23931337.666666668,1.0,5906681.0,5906681.0,3.0,1.0
CUST00604,2025-08,5.0,94782169.0,18956433.8,1.0,1830522.0,1830522.0,5.0,1.0
CUST00604,2025-09,1.0,9017010.0,9017010.0,4.0,36982982.0,9245745.5,1.0,4.0
CUST00604,2025-10,1.0,27233050.0,27233050.0,2.0,11856859.0,5928429.5,1.0,2.0
CUST00604,2025-11,0.0,0.0,0.0,1.0,1296246.0,1296246.0,0.0,1.0
CUST00604,2025-12,1.0,24549874.0,24549874.0,3.0,32519036.0,10839678.666666666,1.0,3.0
CUST00605,2025-01,2.0,1656579.0,828289.5,1.0,3129469.0,3129469.0,2.0,1.0
CUST00605,2025-02,1.0,1524088.0,1524088.0,5.0,52205154.0,10441030.8,1.0,5.0
CUST00605,2025-03,1.0,4402048.0,4402048.0,1.0,1210176.0,1210176.0,1.0,1.0
CUST00605,2025-04,3.0,6442444.0,2147481.3333333335,1.0,880853.0,880853.0,3.0,1.0
CUST00605,2025-05,5.0,6207045.0,1241409.0,4.0,28509234.0,7127308.5,4.0,4.0
CUST00605,2025-06,3.0,19749539.0,6583179.666666667,2.0,2047279.0,1023639.5,3.0,2.0
CUST00605,2025-07,3.0,5314371.0,1771457.0,1.0,2916190.0,2916190.0,3.0,1.0
CUST00605,2025-08,4.0,12852476.0,3213119.0,4.0,93177753.0,23294438.25,3.0,4.0
CUST00605,2025-09,1.0,3560181.0,3560181.0,1.0,982568.0,982568.0,1.0,1.0
CUST00605,2025-10,2.0,2530724.0,1265362.0,2.0,13107246.0,6553623.0,2.0,2.0
CUST00605,2025-11,4.0,8632612.0,2158153.0,5.0,14455043.0,2891008.6,4.0,5.0
CUST00605,2025-12,1.0,2220090.0,2220090.0,2.0,18343098.0,9171549.0,1.0,2.0
CUST00606,2025-01,3.0,7412674.0,2470891.3333333335,4.0,35365342.0,8841335.5,3.0,4.0
CUST00606,2025-02,2.0,2828262.0,1414131.0,3.0,9887948.0,3295982.6666666665,2.0,3.0
CUST00606,2025-03,3.0,4287592.0,1429197.3333333333,3.0,55545633.0,18515211.0,3.0,3.0
CUST00606,2025-04,1.0,1031640.0,1031640.0,1.0,1695314.0,1695314.0,1.0,1.0
CUST00606,2025-05,4.0,10102275.0,2525568.75,1.0,1027332.0,1027332.0,4.0,1.0
CUST00606,2025-06,2.0,6289177.0,3144588.5,3.0,25670064.0,8556688.0,2.0,3.0
CUST00606,2025-07,2.0,2154656.0,1077328.0,0.0,0.0,0.0,2.0,0.0
CUST00606,2025-08,5.0,13875027.0,2775005.4,2.0,114081485.0,57040742.5,5.0,2.0
CUST00606,2025-09,5.0,8384218.0,1676843.6,1.0,31171388.0,31171388.0,5.0,1.0
CUST00606,2025-10,2.0,5272749.0,2636374.5,0.0,0.0,0.0,2.0,0.0
CUST00606,2025-11,2.0,6158651.0,3079325.5,1.0,33524349.0,33524349.0,2.0,1.0
CUST00606,2025-12,0.0,0.0,0.0,1.0,3824402.0,3824402.0,0.0,1.0
CUST00607,2025-01,5.0,158541920.0,31708384.0,0.0,0.0,0.0,5.0,0.0
CUST00607,2025-03,0.0,0.0,0.0,1.0,2184846.0,2184846.0,0.0,1.0
CUST00607,2025-04,3.0,35075353.0,11691784.333333334,0.0,0.0,0.0,3.0,0.0
CUST00607,2025-05,5.0,62065318.0,12413063.6,4.0,35368992.0,8842248.0,5.0,4.0
CUST00607,2025-06,2.0,36157459.0,18078729.5,1.0,9244227.0,9244227.0,2.0,1.0
CUST00607,2025-07,2.0,31824861.0,15912430.5,2.0,32112382.0,16056191.0,2.0,2.0
CUST00607,2025-08,4.0,32338137.0,8084534.25,1.0,2101999.0,2101999.0,4.0,1.0
CUST00607,2025-09,3.0,61003299.0,20334433.0,1.0,3182190.0,3182190.0,3.0,1.0
CUST00607,2025-10,3.0,53848121.0,17949373.666666668,2.0,16086194.0,8043097.0,3.0,2.0
CUST00607,2025-11,5.0,96856473.0,19371294.6,0.0,0.0,0.0,5.0,0.0
CUST00607,2025-12,1.0,8108401.0,8108401.0,3.0,29546609.0,9848869.666666666,1.0,3.0
CUST00608,2025-01,2.0,3881262.0,1940631.0,1.0,179772.0,179772.0,2.0,1.0
CUST00608,2025-02,2.0,3831988.0,1915994.0,3.0,61085288.0,20361762.666666668,2.0,3.0
CUST00608,2025-03,4.0,13706749.0,3426687.25,1.0,589040.0,589040.0,4.0,1.0
CUST00608,2025-04,3.0,12305231.0,4101743.6666666665,2.0,13643632.0,6821816.0,3.0,2.0
CUST00608,2025-05,2.0,1215282.0,607641.0,2.0,12676315.0,6338157.5,2.0,2.0
CUST00608,2025-06,0.0,0.0,0.0,4.0,33684918.0,8421229.5,0.0,4.0
CUST00608,2025-07,3.0,5911064.0,1970354.6666666667,1.0,2421063.0,2421063.0,3.0,1.0
CUST00608,2025-08,2.0,4014033.0,2007016.5,1.0,1827584.0,1827584.0,2.0,1.0
CUST00608,2025-09,3.0,6309209.0,2103069.6666666665,1.0,817241.0,817241.0,3.0,1.0
CUST00608,2025-10,4.0,15363707.0,3840926.75,2.0,48301925.0,24150962.5,4.0,2.0
CUST00608,2025-11,4.0,10513655.0,2628413.75,1.0,3548264.0,3548264.0,3.0,1.0
CUST00608,2025-12,0.0,0.0,0.0,2.0,3912835.0,1956417.5,0.0,2.0
CUST00609,2025-01,3.0,32896919.0,10965639.666666666,2.0,66934605.0,33467302.5,3.0,2.0
CUST00609,2025-02,1.0,38078617.0,38078617.0,5.0,152544323.0,30508864.6,1.0,5.0
CUST00609,2025-03,2.0,37239799.0,18619899.5,1.0,1518348.0,1518348.0,2.0,1.0
CUST00609,2025-04,1.0,15344448.0,15344448.0,6.0,19757077.0,3292846.1666666665,1.0,5.0
CUST00609,2025-05,2.0,41669144.0,20834572.0,4.0,64427683.0,16106920.75,2.0,4.0
CUST00609,2025-06,3.0,38663043.0,12887681.0,2.0,5992855.0,2996427.5,3.0,2.0
CUST00609,2025-07,1.0,5827643.0,5827643.0,3.0,14523695.0,4841231.666666667,1.0,3.0
CUST00609,2025-08,4.0,103825016.0,25956254.0,1.0,7002311.0,7002311.0,4.0,1.0
CUST00609,2025-09,3.0,94315950.0,31438650.0,4.0,14949331.0,3737332.75,3.0,4.0
CUST00609,2025-10,3.0,13167644.0,4389214.666666667,1.0,2874177.0,2874177.0,3.0,1.0
CUST00609,2025-11,2.0,38379081.0,19189540.5,1.0,3301858.0,3301858.0,2.0,1.0
CUST00609,2025-12,2.0,24724548.0,12362274.0,0.0,0.0,0.0,2.0,0.0
CUST00610,2025-01,1.0,1906859.0,1906859.0,1.0,609498.0,609498.0,1.0,1.0
CUST00610,2025-02,1.0,317421.0,317421.0,2.0,23688107.0,11844053.5,1.0,2.0
CUST00610,2025-03,2.0,6299379.0,3149689.5,3.0,81947173.0,27315724.333333332,2.0,3.0
CUST00610,2025-04,2.0,9787571.0,4893785.5,6.0,23017970.0,3836328.3333333335,2.0,6.0
CUST00610,2025-05,5.0,14659834.0,2931966.8,4.0,588991996.0,147247999.0,5.0,3.0
CUST00610,2025-06,1.0,2816792.0,2816792.0,2.0,2505587.0,1252793.5,1.0,2.0
CUST00610,2025-07,1.0,1481941.0,1481941.0,0.0,0.0,0.0,1.0,0.0
CUST00610,2025-08,1.0,2693414.0,2693414.0,2.0,70293533.0,35146766.5,1.0,2.0
CUST00610,2025-09,2.0,4489998.0,2244999.0,1.0,5724592.0,5724592.0,2.0,1.0
CUST00610,2025-10,0.0,0.0,0.0,3.0,41171157.0,13723719.0,0.0,3.0
CUST00610,2025-11,2.0,7957749.0,3978874.5,3.0,208580879.0,69526959.66666667,2.0,3.0
CUST00610,2025-12,1.0,3305685.0,3305685.0,1.0,20652245.0,20652245.0,1.0,1.0
CUST00611,2025-01,1.0,40303456.0,40303456.0,0.0,0.0,0.0,1.0,0.0
CUST00611,2025-02,2.0,28369153.0,14184576.5,3.0,7712206.0,2570735.3333333335,2.0,3.0
CUST00611,2025-03,1.0,8494484.0,8494484.0,4.0,23675767.0,5918941.75,1.0,4.0
CUST00611,2025-04,6.0,69956136.0,11659356.0,4.0,29849651.0,7462412.75,6.0,4.0
CUST00611,2025-05,2.0,21195119.0,10597559.5,0.0,0.0,0.0,2.0,0.0
CUST00611,2025-06,0.0,0.0,0.0,1.0,566770.0,566770.0,0.0,1.0
CUST00611,2025-07,2.0,61604043.0,30802021.5,4.0,115658554.0,28914638.5,2.0,4.0
CUST00611,2025-08,3.0,43637797.0,14545932.333333334,4.0,38011590.0,9502897.5,3.0,4.0
CUST00611,2025-09,2.0,16618173.0,8309086.5,1.0,3633982.0,3633982.0,2.0,1.0
CUST00611,2025-10,6.0,129524196.0,21587366.0,3.0,18201117.0,6067039.0,6.0,3.0
CUST00611,2025-11,3.0,88680063.0,29560021.0,3.0,19886394.0,6628798.0,3.0,3.0
CUST00611,2025-12,1.0,6264891.0,6264891.0,1.0,149721908.0,149721908.0,1.0,1.0
CUST00612,2025-01,1.0,7471402.0,7471402.0,1.0,2577198.0,2577198.0,1.0,1.0
CUST00612,2025-03,1.0,11012865.0,11012865.0,0.0,0.0,0.0,1.0,0.0
CUST00612,2025-04,2.0,46331316.0,23165658.0,1.0,167764395.0,167764395.0,2.0,1.0
CUST00612,2025-05,3.0,26980661.0,8993553.666666666,2.0,5834153.0,2917076.5,3.0,2.0
CUST00612,2025-06,3.0,31216053.0,10405351.0,1.0,11738619.0,11738619.0,3.0,1.0
CUST00612,2025-07,3.0,68982288.0,22994096.0,2.0,3920759.0,1960379.5,3.0,2.0
CUST00612,2025-08,2.0,30247054.0,15123527.0,1.0,6379692.0,6379692.0,2.0,1.0
CUST00612,2025-09,2.0,61527992.0,30763996.0,0.0,0.0,0.0,2.0,0.0
CUST00612,2025-10,4.0,180112644.0,45028161.0,3.0,48226853.0,16075617.666666666,3.0,2.0
CUST00612,2025-11,5.0,103246384.0,20649276.8,2.0,11180001.0,5590000.5,5.0,2.0
CUST00612,2025-12,1.0,17350602.0,17350602.0,2.0,23917140.0,11958570.0,1.0,2.0
CUST00613,2025-01,4.0,17529952.0,4382488.0,0.0,0.0,0.0,4.0,0.0
CUST00613,2025-02,4.0,8088228.0,2022057.0,3.0,9792815.0,3264271.6666666665,4.0,3.0
CUST00613,2025-03,3.0,11327928.0,3775976.0,4.0,59722348.0,14930587.0,3.0,4.0
CUST00613,2025-04,1.0,2509111.0,2509111.0,3.0,128024985.0,42674995.0,1.0,3.0
CUST00613,2025-05,3.0,7553689.0,2517896.3333333335,1.0,307245.0,307245.0,3.0,1.0
CUST00613,2025-06,0.0,0.0,0.0,1.0,487647.0,487647.0,0.0,1.0
CUST00613,2025-07,2.0,4921421.0,2460710.5,1.0,109059163.0,109059163.0,2.0,1.0
CUST00613,2025-08,1.0,2185726.0,2185726.0,4.0,159156481.0,39789120.25,1.0,3.0
CUST00613,2025-10,3.0,3133087.0,1044362.3333333334,4.0,84517215.0,21129303.75,3.0,4.0
CUST00613,2025-11,1.0,10611638.0,10611638.0,2.0,323191575.0,161595787.5,1.0,2.0
CUST00613,2025-12,2.0,6781714.0,3390857.0,2.0,4719533.0,2359766.5,2.0,2.0
CUST00614,2025-01,2.0,6133900.0,3066950.0,3.0,91684065.0,30561355.0,2.0,3.0
CUST00614,2025-02,0.0,0.0,0.0,3.0,211023416.0,70341138.66666667,0.0,3.0
CUST00614,2025-03,3.0,3970887.0,1323629.0,2.0,48941159.0,24470579.5,3.0,2.0
CUST00614,2025-04,2.0,9420179.0,4710089.5,5.0,92070440.0,18414088.0,2.0,4.0
CUST00614,2025-05,4.0,8033011.0,2008252.75,3.0,34637921.0,11545973.666666666,4.0,3.0
CUST00614,2025-06,4.0,6623097.0,1655774.25,4.0,65061482.0,16265370.5,4.0,4.0
CUST00614,2025-07,4.0,6850604.0,1712651.0,1.0,5831862.0,5831862.0,4.0,1.0
CUST00614,2025-08,2.0,6470751.0,3235375.5,4.0,38057600.0,9514400.0,2.0,4.0
CUST00614,2025-09,4.0,9505416.0,2376354.0,3.0,27598582.0,9199527.333333334,4.0,3.0
CUST00614,2025-10,1.0,2996278.0,2996278.0,2.0,50304703.0,25152351.5,1.0,2.0
CUST00614,2025-11,5.0,12182550.0,2436510.0,1.0,1201707.0,1201707.0,5.0,1.0
CUST00614,2025-12,3.0,8819595.0,2939865.0,4.0,66140217.0,16535054.25,3.0,4.0
CUST00615,2025-01,1.0,3646505.0,3646505.0,0.0,0.0,0.0,1.0,0.0
CUST00615,2025-02,1.0,2535781.0,2535781.0,3.0,92578566.0,30859522.0,1.0,3.0
CUST00615,2025-03,2.0,5975488.0,2987744.0,2.0,16168877.0,8084438.5,2.0,2.0
CUST00615,2025-04,3.0,5903244.0,1967748.0,0.0,0.0,0.0,3.0,0.0
CUST00615,2025-05,2.0,6581898.0,3290949.0,0.0,0.0,0.0,2.0,0.0
CUST00615,2025-06,0.0,0.0,0.0,2.0,15353797.0,7676898.5,0.0,2.0
CUST00615,2025-07,1.0,979869.0,979869.0,2.0,2778157.0,1389078.5,1.0,2.0
CUST00615,2025-08,2.0,1930583.0,965291.5,1.0,7659025.0,7659025.0,2.0,1.0
CUST00615,2025-09,1.0,5233407.0,5233407.0,2.0,10110569.0,5055284.5,1.0,2.0
CUST00615,2025-10,2.0,3077908.0,1538954.0,2.0,45171258.0,22585629.0,2.0,2.0
CUST00615,2025-11,2.0,4904021.0,2452010.5,2.0,6359705.0,3179852.5,2.0,2.0
CUST00615,2025-12,1.0,899266.0,899266.0,1.0,434768.0,434768.0,1.0,1.0
CUST00616,2025-01,1.0,4618162.0,4618162.0,4.0,13444931.0,3361232.75,1.0,3.0
CUST00616,2025-02,0.0,0.0,0.0,1.0,9589040.0,9589040.0,0.0,1.0
CUST00616,2025-03,0.0,0.0,0.0,4.0,174507570.0,43626892.5,0.0,4.0
CUST00616,2025-04,2.0,2137204.0,1068602.0,2.0,25091268.0,12545634.0,2.0,2.0
CUST00616,2025-05,5.0,6533377.0,1306675.4,4.0,144684773.0,36171193.25,5.0,4.0
CUST00616,2025-06,1.0,1160757.0,1160757.0,2.0,4748058.0,2374029.0,1.0,2.0
CUST00616,2025-07,2.0,2997188.0,1498594.0,4.0,29967216.0,7491804.0,2.0,4.0
CUST00616,2025-08,5.0,10764091.0,2152818.2,5.0,28386239.0,5677247.8,5.0,5.0
CUST00616,2025-09,3.0,11077209.0,3692403.0,0.0,0.0,0.0,3.0,0.0
CUST00616,2025-10,1.0,1525819.0,1525819.0,1.0,880606.0,880606.0,1.0,1.0
CUST00616,2025-11,1.0,1211609.0,1211609.0,1.0,1328249.0,1328249.0,1.0,1.0
CUST00616,2025-12,3.0,3186590.0,1062196.6666666667,1.0,2705491.0,2705491.0,3.0,1.0
CUST00617,2025-01,3.0,13707675.0,4569225.0,3.0,327766056.0,109255352.0,3.0,3.0
CUST00617,2025-02,4.0,7974550.0,1993637.5,4.0,144235459.0,36058864.75,4.0,4.0
CUST00617,2025-03,3.0,4794145.0,1598048.3333333333,1.0,1051753.0,1051753.0,3.0,1.0
CUST00617,2025-04,2.0,5374981.0,2687490.5,5.0,124828156.0,24965631.2,2.0,5.0
CUST00617,2025-05,3.0,7127819.0,2375939.6666666665,4.0,58160988.0,14540247.0,3.0,4.0
CUST00617,2025-06,1.0,4917496.0,4917496.0,3.0,25473470.0,8491156.666666666,1.0,3.0
CUST00617,2025-07,1.0,3755957.0,3755957.0,0.0,0.0,0.0,1.0,0.0
CUST00617,2025-08,2.0,6023284.0,3011642.0,0.0,0.0,0.0,2.0,0.0
CUST00617,2025-09,0.0,0.0,0.0,1.0,11652699.0,11652699.0,0.0,1.0
CUST00617,2025-10,1.0,3743459.0,3743459.0,3.0,61526196.0,20508732.0,1.0,3.0
CUST00617,2025-11,0.0,0.0,0.0,3.0,63607765.0,21202588.333333332,0.0,3.0
CUST00617,2025-12,5.0,18766596.0,3753319.2,1.0,5455476.0,5455476.0,5.0,1.0
CUST00618,2025-01,4.0,149515600.0,37378900.0,1.0,1501282.0,1501282.0,4.0,1.0
CUST00618,2025-02,2.0,36565493.0,18282746.5,2.0,8818813.0,4409406.5,2.0,2.0
CUST00618,2025-03,3.0,120912217.0,40304072.333333336,4.0,81820339.0,20455084.75,3.0,4.0
CUST00618,2025-04,4.0,57966744.0,14491686.0,0.0,0.0,0.0,4.0,0.0
CUST00618,2025-05,3.0,27976472.0,9325490.666666666,0.0,0.0,0.0,3.0,0.0
CUST00618,2025-06,3.0,53935908.0,17978636.0,2.0,24246834.0,12123417.0,3.0,2.0
CUST00618,2025-07,2.0,29446015.0,14723007.5,0.0,0.0,0.0,2.0,0.0
CUST00618,2025-08,1.0,47042170.0,47042170.0,1.0,10184169.0,10184169.0,1.0,1.0
CUST00618,2025-09,2.0,43441059.0,21720529.5,2.0,37384302.0,18692151.0,2.0,2.0
CUST00618,2025-10,2.0,46008995.0,23004497.5,1.0,3399443.0,3399443.0,2.0,1.0
CUST00618,2025-11,1.0,15064985.0,15064985.0,2.0,6238780.0,3119390.0,1.0,2.0
CUST00618,2025-12,1.0,24956352.0,24956352.0,2.0,2973506.0,1486753.0,1.0,2.0
CUST00619,2025-01,1.0,49944762.0,49944762.0,7.0,306411149.0,43773021.28571428,1.0,7.0
CUST00619,2025-02,2.0,208999881.0,104499940.5,0.0,0.0,0.0,2.0,0.0
CUST00619,2025-03,1.0,144087881.0,144087881.0,1.0,3416342.0,3416342.0,1.0,1.0
CUST00619,2025-04,3.0,347599248.0,115866416.0,2.0,9029238.0,4514619.0,3.0,2.0
CUST00619,2025-05,5.0,260064123.0,52012824.6,1.0,48702003.0,48702003.0,5.0,1.0
CUST00619,2025-06,2.0,359276867.0,179638433.5,4.0,88536266.0,22134066.5,2.0,4.0
CUST00619,2025-07,2.0,234253040.0,117126520.0,0.0,0.0,0.0,2.0,0.0
CUST00619,2025-08,2.0,165475676.0,82737838.0,2.0,9499571.0,4749785.5,2.0,2.0
CUST00619,2025-09,0.0,0.0,0.0,2.0,18844943.0,9422471.5,0.0,2.0
CUST00619,2025-10,1.0,224021607.0,224021607.0,0.0,0.0,0.0,1.0,0.0
CUST00619,2025-11,0.0,0.0,0.0,3.0,72311303.0,24103767.666666668,0.0,3.0
CUST00619,2025-12,2.0,118273528.0,59136764.0,1.0,13708014.0,13708014.0,2.0,1.0
CUST00620,2025-01,2.0,21995548.0,10997774.0,2.0,11953877.0,5976938.5,2.0,2.0
CUST00620,2025-02,2.0,16438493.0,8219246.5,2.0,12281197.0,6140598.5,2.0,2.0
CUST00620,2025-03,1.0,14946389.0,14946389.0,3.0,16832763.0,5610921.0,1.0,3.0
CUST00620,2025-04,1.0,9264286.0,9264286.0,3.0,154599466.0,51533155.333333336,1.0,3.0
CUST00620,2025-05,2.0,54992259.0,27496129.5,0.0,0.0,0.0,2.0,0.0
CUST00620,2025-06,3.0,53634025.0,17878008.333333332,1.0,642612.0,642612.0,3.0,1.0
CUST00620,2025-07,3.0,37192453.0,12397484.333333334,2.0,28149777.0,14074888.5,3.0,2.0
CUST00620,2025-08,6.0,137128242.0,22854707.0,2.0,61336272.0,30668136.0,6.0,2.0
CUST00620,2025-09,1.0,32694100.0,32694100.0,0.0,0.0,0.0,1.0,0.0
CUST00620,2025-10,3.0,90775101.0,30258367.0,3.0,18552723.0,6184241.0,2.0,3.0
CUST00620,2025-11,1.0,7792752.0,7792752.0,0.0,0.0,0.0,1.0,0.0
CUST00620,2025-12,3.0,48795319.0,16265106.333333334,4.0,25894461.0,6473615.25,3.0,4.0
CUST00621,2025-01,2.0,16724189.0,8362094.5,0.0,0.0,0.0,2.0,0.0
CUST00621,2025-02,2.0,26758484.0,13379242.0,1.0,15920448.0,15920448.0,2.0,1.0
CUST00621,2025-03,2.0,11172110.0,5586055.0,3.0,33517217.0,11172405.666666666,2.0,3.0
CUST00621,2025-04,0.0,0.0,0.0,4.0,17519486.0,4379871.5,0.0,4.0
CUST00621,2025-05,2.0,14430185.0,7215092.5,1.0,4897473.0,4897473.0,2.0,1.0
CUST00621,2025-06,2.0,35460745.0,17730372.5,1.0,1805078.0,1805078.0,2.0,1.0
CUST00621,2025-07,3.0,52574065.0,17524688.333333332,1.0,71865691.0,71865691.0,3.0,1.0
CUST00621,2025-08,1.0,21786519.0,21786519.0,4.0,69730997.0,17432749.25,1.0,4.0
CUST00621,2025-09,1.0,23207162.0,23207162.0,2.0,16538349.0,8269174.5,1.0,2.0
CUST00621,2025-10,1.0,22587733.0,22587733.0,6.0,83031915.0,13838652.5,1.0,6.0
CUST00621,2025-11,2.0,87434454.0,43717227.0,1.0,3498376.0,3498376.0,2.0,1.0
CUST00621,2025-12,2.0,31780764.0,15890382.0,0.0,0.0,0.0,2.0,0.0
CUST00622,2025-01,1.0,17846049.0,17846049.0,2.0,3328879.0,1664439.5,1.0,2.0
CUST00622,2025-02,2.0,29938679.0,14969339.5,1.0,4789357.0,4789357.0,2.0,1.0
CUST00622,2025-03,1.0,29751772.0,29751772.0,5.0,128333098.0,25666619.6,1.0,5.0
CUST00622,2025-04,2.0,60488515.0,30244257.5,4.0,148625552.0,37156388.0,2.0,4.0
CUST00622,2025-05,1.0,11735016.0,11735016.0,0.0,0.0,0.0,1.0,0.0
CUST00622,2025-06,3.0,86722767.0,28907589.0,3.0,110688962.0,36896320.666666664,3.0,3.0
CUST00622,2025-07,3.0,192429767.0,64143255.666666664,2.0,179533276.0,89766638.0,3.0,2.0
CUST00622,2025-08,4.0,84848038.0,21212009.5,3.0,112751595.0,37583865.0,4.0,3.0
CUST00622,2025-09,0.0,0.0,0.0,1.0,1247124.0,1247124.0,0.0,1.0
CUST00622,2025-10,1.0,8961216.0,8961216.0,2.0,2434654.0,1217327.0,1.0,2.0
CUST00622,2025-11,1.0,11422915.0,11422915.0,5.0,142936113.0,28587222.6,1.0,5.0
CUST00622,2025-12,3.0,67860613.0,22620204.333333332,2.0,109833855.0,54916927.5,3.0,2.0
CUST00623,2025-01,2.0,14856553.0,7428276.5,2.0,78239256.0,39119628.0,2.0,2.0
CUST00623,2025-02,1.0,5309080.0,5309080.0,0.0,0.0,0.0,1.0,0.0
CUST00623,2025-03,3.0,40334682.0,13444894.0,3.0,21393529.0,7131176.333333333,3.0,3.0
CUST00623,2025-04,2.0,27829940.0,13914970.0,1.0,37559139.0,37559139.0,2.0,1.0
CUST00623,2025-05,2.0,38711353.0,19355676.5,2.0,262245304.0,131122652.0,2.0,2.0
CUST00623,2025-06,0.0,0.0,0.0,1.0,1834920.0,1834920.0,0.0,1.0
CUST00623,2025-07,3.0,119192756.0,39730918.666666664,0.0,0.0,0.0,3.0,0.0
CUST00623,2025-08,6.0,61319347.0,10219891.166666666,0.0,0.0,0.0,6.0,0.0
CUST00623,2025-09,2.0,97774356.0,48887178.0,3.0,13219425.0,4406475.0,2.0,3.0
CUST00623,2025-10,2.0,38722406.0,19361203.0,1.0,19025191.0,19025191.0,2.0,1.0
CUST00623,2025-11,4.0,70390667.0,17597666.75,0.0,0.0,0.0,4.0,0.0
CUST00623,2025-12,3.0,122660309.0,40886769.666666664,1.0,484498.0,484498.0,3.0,1.0
CUST00624,2025-02,2.0,5243775.0,2621887.5,1.0,33976635.0,33976635.0,2.0,1.0
CUST00624,2025-03,2.0,6285148.0,3142574.0,1.0,29901582.0,29901582.0,2.0,1.0
CUST00624,2025-04,3.0,6086549.0,2028849.6666666667,1.0,2055901.0,2055901.0,3.0,1.0
CUST00624,2025-05,1.0,2437367.0,2437367.0,2.0,69012302.0,34506151.0,1.0,2.0
CUST00624,2025-06,4.0,5452505.0,1363126.25,2.0,52246351.0,26123175.5,4.0,2.0
CUST00624,2025-07,3.0,6280434.0,2093478.0,3.0,17515379.0,5838459.666666667,3.0,3.0
CUST00624,2025-08,3.0,24511778.0,8170592.666666667,1.0,456449.0,456449.0,3.0,1.0
CUST00624,2025-09,1.0,2368019.0,2368019.0,2.0,4293651.0,2146825.5,1.0,2.0
CUST00624,2025-10,4.0,10415716.0,2603929.0,1.0,3204136.0,3204136.0,4.0,1.0
CUST00624,2025-11,1.0,3321873.0,3321873.0,1.0,15993643.0,15993643.0,1.0,1.0
CUST00624,2025-12,2.0,3790789.0,1895394.5,0.0,0.0,0.0,2.0,0.0
CUST00625,2025-01,1.0,26760144.0,26760144.0,1.0,1979592.0,1979592.0,1.0,1.0
CUST00625,2025-02,3.0,237877782.0,79292594.0,2.0,29895838.0,14947919.0,3.0,2.0
CUST00625,2025-03,0.0,0.0,0.0,1.0,29751772.0,29751772.0,0.0,1.0
CUST00625,2025-04,1.0,52270675.0,52270675.0,4.0,35303942.0,8825985.5,1.0,4.0
CUST00625,2025-05,2.0,131013153.0,65506576.5,2.0,31017412.0,15508706.0,2.0,2.0
CUST00625,2025-06,2.0,155463235.0,77731617.5,0.0,0.0,0.0,2.0,0.0
CUST00625,2025-07,2.0,130624248.0,65312124.0,1.0,1447696.0,1447696.0,2.0,1.0
CUST00625,2025-08,3.0,285381790.0,95127263.33333333,1.0,418919.0,418919.0,3.0,1.0
CUST00625,2025-09,1.0,163012588.0,163012588.0,0.0,0.0,0.0,1.0,0.0
CUST00625,2025-10,4.0,270535797.0,67633949.25,0.0,0.0,0.0,4.0,0.0
CUST00625,2025-11,0.0,0.0,0.0,1.0,17300920.0,17300920.0,0.0,1.0
CUST00625,2025-12,3.0,148726349.0,49575449.666666664,2.0,3139100.0,1569550.0,3.0,2.0
CUST00626,2025-01,1.0,15421597.0,15421597.0,3.0,163625544.0,54541848.0,1.0,3.0
CUST00626,2025-02,1.0,20153351.0,20153351.0,2.0,42347707.0,21173853.5,1.0,2.0
CUST00626,2025-03,2.0,49428303.0,24714151.5,2.0,93324392.0,46662196.0,2.0,2.0
CUST00626,2025-04,0.0,0.0,0.0,1.0,5118812.0,5118812.0,0.0,1.0
CUST00626,2025-05,1.0,14177022.0,14177022.0,5.0,123327520.0,24665504.0,1.0,5.0
CUST00626,2025-06,1.0,7032661.0,7032661.0,3.0,31264613.0,10421537.666666666,1.0,3.0
CUST00626,2025-08,0.0,0.0,0.0,1.0,2390322.0,2390322.0,0.0,1.0
CUST00626,2025-09,5.0,81780663.0,16356132.6,0.0,0.0,0.0,5.0,0.0
CUST00626,2025-10,0.0,0.0,0.0,2.0,3098840.0,1549420.0,0.0,2.0
CUST00626,2025-11,1.0,2578113.0,2578113.0,4.0,16823719.0,4205929.75,1.0,4.0
CUST00626,2025-12,1.0,11141771.0,11141771.0,1.0,85632031.0,85632031.0,1.0,1.0
CUST00627,2025-01,1.0,19451163.0,19451163.0,0.0,0.0,0.0,1.0,0.0
CUST00627,2025-02,2.0,26425598.0,13212799.0,1.0,71313148.0,71313148.0,2.0,1.0
CUST00627,2025-03,4.0,90361649.0,22590412.25,5.0,67506186.0,13501237.2,3.0,5.0
CUST00627,2025-04,2.0,75941182.0,37970591.0,5.0,141739140.0,28347828.0,2.0,5.0
CUST00627,2025-05,2.0,69446809.0,34723404.5,0.0,0.0,0.0,2.0,0.0
CUST00627,2025-06,2.0,64589537.0,32294768.5,2.0,3172377.0,1586188.5,2.0,2.0
CUST00627,2025-07,2.0,33390341.0,16695170.5,2.0,18158523.0,9079261.5,2.0,2.0
CUST00627,2025-08,1.0,12391053.0,12391053.0,2.0,16861342.0,8430671.0,1.0,2.0
CUST00627,2025-09,4.0,78550044.0,19637511.0,2.0,1979213.0,989606.5,4.0,2.0
CUST00627,2025-10,4.0,84544781.0,21136195.25,1.0,21986144.0,21986144.0,4.0,1.0
CUST00627,2025-11,0.0,0.0,0.0,1.0,882175.0,882175.0,0.0,1.0
CUST00627,2025-12,2.0,22258586.0,11129293.0,0.0,0.0,0.0,2.0,0.0
CUST00628,2025-01,2.0,11189364.0,5594682.0,4.0,144397589.0,36099397.25,2.0,4.0
CUST00628,2025-02,0.0,0.0,0.0,3.0,40784344.0,13594781.333333334,0.0,3.0
CUST00628,2025-03,2.0,2283475.0,1141737.5,4.0,11580310.0,2895077.5,2.0,4.0
CUST00628,2025-04,1.0,4767931.0,4767931.0,4.0,120810929.0,30202732.25,1.0,4.0
CUST00628,2025-05,3.0,16955027.0,5651675.666666667,0.0,0.0,0.0,3.0,0.0
CUST00628,2025-06,0.0,0.0,0.0,2.0,6988229.0,3494114.5,0.0,2.0
CUST00628,2025-07,3.0,4850415.0,1616805.0,2.0,74685762.0,37342881.0,2.0,2.0
CUST00628,2025-08,1.0,5379449.0,5379449.0,1.0,1425608.0,1425608.0,1.0,1.0
CUST00628,2025-09,2.0,4673521.0,2336760.5,2.0,6121496.0,3060748.0,2.0,2.0
CUST00628,2025-10,2.0,4532614.0,2266307.0,5.0,41637961.0,8327592.2,2.0,5.0
CUST00628,2025-11,3.0,5830837.0,1943612.3333333333,3.0,152751217.0,50917072.333333336,3.0,3.0
CUST00628,2025-12,3.0,3652966.0,1217655.3333333333,0.0,0.0,0.0,3.0,0.0
CUST00629,2025-01,3.0,14020725.0,4673575.0,2.0,96574485.0,48287242.5,3.0,2.0
CUST00629,2025-02,6.0,13332813.0,2222135.5,0.0,0.0,0.0,6.0,0.0
CUST00629,2025-03,3.0,10006902.0,3335634.0,2.0,12957179.0,6478589.5,3.0,2.0
CUST00629,2025-04,2.0,6116799.0,3058399.5,2.0,4254400.0,2127200.0,2.0,2.0
CUST00629,2025-05,3.0,4069081.0,1356360.3333333333,0.0,0.0,0.0,3.0,0.0
CUST00629,2025-06,1.0,6278264.0,6278264.0,1.0,1364993.0,1364993.0,1.0,1.0
CUST00629,2025-07,2.0,7410233.0,3705116.5,3.0,6952689.0,2317563.0,2.0,3.0
CUST00629,2025-08,1.0,4784473.0,4784473.0,1.0,24673628.0,24673628.0,1.0,1.0
CUST00629,2025-09,2.0,6250208.0,3125104.0,0.0,0.0,0.0,2.0,0.0
CUST00629,2025-10,1.0,1415878.0,1415878.0,5.0,113663951.0,22732790.2,1.0,5.0
CUST00629,2025-11,3.0,8200789.0,2733596.3333333335,1.0,1738830.0,1738830.0,3.0,1.0
CUST00629,2025-12,2.0,3587793.0,1793896.5,1.0,32935789.0,32935789.0,2.0,1.0
CUST00630,2025-01,2.0,3165213.0,1582606.5,2.0,6005096.0,3002548.0,2.0,2.0
CUST00630,2025-02,1.0,1741364.0,1741364.0,2.0,16755985.0,8377992.5,1.0,2.0
CUST00630,2025-03,1.0,492240.0,492240.0,2.0,42814535.0,21407267.5,1.0,2.0
CUST00630,2025-04,1.0,1563652.0,1563652.0,4.0,55911656.0,13977914.0,1.0,4.0
CUST00630,2025-05,1.0,5735183.0,5735183.0,3.0,49826111.0,16608703.666666666,1.0,3.0
CUST00630,2025-06,2.0,3447707.0,1723853.5,5.0,317085878.0,63417175.6,2.0,5.0
CUST00630,2025-07,2.0,4686629.0,2343314.5,2.0,4090503.0,2045251.5,2.0,2.0
CUST00630,2025-08,0.0,0.0,0.0,4.0,14790224.0,3697556.0,0.0,4.0
CUST00630,2025-09,3.0,9220330.0,3073443.3333333335,2.0,6326205.0,3163102.5,3.0,2.0
CUST00630,2025-10,4.0,17875418.0,4468854.5,1.0,3289251.0,3289251.0,4.0,1.0
CUST00630,2025-11,2.0,11969658.0,5984829.0,6.0,25486211.0,4247701.833333333,2.0,6.0
CUST00630,2025-12,0.0,0.0,0.0,1.0,1291709.0,1291709.0,0.0,1.0
CUST00631,2025-02,2.0,60485439.0,30242719.5,1.0,1532492.0,1532492.0,2.0,1.0
CUST00631,2025-03,1.0,19357267.0,19357267.0,2.0,7220214.0,3610107.0,1.0,2.0
CUST00631,2025-04,1.0,13986762.0,13986762.0,3.0,114323987.0,38107995.666666664,1.0,3.0
CUST00631,2025-05,2.0,9729562.0,4864781.0,1.0,1355995.0,1355995.0,2.0,1.0
CUST00631,2025-06,3.0,45960593.0,15320197.666666666,2.0,38497778.0,19248889.0,3.0,2.0
CUST00631,2025-07,1.0,27504957.0,27504957.0,2.0,10435955.0,5217977.5,1.0,2.0
CUST00631,2025-08,2.0,30898504.0,15449252.0,3.0,26150652.0,8716884.0,2.0,3.0
CUST00631,2025-09,0.0,0.0,0.0,2.0,8180461.0,4090230.5,0.0,2.0
CUST00631,2025-10,3.0,76373654.0,25457884.666666668,1.0,29408042.0,29408042.0,3.0,1.0
CUST00631,2025-11,2.0,37783967.0,18891983.5,1.0,1995906.0,1995906.0,2.0,1.0
CUST00631,2025-12,1.0,16823524.0,16823524.0,2.0,36549284.0,18274642.0,1.0,2.0
CUST00632,2025-01,1.0,6448883.0,6448883.0,3.0,38476586.0,12825528.666666666,1.0,3.0
CUST00632,2025-02,1.0,2175521.0,2175521.0,1.0,43896205.0,43896205.0,1.0,1.0
CUST00632,2025-03,2.0,10331390.0,5165695.0,2.0,8247660.0,4123830.0,2.0,2.0
CUST00632,2025-04,3.0,4178821.0,1392940.3333333333,1.0,1186570.0,1186570.0,3.0,1.0
CUST00632,2025-05,2.0,3219756.0,1609878.0,1.0,3730237.0,3730237.0,2.0,1.0
CUST00632,2025-06,1.0,2037321.0,2037321.0,2.0,30268386.0,15134193.0,1.0,2.0
CUST00632,2025-07,3.0,4432210.0,1477403.3333333333,0.0,0.0,0.0,3.0,0.0
CUST00632,2025-08,2.0,2083599.0,1041799.5,1.0,4206749.0,4206749.0,2.0,1.0
CUST00632,2025-09,2.0,2450766.0,1225383.0,2.0,61208854.0,30604427.0,2.0,2.0
CUST00632,2025-10,3.0,6749611.0,2249870.3333333335,4.0,23027499.0,5756874.75,3.0,4.0
CUST00632,2025-11,2.0,6836136.0,3418068.0,4.0,63813438.0,15953359.5,2.0,4.0
CUST00632,2025-12,0.0,0.0,0.0,1.0,3833741.0,3833741.0,0.0,1.0
CUST00633,2025-01,1.0,1140841.0,1140841.0,0.0,0.0,0.0,1.0,0.0
CUST00633,2025-02,2.0,3801349.0,1900674.5,1.0,2049977.0,2049977.0,2.0,1.0
CUST00633,2025-03,1.0,3620064.0,3620064.0,4.0,84282015.0,21070503.75,1.0,4.0
CUST00633,2025-05,8.0,18762763.0,2345345.375,2.0,5268713.0,2634356.5,8.0,2.0
CUST00633,2025-06,0.0,0.0,0.0,3.0,133989173.0,44663057.666666664,0.0,3.0
CUST00633,2025-07,1.0,5351162.0,5351162.0,1.0,3702667.0,3702667.0,1.0,1.0
CUST00633,2025-08,2.0,2507526.0,1253763.0,2.0,20439565.0,10219782.5,2.0,2.0
CUST00633,2025-09,3.0,3262578.0,1087526.0,3.0,22944588.0,7648196.0,3.0,3.0
CUST00633,2025-10,0.0,0.0,0.0,2.0,115836599.0,57918299.5,0.0,2.0
CUST00633,2025-11,3.0,9660438.0,3220146.0,3.0,32580356.0,10860118.666666666,3.0,3.0
CUST00633,2025-12,1.0,1708542.0,1708542.0,2.0,7445373.0,3722686.5,1.0,2.0
CUST00634,2025-01,1.0,167128025.0,167128025.0,0.0,0.0,0.0,1.0,0.0
CUST00634,2025-02,3.0,153520303.0,51173434.333333336,1.0,11876752.0,11876752.0,2.0,1.0
CUST00634,2025-03,3.0,266532228.0,88844076.0,1.0,1926255.0,1926255.0,3.0,1.0
CUST00634,2025-04,2.0,302229248.0,151114624.0,2.0,18021596.0,9010798.0,2.0,2.0
CUST00634,2025-05,1.0,12216492.0,12216492.0,2.0,63334146.0,31667073.0,1.0,2.0
CUST00634,2025-06,2.0,351789686.0,175894843.0,3.0,23469128.0,7823042.666666667,2.0,3.0
CUST00634,2025-07,1.0,62633782.0,62633782.0,0.0,0.0,0.0,1.0,0.0
CUST00634,2025-08,0.0,0.0,0.0,1.0,33659281.0,33659281.0,0.0,1.0
CUST00634,2025-09,0.0,0.0,0.0,2.0,17881009.0,8940504.5,0.0,2.0
CUST00634,2025-10,2.0,119461584.0,59730792.0,2.0,2638244.0,1319122.0,2.0,2.0
CUST00634,2025-11,1.0,297597938.0,297597938.0,4.0,8187894.0,2046973.5,1.0,3.0
CUST00634,2025-12,2.0,82572028.0,41286014.0,5.0,91591090.0,18318218.0,2.0,5.0
CUST00635,2025-01,2.0,6318635.0,3159317.5,1.0,3066252.0,3066252.0,2.0,1.0
CUST00635,2025-02,1.0,663297.0,663297.0,1.0,1165313.0,1165313.0,1.0,1.0
CUST00635,2025-03,3.0,9180066.0,3060022.0,1.0,2337351.0,2337351.0,3.0,1.0
CUST00635,2025-04,3.0,6917300.0,2305766.6666666665,2.0,7797820.0,3898910.0,3.0,2.0
CUST00635,2025-05,1.0,648844.0,648844.0,2.0,23297974.0,11648987.0,1.0,2.0
CUST00635,2025-06,0.0,0.0,0.0,1.0,974895.0,974895.0,0.0,1.0
CUST00635,2025-07,0.0,0.0,0.0,1.0,32006554.0,32006554.0,0.0,1.0
CUST00635,2025-08,1.0,3135918.0,3135918.0,4.0,24232444.0,6058111.0,1.0,4.0
CUST00635,2025-09,3.0,14444549.0,4814849.666666667,4.0,9463369.0,2365842.25,3.0,4.0
CUST00635,2025-10,0.0,0.0,0.0,1.0,1279949.0,1279949.0,0.0,1.0
CUST00635,2025-11,3.0,7026774.0,2342258.0,2.0,2948463.0,1474231.5,3.0,2.0
CUST00635,2025-12,2.0,4607257.0,2303628.5,0.0,0.0,0.0,2.0,0.0
CUST00636,2025-02,2.0,2833244.0,1416622.0,1.0,1423909.0,1423909.0,2.0,1.0
CUST00636,2025-03,2.0,4549712.0,2274856.0,2.0,4778806.0,2389403.0,2.0,2.0
CUST00636,2025-04,2.0,3728590.0,1864295.0,2.0,35141476.0,17570738.0,2.0,2.0
CUST00636,2025-05,2.0,4304391.0,2152195.5,3.0,43370414.0,14456804.666666666,2.0,3.0
CUST00636,2025-06,3.0,13104435.0,4368145.0,2.0,46204020.0,23102010.0,3.0,2.0
CUST00636,2025-07,1.0,928323.0,928323.0,1.0,548714.0,548714.0,1.0,1.0
CUST00636,2025-08,0.0,0.0,0.0,1.0,955516.0,955516.0,0.0,1.0
CUST00636,2025-09,2.0,1373338.0,686669.0,3.0,201705310.0,67235103.33333333,2.0,3.0
CUST00636,2025-10,3.0,15071971.0,5023990.333333333,2.0,32492177.0,16246088.5,3.0,2.0
CUST00636,2025-11,0.0,0.0,0.0,3.0,63150732.0,21050244.0,0.0,3.0
CUST00636,2025-12,4.0,12628537.0,3157134.25,2.0,25714461.0,12857230.5,4.0,2.0
CUST00637,2025-01,2.0,1031664.0,515832.0,3.0,7040877.0,2346959.0,2.0,3.0
CUST00637,2025-02,1.0,2536339.0,2536339.0,2.0,76447391.0,38223695.5,1.0,2.0
CUST00637,2025-03,0.0,0.0,0.0,1.0,23207341.0,23207341.0,0.0,1.0
CUST00637,2025-04,0.0,0.0,0.0,6.0,23263378.0,3877229.6666666665,0.0,6.0
CUST00637,2025-05,5.0,9254804.0,1850960.8,3.0,286263647.0,95421215.66666667,5.0,3.0
CUST00637,2025-06,1.0,3169927.0,3169927.0,1.0,299908108.0,299908108.0,1.0,1.0
CUST00637,2025-07,2.0,9893704.0,4946852.0,0.0,0.0,0.0,2.0,0.0
CUST00637,2025-08,2.0,3802077.0,1901038.5,4.0,94555415.0,23638853.75,2.0,4.0
CUST00637,2025-09,1.0,2260470.0,2260470.0,2.0,39895020.0,19947510.0,1.0,2.0
CUST00637,2025-10,3.0,18090386.0,6030128.666666667,4.0,100658915.0,25164728.75,3.0,4.0
CUST00637,2025-11,3.0,19526712.0,6508904.0,4.0,70627620.0,17656905.0,3.0,4.0
CUST00637,2025-12,3.0,12501922.0,4167307.3333333335,3.0,36002468.0,12000822.666666666,3.0,3.0
CUST00638,2025-01,1.0,55812284.0,55812284.0,0.0,0.0,0.0,1.0,0.0
CUST00638,2025-02,2.0,9201759.0,4600879.5,1.0,79374348.0,79374348.0,2.0,1.0
CUST00638,2025-04,1.0,139982217.0,139982217.0,0.0,0.0,0.0,1.0,0.0
CUST00638,2025-05,1.0,32230383.0,32230383.0,1.0,13897378.0,13897378.0,1.0,1.0
CUST00638,2025-06,0.0,0.0,0.0,5.0,119160410.0,23832082.0,0.0,5.0
CUST00638,2025-07,1.0,20315213.0,20315213.0,0.0,0.0,0.0,1.0,0.0
CUST00638,2025-08,1.0,19497104.0,19497104.0,2.0,14056116.0,7028058.0,1.0,2.0
CUST00638,2025-09,4.0,41573859.0,10393464.75,1.0,3085697.0,3085697.0,4.0,1.0
CUST00638,2025-10,4.0,69956109.0,17489027.25,3.0,60886707.0,20295569.0,4.0,3.0
CUST00638,2025-11,1.0,58732500.0,58732500.0,1.0,4234553.0,4234553.0,1.0,1.0
CUST00638,2025-12,1.0,18529060.0,18529060.0,4.0,106902943.0,26725735.75,1.0,3.0
CUST00639,2025-01,0.0,0.0,0.0,3.0,7067653.0,2355884.3333333335,0.0,3.0
CUST00639,2025-02,2.0,193429525.0,96714762.5,3.0,18032245.0,6010748.333333333,2.0,3.0
CUST00639,2025-03,5.0,617839826.0,123567965.2,0.0,0.0,0.0,5.0,0.0
CUST00639,2025-04,1.0,109690533.0,109690533.0,2.0,1647471.0,823735.5,1.0,2.0
CUST00639,2025-05,4.0,275924384.0,68981096.0,3.0,150333789.0,50111263.0,4.0,3.0
CUST00639,2025-06,2.0,145456046.0,72728023.0,4.0,72122011.0,18030502.75,2.0,4.0
CUST00639,2025-07,0.0,0.0,0.0,2.0,22117597.0,11058798.5,0.0,2.0
CUST00639,2025-08,1.0,107901907.0,107901907.0,2.0,127296113.0,63648056.5,1.0,2.0
CUST00639,2025-09,0.0,0.0,0.0,2.0,12249505.0,6124752.5,0.0,2.0
CUST00639,2025-10,4.0,357205575.0,89301393.75,3.0,42025244.0,14008414.666666666,4.0,3.0
CUST00639,2025-11,2.0,311758395.0,155879197.5,2.0,25676900.0,12838450.0,2.0,2.0
CUST00639,2025-12,2.0,284340943.0,142170471.5,0.0,0.0,0.0,2.0,0.0
CUST00640,2025-01,0.0,0.0,0.0,4.0,118244681.0,29561170.25,0.0,4.0
CUST00640,2025-02,3.0,7492046.0,2497348.6666666665,3.0,61489218.0,20496406.0,3.0,3.0
CUST00640,2025-03,5.0,11177846.0,2235569.2,3.0,129876507.0,43292169.0,5.0,3.0
CUST00640,2025-04,2.0,8230984.0,4115492.0,1.0,10560393.0,10560393.0,2.0,1.0
CUST00640,2025-05,1.0,3108677.0,3108677.0,1.0,52920254.0,52920254.0,1.0,1.0
CUST00640,2025-06,1.0,2067390.0,2067390.0,3.0,64978933.0,21659644.333333332,1.0,3.0
CUST00640,2025-07,2.0,2662189.0,1331094.5,1.0,49749037.0,49749037.0,2.0,1.0
CUST00640,2025-08,2.0,3010182.0,1505091.0,2.0,33208701.0,16604350.5,2.0,2.0
CUST00640,2025-09,3.0,6035203.0,2011734.3333333333,2.0,180852076.0,90426038.0,3.0,2.0
CUST00640,2025-10,1.0,8837151.0,8837151.0,0.0,0.0,0.0,1.0,0.0
CUST00640,2025-11,1.0,1058857.0,1058857.0,1.0,669170.0,669170.0,1.0,1.0
CUST00640,2025-12,3.0,8790618.0,2930206.0,3.0,93059890.0,31019963.333333332,3.0,3.0
CUST00641,2025-01,1.0,25358389.0,25358389.0,2.0,45437263.0,22718631.5,1.0,2.0
CUST00641,2025-02,3.0,27393331.0,9131110.333333334,2.0,7411503.0,3705751.5,3.0,2.0
CUST00641,2025-03,1.0,16853111.0,16853111.0,1.0,132261135.0,132261135.0,1.0,1.0
CUST00641,2025-04,3.0,30167996.0,10055998.666666666,2.0,8405891.0,4202945.5,3.0,2.0
CUST00641,2025-05,3.0,16518708.0,5506236.0,1.0,39418683.0,39418683.0,3.0,1.0
CUST00641,2025-06,2.0,42750349.0,21375174.5,2.0,3102637.0,1551318.5,2.0,2.0
CUST00641,2025-07,3.0,20885629.0,6961876.333333333,2.0,6484982.0,3242491.0,2.0,2.0
CUST00641,2025-08,0.0,0.0,0.0,3.0,21359331.0,7119777.0,0.0,2.0
CUST00641,2025-09,1.0,62300353.0,62300353.0,2.0,16690921.0,8345460.5,1.0,2.0
CUST00641,2025-11,2.0,32040589.0,16020294.5,3.0,40370044.0,13456681.333333334,2.0,3.0
CUST00641,2025-12,2.0,44375072.0,22187536.0,3.0,12092891.0,4030963.6666666665,2.0,3.0
CUST00642,2025-01,1.0,1159204.0,1159204.0,3.0,7286138.0,2428712.6666666665,1.0,3.0
CUST00642,2025-02,1.0,1598560.0,1598560.0,2.0,2131945.0,1065972.5,1.0,2.0
CUST00642,2025-03,1.0,4061032.0,4061032.0,5.0,112496472.0,22499294.4,1.0,5.0
CUST00642,2025-04,1.0,1720716.0,1720716.0,1.0,4719602.0,4719602.0,1.0,1.0
CUST00642,2025-05,3.0,6591457.0,2197152.3333333335,1.0,18546083.0,18546083.0,3.0,1.0
CUST00642,2025-06,2.0,3693714.0,1846857.0,4.0,30388994.0,7597248.5,2.0,4.0
CUST00642,2025-07,1.0,1667972.0,1667972.0,1.0,12504153.0,12504153.0,1.0,1.0
CUST00642,2025-08,2.0,2504334.0,1252167.0,2.0,161390170.0,80695085.0,2.0,2.0
CUST00642,2025-09,3.0,12708203.0,4236067.666666667,3.0,82532129.0,27510709.666666668,3.0,3.0
CUST00642,2025-10,1.0,1721297.0,1721297.0,1.0,14770432.0,14770432.0,1.0,1.0
CUST00642,2025-11,3.0,10520093.0,3506697.6666666665,1.0,41107379.0,41107379.0,3.0,1.0
CUST00642,2025-12,0.0,0.0,0.0,2.0,26806379.0,13403189.5,0.0,2.0
CUST00643,2025-01,1.0,114291762.0,114291762.0,3.0,5861577.0,1953859.0,1.0,3.0
CUST00643,2025-02,2.0,356500708.0,178250354.0,3.0,45410274.0,15136758.0,2.0,3.0
CUST00643,2025-03,0.0,0.0,0.0,1.0,47386663.0,47386663.0,0.0,1.0
CUST00643,2025-04,1.0,144256598.0,144256598.0,2.0,18067077.0,9033538.5,1.0,2.0
CUST00643,2025-05,1.0,96747393.0,96747393.0,1.0,60094422.0,60094422.0,1.0,1.0
CUST00643,2025-06,2.0,185237253.0,92618626.5,0.0,0.0,0.0,2.0,0.0
CUST00643,2025-07,2.0,222545592.0,111272796.0,1.0,862059.0,862059.0,2.0,1.0
CUST00643,2025-08,3.0,293672222.0,97890740.66666667,5.0,18401626.0,3680325.2,3.0,5.0
CUST00643,2025-09,1.0,50365515.0,50365515.0,4.0,116022445.0,29005611.25,1.0,4.0
CUST00643,2025-10,2.0,48547348.0,24273674.0,2.0,46862324.0,23431162.0,2.0,2.0
CUST00643,2025-11,1.0,24712929.0,24712929.0,4.0,180111269.0,45027817.25,1.0,4.0
CUST00643,2025-12,1.0,186206496.0,186206496.0,2.0,7708158.0,3854079.0,1.0,2.0
CUST00644,2025-01,2.0,19270512.0,9635256.0,2.0,10241854.0,5120927.0,2.0,2.0
CUST00644,2025-02,3.0,34101826.0,11367275.333333334,2.0,66691560.0,33345780.0,3.0,2.0
CUST00644,2025-03,0.0,0.0,0.0,2.0,52420770.0,26210385.0,0.0,2.0
CUST00644,2025-04,1.0,19979166.0,19979166.0,0.0,0.0,0.0,1.0,0.0
CUST00644,2025-05,1.0,40995176.0,40995176.0,1.0,986402.0,986402.0,1.0,1.0
CUST00644,2025-06,2.0,128864805.0,64432402.5,1.0,2012476.0,2012476.0,2.0,1.0
CUST00644,2025-07,1.0,39658725.0,39658725.0,2.0,16111405.0,8055702.5,1.0,2.0
CUST00644,2025-08,3.0,72251001.0,24083667.0,2.0,47897073.0,23948536.5,3.0,2.0
CUST00644,2025-09,3.0,53537113.0,17845704.333333332,4.0,51457522.0,12864380.5,3.0,4.0
CUST00644,2025-10,1.0,12001291.0,12001291.0,2.0,5050902.0,2525451.0,1.0,2.0
CUST00644,2025-11,5.0,53965724.0,10793144.8,2.0,58822708.0,29411354.0,5.0,2.0
CUST00644,2025-12,6.0,51863404.0,8643900.666666666,3.0,144784108.0,48261369.333333336,6.0,3.0
CUST00645,2025-01,1.0,18714506.0,18714506.0,2.0,24984401.0,12492200.5,1.0,2.0
CUST00645,2025-02,3.0,24235531.0,8078510.333333333,0.0,0.0,0.0,3.0,0.0
CUST00645,2025-03,6.0,117378344.0,19563057.333333332,2.0,7262393.0,3631196.5,6.0,2.0
CUST00645,2025-04,4.0,75486312.0,18871578.0,1.0,4381404.0,4381404.0,4.0,1.0
CUST00645,2025-05,1.0,3364843.0,3364843.0,2.0,16047159.0,8023579.5,1.0,2.0
CUST00645,2025-06,1.0,11954596.0,11954596.0,2.0,7996336.0,3998168.0,1.0,2.0
CUST00645,2025-07,1.0,19654442.0,19654442.0,2.0,10041460.0,5020730.0,1.0,2.0
CUST00645,2025-08,0.0,0.0,0.0,1.0,4896652.0,4896652.0,0.0,1.0
CUST00645,2025-09,2.0,11465752.0,5732876.0,2.0,16849768.0,8424884.0,2.0,2.0
CUST00645,2025-10,0.0,0.0,0.0,3.0,14606012.0,4868670.666666667,0.0,3.0
CUST00645,2025-11,2.0,120023726.0,60011863.0,2.0,12363056.0,6181528.0,2.0,2.0
CUST00645,2025-12,2.0,11413977.0,5706988.5,2.0,3803302.0,1901651.0,2.0,1.0
CUST00646,2025-01,0.0,0.0,0.0,4.0,13118907.0,3279726.75,0.0,4.0
CUST00646,2025-02,1.0,3189029.0,3189029.0,2.0,2830043.0,1415021.5,1.0,1.0
CUST00646,2025-03,3.0,4595357.0,1531785.6666666667,0.0,0.0,0.0,3.0,0.0
CUST00646,2025-04,0.0,0.0,0.0,2.0,105286560.0,52643280.0,0.0,2.0
CUST00646,2025-05,1.0,1720197.0,1720197.0,3.0,167768383.0,55922794.333333336,1.0,3.0
CUST00646,2025-06,4.0,15064726.0,3766181.5,3.0,11302887.0,3767629.0,4.0,3.0
CUST00646,2025-07,1.0,1910093.0,1910093.0,3.0,14981625.0,4993875.0,1.0,3.0
CUST00646,2025-08,2.0,2575169.0,1287584.5,2.0,28160488.0,14080244.0,2.0,2.0
CUST00646,2025-09,0.0,0.0,0.0,1.0,10001776.0,10001776.0,0.0,1.0
CUST00646,2025-10,3.0,12136994.0,4045664.6666666665,1.0,2146423.0,2146423.0,3.0,1.0
CUST00646,2025-11,2.0,1957170.0,978585.0,2.0,2084633.0,1042316.5,2.0,2.0
CUST00646,2025-12,1.0,545184.0,545184.0,2.0,69023463.0,34511731.5,1.0,2.0
CUST00647,2025-01,2.0,489971401.0,244985700.5,1.0,1188014.0,1188014.0,2.0,1.0
CUST00647,2025-02,3.0,248175817.0,82725272.33333333,1.0,1115818.0,1115818.0,3.0,1.0
CUST00647,2025-03,3.0,346914781.0,115638260.33333333,1.0,2604481.0,2604481.0,3.0,1.0
CUST00647,2025-04,3.0,275716776.0,91905592.0,2.0,4425032.0,2212516.0,3.0,2.0
CUST00647,2025-05,0.0,0.0,0.0,7.0,248026576.0,35432368.0,0.0,6.0
CUST00647,2025-06,2.0,154149854.0,77074927.0,0.0,0.0,0.0,2.0,0.0
CUST00647,2025-07,1.0,38393676.0,38393676.0,0.0,0.0,0.0,1.0,0.0
CUST00647,2025-08,1.0,30820691.0,30820691.0,2.0,22830809.0,11415404.5,1.0,2.0
CUST00647,2025-09,1.0,32319599.0,32319599.0,1.0,4988640.0,4988640.0,1.0,1.0
CUST00647,2025-10,1.0,97606056.0,97606056.0,5.0,37508987.0,7501797.4,1.0,5.0
CUST00647,2025-11,1.0,37899041.0,37899041.0,1.0,20218762.0,20218762.0,1.0,1.0
CUST00647,2025-12,1.0,81216247.0,81216247.0,4.0,203559307.0,50889826.75,1.0,4.0
CUST00648,2025-01,4.0,39746029.0,9936507.25,1.0,4157544.0,4157544.0,4.0,1.0
CUST00648,2025-02,3.0,43560101.0,14520033.666666666,3.0,17177707.0,5725902.333333333,3.0,3.0
CUST00648,2025-03,4.0,81462734.0,20365683.5,1.0,4435347.0,4435347.0,4.0,1.0
CUST00648,2025-04,0.0,0.0,0.0,3.0,3359546.0,1119848.6666666667,0.0,3.0
CUST00648,2025-05,2.0,29091509.0,14545754.5,2.0,8118575.0,4059287.5,2.0,1.0
CUST00648,2025-06,1.0,49513811.0,49513811.0,6.0,175538545.0,29256424.166666668,1.0,6.0
CUST00648,2025-07,3.0,38702046.0,12900682.0,0.0,0.0,0.0,3.0,0.0
CUST00648,2025-08,1.0,2820858.0,2820858.0,1.0,1901950.0,1901950.0,1.0,1.0
CUST00648,2025-09,1.0,11685769.0,11685769.0,4.0,25312804.0,6328201.0,1.0,4.0
CUST00648,2025-10,1.0,74520565.0,74520565.0,2.0,9721722.0,4860861.0,1.0,2.0
CUST00648,2025-11,2.0,118664505.0,59332252.5,2.0,21774662.0,10887331.0,2.0,2.0
CUST00648,2025-12,1.0,15685025.0,15685025.0,1.0,3012796.0,3012796.0,1.0,1.0
CUST00649,2025-01,3.0,12131646.0,4043882.0,3.0,9945078.0,3315026.0,3.0,3.0
CUST00649,2025-02,1.0,18259102.0,18259102.0,1.0,27400852.0,27400852.0,1.0,1.0
CUST00649,2025-03,1.0,912961.0,912961.0,5.0,68070458.0,13614091.6,1.0,5.0
CUST00649,2025-04,4.0,19774800.0,4943700.0,2.0,9922258.0,4961129.0,4.0,2.0
CUST00649,2025-05,3.0,9801639.0,3267213.0,2.0,9216968.0,4608484.0,3.0,2.0
CUST00649,2025-06,2.0,2606408.0,1303204.0,1.0,23748797.0,23748797.0,2.0,1.0
CUST00649,2025-07,3.0,4693504.0,1564501.3333333333,2.0,27562878.0,13781439.0,3.0,2.0
CUST00649,2025-08,4.0,9947774.0,2486943.5,0.0,0.0,0.0,4.0,0.0
CUST00649,2025-09,1.0,7263603.0,7263603.0,1.0,23385546.0,23385546.0,1.0,1.0
CUST00649,2025-10,4.0,4904964.0,1226241.0,1.0,29321928.0,29321928.0,4.0,1.0
CUST00649,2025-11,3.0,5542865.0,1847621.6666666667,0.0,0.0,0.0,3.0,0.0
CUST00649,2025-12,1.0,1251949.0,1251949.0,1.0,828517.0,828517.0,1.0,1.0
CUST00650,2025-01,2.0,41000758.0,20500379.0,1.0,877663.0,877663.0,2.0,1.0
CUST00650,2025-02,0.0,0.0,0.0,1.0,15054450.0,15054450.0,0.0,1.0
CUST00650,2025-04,2.0,5643767.0,2821883.5,1.0,10734870.0,10734870.0,2.0,1.0
CUST00650,2025-05,1.0,12121122.0,12121122.0,1.0,4500742.0,4500742.0,1.0,1.0
CUST00650,2025-06,1.0,18489777.0,18489777.0,2.0,5922958.0,2961479.0,1.0,2.0
CUST00650,2025-07,1.0,9285541.0,9285541.0,1.0,30860475.0,30860475.0,1.0,1.0
CUST00650,2025-08,1.0,11856310.0,11856310.0,0.0,0.0,0.0,1.0,0.0
CUST00650,2025-09,2.0,7500738.0,3750369.0,5.0,52327681.0,10465536.2,2.0,5.0
CUST00650,2025-10,3.0,59770989.0,19923663.0,1.0,992247.0,992247.0,3.0,1.0
CUST00650,2025-11,2.0,34990780.0,17495390.0,2.0,10261763.0,5130881.5,2.0,2.0
CUST00650,2025-12,2.0,7548240.0,3774120.0,2.0,12528784.0,6264392.0,2.0,2.0
CUST00651,2025-01,1.0,2227860.0,2227860.0,1.0,41604463.0,41604463.0,1.0,1.0
CUST00651,2025-02,3.0,5809884.0,1936628.0,1.0,7590841.0,7590841.0,3.0,1.0
CUST00651,2025-03,3.0,8964219.0,2988073.0,1.0,1682814.0,1682814.0,3.0,1.0
CUST00651,2025-04,4.0,9426966.0,2356741.5,1.0,8532941.0,8532941.0,4.0,1.0
CUST00651,2025-05,2.0,5516116.0,2758058.0,1.0,2139563.0,2139563.0,2.0,1.0
CUST00651,2025-06,3.0,4357550.0,1452516.6666666667,2.0,49403475.0,24701737.5,3.0,2.0
CUST00651,2025-07,2.0,4357054.0,2178527.0,2.0,41503113.0,20751556.5,2.0,2.0
CUST00651,2025-08,3.0,9428189.0,3142729.6666666665,2.0,6828128.0,3414064.0,3.0,2.0
CUST00651,2025-09,2.0,3912787.0,1956393.5,5.0,42018800.0,8403760.0,2.0,4.0
CUST00651,2025-10,3.0,4418526.0,1472842.0,3.0,30563671.0,10187890.333333334,3.0,3.0
CUST00651,2025-11,1.0,2446102.0,2446102.0,3.0,45366089.0,15122029.666666666,1.0,3.0
CUST00651,2025-12,4.0,7177852.0,1794463.0,5.0,39683637.0,7936727.4,4.0,5.0
CUST00652,2025-02,2.0,44205480.0,22102740.0,2.0,75382927.0,37691463.5,2.0,2.0
CUST00652,2025-03,4.0,38186545.0,9546636.25,0.0,0.0,0.0,3.0,0.0
CUST00652,2025-04,1.0,32151442.0,32151442.0,2.0,24258651.0,12129325.5,1.0,2.0
CUST00652,2025-05,2.0,18894470.0,9447235.0,1.0,1775633.0,1775633.0,2.0,1.0
CUST00652,2025-06,2.0,130533102.0,65266551.0,1.0,3553190.0,3553190.0,2.0,1.0
CUST00652,2025-07,2.0,42145963.0,21072981.5,0.0,0.0,0.0,2.0,0.0
CUST00652,2025-08,4.0,102970478.0,25742619.5,2.0,80773365.0,40386682.5,4.0,2.0
CUST00652,2025-09,1.0,10174987.0,10174987.0,2.0,4862988.0,2431494.0,1.0,2.0
CUST00652,2025-10,1.0,7615709.0,7615709.0,1.0,1804541.0,1804541.0,1.0,1.0
CUST00652,2025-11,1.0,6667422.0,6667422.0,4.0,12733083.0,3183270.75,1.0,3.0
CUST00652,2025-12,1.0,5875463.0,5875463.0,1.0,61613035.0,61613035.0,1.0,1.0
CUST00653,2025-01,1.0,2331167.0,2331167.0,5.0,84346522.0,16869304.4,1.0,5.0
CUST00653,2025-02,0.0,0.0,0.0,1.0,1477051.0,1477051.0,0.0,1.0
CUST00653,2025-03,1.0,10457945.0,10457945.0,4.0,17016682.0,4254170.5,1.0,4.0
CUST00653,2025-04,2.0,6958624.0,3479312.0,4.0,198844319.0,49711079.75,2.0,4.0
CUST00653,2025-05,2.0,6983376.0,3491688.0,1.0,820752.0,820752.0,2.0,1.0
CUST00653,2025-06,2.0,3423769.0,1711884.5,2.0,18924766.0,9462383.0,2.0,2.0
CUST00653,2025-07,2.0,3972851.0,1986425.5,3.0,10560425.0,3520141.6666666665,2.0,3.0
CUST00653,2025-08,3.0,25227824.0,8409274.666666666,3.0,49196081.0,16398693.666666666,3.0,3.0
CUST00653,2025-09,2.0,5612578.0,2806289.0,1.0,266285.0,266285.0,2.0,1.0
CUST00653,2025-10,1.0,627204.0,627204.0,4.0,160340648.0,40085162.0,1.0,4.0
CUST00653,2025-11,3.0,5141636.0,1713878.6666666667,5.0,64078087.0,12815617.4,3.0,4.0
CUST00653,2025-12,2.0,8915354.0,4457677.0,2.0,33240890.0,16620445.0,2.0,2.0
CUST00654,2025-01,3.0,64122696.0,21374232.0,1.0,62731492.0,62731492.0,3.0,1.0
CUST00654,2025-02,1.0,10444950.0,10444950.0,2.0,24122536.0,12061268.0,1.0,2.0
CUST00654,2025-03,2.0,31865311.0,15932655.5,4.0,66277617.0,16569404.25,2.0,4.0
CUST00654,2025-04,3.0,87330568.0,29110189.333333332,0.0,0.0,0.0,3.0,0.0
CUST00654,2025-05,1.0,3970180.0,3970180.0,3.0,7953312.0,2651104.0,1.0,3.0
CUST00654,2025-06,2.0,15173624.0,7586812.0,0.0,0.0,0.0,2.0,0.0
CUST00654,2025-07,1.0,13255918.0,13255918.0,2.0,3513954.0,1756977.0,1.0,2.0
CUST00654,2025-08,2.0,37504324.0,18752162.0,3.0,45660051.0,15220017.0,2.0,3.0
CUST00654,2025-09,0.0,0.0,0.0,2.0,16201832.0,8100916.0,0.0,2.0
CUST00654,2025-10,1.0,29024824.0,29024824.0,3.0,109721632.0,36573877.333333336,1.0,3.0
CUST00654,2025-11,0.0,0.0,0.0,3.0,114022386.0,38007462.0,0.0,3.0
CUST00654,2025-12,2.0,41109223.0,20554611.5,3.0,18773163.0,6257721.0,2.0,3.0
CUST00655,2025-01,2.0,14615681.0,7307840.5,2.0,26318447.0,13159223.5,2.0,2.0
CUST00655,2025-02,3.0,5029372.0,1676457.3333333333,1.0,440217.0,440217.0,3.0,1.0
CUST00655,2025-03,3.0,5491465.0,1830488.3333333333,2.0,30570020.0,15285010.0,3.0,2.0
CUST00655,2025-04,1.0,833442.0,833442.0,4.0,23822799.0,5955699.75,1.0,4.0
CUST00655,2025-05,2.0,4411807.0,2205903.5,1.0,1495333.0,1495333.0,2.0,1.0
CUST00655,2025-06,1.0,2022388.0,2022388.0,5.0,60190245.0,12038049.0,1.0,5.0
CUST00655,2025-07,0.0,0.0,0.0,2.0,6643114.0,3321557.0,0.0,2.0
CUST00655,2025-08,3.0,16332301.0,5444100.333333333,3.0,234261463.0,78087154.33333333,3.0,3.0
CUST00655,2025-09,1.0,4448772.0,4448772.0,2.0,32877422.0,16438711.0,1.0,2.0
CUST00655,2025-10,2.0,6753451.0,3376725.5,0.0,0.0,0.0,2.0,0.0
CUST00655,2025-11,4.0,7975527.0,1993881.75,4.0,243035146.0,60758786.5,4.0,4.0
CUST00655,2025-12,4.0,9778112.0,2444528.0,2.0,33195560.0,16597780.0,4.0,2.0
CUST00656,2025-01,2.0,13071450.0,6535725.0,3.0,10152781.0,3384260.3333333335,2.0,3.0
CUST00656,2025-02,3.0,4779404.0,1593134.6666666667,2.0,23304544.0,11652272.0,3.0,2.0
CUST00656,2025-03,4.0,9512439.0,2378109.75,2.0,23230740.0,11615370.0,4.0,2.0
CUST00656,2025-04,3.0,4779215.0,1593071.6666666667,4.0,30046149.0,7511537.25,3.0,4.0
CUST00656,2025-05,2.0,12614146.0,6307073.0,2.0,112301720.0,56150860.0,2.0,2.0
CUST00656,2025-06,2.0,4210606.0,2105303.0,3.0,11111457.0,3703819.0,2.0,3.0
CUST00656,2025-07,4.0,10448987.0,2612246.75,3.0,18150689.0,6050229.666666667,4.0,3.0
CUST00656,2025-08,2.0,4516194.0,2258097.0,3.0,3210812.0,1070270.6666666667,2.0,3.0
CUST00656,2025-09,1.0,1911606.0,1911606.0,2.0,30190063.0,15095031.5,1.0,2.0
CUST00656,2025-10,4.0,14246226.0,3561556.5,1.0,92045312.0,92045312.0,3.0,1.0
CUST00656,2025-11,2.0,2754902.0,1377451.0,3.0,100580286.0,33526762.0,2.0,3.0
CUST00656,2025-12,1.0,2120043.0,2120043.0,4.0,80594507.0,20148626.75,1.0,4.0
CUST00657,2025-01,4.0,13555110.0,3388777.5,1.0,11929381.0,11929381.0,4.0,1.0
CUST00657,2025-02,0.0,0.0,0.0,1.0,2005350.0,2005350.0,0.0,1.0
CUST00657,2025-03,2.0,5545559.0,2772779.5,1.0,7494403.0,7494403.0,2.0,1.0
CUST00657,2025-04,4.0,6043990.0,1510997.5,3.0,58297533.0,19432511.0,4.0,3.0
CUST00657,2025-05,2.0,2301564.0,1150782.0,4.0,35332508.0,8833127.0,2.0,4.0
CUST00657,2025-06,2.0,9151721.0,4575860.5,1.0,3598407.0,3598407.0,2.0,1.0
CUST00657,2025-07,6.0,21145479.0,3524246.5,2.0,8123045.0,4061522.5,6.0,2.0
CUST00657,2025-08,3.0,8590293.0,2863431.0,4.0,70525305.0,17631326.25,3.0,4.0
CUST00657,2025-09,1.0,2162067.0,2162067.0,2.0,14592546.0,7296273.0,1.0,2.0
CUST00657,2025-10,5.0,19809641.0,3961928.2,1.0,674654.0,674654.0,4.0,1.0
CUST00657,2025-11,4.0,11473587.0,2868396.75,4.0,46057765.0,11514441.25,4.0,4.0
CUST00657,2025-12,5.0,23808177.0,4761635.4,2.0,2317279.0,1158639.5,5.0,2.0
CUST00658,2025-01,2.0,1675119.0,837559.5,1.0,2244199.0,2244199.0,2.0,1.0
CUST00658,2025-02,1.0,736482.0,736482.0,0.0,0.0,0.0,1.0,0.0
CUST00658,2025-03,1.0,673692.0,673692.0,2.0,210211695.0,105105847.5,1.0,2.0
CUST00658,2025-04,0.0,0.0,0.0,3.0,39775194.0,13258398.0,0.0,3.0
CUST00658,2025-05,6.0,19136467.0,3189411.1666666665,6.0,409575045.0,68262507.5,5.0,6.0
CUST00658,2025-06,2.0,8588820.0,4294410.0,3.0,22706230.0,7568743.333333333,2.0,3.0
CUST00658,2025-07,2.0,5776548.0,2888274.0,4.0,10069913.0,2517478.25,2.0,4.0
CUST00658,2025-08,1.0,4176999.0,4176999.0,0.0,0.0,0.0,1.0,0.0
CUST00658,2025-09,1.0,2388322.0,2388322.0,1.0,589218.0,589218.0,1.0,1.0
CUST00658,2025-10,7.0,24451375.0,3493053.5714285714,1.0,1052943.0,1052943.0,7.0,1.0
CUST00658,2025-11,1.0,7573073.0,7573073.0,1.0,1052277.0,1052277.0,1.0,1.0
CUST00658,2025-12,1.0,978111.0,978111.0,3.0,206964666.0,68988222.0,1.0,3.0
CUST00659,2025-01,3.0,4484637.0,1494879.0,2.0,11238973.0,5619486.5,3.0,2.0
CUST00659,2025-02,1.0,1365240.0,1365240.0,4.0,46029473.0,11507368.25,1.0,4.0
CUST00659,2025-03,2.0,4457345.0,2228672.5,2.0,5464962.0,2732481.0,2.0,2.0
CUST00659,2025-04,3.0,3576993.0,1192331.0,1.0,1590097.0,1590097.0,3.0,1.0
CUST00659,2025-05,2.0,3030750.0,1515375.0,2.0,15083790.0,7541895.0,2.0,2.0
CUST00659,2025-06,0.0,0.0,0.0,1.0,21805086.0,21805086.0,0.0,1.0
CUST00659,2025-07,3.0,11472987.0,3824329.0,5.0,116677301.0,23335460.2,3.0,5.0
CUST00659,2025-08,1.0,12602513.0,12602513.0,1.0,25367244.0,25367244.0,1.0,1.0
CUST00659,2025-09,1.0,411225.0,411225.0,3.0,150842960.0,50280986.666666664,1.0,3.0
CUST00659,2025-10,3.0,4816441.0,1605480.3333333333,1.0,2327129.0,2327129.0,3.0,1.0
CUST00659,2025-11,2.0,7216214.0,3608107.0,0.0,0.0,0.0,2.0,0.0
CUST00659,2025-12,2.0,4570457.0,2285228.5,2.0,4356308.0,2178154.0,2.0,2.0
CUST00660,2025-01,4.0,20728183.0,5182045.75,2.0,17991122.0,8995561.0,4.0,2.0
CUST00660,2025-02,1.0,3293974.0,3293974.0,2.0,70819223.0,35409611.5,1.0,1.0
CUST00660,2025-03,4.0,15768981.0,3942245.25,2.0,24204945.0,12102472.5,4.0,2.0
CUST00660,2025-04,1.0,667248.0,667248.0,4.0,71624404.0,17906101.0,1.0,4.0
CUST00660,2025-05,1.0,2156889.0,2156889.0,1.0,538482.0,538482.0,1.0,1.0
CUST00660,2025-06,2.0,1452094.0,726047.0,2.0,24686164.0,12343082.0,2.0,2.0
CUST00660,2025-07,4.0,7326432.0,1831608.0,2.0,3250475.0,1625237.5,4.0,2.0
CUST00660,2025-08,4.0,4864639.0,1216159.75,1.0,4657510.0,4657510.0,4.0,1.0
CUST00660,2025-09,1.0,521450.0,521450.0,7.0,176356754.0,25193822.0,1.0,6.0
CUST00660,2025-10,1.0,451684.0,451684.0,0.0,0.0,0.0,1.0,0.0
CUST00660,2025-11,1.0,882175.0,882175.0,3.0,16781915.0,5593971.666666667,1.0,3.0
CUST00660,2025-12,1.0,3877063.0,3877063.0,2.0,4385906.0,2192953.0,1.0,2.0
CUST00661,2025-01,2.0,21157024.0,10578512.0,2.0,78561282.0,39280641.0,2.0,2.0
CUST00661,2025-02,1.0,17821792.0,17821792.0,1.0,29880550.0,29880550.0,1.0,1.0
CUST00661,2025-03,1.0,13097016.0,13097016.0,3.0,7215773.0,2405257.6666666665,1.0,3.0
CUST00661,2025-04,1.0,29075687.0,29075687.0,5.0,73242658.0,14648531.6,1.0,4.0
CUST00661,2025-05,0.0,0.0,0.0,3.0,42183439.0,14061146.333333334,0.0,3.0
CUST00661,2025-06,4.0,51717453.0,12929363.25,2.0,13653678.0,6826839.0,4.0,2.0
CUST00661,2025-07,3.0,157692710.0,52564236.666666664,3.0,60567124.0,20189041.333333332,3.0,3.0
CUST00661,2025-08,3.0,30870970.0,10290323.333333334,1.0,48736017.0,48736017.0,3.0,1.0
CUST00661,2025-09,1.0,3446950.0,3446950.0,1.0,26754592.0,26754592.0,1.0,1.0
CUST00661,2025-10,1.0,12612071.0,12612071.0,2.0,29175297.0,14587648.5,1.0,2.0
CUST00661,2025-12,1.0,6291417.0,6291417.0,2.0,19685463.0,9842731.5,1.0,2.0
CUST00662,2025-02,2.0,3036287.0,1518143.5,1.0,3891364.0,3891364.0,2.0,1.0
CUST00662,2025-03,3.0,9254273.0,3084757.6666666665,0.0,0.0,0.0,3.0,0.0
CUST00662,2025-04,3.0,3448049.0,1149349.6666666667,0.0,0.0,0.0,3.0,0.0
CUST00662,2025-05,3.0,6763720.0,2254573.3333333335,2.0,35286866.0,17643433.0,3.0,2.0
CUST00662,2025-06,3.0,3048218.0,1016072.6666666666,5.0,23494709.0,4698941.8,3.0,4.0
CUST00662,2025-07,2.0,6928383.0,3464191.5,0.0,0.0,0.0,2.0,0.0
CUST00662,2025-08,1.0,955516.0,955516.0,4.0,33116188.0,8279047.0,1.0,4.0
CUST00662,2025-09,2.0,2912537.0,1456268.5,2.0,3878852.0,1939426.0,2.0,2.0
CUST00662,2025-10,0.0,0.0,0.0,5.0,27807394.0,5561478.8,0.0,5.0
CUST00662,2025-11,2.0,5227006.0,2613503.0,1.0,3937831.0,3937831.0,2.0,1.0
CUST00662,2025-12,0.0,0.0,0.0,2.0,41072352.0,20536176.0,0.0,2.0
CUST00663,2025-01,1.0,427524.0,427524.0,3.0,45630522.0,15210174.0,1.0,3.0
CUST00663,2025-02,1.0,1842041.0,1842041.0,3.0,39704468.0,13234822.666666666,1.0,3.0
CUST00663,2025-03,1.0,4120939.0,4120939.0,2.0,32915130.0,16457565.0,1.0,2.0
CUST00663,2025-05,3.0,8709401.0,2903133.6666666665,5.0,26634032.0,5326806.4,3.0,4.0
CUST00663,2025-06,1.0,4123045.0,4123045.0,0.0,0.0,0.0,1.0,0.0
CUST00663,2025-07,3.0,6613825.0,2204608.3333333335,1.0,1833520.0,1833520.0,3.0,1.0
CUST00663,2025-08,0.0,0.0,0.0,2.0,5115335.0,2557667.5,0.0,2.0
CUST00663,2025-09,5.0,11004740.0,2200948.0,4.0,61508084.0,15377021.0,5.0,4.0
CUST00663,2025-10,2.0,2311253.0,1155626.5,3.0,14175274.0,4725091.333333333,2.0,2.0
CUST00663,2025-11,3.0,11411965.0,3803988.3333333335,2.0,6533715.0,3266857.5,3.0,2.0
CUST00663,2025-12,1.0,546718.0,546718.0,2.0,25900523.0,12950261.5,1.0,2.0
CUST00664,2025-01,1.0,32710570.0,32710570.0,0.0,0.0,0.0,1.0,0.0
CUST00664,2025-02,4.0,53722121.0,13430530.25,1.0,17333975.0,17333975.0,4.0,1.0
CUST00664,2025-03,0.0,0.0,0.0,3.0,10738464.0,3579488.0,0.0,3.0
CUST00664,2025-04,3.0,58047489.0,19349163.0,3.0,47427408.0,15809136.0,3.0,3.0
CUST00664,2025-05,3.0,30634132.0,10211377.333333334,1.0,31800700.0,31800700.0,3.0,1.0
CUST00664,2025-06,3.0,201700119.0,67233373.0,1.0,12097688.0,12097688.0,3.0,1.0
CUST00664,2025-07,2.0,79454310.0,39727155.0,3.0,6705500.0,2235166.6666666665,2.0,3.0
CUST00664,2025-08,2.0,11176130.0,5588065.0,4.0,175751673.0,43937918.25,2.0,4.0
CUST00664,2025-09,1.0,10409092.0,10409092.0,1.0,1219700.0,1219700.0,1.0,1.0
CUST00664,2025-10,3.0,66525933.0,22175311.0,3.0,38421185.0,12807061.666666666,3.0,3.0
CUST00664,2025-11,1.0,22058301.0,22058301.0,1.0,1919182.0,1919182.0,1.0,1.0
CUST00664,2025-12,2.0,41602758.0,20801379.0,0.0,0.0,0.0,2.0,0.0
CUST00665,2025-01,5.0,11060770.0,2212154.0,0.0,0.0,0.0,5.0,0.0
CUST00665,2025-02,3.0,4382296.0,1460765.3333333333,0.0,0.0,0.0,3.0,0.0
CUST00665,2025-03,4.0,6560878.0,1640219.5,1.0,2146010.0,2146010.0,4.0,1.0
CUST00665,2025-04,0.0,0.0,0.0,1.0,2654335.0,2654335.0,0.0,1.0
CUST00665,2025-05,1.0,7557904.0,7557904.0,3.0,12492164.0,4164054.6666666665,1.0,3.0
CUST00665,2025-06,4.0,8925369.0,2231342.25,5.0,38382797.0,7676559.4,4.0,5.0
CUST00665,2025-07,1.0,3366718.0,3366718.0,2.0,16728590.0,8364295.0,1.0,2.0
CUST00665,2025-08,1.0,2716315.0,2716315.0,1.0,2675238.0,2675238.0,1.0,1.0
CUST00665,2025-09,2.0,12612011.0,6306005.5,0.0,0.0,0.0,2.0,0.0
CUST00665,2025-10,4.0,15479013.0,3869753.25,2.0,16111294.0,8055647.0,4.0,2.0
CUST00665,2025-11,2.0,3471877.0,1735938.5,0.0,0.0,0.0,2.0,0.0
CUST00665,2025-12,1.0,698777.0,698777.0,1.0,25127521.0,25127521.0,1.0,1.0
CUST00666,2025-01,3.0,334730379.0,111576793.0,2.0,18187820.0,9093910.0,3.0,2.0
CUST00666,2025-02,1.0,71135161.0,71135161.0,0.0,0.0,0.0,1.0,0.0
CUST00666,2025-03,4.0,392082894.0,98020723.5,2.0,13155941.0,6577970.5,4.0,2.0
CUST00666,2025-04,1.0,73621545.0,73621545.0,0.0,0.0,0.0,1.0,0.0
CUST00666,2025-05,2.0,201870064.0,100935032.0,1.0,6992252.0,6992252.0,2.0,1.0
CUST00666,2025-06,2.0,47110605.0,23555302.5,2.0,94861092.0,47430546.0,2.0,2.0
CUST00666,2025-07,1.0,72266468.0,72266468.0,3.0,21968779.0,7322926.333333333,1.0,3.0
CUST00666,2025-08,5.0,599613463.0,119922692.6,5.0,161879965.0,32375993.0,5.0,4.0
CUST00666,2025-09,2.0,96243140.0,48121570.0,3.0,4444737.0,1481579.0,2.0,3.0
CUST00666,2025-10,2.0,105148058.0,52574029.0,1.0,1030793.0,1030793.0,2.0,1.0
CUST00666,2025-11,1.0,30477430.0,30477430.0,3.0,10938167.0,3646055.6666666665,1.0,3.0
CUST00666,2025-12,0.0,0.0,0.0,1.0,1398629.0,1398629.0,0.0,1.0
CUST00667,2025-01,1.0,6937481.0,6937481.0,3.0,36578060.0,12192686.666666666,1.0,3.0
CUST00667,2025-02,4.0,73435141.0,18358785.25,0.0,0.0,0.0,3.0,0.0
CUST00667,2025-03,6.0,144010669.0,24001778.166666668,3.0,68228773.0,22742924.333333332,6.0,3.0
CUST00667,2025-04,3.0,26595455.0,8865151.666666666,2.0,12722617.0,6361308.5,3.0,2.0
CUST00667,2025-05,2.0,37852928.0,18926464.0,1.0,12121122.0,12121122.0,2.0,1.0
CUST00667,2025-06,0.0,0.0,0.0,1.0,4143496.0,4143496.0,0.0,1.0
CUST00667,2025-07,4.0,54744302.0,13686075.5,4.0,230887746.0,57721936.5,4.0,4.0
CUST00667,2025-08,2.0,19974694.0,9987347.0,2.0,6898053.0,3449026.5,2.0,2.0
CUST00667,2025-09,4.0,94563257.0,23640814.25,1.0,3558482.0,3558482.0,4.0,1.0
CUST00667,2025-10,4.0,90717909.0,22679477.25,0.0,0.0,0.0,4.0,0.0
CUST00667,2025-11,1.0,24240408.0,24240408.0,1.0,1198267.0,1198267.0,1.0,1.0
CUST00667,2025-12,3.0,47677304.0,15892434.666666666,4.0,47479906.0,11869976.5,3.0,4.0
CUST00668,2025-01,4.0,47730396.0,11932599.0,0.0,0.0,0.0,4.0,0.0
CUST00668,2025-02,4.0,66530955.0,16632738.75,0.0,0.0,0.0,4.0,0.0
CUST00668,2025-03,2.0,44681810.0,22340905.0,2.0,90487602.0,45243801.0,2.0,2.0
CUST00668,2025-04,3.0,69984799.0,23328266.333333332,0.0,0.0,0.0,3.0,0.0
CUST00668,2025-05,2.0,54217757.0,27108878.5,3.0,40291130.0,13430376.666666666,2.0,3.0
CUST00668,2025-06,2.0,18545001.0,9272500.5,1.0,6145311.0,6145311.0,2.0,1.0
CUST00668,2025-07,2.0,22825888.0,11412944.0,2.0,77817322.0,38908661.0,2.0,2.0
CUST00668,2025-08,3.0,48618809.0,16206269.666666666,5.0,50966421.0,10193284.2,3.0,5.0
CUST00668,2025-09,1.0,9366153.0,9366153.0,5.0,58591224.0,11718244.8,1.0,5.0
CUST00668,2025-10,1.0,16513376.0,16513376.0,3.0,61938341.0,20646113.666666668,1.0,3.0
CUST00668,2025-11,1.0,7212177.0,7212177.0,1.0,637067.0,637067.0,1.0,1.0
CUST00668,2025-12,1.0,20463078.0,20463078.0,3.0,16267896.0,5422632.0,1.0,3.0
CUST00669,2025-01,1.0,19536105.0,19536105.0,0.0,0.0,0.0,1.0,0.0
CUST00669,2025-02,3.0,172022977.0,57340992.333333336,0.0,0.0,0.0,3.0,0.0
CUST00669,2025-03,5.0,110240696.0,22048139.2,1.0,7313380.0,7313380.0,5.0,1.0
CUST00669,2025-04,4.0,185601784.0,46400446.0,1.0,4707643.0,4707643.0,4.0,1.0
CUST00669,2025-05,1.0,23274857.0,23274857.0,0.0,0.0,0.0,1.0,0.0
CUST00669,2025-06,3.0,134704876.0,44901625.333333336,2.0,8268591.0,4134295.5,3.0,2.0
CUST00669,2025-07,1.0,14529563.0,14529563.0,3.0,17574549.0,5858183.0,1.0,3.0
CUST00669,2025-08,3.0,45492307.0,15164102.333333334,2.0,2608643.0,1304321.5,3.0,2.0
CUST00669,2025-09,3.0,32333384.0,10777794.666666666,5.0,141937662.0,28387532.4,3.0,5.0
CUST00669,2025-10,2.0,23315123.0,11657561.5,0.0,0.0,0.0,2.0,0.0
CUST00669,2025-11,3.0,39100468.0,13033489.333333334,2.0,3238530.0,1619265.0,3.0,2.0
CUST00669,2025-12,4.0,32545191.0,8136297.75,5.0,100424616.0,20084923.2,4.0,5.0
CUST00670,2025-01,1.0,5717757.0,5717757.0,1.0,70144810.0,70144810.0,1.0,1.0
CUST00670,2025-02,2.0,24696999.0,12348499.5,2.0,8210381.0,4105190.5,2.0,2.0
CUST00670,2025-03,3.0,28426169.0,9475389.666666666,0.0,0.0,0.0,3.0,0.0
CUST00670,2025-04,2.0,57455554.0,28727777.0,1.0,2886756.0,2886756.0,2.0,1.0
CUST00670,2025-05,0.0,0.0,0.0,3.0,25628889.0,8542963.0,0.0,3.0
CUST00670,2025-06,3.0,54596641.0,18198880.333333332,1.0,152013.0,152013.0,3.0,1.0
CUST00670,2025-07,0.0,0.0,0.0,2.0,21471996.0,10735998.0,0.0,2.0
CUST00670,2025-08,3.0,82809093.0,27603031.0,4.0,21791852.0,5447963.0,3.0,4.0
CUST00670,2025-09,3.0,78721312.0,26240437.333333332,1.0,1556293.0,1556293.0,3.0,1.0
CUST00670,2025-10,2.0,46466144.0,23233072.0,3.0,23706298.0,7902099.333333333,2.0,3.0
CUST00670,2025-11,2.0,63554204.0,31777102.0,2.0,67865520.0,33932760.0,2.0,2.0
CUST00670,2025-12,7.0,66905831.0,9557975.857142856,3.0,100164783.0,33388261.0,7.0,3.0
CUST00671,2025-01,4.0,39550804.0,9887701.0,1.0,3134309.0,3134309.0,4.0,1.0
CUST00671,2025-02,1.0,1415560.0,1415560.0,1.0,27871116.0,27871116.0,1.0,1.0
CUST00671,2025-03,2.0,5980206.0,2990103.0,3.0,203713621.0,67904540.33333333,2.0,3.0
CUST00671,2025-04,1.0,4015651.0,4015651.0,1.0,11287094.0,11287094.0,1.0,1.0
CUST00671,2025-05,2.0,10221444.0,5110722.0,7.0,57458679.0,8208382.714285715,2.0,7.0
CUST00671,2025-06,1.0,8479701.0,8479701.0,1.0,29078932.0,29078932.0,1.0,1.0
CUST00671,2025-07,2.0,1197421.0,598710.5,3.0,49322846.0,16440948.666666666,2.0,3.0
CUST00671,2025-08,2.0,7113834.0,3556917.0,2.0,187800964.0,93900482.0,2.0,2.0
CUST00671,2025-09,2.0,1684521.0,842260.5,2.0,33281634.0,16640817.0,2.0,2.0
CUST00671,2025-10,1.0,1996843.0,1996843.0,0.0,0.0,0.0,1.0,0.0
CUST00671,2025-11,2.0,4803754.0,2401877.0,0.0,0.0,0.0,2.0,0.0
CUST00671,2025-12,4.0,17079374.0,4269843.5,4.0,147047335.0,36761833.75,4.0,3.0
CUST00672,2025-01,1.0,5388357.0,5388357.0,0.0,0.0,0.0,1.0,0.0
CUST00672,2025-02,1.0,1078772.0,1078772.0,0.0,0.0,0.0,1.0,0.0
CUST00672,2025-04,0.0,0.0,0.0,3.0,153607923.0,51202641.0,0.0,3.0
CUST00672,2025-05,2.0,3186584.0,1593292.0,1.0,667446.0,667446.0,2.0,1.0
CUST00672,2025-06,1.0,4828334.0,4828334.0,0.0,0.0,0.0,1.0,0.0
CUST00672,2025-07,6.0,17747914.0,2957985.6666666665,0.0,0.0,0.0,6.0,0.0
CUST00672,2025-08,0.0,0.0,0.0,3.0,6056493.0,2018831.0,0.0,3.0
CUST00672,2025-09,4.0,6155862.0,1538965.5,1.0,4720409.0,4720409.0,3.0,1.0
CUST00672,2025-11,1.0,1059204.0,1059204.0,0.0,0.0,0.0,1.0,0.0
CUST00672,2025-12,2.0,3233786.0,1616893.0,3.0,91647111.0,30549037.0,2.0,3.0
CUST00673,2025-01,0.0,0.0,0.0,3.0,3406182.0,1135394.0,0.0,3.0
CUST00673,2025-02,3.0,6378726.0,2126242.0,0.0,0.0,0.0,3.0,0.0
CUST00673,2025-03,3.0,8318385.0,2772795.0,1.0,1145205.0,1145205.0,3.0,1.0
CUST00673,2025-04,3.0,9533568.0,3177856.0,1.0,34269487.0,34269487.0,3.0,1.0
CUST00673,2025-05,4.0,5385873.0,1346468.25,1.0,968850.0,968850.0,4.0,1.0
CUST00673,2025-06,1.0,926835.0,926835.0,3.0,3486025.0,1162008.3333333333,1.0,3.0
CUST00673,2025-07,4.0,14488791.0,3622197.75,2.0,42046748.0,21023374.0,4.0,2.0
CUST00673,2025-08,0.0,0.0,0.0,6.0,20109121.0,3351520.1666666665,0.0,6.0
CUST00673,2025-09,3.0,10305175.0,3435058.3333333335,1.0,791535.0,791535.0,3.0,1.0
CUST00673,2025-10,1.0,265473.0,265473.0,2.0,4347549.0,2173774.5,1.0,2.0
CUST00673,2025-11,1.0,746956.0,746956.0,0.0,0.0,0.0,1.0,0.0
CUST00673,2025-12,1.0,7560520.0,7560520.0,5.0,127956251.0,25591250.2,1.0,5.0
CUST00674,2025-01,1.0,12130138.0,12130138.0,2.0,54819118.0,27409559.0,1.0,2.0
CUST00674,2025-02,1.0,51249566.0,51249566.0,1.0,2082733.0,2082733.0,1.0,1.0
CUST00674,2025-03,2.0,32349602.0,16174801.0,0.0,0.0,0.0,2.0,0.0
CUST00674,2025-04,3.0,44396193.0,14798731.0,1.0,69841069.0,69841069.0,3.0,1.0
CUST00674,2025-05,1.0,11382539.0,11382539.0,0.0,0.0,0.0,1.0,0.0
CUST00674,2025-06,2.0,25765299.0,12882649.5,2.0,32909059.0,16454529.5,2.0,2.0
CUST00674,2025-07,2.0,23200151.0,11600075.5,4.0,47606953.0,11901738.25,2.0,4.0
CUST00674,2025-08,1.0,8166868.0,8166868.0,1.0,33681072.0,33681072.0,1.0,1.0
CUST00674,2025-09,2.0,26942448.0,13471224.0,1.0,95360759.0,95360759.0,2.0,1.0
CUST00674,2025-10,2.0,83648323.0,41824161.5,2.0,53795151.0,26897575.5,2.0,2.0
CUST00674,2025-11,2.0,10755291.0,5377645.5,2.0,41168388.0,20584194.0,2.0,2.0
CUST00674,2025-12,2.0,38755909.0,19377954.5,1.0,504550.0,504550.0,2.0,1.0
CUST00675,2025-01,2.0,7320463.0,3660231.5,1.0,14235374.0,14235374.0,2.0,1.0
CUST00675,2025-02,2.0,13233804.0,6616902.0,3.0,198728311.0,66242770.333333336,2.0,3.0
CUST00675,2025-03,2.0,6307397.0,3153698.5,2.0,4689520.0,2344760.0,2.0,2.0
CUST00675,2025-04,2.0,6008551.0,3004275.5,1.0,1124699.0,1124699.0,2.0,1.0
CUST00675,2025-05,1.0,2836602.0,2836602.0,3.0,22572131.0,7524043.666666667,1.0,3.0
CUST00675,2025-06,0.0,0.0,0.0,2.0,25745810.0,12872905.0,0.0,2.0
CUST00675,2025-07,2.0,2136488.0,1068244.0,2.0,2521021.0,1260510.5,2.0,2.0
CUST00675,2025-08,1.0,675000.0,675000.0,2.0,67168378.0,33584189.0,1.0,2.0
CUST00675,2025-09,3.0,4808646.0,1602882.0,2.0,43485600.0,21742800.0,3.0,2.0
CUST00675,2025-10,1.0,1390769.0,1390769.0,4.0,10888904.0,2722226.0,1.0,4.0
CUST00675,2025-12,6.0,11494300.0,1915716.6666666667,3.0,228957374.0,76319124.66666667,6.0,3.0
CUST00676,2025-01,2.0,36723652.0,18361826.0,1.0,136350858.0,136350858.0,2.0,1.0
CUST00676,2025-02,2.0,53047865.0,26523932.5,0.0,0.0,0.0,2.0,0.0
CUST00676,2025-03,4.0,70425222.0,17606305.5,0.0,0.0,0.0,3.0,0.0
CUST00676,2025-04,1.0,13331737.0,13331737.0,3.0,14712198.0,4904066.0,1.0,3.0
CUST00676,2025-05,1.0,8766521.0,8766521.0,0.0,0.0,0.0,1.0,0.0
CUST00676,2025-06,3.0,37940885.0,12646961.666666666,0.0,0.0,0.0,3.0,0.0
CUST00676,2025-07,1.0,6985502.0,6985502.0,2.0,7020288.0,3510144.0,1.0,2.0
CUST00676,2025-08,2.0,15430728.0,7715364.0,1.0,3986020.0,3986020.0,1.0,1.0
CUST00676,2025-09,1.0,10166619.0,10166619.0,1.0,4961179.0,4961179.0,1.0,1.0
CUST00676,2025-10,2.0,18867240.0,9433620.0,2.0,9999589.0,4999794.5,2.0,2.0
CUST00676,2025-11,2.0,75895947.0,37947973.5,2.0,12558175.0,6279087.5,2.0,2.0
CUST00676,2025-12,1.0,5247127.0,5247127.0,1.0,2250058.0,2250058.0,1.0,1.0
CUST00677,2025-01,4.0,326304391.0,81576097.75,1.0,16948309.0,16948309.0,4.0,1.0
CUST00677,2025-02,1.0,605177383.0,605177383.0,4.0,55718368.0,13929592.0,1.0,4.0
CUST00677,2025-03,1.0,16560420.0,16560420.0,3.0,93992411.0,31330803.666666668,1.0,3.0
CUST00677,2025-04,4.0,378634345.0,94658586.25,1.0,740825.0,740825.0,4.0,1.0
CUST00677,2025-05,1.0,51540366.0,51540366.0,1.0,17281814.0,17281814.0,1.0,1.0
CUST00677,2025-06,3.0,251508070.0,83836023.33333333,4.0,26142842.0,6535710.5,3.0,4.0
CUST00677,2025-07,2.0,151094668.0,75547334.0,2.0,13649549.0,6824774.5,2.0,2.0
CUST00677,2025-08,2.0,281157357.0,140578678.5,1.0,5215626.0,5215626.0,2.0,1.0
CUST00677,2025-09,1.0,90823695.0,90823695.0,5.0,72343688.0,14468737.6,1.0,4.0
CUST00677,2025-10,3.0,315682719.0,105227573.0,2.0,134170651.0,67085325.5,3.0,2.0
CUST00677,2025-11,2.0,111265820.0,55632910.0,4.0,79452850.0,19863212.5,2.0,4.0
CUST00677,2025-12,4.0,196411483.0,49102870.75,3.0,180883156.0,60294385.333333336,4.0,3.0
CUST00678,2025-01,2.0,34006389.0,17003194.5,1.0,16057639.0,16057639.0,2.0,1.0
CUST00678,2025-02,1.0,46814214.0,46814214.0,3.0,32444716.0,10814905.333333334,1.0,3.0
CUST00678,2025-03,1.0,65711065.0,65711065.0,3.0,42567938.0,14189312.666666666,1.0,3.0
CUST00678,2025-04,2.0,30846837.0,15423418.5,2.0,38983973.0,19491986.5,2.0,2.0
CUST00678,2025-05,2.0,14783209.0,7391604.5,4.0,53236421.0,13309105.25,2.0,4.0
CUST00678,2025-06,2.0,12036144.0,6018072.0,1.0,151442737.0,151442737.0,2.0,1.0
CUST00678,2025-07,4.0,67177530.0,16794382.5,3.0,74176831.0,24725610.333333332,4.0,3.0
CUST00678,2025-08,4.0,98855865.0,24713966.25,3.0,11281261.0,3760420.3333333335,4.0,3.0
CUST00678,2025-09,3.0,88824612.0,29608204.0,3.0,23682196.0,7894065.333333333,3.0,3.0
CUST00678,2025-10,1.0,16515784.0,16515784.0,1.0,1863316.0,1863316.0,1.0,1.0
CUST00678,2025-11,2.0,41296552.0,20648276.0,3.0,18506513.0,6168837.666666667,2.0,3.0
CUST00678,2025-12,1.0,29398354.0,29398354.0,3.0,21902704.0,7300901.333333333,1.0,3.0
CUST00679,2025-01,1.0,1613787.0,1613787.0,1.0,1813990.0,1813990.0,1.0,1.0
CUST00679,2025-02,7.0,21085954.0,3012279.1428571427,2.0,21277652.0,10638826.0,7.0,2.0
CUST00679,2025-03,3.0,9040361.0,3013453.6666666665,5.0,69061354.0,13812270.8,3.0,5.0
CUST00679,2025-04,3.0,10365603.0,3455201.0,4.0,112998429.0,28249607.25,3.0,4.0
CUST00679,2025-05,0.0,0.0,0.0,3.0,8892554.0,2964184.6666666665,0.0,3.0
CUST00679,2025-06,1.0,1662044.0,1662044.0,2.0,5081532.0,2540766.0,1.0,2.0
CUST00679,2025-07,5.0,8858927.0,1771785.4,1.0,21786883.0,21786883.0,5.0,1.0
CUST00679,2025-08,1.0,349779.0,349779.0,2.0,31137379.0,15568689.5,1.0,2.0
CUST00679,2025-09,3.0,9167202.0,3055734.0,3.0,5206074.0,1735358.0,3.0,3.0
CUST00679,2025-10,5.0,9440779.0,1888155.8,1.0,75476543.0,75476543.0,5.0,1.0
CUST00679,2025-11,3.0,10225373.0,3408457.6666666665,2.0,132134754.0,66067377.0,3.0,2.0
CUST00679,2025-12,2.0,3983938.0,1991969.0,3.0,367111746.0,122370582.0,2.0,3.0
CUST00680,2025-01,1.0,4037406.0,4037406.0,2.0,14030509.0,7015254.5,1.0,2.0
CUST00680,2025-02,2.0,3316203.0,1658101.5,3.0,18897936.0,6299312.0,2.0,3.0
CUST00680,2025-03,1.0,869867.0,869867.0,4.0,255323840.0,63830960.0,1.0,4.0
CUST00680,2025-04,1.0,443941.0,443941.0,0.0,0.0,0.0,1.0,0.0
CUST00680,2025-05,1.0,3325310.0,3325310.0,4.0,97396383.0,24349095.75,1.0,4.0
CUST00680,2025-06,2.0,8485615.0,4242807.5,3.0,9898140.0,3299380.0,2.0,3.0
CUST00680,2025-07,2.0,2714517.0,1357258.5,0.0,0.0,0.0,2.0,0.0
CUST00680,2025-08,3.0,4061513.0,1353837.6666666667,4.0,56988903.0,14247225.75,3.0,4.0
CUST00680,2025-09,1.0,1562659.0,1562659.0,0.0,0.0,0.0,1.0,0.0
CUST00680,2025-10,0.0,0.0,0.0,4.0,49613364.0,12403341.0,0.0,4.0
CUST00680,2025-11,0.0,0.0,0.0,3.0,121786093.0,40595364.333333336,0.0,3.0
CUST00680,2025-12,2.0,3352638.0,1676319.0,1.0,1801187.0,1801187.0,2.0,1.0
CUST00681,2025-01,3.0,52512694.0,17504231.333333332,0.0,0.0,0.0,3.0,0.0
CUST00681,2025-04,2.0,5683665.0,2841832.5,0.0,0.0,0.0,2.0,0.0
CUST00681,2025-05,1.0,13474139.0,13474139.0,3.0,2521463.0,840487.6666666666,1.0,3.0
CUST00681,2025-06,1.0,18139374.0,18139374.0,1.0,4123045.0,4123045.0,1.0,1.0
CUST00681,2025-07,1.0,12753514.0,12753514.0,3.0,16230193.0,5410064.333333333,1.0,2.0
CUST00681,2025-08,1.0,15149434.0,15149434.0,4.0,10881075.0,2720268.75,1.0,3.0
CUST00681,2025-09,2.0,57010879.0,28505439.5,2.0,14597366.0,7298683.0,1.0,2.0
CUST00681,2025-10,6.0,194241222.0,32373537.0,3.0,42466120.0,14155373.333333334,5.0,3.0
CUST00681,2025-11,2.0,21794024.0,10897012.0,0.0,0.0,0.0,2.0,0.0
CUST00681,2025-12,2.0,18667612.0,9333806.0,1.0,665125.0,665125.0,2.0,1.0
CUST00682,2025-01,2.0,14581005.0,7290502.5,2.0,5778827.0,2889413.5,2.0,2.0
CUST00682,2025-02,0.0,0.0,0.0,2.0,14887501.0,7443750.5,0.0,2.0
CUST00682,2025-03,0.0,0.0,0.0,8.0,198262856.0,24782857.0,0.0,8.0
CUST00682,2025-05,4.0,77119955.0,19279988.75,3.0,108473842.0,36157947.333333336,4.0,3.0
CUST00682,2025-06,5.0,81846297.0,16369259.4,0.0,0.0,0.0,5.0,0.0
CUST00682,2025-07,0.0,0.0,0.0,1.0,17104960.0,17104960.0,0.0,1.0
CUST00682,2025-08,3.0,59315791.0,19771930.333333332,4.0,125170864.0,31292716.0,3.0,4.0
CUST00682,2025-09,4.0,95818204.0,23954551.0,3.0,47215621.0,15738540.333333334,4.0,3.0
CUST00682,2025-10,2.0,31167667.0,15583833.5,2.0,50077565.0,25038782.5,2.0,2.0
CUST00682,2025-11,0.0,0.0,0.0,3.0,9346555.0,3115518.3333333335,0.0,3.0
CUST00682,2025-12,1.0,14181224.0,14181224.0,3.0,31628676.0,10542892.0,1.0,3.0
CUST00683,2025-01,2.0,1466415.0,733207.5,1.0,2743708.0,2743708.0,2.0,1.0
CUST00683,2025-02,0.0,0.0,0.0,3.0,23025876.0,7675292.0,0.0,3.0
CUST00683,2025-03,1.0,1668518.0,1668518.0,0.0,0.0,0.0,1.0,0.0
CUST00683,2025-04,3.0,5620930.0,1873643.3333333333,2.0,6105167.0,3052583.5,3.0,2.0
CUST00683,2025-05,3.0,4175152.0,1391717.3333333333,3.0,175059688.0,58353229.333333336,3.0,3.0
CUST00683,2025-06,0.0,0.0,0.0,1.0,406497.0,406497.0,0.0,1.0
CUST00683,2025-07,4.0,17159498.0,4289874.5,2.0,6686808.0,3343404.0,4.0,2.0
CUST00683,2025-08,2.0,4563509.0,2281754.5,1.0,1654833.0,1654833.0,2.0,1.0
CUST00683,2025-09,1.0,1185002.0,1185002.0,2.0,4045503.0,2022751.5,1.0,2.0
CUST00683,2025-10,2.0,8996425.0,4498212.5,1.0,20311047.0,20311047.0,2.0,1.0
CUST00683,2025-11,3.0,9023851.0,3007950.3333333335,3.0,19830254.0,6610084.666666667,3.0,2.0
CUST00683,2025-12,1.0,1827693.0,1827693.0,2.0,8558613.0,4279306.5,1.0,2.0
CUST00684,2025-01,2.0,2351117.0,1175558.5,5.0,307606487.0,61521297.4,2.0,5.0
CUST00684,2025-02,4.0,8370171.0,2092542.75,1.0,1529962.0,1529962.0,3.0,1.0
CUST00684,2025-03,1.0,6843227.0,6843227.0,2.0,54160475.0,27080237.5,1.0,2.0
CUST00684,2025-04,2.0,2645663.0,1322831.5,1.0,645308.0,645308.0,2.0,1.0
CUST00684,2025-05,3.0,13266398.0,4422132.666666667,2.0,25821243.0,12910621.5,3.0,2.0
CUST00684,2025-06,1.0,1024472.0,1024472.0,4.0,8320807.0,2080201.75,1.0,4.0
CUST00684,2025-07,2.0,3297546.0,1648773.0,2.0,62014537.0,31007268.5,2.0,2.0
CUST00684,2025-08,1.0,1471750.0,1471750.0,1.0,107690251.0,107690251.0,1.0,1.0
CUST00684,2025-09,1.0,2600171.0,2600171.0,4.0,103460042.0,25865010.5,1.0,4.0
CUST00684,2025-11,0.0,0.0,0.0,3.0,99209209.0,33069736.333333332,0.0,3.0
CUST00684,2025-12,2.0,3265226.0,1632613.0,1.0,16990992.0,16990992.0,2.0,1.0
CUST00685,2025-01,2.0,315696959.0,157848479.5,2.0,2375261.0,1187630.5,2.0,2.0
CUST00685,2025-02,3.0,565115587.0,188371862.33333334,0.0,0.0,0.0,3.0,0.0
CUST00685,2025-03,1.0,211307803.0,211307803.0,5.0,54288070.0,10857614.0,1.0,5.0
CUST00685,2025-04,2.0,80780548.0,40390274.0,2.0,44292740.0,22146370.0,2.0,2.0
CUST00685,2025-05,0.0,0.0,0.0,2.0,1940451.0,970225.5,0.0,2.0
CUST00685,2025-06,3.0,307038684.0,102346228.0,0.0,0.0,0.0,3.0,0.0
CUST00685,2025-07,1.0,17340118.0,17340118.0,4.0,15548519.0,3887129.75,1.0,4.0
CUST00685,2025-08,2.0,134099990.0,67049995.0,2.0,11667702.0,5833851.0,2.0,2.0
CUST00685,2025-09,2.0,821240237.0,410620118.5,2.0,12628264.0,6314132.0,2.0,2.0
CUST00685,2025-10,4.0,243835277.0,60958819.25,1.0,1554607.0,1554607.0,4.0,1.0
CUST00685,2025-11,2.0,77735921.0,38867960.5,3.0,59287291.0,19762430.333333332,2.0,3.0
CUST00685,2025-12,1.0,34715281.0,34715281.0,0.0,0.0,0.0,1.0,0.0
CUST00686,2025-01,1.0,14763227.0,14763227.0,2.0,17126576.0,8563288.0,1.0,2.0
CUST00686,2025-02,2.0,26697195.0,13348597.5,0.0,0.0,0.0,2.0,0.0
CUST00686,2025-03,1.0,67413666.0,67413666.0,1.0,531015.0,531015.0,1.0,1.0
CUST00686,2025-04,1.0,7938650.0,7938650.0,0.0,0.0,0.0,1.0,0.0
CUST00686,2025-05,2.0,64516594.0,32258297.0,2.0,28787098.0,14393549.0,2.0,2.0
CUST00686,2025-06,1.0,25869221.0,25869221.0,1.0,2815202.0,2815202.0,1.0,1.0
CUST00686,2025-07,1.0,10162393.0,10162393.0,1.0,26973888.0,26973888.0,1.0,1.0
CUST00686,2025-08,2.0,26298953.0,13149476.5,4.0,16745869.0,4186467.25,2.0,4.0
CUST00686,2025-09,4.0,181718419.0,45429604.75,5.0,9982116.0,1996423.2,4.0,5.0
CUST00686,2025-10,3.0,60795524.0,20265174.666666668,3.0,33519434.0,11173144.666666666,3.0,3.0
CUST00686,2025-11,3.0,59600778.0,19866926.0,3.0,13229896.0,4409965.333333333,3.0,3.0
CUST00686,2025-12,3.0,176655654.0,58885218.0,2.0,50126985.0,25063492.5,3.0,2.0
CUST00687,2025-01,2.0,11824888.0,5912444.0,1.0,100245725.0,100245725.0,2.0,1.0
CUST00687,2025-02,3.0,54863302.0,18287767.333333332,3.0,34052539.0,11350846.333333334,3.0,3.0
CUST00687,2025-03,1.0,9219203.0,9219203.0,2.0,33330420.0,16665210.0,1.0,2.0
CUST00687,2025-04,2.0,38850191.0,19425095.5,4.0,52652714.0,13163178.5,2.0,4.0
CUST00687,2025-05,1.0,28812335.0,28812335.0,1.0,1603822.0,1603822.0,1.0,1.0
CUST00687,2025-06,3.0,86062128.0,28687376.0,2.0,12224958.0,6112479.0,3.0,2.0
CUST00687,2025-07,2.0,53003696.0,26501848.0,1.0,1166474.0,1166474.0,2.0,1.0
CUST00687,2025-08,3.0,124821918.0,41607306.0,2.0,64101496.0,32050748.0,3.0,2.0
CUST00687,2025-09,1.0,12506915.0,12506915.0,1.0,110943378.0,110943378.0,1.0,1.0
CUST00687,2025-10,3.0,202597958.0,67532652.66666667,3.0,43326461.0,14442153.666666666,3.0,3.0
CUST00687,2025-11,3.0,54807598.0,18269199.333333332,3.0,28186898.0,9395632.666666666,3.0,3.0
CUST00687,2025-12,1.0,17206850.0,17206850.0,2.0,23904112.0,11952056.0,1.0,2.0
CUST00688,2025-01,1.0,13488841.0,13488841.0,1.0,54561234.0,54561234.0,1.0,1.0
CUST00688,2025-02,6.0,120495398.0,20082566.333333332,3.0,8447293.0,2815764.3333333335,6.0,3.0
CUST00688,2025-03,2.0,41656581.0,20828290.5,2.0,8850402.0,4425201.0,2.0,2.0
CUST00688,2025-04,2.0,26116803.0,13058401.5,2.0,27566691.0,13783345.5,2.0,2.0
CUST00688,2025-06,8.0,95969117.0,11996139.625,0.0,0.0,0.0,8.0,0.0
CUST00688,2025-07,1.0,9984710.0,9984710.0,2.0,13185290.0,6592645.0,1.0,2.0
CUST00688,2025-08,4.0,111510969.0,27877742.25,1.0,189350772.0,189350772.0,4.0,1.0
CUST00688,2025-09,1.0,25325422.0,25325422.0,1.0,6753064.0,6753064.0,1.0,1.0
CUST00688,2025-10,5.0,61319014.0,12263802.8,3.0,397328944.0,132442981.33333333,4.0,3.0
CUST00688,2025-11,1.0,16226733.0,16226733.0,0.0,0.0,0.0,1.0,0.0
CUST00688,2025-12,3.0,23503372.0,7834457.333333333,1.0,77897990.0,77897990.0,3.0,1.0
CUST00689,2025-01,2.0,39385060.0,19692530.0,5.0,36219965.0,7243993.0,2.0,5.0
CUST00689,2025-02,1.0,3494208.0,3494208.0,0.0,0.0,0.0,1.0,0.0
CUST00689,2025-03,2.0,151032646.0,75516323.0,1.0,1175270.0,1175270.0,2.0,1.0
CUST00689,2025-04,1.0,21168236.0,21168236.0,1.0,5324000.0,5324000.0,1.0,1.0
CUST00689,2025-05,2.0,33718983.0,16859491.5,0.0,0.0,0.0,2.0,0.0
CUST00689,2025-06,3.0,39001060.0,13000353.333333334,2.0,29397360.0,14698680.0,3.0,2.0
CUST00689,2025-07,4.0,88360736.0,22090184.0,2.0,5837748.0,2918874.0,4.0,2.0
CUST00689,2025-08,2.0,16114850.0,8057425.0,1.0,5598045.0,5598045.0,2.0,1.0
CUST00689,2025-09,5.0,279243671.0,55848734.2,1.0,2259615.0,2259615.0,5.0,1.0
CUST00689,2025-10,5.0,87528996.0,17505799.2,0.0,0.0,0.0,4.0,0.0
CUST00689,2025-11,0.0,0.0,0.0,6.0,28318093.0,4719682.166666667,0.0,6.0
CUST00689,2025-12,2.0,26092661.0,13046330.5,0.0,0.0,0.0,2.0,0.0
CUST00690,2025-01,1.0,338261.0,338261.0,6.0,125580898.0,20930149.666666668,1.0,6.0
CUST00690,2025-02,3.0,6272369.0,2090789.6666666667,2.0,12008956.0,6004478.0,3.0,2.0
CUST00690,2025-03,4.0,4444864.0,1111216.0,1.0,3606316.0,3606316.0,4.0,1.0
CUST00690,2025-04,5.0,14069484.0,2813896.8,1.0,9238713.0,9238713.0,5.0,1.0
CUST00690,2025-05,2.0,3530666.0,1765333.0,3.0,58721925.0,19573975.0,2.0,3.0
CUST00690,2025-06,1.0,3892403.0,3892403.0,2.0,9177493.0,4588746.5,1.0,2.0
CUST00690,2025-07,1.0,6149864.0,6149864.0,2.0,383013600.0,191506800.0,1.0,2.0
CUST00690,2025-08,2.0,10703169.0,5351584.5,0.0,0.0,0.0,2.0,0.0
CUST00690,2025-09,0.0,0.0,0.0,2.0,3071320.0,1535660.0,0.0,2.0
CUST00690,2025-10,2.0,3253256.0,1626628.0,2.0,63226917.0,31613458.5,2.0,2.0
CUST00690,2025-11,1.0,2703443.0,2703443.0,1.0,111779246.0,111779246.0,1.0,1.0
CUST00690,2025-12,2.0,3875427.0,1937713.5,1.0,718238.0,718238.0,2.0,1.0
CUST00691,2025-01,0.0,0.0,0.0,1.0,1532105.0,1532105.0,0.0,1.0
CUST00691,2025-02,0.0,0.0,0.0,1.0,2751791.0,2751791.0,0.0,1.0
CUST00691,2025-03,1.0,661715.0,661715.0,0.0,0.0,0.0,1.0,0.0
CUST00691,2025-04,1.0,9768448.0,9768448.0,3.0,26004424.0,8668141.333333334,1.0,3.0
CUST00691,2025-05,3.0,14926915.0,4975638.333333333,0.0,0.0,0.0,3.0,0.0
CUST00691,2025-06,1.0,491333.0,491333.0,0.0,0.0,0.0,1.0,0.0
CUST00691,2025-07,1.0,2023910.0,2023910.0,4.0,117827689.0,29456922.25,1.0,4.0
CUST00691,2025-09,5.0,11812199.0,2362439.8,1.0,4918047.0,4918047.0,5.0,1.0
CUST00691,2025-10,2.0,4697530.0,2348765.0,2.0,132638917.0,66319458.5,2.0,2.0
CUST00691,2025-11,2.0,2689486.0,1344743.0,2.0,11485164.0,5742582.0,2.0,2.0
CUST00691,2025-12,3.0,8455561.0,2818520.3333333335,0.0,0.0,0.0,2.0,0.0
CUST00692,2025-01,2.0,21290192.0,10645096.0,3.0,195406782.0,65135594.0,2.0,3.0
CUST00692,2025-02,0.0,0.0,0.0,3.0,39871513.0,13290504.333333334,0.0,3.0
CUST00692,2025-03,4.0,11520308.0,2880077.0,3.0,3375868.0,1125289.3333333333,3.0,3.0
CUST00692,2025-04,3.0,7554737.0,2518245.6666666665,0.0,0.0,0.0,3.0,0.0
CUST00692,2025-05,0.0,0.0,0.0,2.0,6426833.0,3213416.5,0.0,2.0
CUST00692,2025-06,0.0,0.0,0.0,2.0,19695318.0,9847659.0,0.0,2.0
CUST00692,2025-07,2.0,1308409.0,654204.5,1.0,84907003.0,84907003.0,2.0,1.0
CUST00692,2025-08,0.0,0.0,0.0,5.0,360620790.0,72124158.0,0.0,5.0
CUST00692,2025-09,5.0,9989798.0,1997959.6,4.0,230161192.0,57540298.0,5.0,4.0
CUST00692,2025-10,2.0,3725645.0,1862822.5,2.0,21692753.0,10846376.5,2.0,2.0
CUST00692,2025-11,2.0,1790465.0,895232.5,1.0,79692608.0,79692608.0,2.0,1.0
CUST00692,2025-12,1.0,921429.0,921429.0,3.0,59120360.0,19706786.666666668,1.0,3.0
CUST00693,2025-01,1.0,2980815.0,2980815.0,2.0,7290609.0,3645304.5,1.0,2.0
CUST00693,2025-02,2.0,2495988.0,1247994.0,1.0,1730615.0,1730615.0,2.0,1.0
CUST00693,2025-03,1.0,700860.0,700860.0,1.0,1070191.0,1070191.0,1.0,1.0
CUST00693,2025-04,3.0,17466173.0,5822057.666666667,2.0,67593370.0,33796685.0,3.0,2.0
CUST00693,2025-05,0.0,0.0,0.0,1.0,344160726.0,344160726.0,0.0,1.0
CUST00693,2025-06,0.0,0.0,0.0,2.0,5978088.0,2989044.0,0.0,2.0
CUST00693,2025-07,2.0,1436069.0,718034.5,3.0,19631341.0,6543780.333333333,2.0,3.0
CUST00693,2025-08,5.0,7725636.0,1545127.2,0.0,0.0,0.0,4.0,0.0
CUST00693,2025-09,2.0,2135821.0,1067910.5,3.0,10633614.0,3544538.0,2.0,3.0
CUST00693,2025-10,3.0,3457605.0,1152535.0,2.0,21925519.0,10962759.5,3.0,2.0
CUST00693,2025-12,5.0,6014175.0,1202835.0,2.0,33772687.0,16886343.5,5.0,2.0
CUST00694,2025-01,3.0,86860326.0,28953442.0,1.0,1210475.0,1210475.0,3.0,1.0
CUST00694,2025-02,1.0,16359529.0,16359529.0,1.0,4788621.0,4788621.0,1.0,1.0
CUST00694,2025-03,1.0,28283763.0,28283763.0,1.0,26040683.0,26040683.0,1.0,1.0
CUST00694,2025-04,5.0,80471192.0,16094238.4,3.0,45682130.0,15227376.666666666,5.0,3.0
CUST00694,2025-05,2.0,26212719.0,13106359.5,4.0,119485765.0,29871441.25,2.0,4.0
CUST00694,2025-06,3.0,26012191.0,8670730.333333334,2.0,32481711.0,16240855.5,3.0,2.0
CUST00694,2025-07,1.0,12799047.0,12799047.0,2.0,21633545.0,10816772.5,1.0,2.0
CUST00694,2025-08,1.0,15793758.0,15793758.0,4.0,486183706.0,121545926.5,1.0,4.0
CUST00694,2025-09,2.0,22226890.0,11113445.0,3.0,22364787.0,7454929.0,2.0,3.0
CUST00694,2025-10,0.0,0.0,0.0,2.0,15807812.0,7903906.0,0.0,2.0
CUST00694,2025-11,2.0,71225757.0,35612878.5,5.0,47183808.0,9436761.6,2.0,5.0
CUST00694,2025-12,2.0,18734310.0,9367155.0,2.0,46467543.0,23233771.5,2.0,2.0
CUST00695,2025-01,2.0,4877332.0,2438666.0,2.0,8776677.0,4388338.5,2.0,2.0
CUST00695,2025-02,1.0,9031315.0,9031315.0,3.0,59471259.0,19823753.0,1.0,3.0
CUST00695,2025-03,2.0,21169061.0,10584530.5,3.0,11819977.0,3939992.3333333335,2.0,3.0
CUST00695,2025-04,2.0,64049399.0,32024699.5,1.0,559674.0,559674.0,2.0,1.0
CUST00695,2025-05,3.0,42004757.0,14001585.666666666,3.0,5114937.0,1704979.0,3.0,3.0
CUST00695,2025-06,1.0,6851380.0,6851380.0,1.0,848931.0,848931.0,1.0,1.0
CUST00695,2025-07,2.0,89331963.0,44665981.5,3.0,5442304.0,1814101.3333333333,2.0,3.0
CUST00695,2025-08,5.0,102142775.0,20428555.0,3.0,23484209.0,7828069.666666667,4.0,3.0
CUST00695,2025-09,4.0,52158401.0,13039600.25,7.0,58498017.0,8356859.571428572,4.0,6.0
CUST00695,2025-10,0.0,0.0,0.0,1.0,658976.0,658976.0,0.0,1.0
CUST00695,2025-11,4.0,70155208.0,17538802.0,2.0,1594591.0,797295.5,4.0,2.0
CUST00695,2025-12,6.0,185571225.0,30928537.5,0.0,0.0,0.0,6.0,0.0
CUST00696,2025-01,2.0,72058115.0,36029057.5,1.0,6736083.0,6736083.0,2.0,1.0
CUST00696,2025-02,2.0,46514017.0,23257008.5,3.0,3467650.0,1155883.3333333333,2.0,3.0
CUST00696,2025-03,2.0,40676947.0,20338473.5,2.0,46056075.0,23028037.5,2.0,2.0
CUST00696,2025-04,3.0,61819122.0,20606374.0,5.0,16745248.0,3349049.6,3.0,5.0
CUST00696,2025-05,2.0,16934331.0,8467165.5,2.0,18962264.0,9481132.0,2.0,2.0
CUST00696,2025-06,2.0,25198052.0,12599026.0,0.0,0.0,0.0,2.0,0.0
CUST00696,2025-07,3.0,89153152.0,29717717.333333332,3.0,68148535.0,22716178.333333332,3.0,3.0
CUST00696,2025-08,1.0,25101309.0,25101309.0,4.0,145595685.0,36398921.25,1.0,4.0
CUST00696,2025-09,2.0,46235965.0,23117982.5,2.0,4406419.0,2203209.5,2.0,2.0
CUST00696,2025-10,2.0,72929575.0,36464787.5,1.0,16362839.0,16362839.0,2.0,1.0
CUST00696,2025-11,2.0,36622720.0,18311360.0,5.0,47612470.0,9522494.0,2.0,5.0
CUST00696,2025-12,2.0,16990748.0,8495374.0,0.0,0.0,0.0,2.0,0.0
CUST00697,2025-01,4.0,7459248.0,1864812.0,1.0,6323492.0,6323492.0,4.0,1.0
CUST00697,2025-03,3.0,7865446.0,2621815.3333333335,2.0,8484102.0,4242051.0,3.0,2.0
CUST00697,2025-04,4.0,12821099.0,3205274.75,2.0,18498220.0,9249110.0,4.0,2.0
CUST00697,2025-05,1.0,1304162.0,1304162.0,2.0,30854580.0,15427290.0,1.0,2.0
CUST00697,2025-06,1.0,5798313.0,5798313.0,3.0,7845287.0,2615095.6666666665,1.0,3.0
CUST00697,2025-07,1.0,907973.0,907973.0,2.0,59657608.0,29828804.0,1.0,2.0
CUST00697,2025-08,6.0,17149110.0,2858185.0,3.0,37806699.0,12602233.0,6.0,3.0
CUST00697,2025-09,2.0,4587280.0,2293640.0,2.0,40077762.0,20038881.0,2.0,2.0
CUST00697,2025-10,1.0,10230470.0,10230470.0,7.0,65541043.0,9363006.142857144,1.0,7.0
CUST00697,2025-11,1.0,1003050.0,1003050.0,2.0,5584297.0,2792148.5,1.0,2.0
CUST00697,2025-12,0.0,0.0,0.0,4.0,6435810.0,1608952.5,0.0,4.0
CUST00698,2025-01,1.0,4744183.0,4744183.0,3.0,46484959.0,15494986.333333334,1.0,3.0
CUST00698,2025-02,2.0,48313672.0,24156836.0,5.0,69681959.0,13936391.8,2.0,5.0
CUST00698,2025-03,2.0,44759367.0,22379683.5,4.0,38756211.0,9689052.75,2.0,4.0
CUST00698,2025-04,2.0,30717916.0,15358958.0,0.0,0.0,0.0,2.0,0.0
CUST00698,2025-05,1.0,10465692.0,10465692.0,2.0,9900201.0,4950100.5,1.0,2.0
CUST00698,2025-06,1.0,35096286.0,35096286.0,0.0,0.0,0.0,1.0,0.0
CUST00698,2025-07,2.0,38552141.0,19276070.5,1.0,30328610.0,30328610.0,2.0,1.0
CUST00698,2025-08,3.0,113077919.0,37692639.666666664,1.0,110292895.0,110292895.0,3.0,1.0
CUST00698,2025-09,3.0,42307891.0,14102630.333333334,1.0,964544.0,964544.0,3.0,1.0
CUST00698,2025-10,1.0,21931047.0,21931047.0,1.0,1428860.0,1428860.0,1.0,1.0
CUST00698,2025-11,3.0,40622052.0,13540684.0,2.0,248543901.0,124271950.5,3.0,2.0
CUST00698,2025-12,2.0,41186559.0,20593279.5,2.0,4317048.0,2158524.0,2.0,2.0
CUST00699,2025-01,1.0,21080505.0,21080505.0,1.0,7818092.0,7818092.0,1.0,1.0
CUST00699,2025-02,2.0,50471526.0,25235763.0,3.0,117203574.0,39067858.0,2.0,3.0
CUST00699,2025-03,2.0,60395309.0,30197654.5,0.0,0.0,0.0,2.0,0.0
CUST00699,2025-04,2.0,21545539.0,10772769.5,1.0,3450500.0,3450500.0,2.0,1.0
CUST00699,2025-05,2.0,165303740.0,82651870.0,3.0,76019712.0,25339904.0,2.0,3.0
CUST00699,2025-06,1.0,16926757.0,16926757.0,0.0,0.0,0.0,1.0,0.0
CUST00699,2025-07,4.0,126370957.0,31592739.25,2.0,9156365.0,4578182.5,4.0,2.0
CUST00699,2025-08,3.0,43886815.0,14628938.333333334,2.0,43823793.0,21911896.5,3.0,2.0
CUST00699,2025-09,2.0,29584985.0,14792492.5,3.0,19976354.0,6658784.666666667,2.0,3.0
CUST00699,2025-10,2.0,33825068.0,16912534.0,4.0,55106840.0,13776710.0,2.0,4.0
CUST00699,2025-11,0.0,0.0,0.0,1.0,90421037.0,90421037.0,0.0,1.0
CUST00699,2025-12,5.0,94510485.0,18902097.0,3.0,307531514.0,102510504.66666667,5.0,3.0
CUST00700,2025-01,2.0,27824860.0,13912430.0,1.0,17237611.0,17237611.0,2.0,1.0
CUST00700,2025-02,3.0,27665842.0,9221947.333333334,1.0,2011530.0,2011530.0,3.0,1.0
CUST00700,2025-03,2.0,54510323.0,27255161.5,1.0,801576.0,801576.0,2.0,1.0
CUST00700,2025-04,1.0,47340804.0,47340804.0,3.0,26795934.0,8931978.0,1.0,3.0
CUST00700,2025-05,3.0,64580001.0,21526667.0,2.0,13931514.0,6965757.0,3.0,2.0
CUST00700,2025-06,3.0,65744122.0,21914707.333333332,3.0,4133593.0,1377864.3333333333,3.0,3.0
CUST00700,2025-07,3.0,82895039.0,27631679.666666668,0.0,0.0,0.0,3.0,0.0
CUST00700,2025-08,4.0,68757001.0,17189250.25,0.0,0.0,0.0,4.0,0.0
CUST00700,2025-09,5.0,127022791.0,25404558.2,3.0,127356171.0,42452057.0,5.0,3.0
CUST00700,2025-10,0.0,0.0,0.0,3.0,62572882.0,20857627.333333332,0.0,3.0
CUST00700,2025-11,3.0,38883561.0,12961187.0,2.0,16998320.0,8499160.0,3.0,2.0
CUST00700,2025-12,1.0,19115610.0,19115610.0,2.0,2243896.0,1121948.0,1.0,2.0
CUST00701,2025-01,2.0,42529747.0,21264873.5,2.0,1305891.0,652945.5,2.0,2.0
CUST00701,2025-02,3.0,43638111.0,14546037.0,4.0,36269351.0,9067337.75,3.0,4.0
CUST00701,2025-03,5.0,115896693.0,23179338.6,1.0,4636301.0,4636301.0,5.0,1.0
CUST00701,2025-04,0.0,0.0,0.0,2.0,3116884.0,1558442.0,0.0,2.0
CUST00701,2025-05,0.0,0.0,0.0,2.0,2792915.0,1396457.5,0.0,2.0
CUST00701,2025-06,1.0,24848192.0,24848192.0,0.0,0.0,0.0,1.0,0.0
CUST00701,2025-07,2.0,38418055.0,19209027.5,3.0,10661090.0,3553696.6666666665,2.0,3.0
CUST00701,2025-08,3.0,82340972.0,27446990.666666668,2.0,16789340.0,8394670.0,2.0,2.0
CUST00701,2025-09,5.0,161895953.0,32379190.6,1.0,2047330.0,2047330.0,5.0,1.0
CUST00701,2025-10,2.0,25887162.0,12943581.0,2.0,1407431.0,703715.5,2.0,2.0
CUST00701,2025-11,0.0,0.0,0.0,2.0,27200976.0,13600488.0,0.0,2.0
CUST00701,2025-12,1.0,13635778.0,13635778.0,4.0,85117843.0,21279460.75,1.0,4.0
CUST00702,2025-01,1.0,4824357.0,4824357.0,5.0,65387795.0,13077559.0,1.0,5.0
CUST00702,2025-02,3.0,6974931.0,2324977.0,2.0,12570558.0,6285279.0,2.0,2.0
CUST00702,2025-03,3.0,11013041.0,3671013.6666666665,2.0,41526054.0,20763027.0,3.0,2.0
CUST00702,2025-04,1.0,3252308.0,3252308.0,3.0,418757918.0,139585972.66666666,1.0,3.0
CUST00702,2025-05,2.0,3677852.0,1838926.0,1.0,10047238.0,10047238.0,2.0,1.0
CUST00702,2025-06,2.0,2939785.0,1469892.5,6.0,99149344.0,16524890.666666666,2.0,6.0
CUST00702,2025-07,3.0,11435555.0,3811851.6666666665,2.0,4126211.0,2063105.5,3.0,2.0
CUST00702,2025-08,2.0,8305251.0,4152625.5,1.0,4633693.0,4633693.0,2.0,1.0
CUST00702,2025-09,2.0,3256524.0,1628262.0,2.0,2484238.0,1242119.0,2.0,2.0
CUST00702,2025-10,2.0,2807835.0,1403917.5,2.0,27189939.0,13594969.5,2.0,2.0
CUST00702,2025-11,3.0,6563682.0,2187894.0,3.0,10768281.0,3589427.0,3.0,3.0
CUST00702,2025-12,1.0,3760308.0,3760308.0,3.0,26832748.0,8944249.333333334,1.0,3.0
CUST00703,2025-01,2.0,10375902.0,5187951.0,2.0,27244710.0,13622355.0,2.0,2.0
CUST00703,2025-02,0.0,0.0,0.0,2.0,3908126.0,1954063.0,0.0,2.0
CUST00703,2025-03,0.0,0.0,0.0,1.0,82087561.0,82087561.0,0.0,1.0
CUST00703,2025-04,3.0,15569662.0,5189887.333333333,5.0,168594295.0,33718859.0,3.0,5.0
CUST00703,2025-05,3.0,5063034.0,1687678.0,2.0,36435905.0,18217952.5,3.0,2.0
CUST00703,2025-06,4.0,7223934.0,1805983.5,1.0,4382416.0,4382416.0,4.0,1.0
CUST00703,2025-07,0.0,0.0,0.0,1.0,2153409.0,2153409.0,0.0,1.0
CUST00703,2025-08,4.0,6862728.0,1715682.0,4.0,69557105.0,17389276.25,4.0,4.0
CUST00703,2025-09,1.0,1187484.0,1187484.0,1.0,14932691.0,14932691.0,1.0,1.0
CUST00703,2025-10,1.0,3747941.0,3747941.0,2.0,16560921.0,8280460.5,1.0,2.0
CUST00703,2025-11,0.0,0.0,0.0,2.0,26806872.0,13403436.0,0.0,2.0
CUST00703,2025-12,2.0,3677810.0,1838905.0,4.0,69022793.0,17255698.25,2.0,4.0
CUST00704,2025-01,2.0,5303940.0,2651970.0,3.0,28938733.0,9646244.333333334,2.0,3.0
CUST00704,2025-02,2.0,3549981.0,1774990.5,3.0,137685423.0,45895141.0,2.0,3.0
CUST00704,2025-03,3.0,5292176.0,1764058.6666666667,1.0,670300.0,670300.0,3.0,1.0
CUST00704,2025-04,1.0,1528988.0,1528988.0,2.0,172233570.0,86116785.0,1.0,2.0
CUST00704,2025-05,1.0,655010.0,655010.0,0.0,0.0,0.0,1.0,0.0
CUST00704,2025-06,1.0,1112650.0,1112650.0,2.0,2299020.0,1149510.0,1.0,2.0
CUST00704,2025-07,2.0,5283604.0,2641802.0,1.0,45563626.0,45563626.0,2.0,1.0
CUST00704,2025-08,1.0,1531269.0,1531269.0,6.0,137316651.0,22886108.5,1.0,6.0
CUST00704,2025-09,3.0,7370160.0,2456720.0,0.0,0.0,0.0,3.0,0.0
CUST00704,2025-10,2.0,2588395.0,1294197.5,4.0,139546282.0,34886570.5,2.0,4.0
CUST00704,2025-11,2.0,4211298.0,2105649.0,1.0,6218878.0,6218878.0,2.0,1.0
CUST00704,2025-12,3.0,5133711.0,1711237.0,1.0,82313753.0,82313753.0,3.0,1.0
CUST00705,2025-01,1.0,3082019.0,3082019.0,1.0,20393378.0,20393378.0,1.0,1.0
CUST00705,2025-02,2.0,2988960.0,1494480.0,1.0,14583379.0,14583379.0,2.0,1.0
CUST00705,2025-03,4.0,7091009.0,1772752.25,2.0,17799762.0,8899881.0,4.0,2.0
CUST00705,2025-04,2.0,5326984.0,2663492.0,2.0,4800774.0,2400387.0,2.0,1.0
CUST00705,2025-05,2.0,4055418.0,2027709.0,1.0,498518.0,498518.0,2.0,1.0
CUST00705,2025-06,2.0,3420673.0,1710336.5,0.0,0.0,0.0,2.0,0.0
CUST00705,2025-07,1.0,2671846.0,2671846.0,4.0,39881568.0,9970392.0,1.0,3.0
CUST00705,2025-08,3.0,5985673.0,1995224.3333333333,1.0,774661.0,774661.0,3.0,1.0
CUST00705,2025-09,1.0,2262918.0,2262918.0,2.0,16731074.0,8365537.0,1.0,2.0
CUST00705,2025-10,2.0,3431006.0,1715503.0,1.0,1048167.0,1048167.0,2.0,1.0
CUST00705,2025-11,4.0,11904905.0,2976226.25,2.0,6441086.0,3220543.0,4.0,2.0
CUST00705,2025-12,0.0,0.0,0.0,1.0,3346160.0,3346160.0,0.0,1.0
CUST00706,2025-01,3.0,9092340.0,3030780.0,1.0,743533.0,743533.0,2.0,1.0
CUST00706,2025-02,4.0,9626663.0,2406665.75,1.0,4063588.0,4063588.0,4.0,1.0
CUST00706,2025-03,2.0,2525164.0,1262582.0,2.0,4483084.0,2241542.0,2.0,2.0
CUST00706,2025-04,1.0,286830.0,286830.0,4.0,23007470.0,5751867.5,1.0,4.0
CUST00706,2025-05,3.0,3088224.0,1029408.0,1.0,2691797.0,2691797.0,3.0,1.0
CUST00706,2025-06,2.0,4929154.0,2464577.0,4.0,58647842.0,14661960.5,2.0,4.0
CUST00706,2025-07,0.0,0.0,0.0,1.0,33419083.0,33419083.0,0.0,1.0
CUST00706,2025-08,3.0,7902306.0,2634102.0,2.0,151565177.0,75782588.5,3.0,2.0
CUST00706,2025-09,4.0,7522794.0,1880698.5,3.0,5552266.0,1850755.3333333333,4.0,2.0
CUST00706,2025-10,3.0,6885043.0,2295014.3333333335,1.0,4840037.0,4840037.0,3.0,1.0
CUST00706,2025-11,3.0,15984026.0,5328008.666666667,2.0,4691580.0,2345790.0,3.0,2.0
CUST00706,2025-12,2.0,7975088.0,3987544.0,1.0,1932465.0,1932465.0,2.0,1.0
CUST00707,2025-01,3.0,138836320.0,46278773.333333336,0.0,0.0,0.0,3.0,0.0
CUST00707,2025-02,2.0,23948528.0,11974264.0,1.0,710446.0,710446.0,2.0,1.0
CUST00707,2025-03,2.0,95934149.0,47967074.5,4.0,146952124.0,36738031.0,2.0,4.0
CUST00707,2025-04,4.0,68593682.0,17148420.5,2.0,4109823.0,2054911.5,4.0,2.0
CUST00707,2025-05,1.0,43280667.0,43280667.0,2.0,4324732.0,2162366.0,1.0,2.0
CUST00707,2025-06,0.0,0.0,0.0,2.0,53775204.0,26887602.0,0.0,2.0
CUST00707,2025-08,3.0,58022841.0,19340947.0,1.0,6079939.0,6079939.0,3.0,1.0
CUST00707,2025-09,1.0,2983736.0,2983736.0,2.0,4048257.0,2024128.5,1.0,2.0
CUST00707,2025-10,4.0,60731168.0,15182792.0,2.0,143945229.0,71972614.5,4.0,2.0
CUST00707,2025-11,2.0,19604129.0,9802064.5,3.0,5511738.0,1837246.0,2.0,3.0
CUST00707,2025-12,0.0,0.0,0.0,4.0,8756851.0,2189212.75,0.0,4.0
CUST00708,2025-01,1.0,24672442.0,24672442.0,2.0,6110944.0,3055472.0,1.0,2.0
CUST00708,2025-02,0.0,0.0,0.0,2.0,28144575.0,14072287.5,0.0,2.0
CUST00708,2025-03,0.0,0.0,0.0,4.0,20901825.0,5225456.25,0.0,4.0
CUST00708,2025-04,0.0,0.0,0.0,2.0,32467592.0,16233796.0,0.0,2.0
CUST00708,2025-06,1.0,436107455.0,436107455.0,3.0,171928885.0,57309628.333333336,1.0,3.0
CUST00708,2025-07,1.0,41150952.0,41150952.0,2.0,21492229.0,10746114.5,1.0,2.0
CUST00708,2025-08,4.0,461585075.0,115396268.75,3.0,8317696.0,2772565.3333333335,4.0,3.0
CUST00708,2025-09,0.0,0.0,0.0,2.0,6117964.0,3058982.0,0.0,2.0
CUST00708,2025-10,0.0,0.0,0.0,1.0,4218151.0,4218151.0,0.0,1.0
CUST00708,2025-11,1.0,48005521.0,48005521.0,3.0,40628679.0,13542893.0,1.0,3.0
CUST00708,2025-12,0.0,0.0,0.0,3.0,58911687.0,19637229.0,0.0,3.0
CUST00709,2025-01,2.0,55950772.0,27975386.0,2.0,36179576.0,18089788.0,2.0,2.0
CUST00709,2025-02,2.0,14598626.0,7299313.0,4.0,46976298.0,11744074.5,2.0,4.0
CUST00709,2025-03,1.0,25853357.0,25853357.0,0.0,0.0,0.0,1.0,0.0
CUST00709,2025-04,2.0,55231953.0,27615976.5,2.0,89013590.0,44506795.0,2.0,2.0
CUST00709,2025-05,2.0,8306068.0,4153034.0,6.0,284793760.0,47465626.666666664,2.0,6.0
CUST00709,2025-06,3.0,55785072.0,18595024.0,4.0,13072802.0,3268200.5,3.0,4.0
CUST00709,2025-07,5.0,59334798.0,11866959.6,3.0,23441718.0,7813906.0,5.0,3.0
CUST00709,2025-08,0.0,0.0,0.0,1.0,5088510.0,5088510.0,0.0,1.0
CUST00709,2025-09,2.0,42146211.0,21073105.5,0.0,0.0,0.0,2.0,0.0
CUST00709,2025-10,2.0,63665848.0,31832924.0,2.0,36612844.0,18306422.0,2.0,2.0
CUST00709,2025-11,0.0,0.0,0.0,3.0,103036112.0,34345370.666666664,0.0,3.0
CUST00709,2025-12,1.0,42976188.0,42976188.0,3.0,147318776.0,49106258.666666664,1.0,2.0
CUST00710,2025-01,2.0,65549542.0,32774771.0,1.0,1981605.0,1981605.0,2.0,1.0
CUST00710,2025-02,1.0,12471339.0,12471339.0,2.0,10789465.0,5394732.5,1.0,2.0
CUST00710,2025-03,3.0,54540563.0,18180187.666666668,3.0,454370214.0,151456738.0,3.0,3.0
CUST00710,2025-05,2.0,58177725.0,29088862.5,1.0,1372626.0,1372626.0,2.0,1.0
CUST00710,2025-06,1.0,32728732.0,32728732.0,2.0,293797388.0,146898694.0,1.0,2.0
CUST00710,2025-07,1.0,6763560.0,6763560.0,4.0,6355631.0,1588907.75,1.0,4.0
CUST00710,2025-08,3.0,49091452.0,16363817.333333334,2.0,733317414.0,366658707.0,3.0,2.0
CUST00710,2025-09,2.0,33117833.0,16558916.5,0.0,0.0,0.0,2.0,0.0
CUST00710,2025-10,4.0,57958722.0,14489680.5,3.0,53825695.0,17941898.333333332,4.0,3.0
CUST00710,2025-11,2.0,25007461.0,12503730.5,0.0,0.0,0.0,2.0,0.0
CUST00710,2025-12,0.0,0.0,0.0,5.0,56756654.0,11351330.8,0.0,5.0
CUST00711,2025-01,0.0,0.0,0.0,3.0,18993656.0,6331218.666666667,0.0,3.0
CUST00711,2025-02,6.0,14873735.0,2478955.8333333335,1.0,7716643.0,7716643.0,5.0,1.0
CUST00711,2025-03,3.0,8145423.0,2715141.0,4.0,12214857.0,3053714.25,3.0,4.0
CUST00711,2025-04,4.0,12174674.0,3043668.5,0.0,0.0,0.0,4.0,0.0
CUST00711,2025-05,2.0,3112182.0,1556091.0,2.0,31976364.0,15988182.0,2.0,2.0
CUST00711,2025-06,0.0,0.0,0.0,3.0,12568799.0,4189599.6666666665,0.0,3.0
CUST00711,2025-07,3.0,13152638.0,4384212.666666667,3.0,25974341.0,8658113.666666666,3.0,3.0
CUST00711,2025-08,3.0,3322071.0,1107357.0,0.0,0.0,0.0,3.0,0.0
CUST00711,2025-09,2.0,7130175.0,3565087.5,1.0,759510.0,759510.0,2.0,1.0
CUST00711,2025-10,2.0,6758075.0,3379037.5,1.0,1663520.0,1663520.0,2.0,1.0
CUST00711,2025-11,2.0,2554901.0,1277450.5,2.0,34804534.0,17402267.0,2.0,2.0
CUST00711,2025-12,4.0,17826732.0,4456683.0,2.0,28177432.0,14088716.0,4.0,2.0
CUST00712,2025-01,1.0,11727196.0,11727196.0,1.0,2348332.0,2348332.0,1.0,1.0
CUST00712,2025-02,3.0,52198859.0,17399619.666666668,2.0,16776953.0,8388476.5,3.0,2.0
CUST00712,2025-03,4.0,60854325.0,15213581.25,0.0,0.0,0.0,4.0,0.0
CUST00712,2025-04,2.0,19031762.0,9515881.0,3.0,129953158.0,43317719.333333336,2.0,3.0
CUST00712,2025-05,1.0,6211830.0,6211830.0,5.0,118137659.0,23627531.8,1.0,5.0
CUST00712,2025-06,1.0,15327894.0,15327894.0,2.0,35570617.0,17785308.5,1.0,2.0
CUST00712,2025-07,5.0,77593915.0,15518783.0,0.0,0.0,0.0,5.0,0.0
CUST00712,2025-08,4.0,55790335.0,13947583.75,3.0,67733309.0,22577769.666666668,4.0,3.0
CUST00712,2025-09,1.0,29527016.0,29527016.0,2.0,131318169.0,65659084.5,1.0,2.0
CUST00712,2025-10,4.0,68448246.0,17112061.5,2.0,30730545.0,15365272.5,4.0,2.0
CUST00712,2025-11,0.0,0.0,0.0,4.0,104503219.0,26125804.75,0.0,4.0
CUST00712,2025-12,2.0,22602494.0,11301247.0,2.0,16131790.0,8065895.0,2.0,2.0
CUST00713,2025-01,4.0,9677436.0,2419359.0,2.0,73506613.0,36753306.5,4.0,2.0
CUST00713,2025-02,3.0,3708979.0,1236326.3333333333,2.0,80655784.0,40327892.0,3.0,2.0
CUST00713,2025-03,2.0,4383063.0,2191531.5,2.0,37335161.0,18667580.5,2.0,2.0
CUST00713,2025-04,3.0,9213104.0,3071034.6666666665,2.0,13244514.0,6622257.0,3.0,2.0
CUST00713,2025-05,1.0,2076442.0,2076442.0,5.0,52974859.0,10594971.8,1.0,5.0
CUST00713,2025-06,1.0,479298.0,479298.0,2.0,3654011.0,1827005.5,1.0,2.0
CUST00713,2025-07,1.0,7160258.0,7160258.0,3.0,7973400.0,2657800.0,1.0,3.0
CUST00713,2025-08,2.0,8870249.0,4435124.5,4.0,7455434.0,1863858.5,2.0,4.0
CUST00713,2025-09,4.0,8862288.0,2215572.0,2.0,10231023.0,5115511.5,4.0,2.0
CUST00713,2025-10,2.0,4136773.0,2068386.5,1.0,2493330.0,2493330.0,2.0,1.0
CUST00713,2025-11,2.0,2484035.0,1242017.5,5.0,151084431.0,30216886.2,2.0,5.0
CUST00713,2025-12,1.0,1516781.0,1516781.0,3.0,52522076.0,17507358.666666668,1.0,3.0
CUST00714,2025-01,3.0,3104501.0,1034833.6666666666,0.0,0.0,0.0,3.0,0.0
CUST00714,2025-02,2.0,5618298.0,2809149.0,1.0,62013680.0,62013680.0,2.0,1.0
CUST00714,2025-03,4.0,14576911.0,3644227.75,6.0,51333169.0,8555528.166666666,4.0,5.0
CUST00714,2025-04,1.0,620153.0,620153.0,7.0,301464746.0,43066392.28571428,1.0,6.0
CUST00714,2025-05,2.0,2125274.0,1062637.0,1.0,2163467.0,2163467.0,2.0,1.0
CUST00714,2025-06,2.0,1083149.0,541574.5,0.0,0.0,0.0,2.0,0.0
CUST00714,2025-07,2.0,7015092.0,3507546.0,2.0,82179776.0,41089888.0,2.0,2.0
CUST00714,2025-08,2.0,5350377.0,2675188.5,4.0,65949586.0,16487396.5,2.0,4.0
CUST00714,2025-09,4.0,5505928.0,1376482.0,2.0,140984839.0,70492419.5,4.0,2.0
CUST00714,2025-10,1.0,3870375.0,3870375.0,2.0,54665194.0,27332597.0,1.0,2.0
CUST00714,2025-11,2.0,4876567.0,2438283.5,1.0,55838481.0,55838481.0,2.0,1.0
CUST00714,2025-12,3.0,12446372.0,4148790.6666666665,3.0,19539770.0,6513256.666666667,3.0,3.0
CUST00715,2025-01,1.0,5795733.0,5795733.0,2.0,6848360.0,3424180.0,1.0,2.0
CUST00715,2025-02,1.0,1359093.0,1359093.0,1.0,483958.0,483958.0,1.0,1.0
CUST00715,2025-03,2.0,3936095.0,1968047.5,6.0,93773709.0,15628951.5,2.0,5.0
CUST00715,2025-04,1.0,1776081.0,1776081.0,0.0,0.0,0.0,1.0,0.0
CUST00715,2025-05,4.0,24358315.0,6089578.75,1.0,29263444.0,29263444.0,4.0,1.0
CUST00715,2025-06,0.0,0.0,0.0,1.0,7502398.0,7502398.0,0.0,1.0
CUST00715,2025-07,1.0,2916190.0,2916190.0,0.0,0.0,0.0,1.0,0.0
CUST00715,2025-08,1.0,581125.0,581125.0,2.0,23427661.0,11713830.5,1.0,2.0
CUST00715,2025-09,1.0,1022341.0,1022341.0,1.0,3283493.0,3283493.0,1.0,1.0
CUST00715,2025-11,3.0,4510621.0,1503540.3333333333,4.0,36519377.0,9129844.25,3.0,4.0
CUST00715,2025-12,0.0,0.0,0.0,3.0,5991674.0,1997224.6666666667,0.0,3.0
CUST00716,2025-01,1.0,1286475.0,1286475.0,1.0,91138137.0,91138137.0,1.0,1.0
CUST00716,2025-02,3.0,6326188.0,2108729.3333333335,2.0,6283835.0,3141917.5,3.0,2.0
CUST00716,2025-03,2.0,3582592.0,1791296.0,4.0,24527689.0,6131922.25,2.0,4.0
CUST00716,2025-04,3.0,10334408.0,3444802.6666666665,0.0,0.0,0.0,3.0,0.0
CUST00716,2025-05,7.0,27500141.0,3928591.5714285714,4.0,16663701.0,4165925.25,7.0,4.0
CUST00716,2025-06,4.0,8082954.0,2020738.5,1.0,372986920.0,372986920.0,4.0,1.0
CUST00716,2025-07,2.0,3120481.0,1560240.5,2.0,68118248.0,34059124.0,2.0,2.0
CUST00716,2025-08,4.0,9266208.0,2316552.0,3.0,7769926.0,2589975.3333333335,4.0,3.0
CUST00716,2025-09,3.0,4694302.0,1564767.3333333333,1.0,1102122.0,1102122.0,3.0,1.0
CUST00716,2025-10,3.0,9157894.0,3052631.3333333335,0.0,0.0,0.0,3.0,0.0
CUST00716,2025-11,1.0,2152030.0,2152030.0,2.0,6084309.0,3042154.5,1.0,2.0
CUST00716,2025-12,1.0,1076239.0,1076239.0,3.0,32761896.0,10920632.0,1.0,3.0
CUST00717,2025-01,3.0,8134452.0,2711484.0,1.0,3793060.0,3793060.0,3.0,1.0
CUST00717,2025-02,2.0,6910283.0,3455141.5,3.0,55874119.0,18624706.333333332,2.0,3.0
CUST00717,2025-03,3.0,7445930.0,2481976.6666666665,3.0,84283521.0,28094507.0,3.0,3.0
CUST00717,2025-04,1.0,1023096.0,1023096.0,0.0,0.0,0.0,1.0,0.0
CUST00717,2025-05,4.0,11013153.0,2753288.25,0.0,0.0,0.0,4.0,0.0
CUST00717,2025-06,3.0,6187511.0,2062503.6666666667,1.0,4121738.0,4121738.0,3.0,1.0
CUST00717,2025-07,6.0,18620694.0,3103449.0,0.0,0.0,0.0,6.0,0.0
CUST00717,2025-08,2.0,3572779.0,1786389.5,1.0,1427656.0,1427656.0,2.0,1.0
CUST00717,2025-10,1.0,813042.0,813042.0,2.0,10510800.0,5255400.0,1.0,2.0
CUST00717,2025-11,1.0,8456301.0,8456301.0,1.0,133741180.0,133741180.0,1.0,1.0
CUST00718,2025-01,1.0,1040184.0,1040184.0,3.0,31444829.0,10481609.666666666,1.0,3.0
CUST00718,2025-02,3.0,2535824.0,845274.6666666666,1.0,336998.0,336998.0,3.0,1.0
CUST00718,2025-03,2.0,2547087.0,1273543.5,1.0,7701633.0,7701633.0,2.0,1.0
CUST00718,2025-04,4.0,12340269.0,3085067.25,4.0,132299970.0,33074992.5,4.0,4.0
CUST00718,2025-05,2.0,2710812.0,1355406.0,3.0,9725577.0,3241859.0,2.0,3.0
CUST00718,2025-06,2.0,13220530.0,6610265.0,2.0,29468093.0,14734046.5,2.0,2.0
CUST00718,2025-07,6.0,19451076.0,3241846.0,2.0,8905159.0,4452579.5,6.0,2.0
CUST00718,2025-08,2.0,1663703.0,831851.5,0.0,0.0,0.0,2.0,0.0
CUST00718,2025-09,3.0,16097997.0,5365999.0,2.0,45466880.0,22733440.0,3.0,2.0
CUST00718,2025-10,4.0,18337672.0,4584418.0,3.0,3308190.0,1102730.0,4.0,3.0
CUST00718,2025-11,3.0,6319792.0,2106597.3333333335,2.0,22309623.0,11154811.5,3.0,2.0
CUST00718,2025-12,1.0,1593164.0,1593164.0,2.0,2647477.0,1323738.5,1.0,2.0
CUST00719,2025-01,4.0,22106154.0,5526538.5,1.0,2046619.0,2046619.0,4.0,1.0
CUST00719,2025-02,3.0,3642192.0,1214064.0,2.0,36802100.0,18401050.0,3.0,2.0
CUST00719,2025-03,1.0,10623473.0,10623473.0,1.0,21619776.0,21619776.0,1.0,1.0
CUST00719,2025-04,3.0,4835839.0,1611946.3333333333,0.0,0.0,0.0,3.0,0.0
CUST00719,2025-05,1.0,912361.0,912361.0,1.0,1335165.0,1335165.0,1.0,1.0
CUST00719,2025-06,1.0,622625.0,622625.0,4.0,55067086.0,13766771.5,1.0,4.0
CUST00719,2025-07,2.0,1736459.0,868229.5,2.0,70598237.0,35299118.5,2.0,2.0
CUST00719,2025-08,2.0,7789888.0,3894944.0,1.0,156369158.0,156369158.0,2.0,1.0
CUST00719,2025-09,1.0,1259128.0,1259128.0,0.0,0.0,0.0,1.0,0.0
CUST00719,2025-10,3.0,5532417.0,1844139.0,1.0,17560271.0,17560271.0,3.0,1.0
CUST00719,2025-11,1.0,2691333.0,2691333.0,2.0,7560279.0,3780139.5,1.0,2.0
CUST00719,2025-12,1.0,573166.0,573166.0,1.0,7810669.0,7810669.0,1.0,1.0
CUST00720,2025-01,1.0,115966086.0,115966086.0,3.0,93900247.0,31300082.333333332,1.0,3.0
CUST00720,2025-02,1.0,216961774.0,216961774.0,3.0,52583200.0,17527733.333333332,1.0,3.0
CUST00720,2025-03,0.0,0.0,0.0,1.0,537305.0,537305.0,0.0,1.0
CUST00720,2025-04,2.0,214693051.0,107346525.5,1.0,1742753.0,1742753.0,2.0,1.0
CUST00720,2025-05,3.0,352402282.0,117467427.33333333,2.0,36017164.0,18008582.0,3.0,2.0
CUST00720,2025-06,3.0,205018339.0,68339446.33333333,3.0,4190365.0,1396788.3333333333,3.0,3.0
CUST00720,2025-07,3.0,245510597.0,81836865.66666667,1.0,1585154.0,1585154.0,3.0,1.0
CUST00720,2025-08,2.0,145721379.0,72860689.5,1.0,10299618.0,10299618.0,2.0,1.0
CUST00720,2025-09,1.0,74920834.0,74920834.0,4.0,76688819.0,19172204.75,1.0,4.0
CUST00720,2025-10,6.0,446502053.0,74417008.83333333,1.0,1798045.0,1798045.0,5.0,1.0
CUST00720,2025-11,3.0,240682670.0,80227556.66666667,0.0,0.0,0.0,3.0,0.0
CUST00720,2025-12,2.0,410373577.0,205186788.5,2.0,32644837.0,16322418.5,2.0,2.0
CUST00721,2025-01,2.0,5357427.0,2678713.5,4.0,16101807.0,4025451.75,2.0,4.0
CUST00721,2025-02,7.0,48026481.0,6860925.857142857,2.0,21860851.0,10930425.5,6.0,2.0
CUST00721,2025-03,2.0,6248430.0,3124215.0,3.0,46026114.0,15342038.0,2.0,2.0
CUST00721,2025-04,0.0,0.0,0.0,1.0,16465757.0,16465757.0,0.0,1.0
CUST00721,2025-05,1.0,7538411.0,7538411.0,3.0,36524140.0,12174713.333333334,1.0,3.0
CUST00721,2025-06,2.0,11201749.0,5600874.5,3.0,61446500.0,20482166.666666668,2.0,3.0
CUST00721,2025-07,2.0,4894619.0,2447309.5,3.0,20154921.0,6718307.0,2.0,3.0
CUST00721,2025-08,1.0,842987.0,842987.0,5.0,71343211.0,14268642.2,1.0,5.0
CUST00721,2025-09,2.0,4361548.0,2180774.0,2.0,9043352.0,4521676.0,2.0,2.0
CUST00721,2025-10,1.0,1968367.0,1968367.0,1.0,1475289.0,1475289.0,1.0,1.0
CUST00721,2025-11,0.0,0.0,0.0,2.0,108083676.0,54041838.0,0.0,2.0
CUST00721,2025-12,4.0,14469989.0,3617497.25,1.0,13412618.0,13412618.0,4.0,1.0
CUST00722,2025-01,1.0,3482963.0,3482963.0,2.0,2179087.0,1089543.5,1.0,2.0
CUST00722,2025-02,5.0,11077062.0,2215412.4,0.0,0.0,0.0,5.0,0.0
CUST00722,2025-04,1.0,1977086.0,1977086.0,3.0,95060264.0,31686754.666666668,1.0,2.0
CUST00722,2025-05,2.0,5021118.0,2510559.0,4.0,69911394.0,17477848.5,2.0,3.0
CUST00722,2025-06,1.0,6234303.0,6234303.0,1.0,9482126.0,9482126.0,1.0,1.0
CUST00722,2025-07,1.0,1023294.0,1023294.0,0.0,0.0,0.0,1.0,0.0
CUST00722,2025-08,2.0,19121179.0,9560589.5,1.0,1095453.0,1095453.0,2.0,1.0
CUST00722,2025-09,2.0,2256272.0,1128136.0,2.0,10661997.0,5330998.5,2.0,2.0
CUST00722,2025-10,4.0,17766829.0,4441707.25,1.0,1557241.0,1557241.0,3.0,1.0
CUST00722,2025-11,1.0,1770537.0,1770537.0,1.0,2164503.0,2164503.0,1.0,1.0
CUST00722,2025-12,3.0,4379120.0,1459706.6666666667,3.0,38193544.0,12731181.333333334,3.0,3.0
CUST00723,2025-01,5.0,15318317.0,3063663.4,4.0,134466550.0,33616637.5,5.0,4.0
CUST00723,2025-03,2.0,3985789.0,1992894.5,1.0,4973698.0,4973698.0,2.0,1.0
CUST00723,2025-04,2.0,3475306.0,1737653.0,0.0,0.0,0.0,2.0,0.0
CUST00723,2025-05,3.0,4345144.0,1448381.3333333333,4.0,13827003.0,3456750.75,3.0,4.0
CUST00723,2025-06,1.0,485272.0,485272.0,3.0,18689532.0,6229844.0,1.0,3.0
CUST00723,2025-07,1.0,2937714.0,2937714.0,1.0,57283499.0,57283499.0,1.0,1.0
CUST00723,2025-08,1.0,9937579.0,9937579.0,3.0,369545178.0,123181726.0,1.0,3.0
CUST00723,2025-09,2.0,2418073.0,1209036.5,1.0,10403666.0,10403666.0,2.0,1.0
CUST00723,2025-10,3.0,5762038.0,1920679.3333333333,2.0,23504878.0,11752439.0,3.0,2.0
CUST00723,2025-11,4.0,8744078.0,2186019.5,4.0,63177123.0,15794280.75,4.0,4.0
CUST00723,2025-12,0.0,0.0,0.0,1.0,4910297.0,4910297.0,0.0,1.0
CUST00724,2025-01,0.0,0.0,0.0,1.0,15648053.0,15648053.0,0.0,1.0
CUST00724,2025-02,2.0,15761692.0,7880846.0,0.0,0.0,0.0,2.0,0.0
CUST00724,2025-03,4.0,65252282.0,16313070.5,4.0,104968869.0,26242217.25,4.0,4.0
CUST00724,2025-04,3.0,20413110.0,6804370.0,2.0,48752950.0,24376475.0,3.0,2.0
CUST00724,2025-05,1.0,74698497.0,74698497.0,0.0,0.0,0.0,1.0,0.0
CUST00724,2025-06,2.0,36634728.0,18317364.0,1.0,4496404.0,4496404.0,2.0,1.0
CUST00724,2025-07,1.0,12818825.0,12818825.0,0.0,0.0,0.0,1.0,0.0
CUST00724,2025-08,6.0,124126461.0,20687743.5,1.0,133591503.0,133591503.0,6.0,1.0
CUST00724,2025-09,3.0,63539916.0,21179972.0,4.0,102102057.0,25525514.25,3.0,4.0
CUST00724,2025-10,2.0,35748606.0,17874303.0,6.0,80391917.0,13398652.833333334,2.0,6.0
CUST00724,2025-11,2.0,36890124.0,18445062.0,5.0,79256175.0,15851235.0,2.0,5.0
CUST00724,2025-12,2.0,113740816.0,56870408.0,0.0,0.0,0.0,2.0,0.0
CUST00725,2025-01,2.0,2862182.0,1431091.0,7.0,361426190.0,51632312.85714286,2.0,7.0
CUST00725,2025-02,2.0,3213135.0,1606567.5,2.0,18967265.0,9483632.5,2.0,2.0
CUST00725,2025-03,1.0,1069331.0,1069331.0,3.0,110495046.0,36831682.0,1.0,3.0
CUST00725,2025-04,4.0,15517615.0,3879403.75,1.0,4045297.0,4045297.0,4.0,1.0
CUST00725,2025-05,1.0,2163467.0,2163467.0,1.0,953067.0,953067.0,1.0,1.0
CUST00725,2025-06,3.0,14857729.0,4952576.333333333,1.0,1970384.0,1970384.0,3.0,1.0
CUST00725,2025-07,2.0,1464080.0,732040.0,6.0,99554373.0,16592395.5,2.0,6.0
CUST00725,2025-08,5.0,4716188.0,943237.6,6.0,59927525.0,9987920.833333334,5.0,6.0
CUST00725,2025-09,2.0,2430476.0,1215238.0,1.0,2161468.0,2161468.0,2.0,1.0
CUST00725,2025-10,5.0,12506600.0,2501320.0,1.0,21817381.0,21817381.0,5.0,1.0
CUST00725,2025-11,4.0,19807063.0,4951765.75,1.0,7259823.0,7259823.0,4.0,1.0
CUST00725,2025-12,0.0,0.0,0.0,1.0,61636997.0,61636997.0,0.0,1.0
CUST00726,2025-01,2.0,2244558.0,1122279.0,1.0,11319224.0,11319224.0,2.0,1.0
CUST00726,2025-03,1.0,4756673.0,4756673.0,4.0,217467295.0,54366823.75,1.0,4.0
CUST00726,2025-04,3.0,7683390.0,2561130.0,2.0,13489099.0,6744549.5,3.0,2.0
CUST00726,2025-05,2.0,4894792.0,2447396.0,0.0,0.0,0.0,2.0,0.0
CUST00726,2025-06,5.0,14464419.0,2892883.8,1.0,3737294.0,3737294.0,5.0,1.0
CUST00726,2025-07,0.0,0.0,0.0,3.0,44702310.0,14900770.0,0.0,3.0
CUST00726,2025-08,1.0,979743.0,979743.0,1.0,37477896.0,37477896.0,1.0,1.0
CUST00726,2025-09,0.0,0.0,0.0,4.0,20417336.0,5104334.0,0.0,4.0
CUST00726,2025-10,1.0,624233.0,624233.0,0.0,0.0,0.0,1.0,0.0
CUST00726,2025-11,2.0,3452304.0,1726152.0,2.0,120065585.0,60032792.5,2.0,2.0
CUST00726,2025-12,1.0,17471457.0,17471457.0,5.0,72685846.0,14537169.2,1.0,5.0
CUST00727,2025-01,0.0,0.0,0.0,2.0,32428447.0,16214223.5,0.0,2.0
CUST00727,2025-02,3.0,2976652.0,992217.3333333334,4.0,23872679.0,5968169.75,3.0,4.0
CUST00727,2025-03,4.0,11899230.0,2974807.5,1.0,3232644.0,3232644.0,3.0,1.0
CUST00727,2025-04,5.0,34305312.0,6861062.4,1.0,2226207.0,2226207.0,5.0,1.0
CUST00727,2025-05,3.0,10817509.0,3605836.3333333335,2.0,46152919.0,23076459.5,3.0,2.0
CUST00727,2025-06,2.0,4953845.0,2476922.5,2.0,58378173.0,29189086.5,2.0,2.0
CUST00727,2025-07,2.0,6436450.0,3218225.0,2.0,3205642.0,1602821.0,2.0,2.0
CUST00727,2025-08,2.0,1067775.0,533887.5,3.0,25438699.0,8479566.333333334,2.0,3.0
CUST00727,2025-09,3.0,8306950.0,2768983.3333333335,7.0,118141080.0,16877297.14285714,3.0,7.0
CUST00727,2025-10,0.0,0.0,0.0,3.0,80992961.0,26997653.666666668,0.0,3.0
CUST00727,2025-11,1.0,3010203.0,3010203.0,1.0,1081922.0,1081922.0,1.0,1.0
CUST00727,2025-12,1.0,5165723.0,5165723.0,1.0,2656347.0,2656347.0,1.0,1.0
CUST00728,2025-01,3.0,5827447.0,1942482.3333333333,0.0,0.0,0.0,3.0,0.0
CUST00728,2025-02,1.0,2260333.0,2260333.0,2.0,6156623.0,3078311.5,1.0,2.0
CUST00728,2025-03,1.0,4643782.0,4643782.0,3.0,53088011.0,17696003.666666668,1.0,3.0
CUST00728,2025-04,4.0,2676933.0,669233.25,1.0,1051984.0,1051984.0,4.0,1.0
CUST00728,2025-05,2.0,4961828.0,2480914.0,4.0,12040398.0,3010099.5,2.0,4.0
CUST00728,2025-06,0.0,0.0,0.0,3.0,10041276.0,3347092.0,0.0,3.0
CUST00728,2025-07,5.0,4664602.0,932920.4,2.0,2665594.0,1332797.0,5.0,2.0
CUST00728,2025-08,2.0,2194874.0,1097437.0,4.0,15164207.0,3791051.75,2.0,4.0
CUST00728,2025-09,1.0,4740899.0,4740899.0,4.0,101814412.0,25453603.0,1.0,4.0
CUST00728,2025-10,0.0,0.0,0.0,2.0,32094602.0,16047301.0,0.0,2.0
CUST00728,2025-11,1.0,1492293.0,1492293.0,1.0,12978867.0,12978867.0,1.0,1.0
CUST00728,2025-12,0.0,0.0,0.0,2.0,11907879.0,5953939.5,0.0,2.0
CUST00729,2025-01,1.0,3639704.0,3639704.0,2.0,5666724.0,2833362.0,1.0,2.0
CUST00729,2025-02,2.0,8451197.0,4225598.5,4.0,10060617.0,2515154.25,2.0,4.0
CUST00729,2025-03,0.0,0.0,0.0,2.0,14426556.0,7213278.0,0.0,2.0
CUST00729,2025-04,1.0,1055821.0,1055821.0,1.0,22873013.0,22873013.0,1.0,1.0
CUST00729,2025-05,0.0,0.0,0.0,3.0,127818024.0,42606008.0,0.0,3.0
CUST00729,2025-06,3.0,6537733.0,2179244.3333333335,5.0,37780887.0,7556177.4,3.0,5.0
CUST00729,2025-07,0.0,0.0,0.0,1.0,18834237.0,18834237.0,0.0,1.0
CUST00729,2025-08,1.0,2240498.0,2240498.0,0.0,0.0,0.0,1.0,0.0
CUST00729,2025-09,2.0,6521555.0,3260777.5,7.0,33371097.0,4767299.571428572,2.0,7.0
CUST00729,2025-10,1.0,4600772.0,4600772.0,0.0,0.0,0.0,1.0,0.0
CUST00729,2025-11,2.0,5488722.0,2744361.0,2.0,26782504.0,13391252.0,2.0,2.0
CUST00729,2025-12,1.0,5883650.0,5883650.0,4.0,34786214.0,8696553.5,1.0,3.0
CUST00730,2025-01,4.0,14964105.0,3741026.25,4.0,54291122.0,13572780.5,4.0,4.0
CUST00730,2025-02,2.0,4041550.0,2020775.0,5.0,155546130.0,31109226.0,2.0,5.0
CUST00730,2025-03,1.0,1623227.0,1623227.0,2.0,17823680.0,8911840.0,1.0,2.0
CUST00730,2025-04,0.0,0.0,0.0,3.0,251895522.0,83965174.0,0.0,3.0
CUST00730,2025-05,1.0,10092294.0,10092294.0,3.0,21872686.0,7290895.333333333,1.0,3.0
CUST00730,2025-06,2.0,2105387.0,1052693.5,4.0,41417810.0,10354452.5,2.0,4.0
CUST00730,2025-07,0.0,0.0,0.0,4.0,27591054.0,6897763.5,0.0,4.0
CUST00730,2025-08,3.0,13976014.0,4658671.333333333,3.0,98428769.0,32809589.666666668,3.0,3.0
CUST00730,2025-09,1.0,1733940.0,1733940.0,4.0,42556235.0,10639058.75,1.0,3.0
CUST00730,2025-10,4.0,7500750.0,1875187.5,3.0,47396244.0,15798748.0,4.0,3.0
CUST00730,2025-11,2.0,15074692.0,7537346.0,1.0,2324262.0,2324262.0,1.0,1.0
CUST00730,2025-12,2.0,9309350.0,4654675.0,3.0,9253730.0,3084576.6666666665,2.0,2.0
CUST00731,2025-01,0.0,0.0,0.0,3.0,49710764.0,16570254.666666666,0.0,3.0
CUST00731,2025-02,1.0,3084449.0,3084449.0,0.0,0.0,0.0,1.0,0.0
CUST00731,2025-03,3.0,11705013.0,3901671.0,4.0,35158510.0,8789627.5,3.0,4.0
CUST00731,2025-04,1.0,6899500.0,6899500.0,2.0,32872781.0,16436390.5,1.0,2.0
CUST00731,2025-05,4.0,8399842.0,2099960.5,1.0,2123819.0,2123819.0,4.0,1.0
CUST00731,2025-06,1.0,1111007.0,1111007.0,4.0,20363544.0,5090886.0,1.0,3.0
CUST00731,2025-07,0.0,0.0,0.0,1.0,7219267.0,7219267.0,0.0,1.0
CUST00731,2025-08,1.0,3215146.0,3215146.0,2.0,2895972.0,1447986.0,1.0,2.0
CUST00731,2025-09,4.0,5167422.0,1291855.5,1.0,2227953.0,2227953.0,4.0,1.0
CUST00731,2025-10,3.0,7675605.0,2558535.0,1.0,19372594.0,19372594.0,3.0,1.0
CUST00731,2025-11,0.0,0.0,0.0,1.0,30329611.0,30329611.0,0.0,1.0
CUST00731,2025-12,2.0,6693540.0,3346770.0,3.0,10010974.0,3336991.3333333335,2.0,3.0
CUST00732,2025-01,1.0,419047.0,419047.0,1.0,11256170.0,11256170.0,1.0,1.0
CUST00732,2025-02,2.0,1772164.0,886082.0,0.0,0.0,0.0,2.0,0.0
CUST00732,2025-03,1.0,1564301.0,1564301.0,2.0,20187755.0,10093877.5,1.0,2.0
CUST00732,2025-04,1.0,3097706.0,3097706.0,1.0,10801888.0,10801888.0,1.0,1.0
CUST00732,2025-05,0.0,0.0,0.0,2.0,20841516.0,10420758.0,0.0,2.0
CUST00732,2025-06,2.0,6625473.0,3312736.5,1.0,3537360.0,3537360.0,2.0,1.0
CUST00732,2025-07,1.0,1795193.0,1795193.0,4.0,10161488.0,2540372.0,1.0,4.0
CUST00732,2025-08,4.0,7055971.0,1763992.75,0.0,0.0,0.0,4.0,0.0
CUST00732,2025-09,0.0,0.0,0.0,2.0,2517983.0,1258991.5,0.0,2.0
CUST00732,2025-10,1.0,1809375.0,1809375.0,3.0,46749837.0,15583279.0,1.0,3.0
CUST00732,2025-11,3.0,7609918.0,2536639.3333333335,1.0,1516977.0,1516977.0,3.0,1.0
CUST00732,2025-12,3.0,10078120.0,3359373.3333333335,2.0,5307481.0,2653740.5,3.0,2.0
CUST00733,2025-01,4.0,10209179.0,2552294.75,4.0,32665048.0,8166262.0,4.0,4.0
CUST00733,2025-02,2.0,5784159.0,2892079.5,1.0,876973.0,876973.0,2.0,1.0
CUST00733,2025-03,2.0,21603275.0,10801637.5,2.0,25815038.0,12907519.0,2.0,2.0
CUST00733,2025-04,5.0,17702384.0,3540476.8,1.0,28689078.0,28689078.0,5.0,1.0
CUST00733,2025-05,0.0,0.0,0.0,2.0,2202252.0,1101126.0,0.0,2.0
CUST00733,2025-06,5.0,10453764.0,2090752.8,3.0,24559444.0,8186481.333333333,5.0,3.0
CUST00733,2025-07,6.0,13120426.0,2186737.6666666665,2.0,7390596.0,3695298.0,6.0,2.0
CUST00733,2025-08,3.0,6449238.0,2149746.0,0.0,0.0,0.0,3.0,0.0
CUST00733,2025-09,1.0,1272266.0,1272266.0,1.0,1697673.0,1697673.0,1.0,1.0
CUST00733,2025-10,3.0,12015757.0,4005252.3333333335,4.0,146378902.0,36594725.5,3.0,4.0
CUST00733,2025-11,4.0,7564981.0,1891245.25,3.0,17272822.0,5757607.333333333,4.0,3.0
CUST00733,2025-12,0.0,0.0,0.0,3.0,68681968.0,22893989.333333332,0.0,3.0
CUST00734,2025-01,2.0,157370668.0,78685334.0,0.0,0.0,0.0,2.0,0.0
CUST00734,2025-02,1.0,18498049.0,18498049.0,1.0,98604627.0,98604627.0,1.0,1.0
CUST00734,2025-03,3.0,158479015.0,52826338.333333336,3.0,15781545.0,5260515.0,3.0,3.0
CUST00734,2025-04,2.0,22002319.0,11001159.5,3.0,13170713.0,4390237.666666667,2.0,3.0
CUST00734,2025-05,2.0,43797649.0,21898824.5,0.0,0.0,0.0,2.0,0.0
CUST00734,2025-06,3.0,39650834.0,13216944.666666666,4.0,85689182.0,21422295.5,3.0,4.0
CUST00734,2025-07,2.0,71650520.0,35825260.0,2.0,11050599.0,5525299.5,2.0,2.0
CUST00734,2025-08,0.0,0.0,0.0,3.0,25739443.0,8579814.333333334,0.0,3.0
CUST00734,2025-09,2.0,13496779.0,6748389.5,2.0,17701215.0,8850607.5,2.0,2.0
CUST00734,2025-10,2.0,39257256.0,19628628.0,1.0,31933323.0,31933323.0,2.0,1.0
CUST00734,2025-11,2.0,21607199.0,10803599.5,2.0,2799840.0,1399920.0,2.0,2.0
CUST00734,2025-12,1.0,25127521.0,25127521.0,0.0,0.0,0.0,1.0,0.0
CUST00735,2025-01,4.0,52398921.0,13099730.25,1.0,850601.0,850601.0,4.0,1.0
CUST00735,2025-02,1.0,23479028.0,23479028.0,1.0,611414.0,611414.0,1.0,1.0
CUST00735,2025-03,2.0,60417288.0,30208644.0,3.0,101590719.0,33863573.0,2.0,3.0
CUST00735,2025-04,2.0,18318149.0,9159074.5,2.0,2574277.0,1287138.5,2.0,2.0
CUST00735,2025-05,1.0,10897329.0,10897329.0,1.0,2293582.0,2293582.0,1.0,1.0
CUST00735,2025-06,3.0,51279439.0,17093146.333333332,0.0,0.0,0.0,3.0,0.0
CUST00735,2025-07,0.0,0.0,0.0,2.0,9885303.0,4942651.5,0.0,2.0
CUST00735,2025-08,1.0,51135504.0,51135504.0,3.0,60866533.0,20288844.333333332,1.0,3.0
CUST00735,2025-09,1.0,36729510.0,36729510.0,2.0,17357004.0,8678502.0,1.0,2.0
CUST00735,2025-10,4.0,163091926.0,40772981.5,1.0,1066286.0,1066286.0,4.0,1.0
CUST00735,2025-11,1.0,18196183.0,18196183.0,1.0,20299072.0,20299072.0,1.0,1.0
CUST00735,2025-12,2.0,38917559.0,19458779.5,0.0,0.0,0.0,2.0,0.0
CUST00736,2025-01,1.0,2957624.0,2957624.0,0.0,0.0,0.0,1.0,0.0
CUST00736,2025-02,3.0,4546990.0,1515663.3333333333,5.0,27235764.0,5447152.8,3.0,5.0
CUST00736,2025-03,4.0,5675571.0,1418892.75,2.0,13354105.0,6677052.5,3.0,2.0
CUST00736,2025-04,0.0,0.0,0.0,1.0,7936149.0,7936149.0,0.0,1.0
CUST00736,2025-05,3.0,12273292.0,4091097.3333333335,1.0,3247198.0,3247198.0,3.0,1.0
CUST00736,2025-06,2.0,1896149.0,948074.5,1.0,4699158.0,4699158.0,2.0,1.0
CUST00736,2025-07,2.0,15438879.0,7719439.5,1.0,1265362.0,1265362.0,2.0,1.0
CUST00736,2025-08,1.0,2717552.0,2717552.0,3.0,41119948.0,13706649.333333334,1.0,3.0
CUST00736,2025-09,1.0,2467184.0,2467184.0,0.0,0.0,0.0,1.0,0.0
CUST00736,2025-10,1.0,461664.0,461664.0,1.0,1922150.0,1922150.0,1.0,1.0
CUST00736,2025-11,3.0,7316749.0,2438916.3333333335,3.0,37067494.0,12355831.333333334,3.0,3.0
CUST00736,2025-12,3.0,5297360.0,1765786.6666666667,2.0,66609253.0,33304626.5,3.0,2.0
CUST00737,2025-01,2.0,4900692.0,2450346.0,2.0,1474012.0,737006.0,2.0,2.0
CUST00737,2025-02,0.0,0.0,0.0,1.0,1975596.0,1975596.0,0.0,1.0
CUST00737,2025-03,1.0,2724661.0,2724661.0,1.0,11642760.0,11642760.0,1.0,1.0
CUST00737,2025-04,0.0,0.0,0.0,2.0,15867101.0,7933550.5,0.0,2.0
CUST00737,2025-05,2.0,6882893.0,3441446.5,1.0,3459810.0,3459810.0,2.0,1.0
CUST00737,2025-06,3.0,8440724.0,2813574.6666666665,2.0,36326474.0,18163237.0,3.0,2.0
CUST00737,2025-07,4.0,8731121.0,2182780.25,2.0,7328782.0,3664391.0,4.0,2.0
CUST00737,2025-08,3.0,12743552.0,4247850.666666667,2.0,36729416.0,18364708.0,3.0,2.0
CUST00737,2025-09,0.0,0.0,0.0,1.0,13084696.0,13084696.0,0.0,1.0
CUST00737,2025-10,1.0,1583515.0,1583515.0,0.0,0.0,0.0,1.0,0.0
CUST00737,2025-11,1.0,1031585.0,1031585.0,2.0,2572139.0,1286069.5,1.0,2.0
CUST00737,2025-12,2.0,4016058.0,2008029.0,4.0,62527614.0,15631903.5,2.0,4.0
CUST00738,2025-01,1.0,105737671.0,105737671.0,4.0,50636362.0,12659090.5,1.0,4.0
CUST00738,2025-02,0.0,0.0,0.0,2.0,56730429.0,28365214.5,0.0,2.0
CUST00738,2025-03,4.0,403295352.0,100823838.0,1.0,802826.0,802826.0,4.0,1.0
CUST00738,2025-04,0.0,0.0,0.0,2.0,3389817.0,1694908.5,0.0,2.0
CUST00738,2025-05,0.0,0.0,0.0,4.0,64033853.0,16008463.25,0.0,4.0
CUST00738,2025-06,2.0,253041261.0,126520630.5,3.0,42503630.0,14167876.666666666,2.0,3.0
CUST00738,2025-07,2.0,97047213.0,48523606.5,1.0,27197929.0,27197929.0,2.0,1.0
CUST00738,2025-08,2.0,45838937.0,22919468.5,3.0,6430868.0,2143622.6666666665,2.0,3.0
CUST00738,2025-09,1.0,73242851.0,73242851.0,2.0,49002251.0,24501125.5,1.0,2.0
CUST00738,2025-10,2.0,194000702.0,97000351.0,2.0,12457083.0,6228541.5,2.0,2.0
CUST00738,2025-11,2.0,246339425.0,123169712.5,3.0,3808281.0,1269427.0,2.0,3.0
CUST00738,2025-12,5.0,142564672.0,28512934.4,0.0,0.0,0.0,5.0,0.0
CUST00739,2025-01,1.0,1122195.0,1122195.0,2.0,6207814.0,3103907.0,1.0,2.0
CUST00739,2025-02,4.0,6739855.0,1684963.75,3.0,44907105.0,14969035.0,3.0,3.0
CUST00739,2025-03,1.0,3710653.0,3710653.0,2.0,5029666.0,2514833.0,1.0,2.0
CUST00739,2025-04,3.0,7789753.0,2596584.3333333335,4.0,38220873.0,9555218.25,3.0,4.0
CUST00739,2025-05,4.0,11884429.0,2971107.25,1.0,3190147.0,3190147.0,3.0,1.0
CUST00739,2025-06,4.0,15298397.0,3824599.25,1.0,2789809.0,2789809.0,4.0,1.0
CUST00739,2025-07,1.0,2027742.0,2027742.0,1.0,9078680.0,9078680.0,1.0,1.0
CUST00739,2025-08,3.0,6185117.0,2061705.6666666667,2.0,14756770.0,7378385.0,3.0,2.0
CUST00739,2025-09,2.0,3656916.0,1828458.0,1.0,2011141.0,2011141.0,2.0,1.0
CUST00739,2025-10,2.0,2527645.0,1263822.5,1.0,2387872.0,2387872.0,2.0,1.0
CUST00739,2025-11,4.0,9635132.0,2408783.0,2.0,45195773.0,22597886.5,4.0,2.0
CUST00739,2025-12,3.0,5743911.0,1914637.0,1.0,16981822.0,16981822.0,3.0,1.0
CUST00740,2025-01,3.0,11795351.0,3931783.6666666665,3.0,74170872.0,24723624.0,3.0,3.0
CUST00740,2025-02,1.0,1262338.0,1262338.0,2.0,4537717.0,2268858.5,1.0,2.0
CUST00740,2025-03,3.0,5048713.0,1682904.3333333333,4.0,15270528.0,3817632.0,3.0,4.0
CUST00740,2025-04,1.0,2974095.0,2974095.0,3.0,3869100.0,1289700.0,1.0,3.0
CUST00740,2025-05,1.0,1629375.0,1629375.0,0.0,0.0,0.0,1.0,0.0
CUST00740,2025-06,3.0,12736028.0,4245342.666666667,1.0,3104827.0,3104827.0,3.0,1.0
CUST00740,2025-07,4.0,5661104.0,1415276.0,2.0,8275280.0,4137640.0,4.0,2.0
CUST00740,2025-08,4.0,21200419.0,5300104.75,0.0,0.0,0.0,4.0,0.0
CUST00740,2025-09,3.0,6585540.0,2195180.0,2.0,65081325.0,32540662.5,3.0,2.0
CUST00740,2025-10,4.0,10289842.0,2572460.5,4.0,94786544.0,23696636.0,4.0,4.0
CUST00740,2025-11,1.0,3261244.0,3261244.0,1.0,1876342.0,1876342.0,1.0,1.0
CUST00740,2025-12,3.0,3666482.0,1222160.6666666667,1.0,1412321.0,1412321.0,3.0,1.0
CUST00741,2025-01,3.0,77534403.0,25844801.0,3.0,127093977.0,42364659.0,3.0,3.0
CUST00741,2025-02,3.0,37027962.0,12342654.0,0.0,0.0,0.0,3.0,0.0
CUST00741,2025-03,2.0,83060307.0,41530153.5,3.0,258670565.0,86223521.66666667,2.0,3.0
CUST00741,2025-04,2.0,22662964.0,11331482.0,0.0,0.0,0.0,2.0,0.0
CUST00741,2025-06,2.0,24213207.0,12106603.5,3.0,69968432.0,23322810.666666668,2.0,3.0
CUST00741,2025-07,1.0,83341503.0,83341503.0,4.0,18358930.0,4589732.5,1.0,4.0
CUST00741,2025-08,6.0,78119069.0,13019844.833333334,2.0,15115563.0,7557781.5,6.0,2.0
CUST00741,2025-09,2.0,18085326.0,9042663.0,0.0,0.0,0.0,2.0,0.0
CUST00741,2025-10,2.0,38909887.0,19454943.5,1.0,2779759.0,2779759.0,2.0,1.0
CUST00741,2025-11,0.0,0.0,0.0,2.0,4769787.0,2384893.5,0.0,2.0
CUST00741,2025-12,1.0,16948316.0,16948316.0,1.0,6957753.0,6957753.0,1.0,1.0
CUST00742,2025-01,4.0,8422963.0,2105740.75,1.0,1736766.0,1736766.0,4.0,1.0
CUST00742,2025-02,2.0,3048954.0,1524477.0,1.0,1184390.0,1184390.0,2.0,1.0
CUST00742,2025-03,4.0,10280939.0,2570234.75,2.0,22109570.0,11054785.0,4.0,2.0
CUST00742,2025-04,3.0,7516814.0,2505604.6666666665,4.0,62966506.0,15741626.5,3.0,4.0
CUST00742,2025-05,1.0,1130821.0,1130821.0,2.0,21301117.0,10650558.5,1.0,2.0
CUST00742,2025-06,3.0,10330398.0,3443466.0,4.0,37086408.0,9271602.0,3.0,4.0
CUST00742,2025-07,7.0,23686705.0,3383815.0,2.0,14022744.0,7011372.0,7.0,2.0
CUST00742,2025-08,1.0,2156624.0,2156624.0,1.0,11149276.0,11149276.0,1.0,1.0
CUST00742,2025-09,1.0,1483170.0,1483170.0,2.0,3316891.0,1658445.5,1.0,2.0
CUST00742,2025-10,5.0,17053724.0,3410744.8,0.0,0.0,0.0,5.0,0.0
CUST00742,2025-11,4.0,13979300.0,3494825.0,1.0,2782840.0,2782840.0,4.0,1.0
CUST00742,2025-12,1.0,1988851.0,1988851.0,3.0,31193488.0,10397829.333333334,1.0,3.0
CUST00743,2025-01,3.0,13774785.0,4591595.0,3.0,354508783.0,118169594.33333333,3.0,3.0
CUST00743,2025-03,3.0,4147985.0,1382661.6666666667,4.0,157015919.0,39253979.75,3.0,4.0
CUST00743,2025-04,2.0,7114086.0,3557043.0,3.0,17426011.0,5808670.333333333,1.0,3.0
CUST00743,2025-05,3.0,6606919.0,2202306.3333333335,2.0,52355232.0,26177616.0,3.0,2.0
CUST00743,2025-06,3.0,5305893.0,1768631.0,0.0,0.0,0.0,3.0,0.0
CUST00743,2025-07,2.0,7136906.0,3568453.0,2.0,10043074.0,5021537.0,2.0,1.0
CUST00743,2025-08,3.0,6444947.0,2148315.6666666665,0.0,0.0,0.0,3.0,0.0
CUST00743,2025-09,2.0,8583869.0,4291934.5,2.0,24824800.0,12412400.0,2.0,2.0
CUST00743,2025-10,1.0,3991590.0,3991590.0,1.0,671426.0,671426.0,1.0,1.0
CUST00743,2025-11,2.0,6377090.0,3188545.0,1.0,583979.0,583979.0,2.0,1.0
CUST00743,2025-12,1.0,942099.0,942099.0,1.0,4653913.0,4653913.0,1.0,1.0
CUST00744,2025-01,2.0,4247703.0,2123851.5,3.0,34821796.0,11607265.333333334,2.0,3.0
CUST00744,2025-02,1.0,9348182.0,9348182.0,3.0,42741612.0,14247204.0,1.0,3.0
CUST00744,2025-03,2.0,4794939.0,2397469.5,2.0,31363546.0,15681773.0,2.0,2.0
CUST00744,2025-04,2.0,5066686.0,2533343.0,4.0,48809158.0,12202289.5,2.0,4.0
CUST00744,2025-05,2.0,6633813.0,3316906.5,4.0,260403278.0,65100819.5,2.0,4.0
CUST00744,2025-06,3.0,7485474.0,2495158.0,1.0,11876149.0,11876149.0,3.0,1.0
CUST00744,2025-07,2.0,1873956.0,936978.0,3.0,98832152.0,32944050.666666668,2.0,3.0
CUST00744,2025-08,2.0,3213515.0,1606757.5,0.0,0.0,0.0,2.0,0.0
CUST00744,2025-09,5.0,18858825.0,3771765.0,2.0,4991382.0,2495691.0,5.0,2.0
CUST00744,2025-10,1.0,423538.0,423538.0,1.0,7942529.0,7942529.0,1.0,1.0
CUST00744,2025-11,1.0,4430957.0,4430957.0,1.0,22716191.0,22716191.0,1.0,1.0
CUST00744,2025-12,2.0,12333556.0,6166778.0,0.0,0.0,0.0,2.0,0.0
CUST00745,2025-01,2.0,32690462.0,16345231.0,2.0,8428887.0,4214443.5,2.0,2.0
CUST00745,2025-02,1.0,23889846.0,23889846.0,4.0,191567112.0,47891778.0,1.0,4.0
CUST00745,2025-03,2.0,13075860.0,6537930.0,1.0,20427220.0,20427220.0,2.0,1.0
CUST00745,2025-04,2.0,67143736.0,33571868.0,2.0,52520929.0,26260464.5,2.0,2.0
CUST00745,2025-05,4.0,55452463.0,13863115.75,3.0,131057060.0,43685686.666666664,4.0,3.0
CUST00745,2025-06,4.0,172553379.0,43138344.75,1.0,17131265.0,17131265.0,4.0,1.0
CUST00745,2025-07,3.0,75373567.0,25124522.333333332,5.0,72617275.0,14523455.0,3.0,4.0
CUST00745,2025-08,3.0,98541775.0,32847258.333333332,2.0,9557373.0,4778686.5,3.0,2.0
CUST00745,2025-09,0.0,0.0,0.0,2.0,121996948.0,60998474.0,0.0,2.0
CUST00745,2025-10,4.0,72262355.0,18065588.75,2.0,98008905.0,49004452.5,4.0,2.0
CUST00745,2025-11,3.0,32229971.0,10743323.666666666,4.0,37708333.0,9427083.25,3.0,4.0
CUST00745,2025-12,2.0,46028194.0,23014097.0,3.0,11257636.0,3752545.3333333335,2.0,3.0
CUST00746,2025-01,3.0,5481275.0,1827091.6666666667,0.0,0.0,0.0,3.0,0.0
CUST00746,2025-02,4.0,13280953.0,3320238.25,2.0,2635203.0,1317601.5,3.0,2.0
CUST00746,2025-03,2.0,6134433.0,3067216.5,2.0,29020796.0,14510398.0,2.0,2.0
CUST00746,2025-04,4.0,4074620.0,1018655.0,1.0,72895628.0,72895628.0,4.0,1.0
CUST00746,2025-05,3.0,6776795.0,2258931.6666666665,1.0,3654420.0,3654420.0,3.0,1.0
CUST00746,2025-06,4.0,7312236.0,1828059.0,0.0,0.0,0.0,3.0,0.0
CUST00746,2025-07,1.0,2102525.0,2102525.0,0.0,0.0,0.0,1.0,0.0
CUST00746,2025-08,2.0,3894011.0,1947005.5,0.0,0.0,0.0,2.0,0.0
CUST00746,2025-09,6.0,13266939.0,2211156.5,1.0,36465081.0,36465081.0,6.0,1.0
CUST00746,2025-10,1.0,1308834.0,1308834.0,5.0,18678713.0,3735742.6,1.0,5.0
CUST00746,2025-11,1.0,2095490.0,2095490.0,0.0,0.0,0.0,1.0,0.0
CUST00746,2025-12,1.0,1778585.0,1778585.0,2.0,8896430.0,4448215.0,1.0,2.0
CUST00747,2025-01,1.0,46504111.0,46504111.0,4.0,31861025.0,7965256.25,1.0,4.0
CUST00747,2025-02,2.0,68131745.0,34065872.5,1.0,632394.0,632394.0,2.0,1.0
CUST00747,2025-03,3.0,60986371.0,20328790.333333332,3.0,64272380.0,21424126.666666668,3.0,3.0
CUST00747,2025-04,0.0,0.0,0.0,2.0,36261255.0,18130627.5,0.0,2.0
CUST00747,2025-05,3.0,173447770.0,57815923.333333336,2.0,39165350.0,19582675.0,3.0,2.0
CUST00747,2025-06,2.0,15214381.0,7607190.5,3.0,8346803.0,2782267.6666666665,2.0,3.0
CUST00747,2025-07,1.0,6974334.0,6974334.0,2.0,4075614.0,2037807.0,1.0,2.0
CUST00747,2025-08,0.0,0.0,0.0,3.0,116667018.0,38889006.0,0.0,3.0
CUST00747,2025-09,4.0,108368326.0,27092081.5,2.0,11705096.0,5852548.0,4.0,2.0
CUST00747,2025-10,1.0,10695641.0,10695641.0,3.0,11864755.0,3954918.3333333335,1.0,3.0
CUST00747,2025-11,1.0,35619991.0,35619991.0,6.0,83991070.0,13998511.666666666,1.0,5.0
CUST00747,2025-12,2.0,30711713.0,15355856.5,0.0,0.0,0.0,2.0,0.0
CUST00748,2025-01,2.0,190221508.0,95110754.0,2.0,12510509.0,6255254.5,2.0,2.0
CUST00748,2025-02,3.0,196255553.0,65418517.666666664,1.0,2941367.0,2941367.0,3.0,1.0
CUST00748,2025-03,1.0,76578960.0,76578960.0,3.0,60617949.0,20205983.0,1.0,3.0
CUST00748,2025-04,3.0,279972580.0,93324193.33333333,3.0,1626399.0,542133.0,3.0,3.0
CUST00748,2025-05,3.0,224475250.0,74825083.33333333,2.0,35428754.0,17714377.0,3.0,2.0
CUST00748,2025-06,3.0,225603617.0,75201205.66666667,2.0,19268364.0,9634182.0,3.0,2.0
CUST00748,2025-07,2.0,187453116.0,93726558.0,0.0,0.0,0.0,2.0,0.0
CUST00748,2025-08,4.0,253049649.0,63262412.25,0.0,0.0,0.0,4.0,0.0
CUST00748,2025-09,0.0,0.0,0.0,3.0,59801997.0,19933999.0,0.0,3.0
CUST00748,2025-10,1.0,237473718.0,237473718.0,1.0,5020665.0,5020665.0,1.0,1.0
CUST00748,2025-11,2.0,836610251.0,418305125.5,3.0,4011795.0,1337265.0,2.0,3.0
CUST00748,2025-12,2.0,147062447.0,73531223.5,5.0,30120149.0,6024029.8,2.0,4.0
CUST00749,2025-01,1.0,2120673.0,2120673.0,2.0,23348853.0,11674426.5,1.0,2.0
CUST00749,2025-02,1.0,879088.0,879088.0,0.0,0.0,0.0,1.0,0.0
CUST00749,2025-03,3.0,13885394.0,4628464.666666667,8.0,71251086.0,8906385.75,3.0,7.0
CUST00749,2025-04,3.0,7613123.0,2537707.6666666665,2.0,47119313.0,23559656.5,3.0,2.0
CUST00749,2025-05,0.0,0.0,0.0,1.0,2187507.0,2187507.0,0.0,1.0
CUST00749,2025-06,1.0,1862312.0,1862312.0,0.0,0.0,0.0,1.0,0.0
CUST00749,2025-07,1.0,1037431.0,1037431.0,1.0,1720168.0,1720168.0,1.0,1.0
CUST00749,2025-08,2.0,5048597.0,2524298.5,1.0,9956266.0,9956266.0,2.0,1.0
CUST00749,2025-09,4.0,13270963.0,3317740.75,4.0,17692571.0,4423142.75,4.0,4.0
CUST00749,2025-10,4.0,10118259.0,2529564.75,2.0,3624852.0,1812426.0,4.0,2.0
CUST00749,2025-11,4.0,5192792.0,1298198.0,3.0,27670618.0,9223539.333333334,4.0,3.0
CUST00749,2025-12,2.0,7481717.0,3740858.5,2.0,80966163.0,40483081.5,2.0,2.0
CUST00750,2025-01,3.0,10209462.0,3403154.0,2.0,23527823.0,11763911.5,3.0,2.0
CUST00750,2025-02,3.0,11735445.0,3911815.0,1.0,840687.0,840687.0,3.0,1.0
CUST00750,2025-03,2.0,3271617.0,1635808.5,0.0,0.0,0.0,2.0,0.0
CUST00750,2025-04,1.0,4757003.0,4757003.0,2.0,1182047.0,591023.5,1.0,2.0
CUST00750,2025-05,3.0,8330644.0,2776881.3333333335,7.0,77345601.0,11049371.57142857,3.0,7.0
CUST00750,2025-06,1.0,1608623.0,1608623.0,0.0,0.0,0.0,1.0,0.0
CUST00750,2025-07,1.0,1045261.0,1045261.0,3.0,7003228.0,2334409.3333333335,1.0,3.0
CUST00750,2025-08,3.0,3816725.0,1272241.6666666667,1.0,4981442.0,4981442.0,3.0,1.0
CUST00750,2025-09,3.0,9639867.0,3213289.0,3.0,32011576.0,10670525.333333334,3.0,3.0
CUST00750,2025-10,2.0,6086592.0,3043296.0,3.0,73947582.0,24649194.0,2.0,3.0
CUST00750,2025-11,5.0,13484614.0,2696922.8,0.0,0.0,0.0,5.0,0.0
CUST00750,2025-12,0.0,0.0,0.0,2.0,74746109.0,37373054.5,0.0,2.0
CUST00751,2025-01,2.0,8622494.0,4311247.0,4.0,35312824.0,8828206.0,2.0,4.0
CUST00751,2025-02,2.0,8576772.0,4288386.0,2.0,123579931.0,61789965.5,2.0,2.0
CUST00751,2025-03,1.0,3073341.0,3073341.0,0.0,0.0,0.0,1.0,0.0
CUST00751,2025-04,2.0,2726626.0,1363313.0,2.0,14904995.0,7452497.5,2.0,2.0
CUST00751,2025-05,2.0,1825283.0,912641.5,2.0,16024477.0,8012238.5,2.0,2.0
CUST00751,2025-07,1.0,1504740.0,1504740.0,1.0,1276014.0,1276014.0,1.0,1.0
CUST00751,2025-08,1.0,5042914.0,5042914.0,2.0,8107499.0,4053749.5,1.0,2.0
CUST00751,2025-09,1.0,2227953.0,2227953.0,3.0,9944168.0,3314722.6666666665,1.0,3.0
CUST00751,2025-10,2.0,1536489.0,768244.5,2.0,41712799.0,20856399.5,2.0,2.0
CUST00751,2025-11,2.0,7016241.0,3508120.5,0.0,0.0,0.0,2.0,0.0
CUST00751,2025-12,2.0,4154626.0,2077313.0,2.0,21402573.0,10701286.5,2.0,2.0
CUST00752,2025-01,4.0,9730660.0,2432665.0,1.0,33078873.0,33078873.0,4.0,1.0
CUST00752,2025-02,1.0,1811893.0,1811893.0,1.0,11998453.0,11998453.0,1.0,1.0
CUST00752,2025-03,0.0,0.0,0.0,1.0,7670848.0,7670848.0,0.0,1.0
CUST00752,2025-04,4.0,4572193.0,1143048.25,3.0,8696555.0,2898851.6666666665,4.0,3.0
CUST00752,2025-05,2.0,5402416.0,2701208.0,5.0,62326768.0,12465353.6,2.0,5.0
CUST00752,2025-06,0.0,0.0,0.0,1.0,8984860.0,8984860.0,0.0,1.0
CUST00752,2025-07,2.0,3304280.0,1652140.0,3.0,41989634.0,13996544.666666666,2.0,3.0
CUST00752,2025-08,1.0,2430036.0,2430036.0,1.0,2820858.0,2820858.0,1.0,1.0
CUST00752,2025-09,1.0,3289563.0,3289563.0,1.0,1909440.0,1909440.0,1.0,1.0
CUST00752,2025-10,3.0,16415519.0,5471839.666666667,5.0,15208890.0,3041778.0,3.0,5.0
CUST00752,2025-11,1.0,1562800.0,1562800.0,2.0,17542478.0,8771239.0,1.0,2.0
CUST00752,2025-12,1.0,1125369.0,1125369.0,2.0,90738948.0,45369474.0,1.0,2.0
CUST00753,2025-01,4.0,5496263.0,1374065.75,2.0,6871653.0,3435826.5,4.0,2.0
CUST00753,2025-02,3.0,7957384.0,2652461.3333333335,1.0,3123034.0,3123034.0,3.0,1.0
CUST00753,2025-03,2.0,3880262.0,1940131.0,0.0,0.0,0.0,2.0,0.0
CUST00753,2025-04,3.0,5363619.0,1787873.0,3.0,29336805.0,9778935.0,3.0,3.0
CUST00753,2025-05,1.0,4058264.0,4058264.0,2.0,22394389.0,11197194.5,1.0,2.0
CUST00753,2025-06,3.0,7931249.0,2643749.6666666665,1.0,3291705.0,3291705.0,3.0,1.0
CUST00753,2025-07,4.0,15765227.0,3941306.75,2.0,4145038.0,2072519.0,3.0,2.0
CUST00753,2025-08,3.0,3835643.0,1278547.6666666667,3.0,31892224.0,10630741.333333334,3.0,3.0
CUST00753,2025-09,1.0,725058.0,725058.0,1.0,378921.0,378921.0,1.0,1.0
CUST00753,2025-10,0.0,0.0,0.0,1.0,2775953.0,2775953.0,0.0,1.0
CUST00753,2025-11,0.0,0.0,0.0,2.0,50054873.0,25027436.5,0.0,2.0
CUST00753,2025-12,2.0,3475725.0,1737862.5,3.0,12361066.0,4120355.3333333335,2.0,3.0
CUST00754,2025-01,3.0,588585760.0,196195253.33333334,4.0,12927013.0,3231753.25,3.0,4.0
CUST00754,2025-02,4.0,243254590.0,60813647.5,1.0,74987953.0,74987953.0,3.0,1.0
CUST00754,2025-03,1.0,19193248.0,19193248.0,0.0,0.0,0.0,1.0,0.0
CUST00754,2025-04,2.0,83487946.0,41743973.0,5.0,62109164.0,12421832.8,2.0,5.0
CUST00754,2025-05,1.0,32678867.0,32678867.0,3.0,11945093.0,3981697.6666666665,1.0,3.0
CUST00754,2025-06,4.0,486089295.0,121522323.75,4.0,444853069.0,111213267.25,4.0,4.0
CUST00754,2025-07,4.0,323770240.0,80942560.0,3.0,12065945.0,4021981.6666666665,4.0,3.0
CUST00754,2025-08,2.0,234449440.0,117224720.0,1.0,6635092.0,6635092.0,2.0,1.0
CUST00754,2025-09,2.0,229875076.0,114937538.0,4.0,45985030.0,11496257.5,2.0,4.0
CUST00754,2025-10,3.0,655707907.0,218569302.33333334,3.0,3943547.0,1314515.6666666667,3.0,3.0
CUST00754,2025-11,1.0,85768617.0,85768617.0,1.0,3850323.0,3850323.0,1.0,1.0
CUST00754,2025-12,2.0,114188824.0,57094412.0,0.0,0.0,0.0,2.0,0.0
CUST00755,2025-01,0.0,0.0,0.0,2.0,116633246.0,58316623.0,0.0,2.0
CUST00755,2025-02,0.0,0.0,0.0,1.0,3850315.0,3850315.0,0.0,1.0
CUST00755,2025-03,2.0,30831233.0,15415616.5,5.0,64342694.0,12868538.8,2.0,5.0
CUST00755,2025-04,3.0,102289878.0,34096626.0,2.0,8581325.0,4290662.5,3.0,2.0
CUST00755,2025-05,5.0,131910919.0,26382183.8,2.0,10854285.0,5427142.5,5.0,2.0
CUST00755,2025-06,4.0,55853793.0,13963448.25,0.0,0.0,0.0,4.0,0.0
CUST00755,2025-07,1.0,15331727.0,15331727.0,1.0,24255386.0,24255386.0,1.0,1.0
CUST00755,2025-08,3.0,43380463.0,14460154.333333334,3.0,12382072.0,4127357.3333333335,2.0,3.0
CUST00755,2025-09,2.0,74704629.0,37352314.5,5.0,87014042.0,17402808.4,2.0,5.0
CUST00755,2025-10,1.0,30132205.0,30132205.0,4.0,56296880.0,14074220.0,1.0,4.0
CUST00755,2025-11,2.0,31734512.0,15867256.0,1.0,1564070.0,1564070.0,2.0,1.0
CUST00755,2025-12,3.0,48053309.0,16017769.666666666,1.0,535144.0,535144.0,3.0,1.0
CUST00756,2025-01,4.0,88245593.0,22061398.25,1.0,22045835.0,22045835.0,4.0,1.0
CUST00756,2025-02,1.0,31923042.0,31923042.0,0.0,0.0,0.0,1.0,0.0
CUST00756,2025-03,3.0,53699038.0,17899679.333333332,1.0,295112.0,295112.0,3.0,1.0
CUST00756,2025-04,2.0,62633670.0,31316835.0,4.0,40797471.0,10199367.75,2.0,4.0
CUST00756,2025-05,1.0,21297147.0,21297147.0,3.0,37758954.0,12586318.0,1.0,3.0
CUST00756,2025-06,0.0,0.0,0.0,1.0,9673357.0,9673357.0,0.0,1.0
CUST00756,2025-07,2.0,30440243.0,15220121.5,1.0,95377559.0,95377559.0,2.0,1.0
CUST00756,2025-08,5.0,74366920.0,14873384.0,1.0,710448.0,710448.0,5.0,1.0
CUST00756,2025-09,0.0,0.0,0.0,1.0,1895079.0,1895079.0,0.0,1.0
CUST00756,2025-10,2.0,18746076.0,9373038.0,2.0,14778518.0,7389259.0,2.0,2.0
CUST00756,2025-11,3.0,42484219.0,14161406.333333334,0.0,0.0,0.0,3.0,0.0
CUST00756,2025-12,2.0,48527721.0,24263860.5,2.0,12560386.0,6280193.0,2.0,2.0
CUST00757,2025-01,2.0,6742219.0,3371109.5,0.0,0.0,0.0,2.0,0.0
CUST00757,2025-02,2.0,5788171.0,2894085.5,1.0,56659388.0,56659388.0,2.0,1.0
CUST00757,2025-03,2.0,7519113.0,3759556.5,3.0,14361875.0,4787291.666666667,2.0,3.0
CUST00757,2025-04,0.0,0.0,0.0,2.0,124319482.0,62159741.0,0.0,2.0
CUST00757,2025-05,1.0,3466012.0,3466012.0,0.0,0.0,0.0,1.0,0.0
CUST00757,2025-06,1.0,2372736.0,2372736.0,2.0,7153674.0,3576837.0,1.0,2.0
CUST00757,2025-07,2.0,2213531.0,1106765.5,1.0,7381084.0,7381084.0,2.0,1.0
CUST00757,2025-08,0.0,0.0,0.0,1.0,753161.0,753161.0,0.0,1.0
CUST00757,2025-09,2.0,2627866.0,1313933.0,1.0,694530.0,694530.0,2.0,1.0
CUST00757,2025-10,1.0,4583349.0,4583349.0,3.0,211894138.0,70631379.33333333,1.0,3.0
CUST00757,2025-11,3.0,5453177.0,1817725.6666666667,0.0,0.0,0.0,3.0,0.0
CUST00757,2025-12,2.0,6582360.0,3291180.0,5.0,93899657.0,18779931.4,2.0,5.0
CUST00758,2025-01,1.0,10543314.0,10543314.0,3.0,16241973.0,5413991.0,1.0,3.0
CUST00758,2025-02,1.0,33606980.0,33606980.0,1.0,2106366.0,2106366.0,1.0,1.0
CUST00758,2025-03,5.0,111327258.0,22265451.6,2.0,22089650.0,11044825.0,5.0,2.0
CUST00758,2025-04,3.0,63043889.0,21014629.666666668,4.0,25669597.0,6417399.25,3.0,4.0
CUST00758,2025-05,0.0,0.0,0.0,1.0,7724435.0,7724435.0,0.0,1.0
CUST00758,2025-06,1.0,4432951.0,4432951.0,1.0,1464046.0,1464046.0,1.0,1.0
CUST00758,2025-07,3.0,66267147.0,22089049.0,1.0,17879989.0,17879989.0,3.0,1.0
CUST00758,2025-08,1.0,11889147.0,11889147.0,1.0,35774982.0,35774982.0,1.0,1.0
CUST00758,2025-09,0.0,0.0,0.0,2.0,20454645.0,10227322.5,0.0,2.0
CUST00758,2025-10,3.0,20360248.0,6786749.333333333,2.0,48181640.0,24090820.0,3.0,2.0
CUST00758,2025-11,3.0,39681007.0,13227002.333333334,2.0,30168997.0,15084498.5,3.0,2.0
CUST00758,2025-12,0.0,0.0,0.0,2.0,4849837.0,2424918.5,0.0,2.0
CUST00759,2025-01,1.0,94661973.0,94661973.0,2.0,107247441.0,53623720.5,1.0,2.0
CUST00759,2025-02,2.0,375543562.0,187771781.0,3.0,26369056.0,8789685.333333334,2.0,3.0
CUST00759,2025-03,4.0,239104676.0,59776169.0,1.0,314451.0,314451.0,4.0,1.0
CUST00759,2025-04,4.0,626601623.0,156650405.75,1.0,57244490.0,57244490.0,3.0,1.0
CUST00759,2025-05,2.0,115440892.0,57720446.0,0.0,0.0,0.0,2.0,0.0
CUST00759,2025-06,2.0,185657596.0,92828798.0,1.0,24495891.0,24495891.0,2.0,1.0
CUST00759,2025-07,2.0,125365591.0,62682795.5,3.0,20824791.0,6941597.0,2.0,3.0
CUST00759,2025-08,4.0,549184667.0,137296166.75,2.0,54189964.0,27094982.0,4.0,2.0
CUST00759,2025-09,1.0,27160959.0,27160959.0,1.0,53843793.0,53843793.0,1.0,1.0
CUST00759,2025-10,0.0,0.0,0.0,4.0,60630223.0,15157555.75,0.0,4.0
CUST00759,2025-12,1.0,182007233.0,182007233.0,5.0,345759600.0,69151920.0,1.0,5.0
CUST00760,2025-01,3.0,48256447.0,16085482.333333334,5.0,14459637.0,2891927.4,3.0,5.0
CUST00760,2025-02,0.0,0.0,0.0,2.0,4640018.0,2320009.0,0.0,2.0
CUST00760,2025-03,2.0,40154743.0,20077371.5,1.0,3735421.0,3735421.0,2.0,1.0
CUST00760,2025-04,2.0,12522394.0,6261197.0,0.0,0.0,0.0,2.0,0.0
CUST00760,2025-05,2.0,57052049.0,28526024.5,4.0,15857702.0,3964425.5,2.0,4.0
CUST00760,2025-06,1.0,7582687.0,7582687.0,2.0,2909983.0,1454991.5,1.0,2.0
CUST00760,2025-07,1.0,24255386.0,24255386.0,2.0,2360654.0,1180327.0,1.0,2.0
CUST00760,2025-08,3.0,61514814.0,20504938.0,1.0,1696079.0,1696079.0,3.0,1.0
CUST00760,2025-09,1.0,29250712.0,29250712.0,2.0,7848862.0,3924431.0,1.0,2.0
CUST00760,2025-10,2.0,68639011.0,34319505.5,3.0,5291562.0,1763854.0,2.0,3.0
CUST00760,2025-11,3.0,54550009.0,18183336.333333332,1.0,1176044.0,1176044.0,3.0,1.0
CUST00760,2025-12,2.0,41843213.0,20921606.5,4.0,10579825.0,2644956.25,2.0,4.0
CUST00761,2025-01,1.0,1615777.0,1615777.0,1.0,46504111.0,46504111.0,1.0,1.0
CUST00761,2025-02,0.0,0.0,0.0,2.0,8717391.0,4358695.5,0.0,2.0
CUST00761,2025-03,0.0,0.0,0.0,2.0,5581586.0,2790793.0,0.0,2.0
CUST00761,2025-04,3.0,5372202.0,1790734.0,4.0,11173896.0,2793474.0,3.0,4.0
CUST00761,2025-05,4.0,6421450.0,1605362.5,4.0,218567772.0,54641943.0,4.0,4.0
CUST00761,2025-06,2.0,3936574.0,1968287.0,1.0,1422490.0,1422490.0,2.0,1.0
CUST00761,2025-07,3.0,2716889.0,905629.6666666666,2.0,22677078.0,11338539.0,3.0,2.0
CUST00761,2025-08,4.0,7505513.0,1876378.25,3.0,275203975.0,91734658.33333333,4.0,3.0
CUST00761,2025-09,2.0,8159506.0,4079753.0,1.0,16116137.0,16116137.0,2.0,1.0
CUST00761,2025-10,1.0,1336502.0,1336502.0,3.0,38479686.0,12826562.0,1.0,3.0
CUST00761,2025-11,3.0,6925608.0,2308536.0,3.0,54138933.0,18046311.0,3.0,3.0
CUST00761,2025-12,4.0,7253758.0,1813439.5,1.0,27526875.0,27526875.0,4.0,1.0
CUST00762,2025-01,1.0,22635419.0,22635419.0,0.0,0.0,0.0,1.0,0.0
CUST00762,2025-02,1.0,9874180.0,9874180.0,4.0,549310429.0,137327607.25,1.0,4.0
CUST00762,2025-03,4.0,76681936.0,19170484.0,3.0,2435177.0,811725.6666666666,4.0,3.0
CUST00762,2025-04,2.0,24658032.0,12329016.0,0.0,0.0,0.0,1.0,0.0
CUST00762,2025-05,2.0,66203561.0,33101780.5,2.0,15882823.0,7941411.5,2.0,2.0
CUST00762,2025-06,2.0,45365795.0,22682897.5,3.0,133227006.0,44409002.0,2.0,3.0
CUST00762,2025-07,3.0,50253677.0,16751225.666666666,0.0,0.0,0.0,2.0,0.0
CUST00762,2025-08,2.0,28717205.0,14358602.5,2.0,3495764.0,1747882.0,2.0,2.0
CUST00762,2025-09,3.0,55565814.0,18521938.0,1.0,2577008.0,2577008.0,3.0,1.0
CUST00762,2025-10,5.0,111613827.0,22322765.4,2.0,5135302.0,2567651.0,5.0,2.0
CUST00762,2025-11,1.0,13365058.0,13365058.0,2.0,18177922.0,9088961.0,1.0,2.0
CUST00762,2025-12,2.0,26938114.0,13469057.0,3.0,14589390.0,4863130.0,2.0,3.0
CUST00763,2025-01,1.0,3969034.0,3969034.0,4.0,21342838.0,5335709.5,1.0,4.0
CUST00763,2025-02,0.0,0.0,0.0,3.0,30921001.0,10307000.333333334,0.0,3.0
CUST00763,2025-03,5.0,10125232.0,2025046.4,1.0,5619962.0,5619962.0,5.0,1.0
CUST00763,2025-04,2.0,2469272.0,1234636.0,3.0,18633858.0,6211286.0,2.0,3.0
CUST00763,2025-05,3.0,5827314.0,1942438.0,4.0,175319440.0,43829860.0,3.0,4.0
CUST00763,2025-06,0.0,0.0,0.0,3.0,11022140.0,3674046.6666666665,0.0,3.0
CUST00763,2025-07,1.0,3985823.0,3985823.0,1.0,6763560.0,6763560.0,1.0,1.0
CUST00763,2025-08,2.0,4829775.0,2414887.5,3.0,76370357.0,25456785.666666668,2.0,3.0
CUST00763,2025-09,3.0,4397142.0,1465714.0,3.0,9113196.0,3037732.0,3.0,3.0
CUST00763,2025-10,1.0,2403091.0,2403091.0,3.0,62211698.0,20737232.666666668,1.0,3.0
CUST00763,2025-11,1.0,2733084.0,2733084.0,1.0,23931947.0,23931947.0,1.0,1.0
CUST00763,2025-12,2.0,6249191.0,3124595.5,1.0,729632.0,729632.0,2.0,1.0
CUST00764,2025-01,2.0,11482452.0,5741226.0,2.0,9173657.0,4586828.5,2.0,2.0
CUST00764,2025-02,1.0,889445.0,889445.0,1.0,837515.0,837515.0,1.0,1.0
CUST00764,2025-03,1.0,2492783.0,2492783.0,4.0,29675489.0,7418872.25,1.0,4.0
CUST00764,2025-04,2.0,9906155.0,4953077.5,0.0,0.0,0.0,2.0,0.0
CUST00764,2025-05,0.0,0.0,0.0,2.0,28634639.0,14317319.5,0.0,2.0
CUST00764,2025-06,1.0,1908535.0,1908535.0,3.0,4981017.0,1660339.0,1.0,3.0
CUST00764,2025-07,4.0,11836537.0,2959134.25,1.0,2038532.0,2038532.0,4.0,1.0
CUST00764,2025-09,4.0,13805191.0,3451297.75,1.0,4101509.0,4101509.0,4.0,1.0
CUST00764,2025-10,1.0,3134736.0,3134736.0,4.0,4507836.0,1126959.0,1.0,4.0
CUST00764,2025-11,3.0,5600923.0,1866974.3333333333,3.0,26171934.0,8723978.0,3.0,3.0
CUST00764,2025-12,3.0,4481196.0,1493732.0,4.0,11936439.0,2984109.75,3.0,4.0
CUST00765,2025-01,4.0,10876775.0,2719193.75,3.0,4119253.0,1373084.3333333333,4.0,3.0
CUST00765,2025-02,2.0,3214118.0,1607059.0,3.0,39339544.0,13113181.333333334,2.0,3.0
CUST00765,2025-03,2.0,2102489.0,1051244.5,3.0,21066942.0,7022314.0,2.0,3.0
CUST00765,2025-04,5.0,9444057.0,1888811.4,0.0,0.0,0.0,5.0,0.0
CUST00765,2025-05,1.0,1015499.0,1015499.0,1.0,935234.0,935234.0,1.0,1.0
CUST00765,2025-06,3.0,6292215.0,2097405.0,4.0,11093778.0,2773444.5,3.0,4.0
CUST00765,2025-07,0.0,0.0,0.0,1.0,3216249.0,3216249.0,0.0,1.0
CUST00765,2025-08,4.0,7945307.0,1986326.75,0.0,0.0,0.0,3.0,0.0
CUST00765,2025-09,2.0,3208136.0,1604068.0,1.0,1568223.0,1568223.0,2.0,1.0
CUST00765,2025-10,4.0,6427600.0,1606900.0,1.0,2610410.0,2610410.0,3.0,1.0
CUST00765,2025-11,2.0,4254679.0,2127339.5,0.0,0.0,0.0,2.0,0.0
CUST00765,2025-12,3.0,8537664.0,2845888.0,4.0,83027800.0,20756950.0,3.0,4.0
CUST00766,2025-01,1.0,12810795.0,12810795.0,2.0,68540814.0,34270407.0,1.0,2.0
CUST00766,2025-02,3.0,66044420.0,22014806.666666668,3.0,355057401.0,118352467.0,3.0,3.0
CUST00766,2025-03,2.0,77696847.0,38848423.5,5.0,44055221.0,8811044.2,2.0,5.0
CUST00766,2025-05,0.0,0.0,0.0,1.0,7083257.0,7083257.0,0.0,1.0
CUST00766,2025-06,0.0,0.0,0.0,1.0,641384001.0,641384001.0,0.0,1.0
CUST00766,2025-07,1.0,15557970.0,15557970.0,3.0,21366644.0,7122214.666666667,1.0,3.0
CUST00766,2025-08,1.0,13525934.0,13525934.0,1.0,2409653.0,2409653.0,1.0,1.0
CUST00766,2025-09,2.0,38602014.0,19301007.0,2.0,4681545.0,2340772.5,2.0,2.0
CUST00766,2025-10,8.0,152245219.0,19030652.375,2.0,163216236.0,81608118.0,8.0,2.0
CUST00766,2025-11,3.0,39698490.0,13232830.0,3.0,42590065.0,14196688.333333334,3.0,3.0
CUST00766,2025-12,2.0,45023634.0,22511817.0,1.0,1666615.0,1666615.0,2.0,1.0
CUST00767,2025-01,2.0,32045820.0,16022910.0,2.0,13039494.0,6519747.0,2.0,2.0
CUST00767,2025-03,2.0,24346200.0,12173100.0,2.0,13551957.0,6775978.5,2.0,2.0
CUST00767,2025-04,0.0,0.0,0.0,2.0,11882934.0,5941467.0,0.0,2.0
CUST00767,2025-05,2.0,23341268.0,11670634.0,3.0,103145815.0,34381938.333333336,2.0,3.0
CUST00767,2025-06,1.0,21866694.0,21866694.0,4.0,21003295.0,5250823.75,1.0,3.0
CUST00767,2025-07,4.0,66056262.0,16514065.5,1.0,1290938.0,1290938.0,4.0,1.0
CUST00767,2025-08,4.0,38205128.0,9551282.0,1.0,22392522.0,22392522.0,4.0,1.0
CUST00767,2025-09,1.0,3238098.0,3238098.0,2.0,3540232.0,1770116.0,1.0,2.0
CUST00767,2025-10,1.0,13859281.0,13859281.0,3.0,4986168.0,1662056.0,1.0,3.0
CUST00767,2025-11,1.0,13174224.0,13174224.0,0.0,0.0,0.0,1.0,0.0
CUST00767,2025-12,5.0,76701191.0,15340238.2,2.0,91193337.0,45596668.5,5.0,2.0
CUST00768,2025-01,1.0,5560828.0,5560828.0,1.0,47821573.0,47821573.0,1.0,1.0
CUST00768,2025-02,0.0,0.0,0.0,2.0,4058240.0,2029120.0,0.0,2.0
CUST00768,2025-03,3.0,8111526.0,2703842.0,2.0,107209409.0,53604704.5,3.0,2.0
CUST00768,2025-04,3.0,10024460.0,3341486.6666666665,0.0,0.0,0.0,3.0,0.0
CUST00768,2025-05,2.0,2421695.0,1210847.5,3.0,23524331.0,7841443.666666667,2.0,2.0
CUST00768,2025-06,1.0,3598304.0,3598304.0,1.0,3165372.0,3165372.0,1.0,1.0
CUST00768,2025-07,1.0,450561.0,450561.0,2.0,13598518.0,6799259.0,1.0,2.0
CUST00768,2025-08,2.0,8948843.0,4474421.5,3.0,30549290.0,10183096.666666666,2.0,3.0
CUST00768,2025-09,1.0,9616680.0,9616680.0,2.0,168229841.0,84114920.5,1.0,2.0
CUST00768,2025-10,0.0,0.0,0.0,3.0,181896777.0,60632259.0,0.0,3.0
CUST00768,2025-11,2.0,7050100.0,3525050.0,1.0,1601339.0,1601339.0,2.0,1.0
CUST00768,2025-12,5.0,10074791.0,2014958.2,2.0,9946177.0,4973088.5,5.0,2.0
CUST00769,2025-01,0.0,0.0,0.0,2.0,68226884.0,34113442.0,0.0,2.0
CUST00769,2025-02,6.0,30724405.0,5120734.166666667,2.0,124306583.0,62153291.5,6.0,2.0
CUST00769,2025-03,0.0,0.0,0.0,3.0,84489631.0,28163210.333333332,0.0,3.0
CUST00769,2025-04,1.0,2218957.0,2218957.0,2.0,21764345.0,10882172.5,1.0,2.0
CUST00769,2025-05,0.0,0.0,0.0,1.0,1528378.0,1528378.0,0.0,1.0
CUST00769,2025-06,1.0,1844633.0,1844633.0,1.0,49180584.0,49180584.0,1.0,1.0
CUST00769,2025-07,3.0,2400244.0,800081.3333333334,4.0,36348131.0,9087032.75,3.0,4.0
CUST00769,2025-08,2.0,8576520.0,4288260.0,4.0,78735331.0,19683832.75,2.0,4.0
CUST00769,2025-09,3.0,6721622.0,2240540.6666666665,1.0,4001798.0,4001798.0,3.0,1.0
CUST00769,2025-10,0.0,0.0,0.0,2.0,257989426.0,128994713.0,0.0,2.0
CUST00769,2025-11,1.0,2294685.0,2294685.0,0.0,0.0,0.0,1.0,0.0
CUST00769,2025-12,1.0,7863198.0,7863198.0,2.0,3706476.0,1853238.0,1.0,2.0
CUST00770,2025-01,3.0,4655591.0,1551863.6666666667,4.0,27616734.0,6904183.5,3.0,4.0
CUST00770,2025-02,4.0,11342705.0,2835676.25,0.0,0.0,0.0,4.0,0.0
CUST00770,2025-03,2.0,2779600.0,1389800.0,2.0,4030520.0,2015260.0,1.0,2.0
CUST00770,2025-04,2.0,7471403.0,3735701.5,0.0,0.0,0.0,2.0,0.0
CUST00770,2025-05,2.0,2028402.0,1014201.0,1.0,108388865.0,108388865.0,2.0,1.0
CUST00770,2025-06,1.0,736288.0,736288.0,3.0,44678971.0,14892990.333333334,1.0,3.0
CUST00770,2025-07,1.0,5403919.0,5403919.0,5.0,51524244.0,10304848.8,1.0,5.0
CUST00770,2025-08,2.0,4067880.0,2033940.0,2.0,30525488.0,15262744.0,2.0,2.0
CUST00770,2025-09,0.0,0.0,0.0,1.0,1133874.0,1133874.0,0.0,1.0
CUST00770,2025-10,0.0,0.0,0.0,6.0,268608470.0,44768078.333333336,0.0,6.0
CUST00770,2025-11,4.0,14137165.0,3534291.25,1.0,56979681.0,56979681.0,4.0,1.0
CUST00770,2025-12,1.0,1200047.0,1200047.0,1.0,150267750.0,150267750.0,1.0,1.0
CUST00771,2025-01,0.0,0.0,0.0,1.0,2319694.0,2319694.0,0.0,1.0
CUST00771,2025-02,3.0,5797056.0,1932352.0,1.0,5993910.0,5993910.0,3.0,1.0
CUST00771,2025-03,3.0,5313693.0,1771231.0,1.0,1456041.0,1456041.0,3.0,1.0
CUST00771,2025-04,3.0,2853167.0,951055.6666666666,0.0,0.0,0.0,3.0,0.0
CUST00771,2025-05,2.0,2627003.0,1313501.5,0.0,0.0,0.0,2.0,0.0
CUST00771,2025-06,5.0,24200834.0,4840166.8,3.0,19928804.0,6642934.666666667,5.0,3.0
CUST00771,2025-07,4.0,25535641.0,6383910.25,3.0,22012670.0,7337556.666666667,3.0,3.0
CUST00771,2025-08,1.0,3013222.0,3013222.0,1.0,3275818.0,3275818.0,1.0,1.0
CUST00771,2025-09,1.0,2285730.0,2285730.0,4.0,31686849.0,7921712.25,1.0,4.0
CUST00771,2025-10,3.0,7714378.0,2571459.3333333335,1.0,1233138.0,1233138.0,3.0,1.0
CUST00771,2025-11,0.0,0.0,0.0,3.0,84932028.0,28310676.0,0.0,3.0
CUST00771,2025-12,2.0,6684343.0,3342171.5,2.0,81630911.0,40815455.5,2.0,2.0
CUST00772,2025-01,4.0,4164079.0,1041019.75,3.0,15016174.0,5005391.333333333,4.0,3.0
CUST00772,2025-02,3.0,2155871.0,718623.6666666666,2.0,8587500.0,4293750.0,3.0,2.0
CUST00772,2025-03,2.0,4897007.0,2448503.5,2.0,14562810.0,7281405.0,2.0,2.0
CUST00772,2025-04,1.0,1733396.0,1733396.0,3.0,30617404.0,10205801.333333334,1.0,3.0
CUST00772,2025-05,4.0,20235329.0,5058832.25,2.0,68763141.0,34381570.5,4.0,2.0
CUST00772,2025-06,2.0,8418862.0,4209431.0,5.0,89576073.0,17915214.6,1.0,4.0
CUST00772,2025-07,2.0,1395340.0,697670.0,0.0,0.0,0.0,2.0,0.0
CUST00772,2025-08,0.0,0.0,0.0,5.0,101672667.0,20334533.4,0.0,5.0
CUST00772,2025-09,0.0,0.0,0.0,1.0,1092165.0,1092165.0,0.0,1.0
CUST00772,2025-10,4.0,8155748.0,2038937.0,3.0,187457289.0,62485763.0,4.0,3.0
CUST00772,2025-11,0.0,0.0,0.0,1.0,1481813.0,1481813.0,0.0,1.0
CUST00772,2025-12,4.0,11909281.0,2977320.25,0.0,0.0,0.0,4.0,0.0
CUST00773,2025-01,1.0,1877274.0,1877274.0,2.0,13488980.0,6744490.0,1.0,2.0
CUST00773,2025-02,2.0,4394929.0,2197464.5,3.0,15760849.0,5253616.333333333,2.0,3.0
CUST00773,2025-03,1.0,1247986.0,1247986.0,5.0,202479234.0,40495846.8,1.0,5.0
CUST00773,2025-04,2.0,4206286.0,2103143.0,2.0,16865057.0,8432528.5,2.0,2.0
CUST00773,2025-05,1.0,2479495.0,2479495.0,3.0,87862917.0,29287639.0,1.0,3.0
CUST00773,2025-06,2.0,2702498.0,1351249.0,2.0,11613753.0,5806876.5,2.0,2.0
CUST00773,2025-07,0.0,0.0,0.0,2.0,3438621.0,1719310.5,0.0,2.0
CUST00773,2025-08,0.0,0.0,0.0,4.0,114962804.0,28740701.0,0.0,4.0
CUST00773,2025-09,0.0,0.0,0.0,3.0,72797646.0,24265882.0,0.0,3.0
CUST00773,2025-10,1.0,2636207.0,2636207.0,1.0,350934.0,350934.0,1.0,1.0
CUST00773,2025-11,1.0,2195235.0,2195235.0,1.0,31562306.0,31562306.0,1.0,1.0
CUST00773,2025-12,3.0,6929188.0,2309729.3333333335,0.0,0.0,0.0,3.0,0.0
CUST00774,2025-01,2.0,17958212.0,8979106.0,4.0,55694142.0,13923535.5,2.0,4.0
CUST00774,2025-02,2.0,18790529.0,9395264.5,1.0,35045241.0,35045241.0,2.0,1.0
CUST00774,2025-03,2.0,48637450.0,24318725.0,3.0,41965019.0,13988339.666666666,2.0,3.0
CUST00774,2025-04,2.0,14604502.0,7302251.0,4.0,38003594.0,9500898.5,2.0,4.0
CUST00774,2025-05,1.0,5683770.0,5683770.0,2.0,12896049.0,6448024.5,1.0,2.0
CUST00774,2025-06,1.0,10829818.0,10829818.0,6.0,52703586.0,8783931.0,1.0,6.0
CUST00774,2025-07,5.0,129431143.0,25886228.6,4.0,131004432.0,32751108.0,5.0,4.0
CUST00774,2025-08,3.0,52632151.0,17544050.333333332,3.0,106105837.0,35368612.333333336,3.0,3.0
CUST00774,2025-09,3.0,84702483.0,28234161.0,2.0,7140034.0,3570017.0,2.0,2.0
CUST00774,2025-10,0.0,0.0,0.0,1.0,2381240.0,2381240.0,0.0,1.0
CUST00774,2025-11,2.0,9953147.0,4976573.5,1.0,1599934.0,1599934.0,2.0,1.0
CUST00774,2025-12,3.0,48340828.0,16113609.333333334,6.0,49180772.0,8196795.333333333,3.0,6.0
CUST00775,2025-01,0.0,0.0,0.0,2.0,13639019.0,6819509.5,0.0,2.0
CUST00775,2025-02,2.0,5485948.0,2742974.0,1.0,3090314.0,3090314.0,2.0,1.0
CUST00775,2025-03,1.0,1666787.0,1666787.0,6.0,70765594.0,11794265.666666666,1.0,6.0
CUST00775,2025-04,0.0,0.0,0.0,1.0,753548.0,753548.0,0.0,1.0
CUST00775,2025-05,2.0,5287775.0,2643887.5,4.0,16784654.0,4196163.5,2.0,4.0
CUST00775,2025-06,1.0,3371377.0,3371377.0,1.0,827538.0,827538.0,1.0,1.0
CUST00775,2025-07,3.0,18521467.0,6173822.333333333,1.0,3438218.0,3438218.0,3.0,1.0
CUST00775,2025-08,6.0,9726092.0,1621015.3333333333,1.0,826638.0,826638.0,5.0,1.0
CUST00775,2025-09,5.0,5661412.0,1132282.4,1.0,3814248.0,3814248.0,5.0,1.0
CUST00775,2025-10,3.0,4552797.0,1517599.0,1.0,17668321.0,17668321.0,3.0,1.0
CUST00775,2025-11,2.0,1956442.0,978221.0,4.0,35963878.0,8990969.5,2.0,4.0
CUST00775,2025-12,0.0,0.0,0.0,3.0,16224943.0,5408314.333333333,0.0,3.0
CUST00776,2025-01,1.0,1619438.0,1619438.0,3.0,46891636.0,15630545.333333334,1.0,3.0
CUST00776,2025-02,4.0,6230351.0,1557587.75,0.0,0.0,0.0,4.0,0.0
CUST00776,2025-03,6.0,33415748.0,5569291.333333333,1.0,5402170.0,5402170.0,6.0,1.0
CUST00776,2025-04,3.0,11432381.0,3810793.6666666665,4.0,5176575.0,1294143.75,3.0,4.0
CUST00776,2025-05,1.0,5106325.0,5106325.0,3.0,8888636.0,2962878.6666666665,1.0,3.0
CUST00776,2025-06,1.0,614184.0,614184.0,3.0,37548390.0,12516130.0,1.0,3.0
CUST00776,2025-07,1.0,428719.0,428719.0,1.0,939419.0,939419.0,1.0,1.0
CUST00776,2025-08,3.0,9567378.0,3189126.0,1.0,1966353.0,1966353.0,3.0,1.0
CUST00776,2025-09,0.0,0.0,0.0,1.0,53306696.0,53306696.0,0.0,1.0
CUST00776,2025-10,3.0,7648537.0,2549512.3333333335,5.0,44774563.0,8954912.6,3.0,5.0
CUST00776,2025-11,3.0,6870837.0,2290279.0,1.0,2085336.0,2085336.0,3.0,1.0
CUST00776,2025-12,4.0,10521554.0,2630388.5,1.0,12353730.0,12353730.0,4.0,1.0
CUST00777,2025-01,0.0,0.0,0.0,2.0,12471408.0,6235704.0,0.0,2.0
CUST00777,2025-02,3.0,5647937.0,1882645.6666666667,0.0,0.0,0.0,3.0,0.0
CUST00777,2025-03,1.0,8026671.0,8026671.0,2.0,7996841.0,3998420.5,1.0,2.0
CUST00777,2025-04,3.0,7497226.0,2499075.3333333335,4.0,176542745.0,44135686.25,3.0,4.0
CUST00777,2025-05,3.0,5018219.0,1672739.6666666667,2.0,6689981.0,3344990.5,3.0,2.0
CUST00777,2025-06,3.0,10397053.0,3465684.3333333335,1.0,1662044.0,1662044.0,3.0,1.0
CUST00777,2025-07,3.0,8969098.0,2989699.3333333335,1.0,175597450.0,175597450.0,3.0,1.0
CUST00777,2025-08,1.0,1986870.0,1986870.0,3.0,33475143.0,11158381.0,1.0,3.0
CUST00777,2025-09,1.0,529983.0,529983.0,0.0,0.0,0.0,1.0,0.0
CUST00777,2025-10,4.0,15280555.0,3820138.75,4.0,156264764.0,39066191.0,4.0,4.0
CUST00777,2025-11,2.0,2932822.0,1466411.0,2.0,7335487.0,3667743.5,2.0,2.0
CUST00777,2025-12,3.0,7000710.0,2333570.0,2.0,13663268.0,6831634.0,2.0,2.0
CUST00778,2025-01,1.0,108696552.0,108696552.0,1.0,4143224.0,4143224.0,1.0,1.0
CUST00778,2025-02,0.0,0.0,0.0,4.0,21282495.0,5320623.75,0.0,3.0
CUST00778,2025-03,3.0,397680240.0,132560080.0,4.0,40982897.0,10245724.25,3.0,4.0
CUST00778,2025-04,2.0,83011810.0,41505905.0,1.0,256617627.0,256617627.0,2.0,1.0
CUST00778,2025-05,2.0,197106572.0,98553286.0,0.0,0.0,0.0,2.0,0.0
CUST00778,2025-06,0.0,0.0,0.0,1.0,1627339.0,1627339.0,0.0,1.0
CUST00778,2025-07,1.0,22937386.0,22937386.0,3.0,54660413.0,18220137.666666668,1.0,3.0
CUST00778,2025-08,0.0,0.0,0.0,3.0,38702616.0,12900872.0,0.0,3.0
CUST00778,2025-09,1.0,79076869.0,79076869.0,3.0,16380755.0,5460251.666666667,1.0,3.0
CUST00778,2025-10,1.0,92088564.0,92088564.0,3.0,93274009.0,31091336.333333332,1.0,3.0
CUST00778,2025-11,0.0,0.0,0.0,1.0,3604041.0,3604041.0,0.0,1.0
CUST00778,2025-12,0.0,0.0,0.0,2.0,90948966.0,45474483.0,0.0,2.0
CUST00779,2025-01,0.0,0.0,0.0,1.0,2825362.0,2825362.0,0.0,1.0
CUST00779,2025-02,1.0,13798108.0,13798108.0,1.0,5735513.0,5735513.0,1.0,1.0
CUST00779,2025-03,3.0,64585779.0,21528593.0,2.0,12478077.0,6239038.5,3.0,2.0
CUST00779,2025-04,1.0,31925123.0,31925123.0,3.0,69657947.0,23219315.666666668,1.0,3.0
CUST00779,2025-05,2.0,32712129.0,16356064.5,3.0,235085869.0,78361956.33333333,2.0,3.0
CUST00779,2025-06,4.0,33709362.0,8427340.5,3.0,43734684.0,14578228.0,4.0,3.0
CUST00779,2025-07,0.0,0.0,0.0,3.0,215018145.0,71672715.0,0.0,3.0
CUST00779,2025-08,2.0,21408626.0,10704313.0,2.0,21913913.0,10956956.5,2.0,2.0
CUST00779,2025-09,2.0,19309351.0,9654675.5,3.0,232639155.0,77546385.0,2.0,3.0
CUST00779,2025-10,3.0,79372338.0,26457446.0,2.0,46417845.0,23208922.5,3.0,2.0
CUST00779,2025-11,1.0,40828759.0,40828759.0,2.0,5674527.0,2837263.5,1.0,2.0
CUST00779,2025-12,1.0,38591325.0,38591325.0,2.0,20981167.0,10490583.5,1.0,2.0
CUST00780,2025-01,3.0,43709739.0,14569913.0,2.0,68516932.0,34258466.0,3.0,2.0
CUST00780,2025-02,0.0,0.0,0.0,1.0,22924720.0,22924720.0,0.0,1.0
CUST00780,2025-03,1.0,17134352.0,17134352.0,1.0,4874657.0,4874657.0,1.0,1.0
CUST00780,2025-04,0.0,0.0,0.0,1.0,7138579.0,7138579.0,0.0,1.0
CUST00780,2025-05,4.0,44148323.0,11037080.75,3.0,115261001.0,38420333.666666664,4.0,3.0
CUST00780,2025-06,2.0,18922974.0,9461487.0,5.0,70031467.0,14006293.4,2.0,5.0
CUST00780,2025-07,4.0,98636268.0,24659067.0,3.0,4354219.0,1451406.3333333333,4.0,3.0
CUST00780,2025-08,1.0,90454435.0,90454435.0,1.0,9228702.0,9228702.0,1.0,1.0
CUST00780,2025-09,1.0,7631294.0,7631294.0,1.0,870773.0,870773.0,1.0,1.0
CUST00780,2025-10,3.0,35198306.0,11732768.666666666,3.0,89065287.0,29688429.0,3.0,3.0
CUST00780,2025-11,0.0,0.0,0.0,2.0,4484777.0,2242388.5,0.0,2.0
CUST00780,2025-12,3.0,108230910.0,36076970.0,0.0,0.0,0.0,3.0,0.0
CUST00781,2025-01,1.0,2679007.0,2679007.0,2.0,3604946.0,1802473.0,1.0,2.0
CUST00781,2025-02,6.0,18290559.0,3048426.5,0.0,0.0,0.0,5.0,0.0
CUST00781,2025-03,2.0,7569279.0,3784639.5,2.0,9579623.0,4789811.5,2.0,2.0
CUST00781,2025-04,2.0,932094.0,466047.0,4.0,35409138.0,8852284.5,2.0,4.0
CUST00781,2025-05,3.0,7363076.0,2454358.6666666665,0.0,0.0,0.0,3.0,0.0
CUST00781,2025-06,0.0,0.0,0.0,3.0,6145066.0,2048355.3333333333,0.0,3.0
CUST00781,2025-07,1.0,4032515.0,4032515.0,2.0,3259113.0,1629556.5,1.0,2.0
CUST00781,2025-08,3.0,4923227.0,1641075.6666666667,4.0,10745595.0,2686398.75,3.0,4.0
CUST00781,2025-09,2.0,16430807.0,8215403.5,1.0,6992417.0,6992417.0,2.0,1.0
CUST00781,2025-10,1.0,5986748.0,5986748.0,2.0,20062602.0,10031301.0,1.0,2.0
CUST00781,2025-11,4.0,10704380.0,2676095.0,2.0,14331885.0,7165942.5,4.0,2.0
CUST00781,2025-12,2.0,5280856.0,2640428.0,1.0,2522939.0,2522939.0,2.0,1.0
CUST00782,2025-01,3.0,72451372.0,24150457.333333332,3.0,27564902.0,9188300.666666666,3.0,3.0
CUST00782,2025-02,2.0,50128485.0,25064242.5,1.0,363705.0,363705.0,2.0,1.0
CUST00782,2025-03,4.0,71381920.0,17845480.0,1.0,2818577.0,2818577.0,4.0,1.0
CUST00782,2025-04,1.0,5015693.0,5015693.0,0.0,0.0,0.0,1.0,0.0
CUST00782,2025-05,2.0,103281197.0,51640598.5,2.0,84227281.0,42113640.5,2.0,2.0
CUST00782,2025-06,1.0,14691285.0,14691285.0,2.0,29548135.0,14774067.5,1.0,2.0
CUST00782,2025-07,1.0,11772241.0,11772241.0,2.0,47974940.0,23987470.0,1.0,2.0
CUST00782,2025-09,1.0,27215682.0,27215682.0,1.0,19718847.0,19718847.0,1.0,1.0
CUST00782,2025-10,3.0,53516414.0,17838804.666666668,0.0,0.0,0.0,3.0,0.0
CUST00782,2025-11,3.0,140507150.0,46835716.666666664,4.0,84581588.0,21145397.0,3.0,4.0
CUST00782,2025-12,0.0,0.0,0.0,2.0,6556073.0,3278036.5,0.0,2.0
CUST00783,2025-01,2.0,4656169.0,2328084.5,1.0,24299597.0,24299597.0,2.0,1.0
CUST00783,2025-02,1.0,3469326.0,3469326.0,0.0,0.0,0.0,1.0,0.0
CUST00783,2025-03,1.0,38210893.0,38210893.0,3.0,34415548.0,11471849.333333334,1.0,3.0
CUST00783,2025-04,5.0,7134192.0,1426838.4,4.0,23914952.0,5978738.0,5.0,4.0
CUST00783,2025-05,2.0,3853907.0,1926953.5,1.0,10996765.0,10996765.0,2.0,1.0
CUST00783,2025-06,3.0,9849702.0,3283234.0,2.0,4764293.0,2382146.5,3.0,2.0
CUST00783,2025-07,3.0,9620474.0,3206824.6666666665,1.0,2440184.0,2440184.0,3.0,1.0
CUST00783,2025-08,1.0,1592515.0,1592515.0,1.0,805286.0,805286.0,1.0,1.0
CUST00783,2025-09,4.0,7826932.0,1956733.0,0.0,0.0,0.0,4.0,0.0
CUST00783,2025-10,1.0,5634875.0,5634875.0,4.0,62946979.0,15736744.75,1.0,4.0
CUST00783,2025-11,1.0,5954474.0,5954474.0,2.0,34533828.0,17266914.0,1.0,2.0
CUST00783,2025-12,2.0,3405838.0,1702919.0,3.0,36755591.0,12251863.666666666,2.0,3.0
CUST00784,2025-01,3.0,59331295.0,19777098.333333332,3.0,9533911.0,3177970.3333333335,3.0,3.0
CUST00784,2025-02,3.0,74158395.0,24719465.0,0.0,0.0,0.0,3.0,0.0
CUST00784,2025-03,1.0,15492388.0,15492388.0,3.0,59839830.0,19946610.0,1.0,3.0
CUST00784,2025-04,3.0,94806720.0,31602240.0,3.0,9832056.0,3277352.0,3.0,3.0
CUST00784,2025-05,3.0,59575396.0,19858465.333333332,4.0,123368203.0,30842050.75,3.0,4.0
CUST00784,2025-06,2.0,31519787.0,15759893.5,2.0,6893014.0,3446507.0,2.0,2.0
CUST00784,2025-07,1.0,6314700.0,6314700.0,0.0,0.0,0.0,1.0,0.0
CUST00784,2025-08,2.0,41091305.0,20545652.5,4.0,34865785.0,8716446.25,2.0,4.0
CUST00784,2025-09,2.0,40866716.0,20433358.0,2.0,53992187.0,26996093.5,2.0,2.0
CUST00784,2025-10,2.0,29886863.0,14943431.5,6.0,36237288.0,6039548.0,2.0,6.0
CUST00784,2025-11,1.0,21773077.0,21773077.0,3.0,31977162.0,10659054.0,1.0,3.0
CUST00784,2025-12,2.0,38421709.0,19210854.5,1.0,11475169.0,11475169.0,2.0,1.0
CUST00785,2025-01,2.0,181844777.0,90922388.5,3.0,14534147.0,4844715.666666667,2.0,3.0
CUST00785,2025-02,3.0,110466972.0,36822324.0,2.0,14748596.0,7374298.0,2.0,2.0
CUST00785,2025-03,4.0,221552281.0,55388070.25,3.0,54985931.0,18328643.666666668,4.0,3.0
CUST00785,2025-04,3.0,281519127.0,93839709.0,4.0,528881878.0,132220469.5,3.0,4.0
CUST00785,2025-05,2.0,175510458.0,87755229.0,2.0,46646838.0,23323419.0,2.0,2.0
CUST00785,2025-06,3.0,179141250.0,59713750.0,0.0,0.0,0.0,3.0,0.0
CUST00785,2025-07,4.0,476765261.0,119191315.25,1.0,71231087.0,71231087.0,4.0,1.0
CUST00785,2025-08,5.0,402979360.0,80595872.0,3.0,64538321.0,21512773.666666668,5.0,3.0
CUST00785,2025-09,2.0,308240146.0,154120073.0,2.0,4923997.0,2461998.5,2.0,2.0
CUST00785,2025-10,2.0,210873679.0,105436839.5,7.0,84623082.0,12089011.714285715,2.0,6.0
CUST00785,2025-11,1.0,49679929.0,49679929.0,1.0,16226733.0,16226733.0,1.0,1.0
CUST00785,2025-12,2.0,232923991.0,116461995.5,1.0,2281503.0,2281503.0,2.0,1.0
CUST00786,2025-01,2.0,39778699.0,19889349.5,2.0,22902614.0,11451307.0,2.0,2.0
CUST00786,2025-02,2.0,109863961.0,54931980.5,2.0,7981050.0,3990525.0,2.0,2.0
CUST00786,2025-03,3.0,54341868.0,18113956.0,1.0,873598.0,873598.0,2.0,1.0
CUST00786,2025-04,3.0,47670532.0,15890177.333333334,2.0,4991743.0,2495871.5,3.0,2.0
CUST00786,2025-05,1.0,13120325.0,13120325.0,3.0,5703697.0,1901232.3333333333,1.0,3.0
CUST00786,2025-06,3.0,42027332.0,14009110.666666666,1.0,2009590.0,2009590.0,3.0,1.0
CUST00786,2025-07,3.0,47833098.0,15944366.0,2.0,33588080.0,16794040.0,3.0,2.0
CUST00786,2025-08,3.0,52681022.0,17560340.666666668,1.0,1351451.0,1351451.0,3.0,1.0
CUST00786,2025-09,4.0,96990864.0,24247716.0,2.0,8649757.0,4324878.5,4.0,2.0
CUST00786,2025-10,1.0,2669959.0,2669959.0,1.0,2191197.0,2191197.0,1.0,1.0
CUST00786,2025-11,2.0,51255877.0,25627938.5,1.0,5178555.0,5178555.0,2.0,1.0
CUST00786,2025-12,1.0,8995382.0,8995382.0,2.0,29723913.0,14861956.5,1.0,2.0
CUST00787,2025-01,5.0,86174737.0,17234947.4,2.0,1111116.0,555558.0,4.0,2.0
CUST00787,2025-02,2.0,64789522.0,32394761.0,1.0,1429460.0,1429460.0,2.0,1.0
CUST00787,2025-03,0.0,0.0,0.0,5.0,100382408.0,20076481.6,0.0,5.0
CUST00787,2025-04,1.0,28689078.0,28689078.0,1.0,554793.0,554793.0,1.0,1.0
CUST00787,2025-05,1.0,10540037.0,10540037.0,2.0,14403437.0,7201718.5,1.0,2.0
CUST00787,2025-06,2.0,25031843.0,12515921.5,5.0,12613583.0,2522716.6,2.0,5.0
CUST00787,2025-07,2.0,100029358.0,50014679.0,2.0,29835510.0,14917755.0,2.0,2.0
CUST00787,2025-08,2.0,46012729.0,23006364.5,3.0,10323212.0,3441070.6666666665,2.0,3.0
CUST00787,2025-09,3.0,65861357.0,21953785.666666668,2.0,23698645.0,11849322.5,3.0,2.0
CUST00787,2025-10,3.0,106480520.0,35493506.666666664,4.0,10281119.0,2570279.75,3.0,4.0
CUST00787,2025-11,1.0,15488540.0,15488540.0,3.0,21460961.0,7153653.666666667,1.0,3.0
CUST00787,2025-12,0.0,0.0,0.0,3.0,25354687.0,8451562.333333334,0.0,3.0
CUST00788,2025-01,3.0,23068067.0,7689355.666666667,1.0,8085528.0,8085528.0,3.0,1.0
CUST00788,2025-02,5.0,82546890.0,16509378.0,1.0,1610700.0,1610700.0,5.0,1.0
CUST00788,2025-03,4.0,71130878.0,17782719.5,0.0,0.0,0.0,4.0,0.0
CUST00788,2025-04,1.0,46145750.0,46145750.0,1.0,1798859.0,1798859.0,1.0,1.0
CUST00788,2025-05,2.0,46859096.0,23429548.0,1.0,2236240.0,2236240.0,2.0,1.0
CUST00788,2025-06,1.0,42343761.0,42343761.0,0.0,0.0,0.0,1.0,0.0
CUST00788,2025-07,1.0,11450792.0,11450792.0,1.0,3463740.0,3463740.0,1.0,1.0
CUST00788,2025-08,5.0,132557335.0,26511467.0,2.0,28336818.0,14168409.0,5.0,2.0
CUST00788,2025-09,3.0,51128995.0,17042998.333333332,2.0,6719280.0,3359640.0,3.0,2.0
CUST00788,2025-10,5.0,95021056.0,19004211.2,3.0,66505097.0,22168365.666666668,5.0,3.0
CUST00788,2025-11,2.0,43165113.0,21582556.5,2.0,116177065.0,58088532.5,2.0,2.0
CUST00788,2025-12,4.0,115344903.0,28836225.75,1.0,2172940.0,2172940.0,4.0,1.0
CUST00789,2025-01,3.0,17038536.0,5679512.0,3.0,136693303.0,45564434.333333336,3.0,3.0
CUST00789,2025-02,1.0,1947026.0,1947026.0,1.0,27278443.0,27278443.0,1.0,1.0
CUST00789,2025-03,3.0,9526295.0,3175431.6666666665,0.0,0.0,0.0,3.0,0.0
CUST00789,2025-04,1.0,1934058.0,1934058.0,4.0,27814734.0,6953683.5,1.0,4.0
CUST00789,2025-05,3.0,16145976.0,5381992.0,2.0,32545793.0,16272896.5,2.0,2.0
CUST00789,2025-06,6.0,17905144.0,2984190.6666666665,2.0,4666717.0,2333358.5,6.0,2.0
CUST00789,2025-07,3.0,5634486.0,1878162.0,2.0,7439858.0,3719929.0,3.0,2.0
CUST00789,2025-08,0.0,0.0,0.0,3.0,5546642.0,1848880.6666666667,0.0,3.0
CUST00789,2025-09,1.0,2578561.0,2578561.0,1.0,13507348.0,13507348.0,1.0,1.0
CUST00789,2025-10,1.0,875872.0,875872.0,2.0,3550156.0,1775078.0,1.0,2.0
CUST00789,2025-11,3.0,3809708.0,1269902.6666666667,3.0,15635933.0,5211977.666666667,3.0,3.0
CUST00789,2025-12,1.0,1554670.0,1554670.0,2.0,9894130.0,4947065.0,1.0,2.0
CUST00790,2025-01,3.0,255792211.0,85264070.33333333,1.0,2081277.0,2081277.0,3.0,1.0
CUST00790,2025-02,1.0,311167328.0,311167328.0,3.0,18183300.0,6061100.0,1.0,3.0
CUST00790,2025-03,1.0,30951035.0,30951035.0,2.0,30121472.0,15060736.0,1.0,2.0
CUST00790,2025-04,4.0,519793040.0,129948260.0,0.0,0.0,0.0,4.0,0.0
CUST00790,2025-05,5.0,341826409.0,68365281.8,5.0,22361726.0,4472345.2,4.0,5.0
CUST00790,2025-06,1.0,27604235.0,27604235.0,3.0,37249919.0,12416639.666666666,1.0,3.0
CUST00790,2025-07,4.0,439452651.0,109863162.75,0.0,0.0,0.0,4.0,0.0
CUST00790,2025-08,4.0,280635805.0,70158951.25,1.0,514861.0,514861.0,4.0,1.0
CUST00790,2025-09,2.0,108561518.0,54280759.0,2.0,43753918.0,21876959.0,2.0,2.0
CUST00790,2025-10,1.0,12532774.0,12532774.0,4.0,10479800.0,2619950.0,1.0,4.0
CUST00790,2025-11,3.0,183441613.0,61147204.333333336,2.0,16929646.0,8464823.0,3.0,2.0
CUST00790,2025-12,4.0,247120564.0,61780141.0,1.0,12054748.0,12054748.0,4.0,1.0
CUST00791,2025-01,3.0,6475548.0,2158516.0,2.0,16532291.0,8266145.5,3.0,2.0
CUST00791,2025-02,5.0,17201807.0,3440361.4,1.0,4393220.0,4393220.0,4.0,1.0
CUST00791,2025-03,3.0,7307851.0,2435950.3333333335,2.0,7504133.0,3752066.5,3.0,2.0
CUST00791,2025-04,0.0,0.0,0.0,3.0,12516482.0,4172160.6666666665,0.0,3.0
CUST00791,2025-05,3.0,7040961.0,2346987.0,2.0,37072354.0,18536177.0,3.0,2.0
CUST00791,2025-06,4.0,10649695.0,2662423.75,2.0,2971346.0,1485673.0,4.0,2.0
CUST00791,2025-07,3.0,3977680.0,1325893.3333333333,2.0,66859683.0,33429841.5,3.0,2.0
CUST00791,2025-08,3.0,5344662.0,1781554.0,2.0,33353175.0,16676587.5,3.0,2.0
CUST00791,2025-09,2.0,5818158.0,2909079.0,2.0,4160294.0,2080147.0,2.0,2.0
CUST00791,2025-10,1.0,740834.0,740834.0,3.0,136906479.0,45635493.0,1.0,3.0
CUST00791,2025-11,2.0,5146034.0,2573017.0,1.0,727693.0,727693.0,2.0,1.0
CUST00791,2025-12,1.0,5353675.0,5353675.0,1.0,942260.0,942260.0,1.0,1.0
CUST00792,2025-01,1.0,243960.0,243960.0,2.0,2424694.0,1212347.0,1.0,2.0
CUST00792,2025-02,2.0,1301953.0,650976.5,1.0,62828549.0,62828549.0,2.0,1.0
CUST00792,2025-03,3.0,5921028.0,1973676.0,1.0,12131706.0,12131706.0,3.0,1.0
CUST00792,2025-04,3.0,7662100.0,2554033.3333333335,2.0,12718332.0,6359166.0,3.0,2.0
CUST00792,2025-05,2.0,4480976.0,2240488.0,2.0,8632718.0,4316359.0,2.0,2.0
CUST00792,2025-06,1.0,6633112.0,6633112.0,1.0,781680.0,781680.0,1.0,1.0
CUST00792,2025-07,2.0,17774668.0,8887334.0,1.0,5095445.0,5095445.0,2.0,1.0
CUST00792,2025-08,1.0,2462971.0,2462971.0,1.0,51006242.0,51006242.0,1.0,1.0
CUST00792,2025-09,1.0,4327229.0,4327229.0,2.0,18938901.0,9469450.5,1.0,2.0
CUST00792,2025-10,1.0,522742.0,522742.0,0.0,0.0,0.0,1.0,0.0
CUST00792,2025-11,0.0,0.0,0.0,2.0,7492289.0,3746144.5,0.0,2.0
CUST00792,2025-12,5.0,16385194.0,3277038.8,2.0,50401121.0,25200560.5,4.0,2.0
CUST00793,2025-01,3.0,7809009.0,2603003.0,3.0,13423563.0,4474521.0,3.0,3.0
CUST00793,2025-02,1.0,1993094.0,1993094.0,1.0,2505917.0,2505917.0,1.0,1.0
CUST00793,2025-03,0.0,0.0,0.0,2.0,43845725.0,21922862.5,0.0,2.0
CUST00793,2025-04,6.0,18998935.0,3166489.1666666665,0.0,0.0,0.0,6.0,0.0
CUST00793,2025-05,2.0,6066574.0,3033287.0,1.0,2657185.0,2657185.0,2.0,1.0
CUST00793,2025-07,2.0,20310278.0,10155139.0,7.0,63455380.0,9065054.285714285,2.0,7.0
CUST00793,2025-08,3.0,21331272.0,7110424.0,2.0,7719371.0,3859685.5,3.0,2.0
CUST00793,2025-09,2.0,5488816.0,2744408.0,2.0,46608395.0,23304197.5,2.0,2.0
CUST00793,2025-10,4.0,22265926.0,5566481.5,1.0,20235230.0,20235230.0,4.0,1.0
CUST00793,2025-11,3.0,2872742.0,957580.6666666666,5.0,70382419.0,14076483.8,3.0,5.0
CUST00793,2025-12,2.0,3261745.0,1630872.5,3.0,205537190.0,68512396.66666667,2.0,3.0
CUST00794,2025-01,5.0,8769196.0,1753839.2,5.0,20908576.0,4181715.2,5.0,5.0
CUST00794,2025-02,2.0,8422966.0,4211483.0,2.0,3330802.0,1665401.0,2.0,2.0
CUST00794,2025-03,1.0,1977173.0,1977173.0,5.0,116462753.0,23292550.6,1.0,5.0
CUST00794,2025-04,1.0,578289.0,578289.0,5.0,28356708.0,5671341.6,1.0,5.0
CUST00794,2025-05,0.0,0.0,0.0,8.0,58587145.0,7323393.125,0.0,6.0
CUST00794,2025-06,6.0,16363758.0,2727293.0,3.0,6085582.0,2028527.3333333333,6.0,3.0
CUST00794,2025-07,1.0,1112181.0,1112181.0,2.0,9002930.0,4501465.0,1.0,2.0
CUST00794,2025-08,1.0,2469938.0,2469938.0,1.0,10224851.0,10224851.0,1.0,1.0
CUST00794,2025-09,4.0,10480690.0,2620172.5,1.0,15487876.0,15487876.0,3.0,1.0
CUST00794,2025-10,0.0,0.0,0.0,4.0,30530938.0,7632734.5,0.0,4.0
CUST00794,2025-11,2.0,3614139.0,1807069.5,0.0,0.0,0.0,2.0,0.0
CUST00794,2025-12,3.0,19744966.0,6581655.333333333,2.0,16414092.0,8207046.0,3.0,2.0
CUST00795,2025-01,1.0,2305819.0,2305819.0,6.0,42885157.0,7147526.166666667,1.0,6.0
CUST00795,2025-02,2.0,4649452.0,2324726.0,2.0,6911749.0,3455874.5,2.0,2.0
CUST00795,2025-03,2.0,6449570.0,3224785.0,2.0,7703876.0,3851938.0,2.0,2.0
CUST00795,2025-04,1.0,1313267.0,1313267.0,1.0,10775062.0,10775062.0,1.0,1.0
CUST00795,2025-06,2.0,6920685.0,3460342.5,3.0,9570809.0,3190269.6666666665,2.0,2.0
CUST00795,2025-07,2.0,2341367.0,1170683.5,0.0,0.0,0.0,2.0,0.0
CUST00795,2025-08,2.0,4153602.0,2076801.0,1.0,7314072.0,7314072.0,2.0,1.0
CUST00795,2025-09,3.0,7562446.0,2520815.3333333335,3.0,52866682.0,17622227.333333332,3.0,3.0
CUST00795,2025-10,1.0,1300931.0,1300931.0,2.0,12319276.0,6159638.0,1.0,2.0
CUST00795,2025-11,0.0,0.0,0.0,1.0,2648895.0,2648895.0,0.0,1.0
CUST00795,2025-12,2.0,9675619.0,4837809.5,3.0,5478211.0,1826070.3333333333,2.0,3.0
CUST00796,2025-01,1.0,1874814.0,1874814.0,4.0,13545124.0,3386281.0,1.0,4.0
CUST00796,2025-02,1.0,4043607.0,4043607.0,4.0,74691880.0,18672970.0,1.0,4.0
CUST00796,2025-03,2.0,5275039.0,2637519.5,2.0,11156752.0,5578376.0,2.0,2.0
CUST00796,2025-04,5.0,14391467.0,2878293.4,2.0,60461720.0,30230860.0,5.0,2.0
CUST00796,2025-05,2.0,3215955.0,1607977.5,2.0,40519031.0,20259515.5,2.0,2.0
CUST00796,2025-06,1.0,2147562.0,2147562.0,0.0,0.0,0.0,1.0,0.0
CUST00796,2025-07,1.0,3867875.0,3867875.0,2.0,1077663.0,538831.5,1.0,2.0
CUST00796,2025-08,0.0,0.0,0.0,3.0,121801766.0,40600588.666666664,0.0,3.0
CUST00796,2025-09,4.0,13616915.0,3404228.75,2.0,2928838.0,1464419.0,3.0,2.0
CUST00796,2025-10,2.0,3524993.0,1762496.5,2.0,271012883.0,135506441.5,2.0,2.0
CUST00796,2025-11,3.0,13728938.0,4576312.666666667,1.0,1840738.0,1840738.0,2.0,1.0
CUST00796,2025-12,2.0,6605017.0,3302508.5,3.0,10216512.0,3405504.0,2.0,3.0
CUST00797,2025-01,2.0,9086707.0,4543353.5,2.0,61472490.0,30736245.0,2.0,2.0
CUST00797,2025-02,1.0,469410.0,469410.0,1.0,1002728.0,1002728.0,1.0,1.0
CUST00797,2025-03,0.0,0.0,0.0,2.0,33640432.0,16820216.0,0.0,2.0
CUST00797,2025-05,2.0,10966894.0,5483447.0,0.0,0.0,0.0,2.0,0.0
CUST00797,2025-06,2.0,4264819.0,2132409.5,3.0,5609187.0,1869729.0,2.0,3.0
CUST00797,2025-07,1.0,578744.0,578744.0,1.0,3617000.0,3617000.0,1.0,1.0
CUST00797,2025-08,1.0,2095887.0,2095887.0,1.0,22118661.0,22118661.0,1.0,1.0
CUST00797,2025-09,0.0,0.0,0.0,1.0,2302699.0,2302699.0,0.0,1.0
CUST00797,2025-10,5.0,9896696.0,1979339.2,1.0,2622983.0,2622983.0,5.0,1.0
CUST00797,2025-11,3.0,6948069.0,2316023.0,2.0,5348189.0,2674094.5,3.0,2.0
CUST00797,2025-12,4.0,11414322.0,2853580.5,4.0,42446773.0,10611693.25,4.0,4.0
CUST00798,2025-01,3.0,29845074.0,9948358.0,2.0,12838623.0,6419311.5,3.0,2.0
CUST00798,2025-02,5.0,49658937.0,9931787.4,1.0,2543299.0,2543299.0,5.0,1.0
CUST00798,2025-03,3.0,73573321.0,24524440.333333332,4.0,12698178.0,3174544.5,3.0,4.0
CUST00798,2025-04,3.0,27074324.0,9024774.666666666,3.0,40712260.0,13570753.333333334,3.0,3.0
CUST00798,2025-05,2.0,37053319.0,18526659.5,2.0,6859745.0,3429872.5,2.0,2.0
CUST00798,2025-06,2.0,77278406.0,38639203.0,3.0,13090588.0,4363529.333333333,2.0,3.0
CUST00798,2025-07,2.0,25263000.0,12631500.0,1.0,9285541.0,9285541.0,2.0,1.0
CUST00798,2025-08,3.0,158439599.0,52813199.666666664,1.0,829210.0,829210.0,3.0,1.0
CUST00798,2025-09,3.0,50488429.0,16829476.333333332,2.0,4188398.0,2094199.0,3.0,2.0
CUST00798,2025-10,2.0,53609946.0,26804973.0,1.0,7990726.0,7990726.0,2.0,1.0
CUST00798,2025-11,3.0,95519539.0,31839846.333333332,4.0,29147015.0,7286753.75,3.0,4.0
CUST00798,2025-12,2.0,53540684.0,26770342.0,2.0,75500062.0,37750031.0,2.0,2.0
CUST00799,2025-01,1.0,4834503.0,4834503.0,1.0,2746045.0,2746045.0,1.0,1.0
CUST00799,2025-02,0.0,0.0,0.0,1.0,1346140.0,1346140.0,0.0,1.0
CUST00799,2025-03,1.0,1208868.0,1208868.0,2.0,13352362.0,6676181.0,1.0,2.0
CUST00799,2025-04,2.0,19320363.0,9660181.5,3.0,14241247.0,4747082.333333333,2.0,3.0
CUST00799,2025-05,1.0,3118260.0,3118260.0,2.0,3973010.0,1986505.0,1.0,2.0
CUST00799,2025-06,1.0,139125.0,139125.0,1.0,47877612.0,47877612.0,1.0,1.0
CUST00799,2025-07,4.0,10871178.0,2717794.5,2.0,13001051.0,6500525.5,4.0,2.0
CUST00799,2025-08,4.0,14196353.0,3549088.25,2.0,13614710.0,6807355.0,4.0,2.0
CUST00799,2025-09,3.0,4252795.0,1417598.3333333333,4.0,20591897.0,5147974.25,3.0,4.0
CUST00799,2025-10,1.0,4622885.0,4622885.0,2.0,8315112.0,4157556.0,1.0,2.0
CUST00799,2025-11,1.0,123568.0,123568.0,4.0,11183056.0,2795764.0,1.0,3.0
CUST00799,2025-12,1.0,2854780.0,2854780.0,3.0,94913749.0,31637916.333333332,1.0,3.0
CUST00800,2025-01,1.0,5168747.0,5168747.0,3.0,73015951.0,24338650.333333332,1.0,3.0
CUST00800,2025-02,1.0,1491012.0,1491012.0,4.0,23120405.0,5780101.25,1.0,4.0
CUST00800,2025-03,1.0,4682841.0,4682841.0,3.0,72054980.0,24018326.666666668,1.0,3.0
CUST00800,2025-04,1.0,3840767.0,3840767.0,5.0,34260094.0,6852018.8,1.0,5.0
CUST00800,2025-05,2.0,1191983.0,595991.5,3.0,38007726.0,12669242.0,2.0,3.0
CUST00800,2025-06,5.0,7509032.0,1501806.4,1.0,3300091.0,3300091.0,5.0,1.0
CUST00800,2025-07,3.0,4046506.0,1348835.3333333333,0.0,0.0,0.0,3.0,0.0
CUST00800,2025-08,1.0,829210.0,829210.0,3.0,6654053.0,2218017.6666666665,1.0,3.0
CUST00800,2025-09,2.0,6703947.0,3351973.5,2.0,25117912.0,12558956.0,2.0,2.0
CUST00800,2025-10,2.0,5451289.0,2725644.5,1.0,2321862.0,2321862.0,2.0,1.0
CUST00800,2025-11,1.0,14763704.0,14763704.0,1.0,14126807.0,14126807.0,1.0,1.0
CUST00800,2025-12,2.0,5563264.0,2781632.0,2.0,35114900.0,17557450.0,2.0,2.0
CUST00801,2025-01,4.0,64914662.0,16228665.5,2.0,4476104.0,2238052.0,4.0,2.0
CUST00801,2025-03,2.0,23645582.0,11822791.0,3.0,32071118.0,10690372.666666666,1.0,3.0
CUST00801,2025-04,0.0,0.0,0.0,1.0,67166793.0,67166793.0,0.0,1.0
CUST00801,2025-05,3.0,62990379.0,20996793.0,2.0,71171045.0,35585522.5,3.0,2.0
CUST00801,2025-06,3.0,50862959.0,16954319.666666668,2.0,24441506.0,12220753.0,3.0,2.0
CUST00801,2025-07,4.0,48775383.0,12193845.75,1.0,817348.0,817348.0,4.0,1.0
CUST00801,2025-08,2.0,59512953.0,29756476.5,4.0,39085368.0,9771342.0,2.0,4.0
CUST00801,2025-09,3.0,27490456.0,9163485.333333334,2.0,36176409.0,18088204.5,3.0,2.0
CUST00801,2025-10,2.0,13697679.0,6848839.5,4.0,55764360.0,13941090.0,2.0,4.0
CUST00801,2025-11,1.0,6638980.0,6638980.0,3.0,43288325.0,14429441.666666666,1.0,3.0
CUST00801,2025-12,3.0,55131314.0,18377104.666666668,0.0,0.0,0.0,3.0,0.0
CUST00802,2025-01,2.0,4230261.0,2115130.5,1.0,1017558.0,1017558.0,2.0,1.0
CUST00802,2025-02,1.0,2024448.0,2024448.0,6.0,86977720.0,14496286.666666666,1.0,5.0
CUST00802,2025-03,1.0,1051753.0,1051753.0,0.0,0.0,0.0,1.0,0.0
CUST00802,2025-04,6.0,19231249.0,3205208.1666666665,2.0,29540261.0,14770130.5,5.0,2.0
CUST00802,2025-05,7.0,18573982.0,2653426.0,4.0,10225404.0,2556351.0,7.0,4.0
CUST00802,2025-06,1.0,654515.0,654515.0,2.0,71739735.0,35869867.5,1.0,2.0
CUST00802,2025-07,2.0,4999381.0,2499690.5,1.0,1276966.0,1276966.0,1.0,1.0
CUST00802,2025-08,4.0,29131475.0,7282868.75,1.0,1926286.0,1926286.0,4.0,1.0
CUST00802,2025-09,1.0,12044251.0,12044251.0,1.0,6938980.0,6938980.0,1.0,1.0
CUST00802,2025-10,3.0,7507027.0,2502342.3333333335,1.0,371765.0,371765.0,3.0,1.0
CUST00802,2025-11,1.0,1197334.0,1197334.0,1.0,704371.0,704371.0,1.0,1.0
CUST00802,2025-12,3.0,3432837.0,1144279.0,3.0,65402461.0,21800820.333333332,3.0,3.0
CUST00803,2025-01,2.0,10324104.0,5162052.0,2.0,16005413.0,8002706.5,2.0,2.0
CUST00803,2025-02,2.0,40833021.0,20416510.5,5.0,45192115.0,9038423.0,2.0,5.0
CUST00803,2025-03,1.0,33754182.0,33754182.0,2.0,8392635.0,4196317.5,1.0,2.0
CUST00803,2025-04,1.0,6270992.0,6270992.0,2.0,15088151.0,7544075.5,1.0,2.0
CUST00803,2025-05,3.0,56085577.0,18695192.333333332,2.0,26474322.0,13237161.0,2.0,2.0
CUST00803,2025-06,2.0,24560135.0,12280067.5,4.0,29408231.0,7352057.75,2.0,4.0
CUST00803,2025-07,3.0,39796197.0,13265399.0,1.0,14699633.0,14699633.0,3.0,1.0
CUST00803,2025-08,0.0,0.0,0.0,3.0,27885963.0,9295321.0,0.0,3.0
CUST00803,2025-09,2.0,54216687.0,27108343.5,4.0,19125348.0,4781337.0,2.0,3.0
CUST00803,2025-10,1.0,20057482.0,20057482.0,2.0,56952908.0,28476454.0,1.0,2.0
CUST00803,2025-11,1.0,10599139.0,10599139.0,2.0,32556598.0,16278299.0,1.0,2.0
CUST00803,2025-12,3.0,52906238.0,17635412.666666668,5.0,118316578.0,23663315.6,3.0,5.0
CUST00804,2025-01,3.0,188824415.0,62941471.666666664,1.0,1831804.0,1831804.0,3.0,1.0
CUST00804,2025-02,3.0,131976862.0,43992287.333333336,2.0,54576163.0,27288081.5,3.0,2.0
CUST00804,2025-03,2.0,35125281.0,17562640.5,1.0,2887398.0,2887398.0,2.0,1.0
CUST00804,2025-04,1.0,27553976.0,27553976.0,2.0,3672890.0,1836445.0,1.0,2.0
CUST00804,2025-05,3.0,26839538.0,8946512.666666666,7.0,119276670.0,17039524.285714287,3.0,7.0
CUST00804,2025-06,0.0,0.0,0.0,1.0,1729038.0,1729038.0,0.0,1.0
CUST00804,2025-07,3.0,20285653.0,6761884.333333333,1.0,24254207.0,24254207.0,3.0,1.0
CUST00804,2025-08,1.0,6837710.0,6837710.0,3.0,14039042.0,4679680.666666667,1.0,3.0
CUST00804,2025-09,2.0,8860036.0,4430018.0,2.0,2047448.0,1023724.0,2.0,2.0
CUST00804,2025-10,2.0,27163839.0,13581919.5,4.0,15046078.0,3761519.5,2.0,4.0
CUST00804,2025-11,0.0,0.0,0.0,2.0,179886194.0,89943097.0,0.0,2.0
CUST00804,2025-12,4.0,84307662.0,21076915.5,1.0,3988795.0,3988795.0,4.0,1.0
CUST00805,2025-01,2.0,28703728.0,14351864.0,3.0,8634545.0,2878181.6666666665,2.0,3.0
CUST00805,2025-02,6.0,136100336.0,22683389.333333332,2.0,3348235.0,1674117.5,6.0,2.0
CUST00805,2025-03,1.0,17025358.0,17025358.0,0.0,0.0,0.0,1.0,0.0
CUST00805,2025-04,6.0,103338947.0,17223157.833333332,1.0,9870702.0,9870702.0,6.0,1.0
CUST00805,2025-05,3.0,70132749.0,23377583.0,3.0,162269021.0,54089673.666666664,3.0,3.0
CUST00805,2025-06,1.0,11179035.0,11179035.0,3.0,104552083.0,34850694.333333336,1.0,3.0
CUST00805,2025-07,1.0,20148957.0,20148957.0,3.0,111040330.0,37013443.333333336,1.0,3.0
CUST00805,2025-08,4.0,74575156.0,18643789.0,1.0,67208809.0,67208809.0,4.0,1.0
CUST00805,2025-09,2.0,25359651.0,12679825.5,2.0,9674043.0,4837021.5,2.0,2.0
CUST00805,2025-10,2.0,10570628.0,5285314.0,3.0,59626725.0,19875575.0,2.0,3.0
CUST00805,2025-11,1.0,16873266.0,16873266.0,2.0,72668434.0,36334217.0,1.0,2.0
CUST00805,2025-12,2.0,26931494.0,13465747.0,1.0,7987539.0,7987539.0,2.0,1.0
CUST00806,2025-01,1.0,23810146.0,23810146.0,3.0,40515672.0,13505224.0,1.0,3.0
CUST00806,2025-02,0.0,0.0,0.0,3.0,63326088.0,21108696.0,0.0,3.0
CUST00806,2025-03,2.0,19778074.0,9889037.0,3.0,82007433.0,27335811.0,2.0,3.0
CUST00806,2025-04,1.0,66270462.0,66270462.0,1.0,1255893.0,1255893.0,1.0,1.0
CUST00806,2025-05,2.0,23909173.0,11954586.5,2.0,3315383.0,1657691.5,2.0,2.0
CUST00806,2025-06,2.0,12703925.0,6351962.5,1.0,565413.0,565413.0,2.0,1.0
CUST00806,2025-07,0.0,0.0,0.0,2.0,31819336.0,15909668.0,0.0,2.0
CUST00806,2025-08,3.0,85652673.0,28550891.0,3.0,15776364.0,5258788.0,3.0,3.0
CUST00806,2025-09,2.0,48256674.0,24128337.0,3.0,84928600.0,28309533.333333332,2.0,3.0
CUST00806,2025-10,3.0,60310307.0,20103435.666666668,1.0,8501211.0,8501211.0,3.0,1.0
CUST00806,2025-11,2.0,38398489.0,19199244.5,3.0,5169995.0,1723331.6666666667,2.0,3.0
CUST00806,2025-12,1.0,11376595.0,11376595.0,1.0,28974473.0,28974473.0,1.0,1.0
CUST00807,2025-01,2.0,2668512.0,1334256.0,2.0,9471478.0,4735739.0,2.0,2.0
CUST00807,2025-02,1.0,7590841.0,7590841.0,2.0,4560978.0,2280489.0,1.0,2.0
CUST00807,2025-03,1.0,5283335.0,5283335.0,4.0,42487328.0,10621832.0,1.0,4.0
CUST00807,2025-04,3.0,8345259.0,2781753.0,2.0,179105089.0,89552544.5,3.0,2.0
CUST00807,2025-05,2.0,2500271.0,1250135.5,4.0,13606516.0,3401629.0,2.0,4.0
CUST00807,2025-06,2.0,3689362.0,1844681.0,2.0,138941164.0,69470582.0,2.0,2.0
CUST00807,2025-07,2.0,3422259.0,1711129.5,1.0,31525453.0,31525453.0,2.0,1.0
CUST00807,2025-08,4.0,17786203.0,4446550.75,3.0,12663892.0,4221297.333333333,4.0,3.0
CUST00807,2025-09,3.0,5711093.0,1903697.6666666667,1.0,652482.0,652482.0,3.0,1.0
CUST00807,2025-10,1.0,1471695.0,1471695.0,1.0,2086343.0,2086343.0,1.0,1.0
CUST00807,2025-11,4.0,19694040.0,4923510.0,1.0,15159078.0,15159078.0,4.0,1.0
CUST00807,2025-12,0.0,0.0,0.0,4.0,181894228.0,45473557.0,0.0,4.0
CUST00808,2025-01,0.0,0.0,0.0,2.0,823384537.0,411692268.5,0.0,2.0
CUST00808,2025-02,0.0,0.0,0.0,1.0,11641639.0,11641639.0,0.0,1.0
CUST00808,2025-03,2.0,27119817.0,13559908.5,1.0,155068711.0,155068711.0,2.0,1.0
CUST00808,2025-04,4.0,81908576.0,20477144.0,1.0,2154597.0,2154597.0,4.0,1.0
CUST00808,2025-05,5.0,164571610.0,32914322.0,1.0,46311014.0,46311014.0,5.0,1.0
CUST00808,2025-06,2.0,29030874.0,14515437.0,3.0,24798055.0,8266018.333333333,2.0,3.0
CUST00808,2025-07,3.0,24094170.0,8031390.0,1.0,3753530.0,3753530.0,3.0,1.0
CUST00808,2025-08,0.0,0.0,0.0,1.0,10681192.0,10681192.0,0.0,1.0
CUST00808,2025-09,5.0,67482483.0,13496496.6,4.0,36744312.0,9186078.0,5.0,4.0
CUST00808,2025-10,1.0,7415873.0,7415873.0,1.0,1317500.0,1317500.0,1.0,1.0
CUST00808,2025-11,2.0,17812467.0,8906233.5,0.0,0.0,0.0,2.0,0.0
CUST00808,2025-12,0.0,0.0,0.0,3.0,51712568.0,17237522.666666668,0.0,3.0
CUST00809,2025-01,4.0,9713437.0,2428359.25,3.0,6346745.0,2115581.6666666665,4.0,3.0
CUST00809,2025-02,1.0,1397159.0,1397159.0,2.0,12749205.0,6374602.5,1.0,2.0
CUST00809,2025-03,4.0,20616240.0,5154060.0,3.0,2388959.0,796319.6666666666,4.0,3.0
CUST00809,2025-04,3.0,7340472.0,2446824.0,0.0,0.0,0.0,3.0,0.0
CUST00809,2025-05,0.0,0.0,0.0,4.0,39812227.0,9953056.75,0.0,4.0
CUST00809,2025-06,1.0,4822036.0,4822036.0,2.0,9763155.0,4881577.5,1.0,2.0
CUST00809,2025-07,0.0,0.0,0.0,1.0,1398320.0,1398320.0,0.0,1.0
CUST00809,2025-08,1.0,5499449.0,5499449.0,5.0,95493719.0,19098743.8,1.0,3.0
CUST00809,2025-09,5.0,20097277.0,4019455.4,1.0,3672953.0,3672953.0,5.0,1.0
CUST00809,2025-10,1.0,3350316.0,3350316.0,2.0,2820237.0,1410118.5,1.0,2.0
CUST00809,2025-11,0.0,0.0,0.0,1.0,16774099.0,16774099.0,0.0,1.0
CUST00809,2025-12,1.0,3346160.0,3346160.0,3.0,25085619.0,8361873.0,1.0,3.0
CUST00810,2025-01,0.0,0.0,0.0,2.0,252759631.0,126379815.5,0.0,2.0
CUST00810,2025-02,0.0,0.0,0.0,3.0,6596178.0,2198726.0,0.0,3.0
CUST00810,2025-03,0.0,0.0,0.0,1.0,93641289.0,93641289.0,0.0,1.0
CUST00810,2025-04,1.0,786192.0,786192.0,2.0,52168081.0,26084040.5,1.0,2.0
CUST00810,2025-05,2.0,2569400.0,1284700.0,1.0,56259496.0,56259496.0,2.0,1.0
CUST00810,2025-06,4.0,4810839.0,1202709.75,2.0,13193898.0,6596949.0,3.0,2.0
CUST00810,2025-07,4.0,8356960.0,2089240.0,2.0,30927928.0,15463964.0,4.0,2.0
CUST00810,2025-08,2.0,4172737.0,2086368.5,3.0,4770816.0,1590272.0,2.0,3.0
CUST00810,2025-09,2.0,2643362.0,1321681.0,0.0,0.0,0.0,2.0,0.0
CUST00810,2025-10,0.0,0.0,0.0,5.0,296369401.0,59273880.2,0.0,4.0
CUST00810,2025-11,1.0,1538222.0,1538222.0,2.0,84194975.0,42097487.5,1.0,2.0
CUST00810,2025-12,3.0,6529006.0,2176335.3333333335,3.0,25483033.0,8494344.333333334,3.0,3.0
CUST00811,2025-01,2.0,75712451.0,37856225.5,1.0,7402374.0,7402374.0,2.0,1.0
CUST00811,2025-02,2.0,29157772.0,14578886.0,4.0,51910652.0,12977663.0,2.0,4.0
CUST00811,2025-03,2.0,14821224.0,7410612.0,1.0,5690047.0,5690047.0,2.0,1.0
CUST00811,2025-04,1.0,14235673.0,14235673.0,3.0,3663605.0,1221201.6666666667,1.0,3.0
CUST00811,2025-05,4.0,126294343.0,31573585.75,0.0,0.0,0.0,4.0,0.0
CUST00811,2025-06,3.0,30643301.0,10214433.666666666,5.0,87497473.0,17499494.6,3.0,5.0
CUST00811,2025-07,1.0,16767243.0,16767243.0,3.0,8048957.0,2682985.6666666665,1.0,3.0
CUST00811,2025-08,1.0,7315367.0,7315367.0,3.0,15176655.0,5058885.0,1.0,3.0
CUST00811,2025-09,2.0,18495498.0,9247749.0,1.0,20039546.0,20039546.0,2.0,1.0
CUST00811,2025-10,0.0,0.0,0.0,4.0,84678547.0,21169636.75,0.0,3.0
CUST00811,2025-11,2.0,48745036.0,24372518.0,0.0,0.0,0.0,2.0,0.0
CUST00811,2025-12,1.0,10523181.0,10523181.0,4.0,52671315.0,13167828.75,1.0,4.0
CUST00812,2025-01,1.0,3591712.0,3591712.0,3.0,34953720.0,11651240.0,1.0,2.0
CUST00812,2025-02,3.0,5565644.0,1855214.6666666667,2.0,47168581.0,23584290.5,3.0,2.0
CUST00812,2025-03,0.0,0.0,0.0,1.0,1202211.0,1202211.0,0.0,1.0
CUST00812,2025-04,3.0,8058554.0,2686184.6666666665,1.0,110884272.0,110884272.0,2.0,1.0
CUST00812,2025-05,4.0,8217835.0,2054458.75,4.0,88290878.0,22072719.5,4.0,4.0
CUST00812,2025-06,1.0,190883.0,190883.0,3.0,59786458.0,19928819.333333332,1.0,3.0
CUST00812,2025-07,3.0,4004705.0,1334901.6666666667,1.0,10781964.0,10781964.0,3.0,1.0
CUST00812,2025-08,3.0,35117125.0,11705708.333333334,3.0,130347890.0,43449296.666666664,3.0,3.0
CUST00812,2025-09,3.0,2843503.0,947834.3333333334,0.0,0.0,0.0,3.0,0.0
CUST00812,2025-10,1.0,883968.0,883968.0,3.0,24358789.0,8119596.333333333,1.0,3.0
CUST00812,2025-11,2.0,4603936.0,2301968.0,0.0,0.0,0.0,2.0,0.0
CUST00812,2025-12,4.0,9896673.0,2474168.25,2.0,208958587.0,104479293.5,3.0,2.0
CUST00813,2025-01,2.0,59958748.0,29979374.0,1.0,54463970.0,54463970.0,2.0,1.0
CUST00813,2025-02,2.0,25312545.0,12656272.5,0.0,0.0,0.0,2.0,0.0
CUST00813,2025-03,0.0,0.0,0.0,1.0,11963186.0,11963186.0,0.0,1.0
CUST00813,2025-04,2.0,26557677.0,13278838.5,1.0,7536873.0,7536873.0,2.0,1.0
CUST00813,2025-05,4.0,101557135.0,25389283.75,4.0,12781878.0,3195469.5,3.0,3.0
CUST00813,2025-06,2.0,20345630.0,10172815.0,3.0,66754411.0,22251470.333333332,2.0,3.0
CUST00813,2025-07,4.0,64282068.0,16070517.0,2.0,163841378.0,81920689.0,4.0,2.0
CUST00813,2025-08,0.0,0.0,0.0,1.0,21939496.0,21939496.0,0.0,1.0
CUST00813,2025-09,0.0,0.0,0.0,4.0,12533439.0,3133359.75,0.0,4.0
CUST00813,2025-10,4.0,95882098.0,23970524.5,4.0,8522810.0,2130702.5,4.0,4.0
CUST00813,2025-11,0.0,0.0,0.0,4.0,9744784.0,2436196.0,0.0,4.0
CUST00813,2025-12,4.0,66682327.0,16670581.75,1.0,664970.0,664970.0,4.0,1.0
CUST00814,2025-01,1.0,9422408.0,9422408.0,3.0,46051046.0,15350348.666666666,1.0,3.0
CUST00814,2025-02,1.0,32187714.0,32187714.0,0.0,0.0,0.0,1.0,0.0
CUST00814,2025-03,1.0,6511497.0,6511497.0,1.0,23253572.0,23253572.0,1.0,1.0
CUST00814,2025-04,3.0,37045672.0,12348557.333333334,3.0,7010066.0,2336688.6666666665,3.0,3.0
CUST00814,2025-05,2.0,27711075.0,13855537.5,1.0,6194911.0,6194911.0,2.0,1.0
CUST00814,2025-06,3.0,35734468.0,11911489.333333334,5.0,65664572.0,13132914.4,3.0,5.0
CUST00814,2025-07,1.0,10762648.0,10762648.0,2.0,2363797.0,1181898.5,1.0,2.0
CUST00814,2025-08,3.0,84077847.0,28025949.0,1.0,769648.0,769648.0,3.0,1.0
CUST00814,2025-09,1.0,18070815.0,18070815.0,4.0,65536213.0,16384053.25,1.0,4.0
CUST00814,2025-10,4.0,115527223.0,28881805.75,1.0,1181279.0,1181279.0,4.0,1.0
CUST00814,2025-11,1.0,10929325.0,10929325.0,4.0,23407980.0,5851995.0,1.0,4.0
CUST00814,2025-12,0.0,0.0,0.0,2.0,47634888.0,23817444.0,0.0,2.0
CUST00815,2025-01,4.0,34787421.0,8696855.25,2.0,19488422.0,9744211.0,3.0,2.0
CUST00815,2025-02,2.0,81748403.0,40874201.5,2.0,47360540.0,23680270.0,2.0,2.0
CUST00815,2025-03,0.0,0.0,0.0,2.0,133866167.0,66933083.5,0.0,2.0
CUST00815,2025-04,2.0,69913943.0,34956971.5,2.0,33328231.0,16664115.5,2.0,2.0
CUST00815,2025-05,1.0,9451506.0,9451506.0,2.0,10659977.0,5329988.5,1.0,2.0
CUST00815,2025-06,0.0,0.0,0.0,4.0,133580444.0,33395111.0,0.0,4.0
CUST00815,2025-07,2.0,137087956.0,68543978.0,1.0,4573116.0,4573116.0,2.0,1.0
CUST00815,2025-08,2.0,44799117.0,22399558.5,1.0,2049275.0,2049275.0,2.0,1.0
CUST00815,2025-09,1.0,29246195.0,29246195.0,4.0,9287456.0,2321864.0,1.0,4.0
CUST00815,2025-10,4.0,38655188.0,9663797.0,4.0,697092343.0,174273085.75,4.0,4.0
CUST00815,2025-11,1.0,3686044.0,3686044.0,3.0,29245347.0,9748449.0,1.0,3.0
CUST00815,2025-12,3.0,55286113.0,18428704.333333332,1.0,26717429.0,26717429.0,3.0,1.0
CUST00816,2025-01,1.0,28640409.0,28640409.0,4.0,64075432.0,16018858.0,1.0,3.0
CUST00816,2025-02,2.0,94370415.0,47185207.5,3.0,30601912.0,10200637.333333334,2.0,2.0
CUST00816,2025-03,2.0,313391357.0,156695678.5,2.0,4351964.0,2175982.0,2.0,2.0
CUST00816,2025-04,3.0,213328106.0,71109368.66666667,1.0,9996378.0,9996378.0,3.0,1.0
CUST00816,2025-05,1.0,67969633.0,67969633.0,2.0,52053799.0,26026899.5,1.0,2.0
CUST00816,2025-06,0.0,0.0,0.0,1.0,18472357.0,18472357.0,0.0,1.0
CUST00816,2025-07,1.0,101374809.0,101374809.0,3.0,14075832.0,4691944.0,1.0,3.0
CUST00816,2025-08,2.0,173959456.0,86979728.0,3.0,112848460.0,37616153.333333336,2.0,3.0
CUST00816,2025-09,1.0,82152858.0,82152858.0,4.0,22222219.0,5555554.75,1.0,4.0
CUST00816,2025-10,1.0,29683302.0,29683302.0,1.0,20319218.0,20319218.0,1.0,1.0
CUST00816,2025-11,1.0,178518991.0,178518991.0,2.0,44203937.0,22101968.5,1.0,2.0
CUST00816,2025-12,3.0,474896195.0,158298731.66666666,3.0,17640847.0,5880282.333333333,3.0,3.0
CUST00817,2025-01,5.0,9342593.0,1868518.6,4.0,73183900.0,18295975.0,5.0,4.0
CUST00817,2025-02,1.0,2411108.0,2411108.0,4.0,229274246.0,57318561.5,1.0,4.0
CUST00817,2025-03,2.0,10410641.0,5205320.5,1.0,18275857.0,18275857.0,2.0,1.0
CUST00817,2025-04,3.0,5963482.0,1987827.3333333333,3.0,36087262.0,12029087.333333334,3.0,3.0
CUST00817,2025-05,1.0,1162743.0,1162743.0,2.0,69251290.0,34625645.0,1.0,2.0
CUST00817,2025-06,2.0,4942501.0,2471250.5,2.0,7933887.0,3966943.5,2.0,2.0
CUST00817,2025-07,3.0,19033694.0,6344564.666666667,2.0,5961511.0,2980755.5,3.0,2.0
CUST00817,2025-08,2.0,8761818.0,4380909.0,4.0,156466886.0,39116721.5,2.0,4.0
CUST00817,2025-09,4.0,13665671.0,3416417.75,1.0,1805409.0,1805409.0,4.0,1.0
CUST00817,2025-10,2.0,2677800.0,1338900.0,2.0,9265114.0,4632557.0,2.0,2.0
CUST00817,2025-11,2.0,4407492.0,2203746.0,3.0,36868356.0,12289452.0,2.0,3.0
CUST00817,2025-12,1.0,1688570.0,1688570.0,1.0,5253059.0,5253059.0,1.0,1.0
CUST00818,2025-01,2.0,2985525.0,1492762.5,1.0,9636945.0,9636945.0,2.0,1.0
CUST00818,2025-02,0.0,0.0,0.0,1.0,138096739.0,138096739.0,0.0,1.0
CUST00818,2025-03,2.0,4787719.0,2393859.5,0.0,0.0,0.0,2.0,0.0
CUST00818,2025-04,4.0,6176925.0,1544231.25,3.0,65879058.0,21959686.0,4.0,3.0
CUST00818,2025-05,4.0,7628037.0,1907009.25,4.0,197297067.0,49324266.75,4.0,4.0
CUST00818,2025-06,1.0,764418.0,764418.0,2.0,6644061.0,3322030.5,1.0,2.0
CUST00818,2025-07,4.0,11789249.0,2947312.25,3.0,20942734.0,6980911.333333333,4.0,3.0
CUST00818,2025-08,4.0,23232914.0,5808228.5,5.0,33019223.0,6603844.6,4.0,4.0
CUST00818,2025-09,1.0,1932110.0,1932110.0,7.0,31391983.0,4484569.0,1.0,7.0
CUST00818,2025-10,4.0,11916774.0,2979193.5,1.0,930231.0,930231.0,3.0,1.0
CUST00818,2025-11,4.0,9524024.0,2381006.0,3.0,44992906.0,14997635.333333334,4.0,3.0
CUST00818,2025-12,4.0,13664209.0,3416052.25,1.0,6805566.0,6805566.0,4.0,1.0
CUST00819,2025-01,3.0,47356738.0,15785579.333333334,0.0,0.0,0.0,3.0,0.0
CUST00819,2025-02,1.0,38204402.0,38204402.0,3.0,53138636.0,17712878.666666668,1.0,3.0
CUST00819,2025-03,0.0,0.0,0.0,5.0,194294807.0,38858961.4,0.0,5.0
CUST00819,2025-04,5.0,212081291.0,42416258.2,2.0,334321246.0,167160623.0,5.0,2.0
CUST00819,2025-05,1.0,25849462.0,25849462.0,0.0,0.0,0.0,1.0,0.0
CUST00819,2025-06,0.0,0.0,0.0,2.0,13815761.0,6907880.5,0.0,2.0
CUST00819,2025-07,4.0,67464415.0,16866103.75,1.0,1078291.0,1078291.0,4.0,1.0
CUST00819,2025-08,3.0,37557760.0,12519253.333333334,2.0,8911612.0,4455806.0,3.0,2.0
CUST00819,2025-09,1.0,42726138.0,42726138.0,2.0,5280670.0,2640335.0,1.0,2.0
CUST00819,2025-10,5.0,95954454.0,19190890.8,2.0,13918566.0,6959283.0,5.0,2.0
CUST00819,2025-11,3.0,34214457.0,11404819.0,1.0,1860959.0,1860959.0,2.0,1.0
CUST00819,2025-12,6.0,98067706.0,16344617.666666666,2.0,29635122.0,14817561.0,6.0,2.0
CUST00820,2025-01,5.0,11113976.0,2222795.2,6.0,84777641.0,14129606.833333334,5.0,6.0
CUST00820,2025-02,1.0,1633639.0,1633639.0,5.0,8538843.0,1707768.6,1.0,5.0
CUST00820,2025-03,3.0,10246744.0,3415581.3333333335,1.0,926648.0,926648.0,3.0,1.0
CUST00820,2025-04,2.0,4870437.0,2435218.5,2.0,16025960.0,8012980.0,2.0,2.0
CUST00820,2025-05,0.0,0.0,0.0,3.0,84726603.0,28242201.0,0.0,3.0
CUST00820,2025-06,1.0,1673090.0,1673090.0,8.0,226671981.0,28333997.625,1.0,8.0
CUST00820,2025-07,2.0,4267269.0,2133634.5,1.0,7539002.0,7539002.0,2.0,1.0
CUST00820,2025-08,0.0,0.0,0.0,8.0,100145564.0,12518195.5,0.0,8.0
CUST00820,2025-09,0.0,0.0,0.0,2.0,217371605.0,108685802.5,0.0,2.0
CUST00820,2025-10,2.0,3471286.0,1735643.0,5.0,42467791.0,8493558.2,2.0,5.0
CUST00820,2025-11,4.0,10030430.0,2507607.5,0.0,0.0,0.0,4.0,0.0
CUST00820,2025-12,3.0,7543095.0,2514365.0,3.0,21456648.0,7152216.0,3.0,3.0
CUST00821,2025-01,1.0,21618137.0,21618137.0,5.0,21021724.0,4204344.8,1.0,5.0
CUST00821,2025-02,0.0,0.0,0.0,1.0,879088.0,879088.0,0.0,1.0
CUST00821,2025-03,4.0,118049094.0,29512273.5,1.0,593309.0,593309.0,4.0,1.0
CUST00821,2025-04,7.0,247303562.0,35329080.28571428,3.0,37828609.0,12609536.333333334,7.0,3.0
CUST00821,2025-05,3.0,42117635.0,14039211.666666666,1.0,991358.0,991358.0,3.0,1.0
CUST00821,2025-06,3.0,234821198.0,78273732.66666667,2.0,25687984.0,12843992.0,3.0,2.0
CUST00821,2025-07,5.0,132830921.0,26566184.2,0.0,0.0,0.0,5.0,0.0
CUST00821,2025-08,2.0,55262925.0,27631462.5,2.0,4070155.0,2035077.5,2.0,2.0
CUST00821,2025-09,1.0,12651775.0,12651775.0,1.0,5917845.0,5917845.0,1.0,1.0
CUST00821,2025-10,0.0,0.0,0.0,3.0,111568613.0,37189537.666666664,0.0,3.0
CUST00821,2025-11,2.0,13895156.0,6947578.0,3.0,315310236.0,105103412.0,2.0,3.0
CUST00821,2025-12,1.0,107322309.0,107322309.0,2.0,25942659.0,12971329.5,1.0,2.0
CUST00822,2025-01,3.0,41580892.0,13860297.333333334,4.0,6893005.0,1723251.25,3.0,4.0
CUST00822,2025-02,3.0,73828052.0,24609350.666666668,4.0,63266449.0,15816612.25,3.0,4.0
CUST00822,2025-03,1.0,19862519.0,19862519.0,5.0,29696484.0,5939296.8,1.0,4.0
CUST00822,2025-04,3.0,69743495.0,23247831.666666668,1.0,6867171.0,6867171.0,3.0,1.0
CUST00822,2025-05,6.0,112926679.0,18821113.166666668,3.0,80900662.0,26966887.333333332,6.0,3.0
CUST00822,2025-06,3.0,115908611.0,38636203.666666664,0.0,0.0,0.0,3.0,0.0
CUST00822,2025-07,0.0,0.0,0.0,1.0,16154070.0,16154070.0,0.0,1.0
CUST00822,2025-08,3.0,204884606.0,68294868.66666667,1.0,2181365.0,2181365.0,2.0,1.0
CUST00822,2025-09,4.0,131152073.0,32788018.25,2.0,33388631.0,16694315.5,3.0,2.0
CUST00822,2025-10,3.0,89389899.0,29796633.0,2.0,15884479.0,7942239.5,3.0,2.0
CUST00822,2025-11,2.0,57116975.0,28558487.5,1.0,3785301.0,3785301.0,2.0,1.0
CUST00822,2025-12,1.0,13981812.0,13981812.0,1.0,2756583.0,2756583.0,1.0,1.0
CUST00823,2025-01,1.0,16462395.0,16462395.0,5.0,10547119.0,2109423.8,1.0,5.0
CUST00823,2025-02,2.0,37503972.0,18751986.0,2.0,2553967.0,1276983.5,2.0,2.0
CUST00823,2025-03,4.0,124972068.0,31243017.0,1.0,5097222.0,5097222.0,4.0,1.0
CUST00823,2025-04,2.0,44724619.0,22362309.5,7.0,106651714.0,15235959.142857144,2.0,7.0
CUST00823,2025-05,2.0,76571338.0,38285669.0,2.0,6411948.0,3205974.0,2.0,2.0
CUST00823,2025-06,3.0,118666726.0,39555575.333333336,2.0,43077663.0,21538831.5,3.0,2.0
CUST00823,2025-07,1.0,11728548.0,11728548.0,6.0,181696220.0,30282703.333333332,1.0,5.0
CUST00823,2025-08,4.0,22642770.0,5660692.5,4.0,26440694.0,6610173.5,4.0,4.0
CUST00823,2025-09,4.0,91641002.0,22910250.5,1.0,752878.0,752878.0,4.0,1.0
CUST00823,2025-10,3.0,48438434.0,16146144.666666666,7.0,127512708.0,18216101.14285714,3.0,7.0
CUST00823,2025-11,5.0,59309930.0,11861986.0,0.0,0.0,0.0,5.0,0.0
CUST00823,2025-12,0.0,0.0,0.0,5.0,19795834.0,3959166.8,0.0,5.0
CUST00824,2025-01,2.0,12090651.0,6045325.5,4.0,40432003.0,10108000.75,2.0,4.0
CUST00824,2025-02,2.0,4657783.0,2328891.5,1.0,7413844.0,7413844.0,2.0,1.0
CUST00824,2025-03,2.0,4206330.0,2103165.0,1.0,1268578.0,1268578.0,2.0,1.0
CUST00824,2025-04,0.0,0.0,0.0,2.0,37235121.0,18617560.5,0.0,2.0
CUST00824,2025-05,1.0,1737165.0,1737165.0,1.0,2992077.0,2992077.0,1.0,1.0
CUST00824,2025-06,3.0,12086271.0,4028757.0,0.0,0.0,0.0,3.0,0.0
CUST00824,2025-07,2.0,3778338.0,1889169.0,3.0,28708960.0,9569653.333333334,2.0,3.0
CUST00824,2025-08,1.0,970994.0,970994.0,6.0,303838002.0,50639667.0,1.0,6.0
CUST00824,2025-09,7.0,28863488.0,4123355.4285714286,0.0,0.0,0.0,7.0,0.0
CUST00824,2025-10,2.0,2596199.0,1298099.5,4.0,45526264.0,11381566.0,2.0,4.0
CUST00824,2025-11,5.0,5871081.0,1174216.2,0.0,0.0,0.0,5.0,0.0
CUST00824,2025-12,1.0,9355713.0,9355713.0,2.0,14501750.0,7250875.0,1.0,2.0
CUST00825,2025-01,1.0,833742.0,833742.0,1.0,18714506.0,18714506.0,1.0,1.0
CUST00825,2025-02,2.0,12384159.0,6192079.5,1.0,24537234.0,24537234.0,2.0,1.0
CUST00825,2025-03,1.0,1483125.0,1483125.0,5.0,17817534.0,3563506.8,1.0,5.0
CUST00825,2025-04,2.0,5056886.0,2528443.0,1.0,1397999.0,1397999.0,2.0,1.0
CUST00825,2025-05,1.0,14068251.0,14068251.0,2.0,61924223.0,30962111.5,1.0,2.0
CUST00825,2025-06,3.0,6331625.0,2110541.6666666665,2.0,26552418.0,13276209.0,3.0,2.0
CUST00825,2025-08,1.0,6677270.0,6677270.0,1.0,2957596.0,2957596.0,1.0,1.0
CUST00825,2025-09,3.0,4117046.0,1372348.6666666667,3.0,28003039.0,9334346.333333334,3.0,3.0
CUST00825,2025-10,0.0,0.0,0.0,1.0,62324943.0,62324943.0,0.0,1.0
CUST00825,2025-11,2.0,9047898.0,4523949.0,0.0,0.0,0.0,2.0,0.0
CUST00825,2025-12,1.0,3885693.0,3885693.0,2.0,20554770.0,10277385.0,1.0,2.0
CUST00826,2025-01,3.0,17519465.0,5839821.666666667,2.0,3050756.0,1525378.0,3.0,2.0
CUST00826,2025-02,1.0,950328.0,950328.0,1.0,32003054.0,32003054.0,1.0,1.0
CUST00826,2025-03,2.0,8656479.0,4328239.5,1.0,213719211.0,213719211.0,2.0,1.0
CUST00826,2025-04,2.0,6309832.0,3154916.0,5.0,142641337.0,28528267.4,2.0,4.0
CUST00826,2025-05,0.0,0.0,0.0,3.0,131873901.0,43957967.0,0.0,3.0
CUST00826,2025-06,1.0,2269394.0,2269394.0,5.0,88727005.0,17745401.0,1.0,5.0
CUST00826,2025-07,2.0,5448154.0,2724077.0,3.0,194775535.0,64925178.333333336,2.0,3.0
CUST00826,2025-08,4.0,10003424.0,2500856.0,3.0,20426324.0,6808774.666666667,4.0,3.0
CUST00826,2025-09,1.0,4001798.0,4001798.0,2.0,15074843.0,7537421.5,1.0,2.0
CUST00826,2025-10,2.0,9589070.0,4794535.0,2.0,104661998.0,52330999.0,2.0,2.0
CUST00826,2025-11,1.0,770679.0,770679.0,0.0,0.0,0.0,1.0,0.0
CUST00826,2025-12,2.0,3796009.0,1898004.5,1.0,2406062.0,2406062.0,2.0,1.0
CUST00827,2025-01,1.0,427031.0,427031.0,1.0,12632964.0,12632964.0,1.0,1.0
CUST00827,2025-02,3.0,10269287.0,3423095.6666666665,1.0,2632565.0,2632565.0,3.0,1.0
CUST00827,2025-03,1.0,3493563.0,3493563.0,5.0,136540244.0,27308048.8,1.0,5.0
CUST00827,2025-04,3.0,1946122.0,648707.3333333334,4.0,42957633.0,10739408.25,3.0,4.0
CUST00827,2025-05,3.0,14867485.0,4955828.333333333,2.0,79966672.0,39983336.0,3.0,2.0
CUST00827,2025-06,1.0,1832490.0,1832490.0,1.0,125199312.0,125199312.0,1.0,1.0
CUST00827,2025-07,2.0,6658783.0,3329391.5,1.0,1641481.0,1641481.0,2.0,1.0
CUST00827,2025-08,0.0,0.0,0.0,1.0,30533275.0,30533275.0,0.0,1.0
CUST00827,2025-09,3.0,12138460.0,4046153.3333333335,2.0,102344977.0,51172488.5,3.0,2.0
CUST00827,2025-10,1.0,2030815.0,2030815.0,2.0,4062835.0,2031417.5,1.0,2.0
CUST00827,2025-11,0.0,0.0,0.0,3.0,52638225.0,17546075.0,0.0,3.0
CUST00827,2025-12,1.0,1814930.0,1814930.0,1.0,23831775.0,23831775.0,1.0,1.0
CUST00828,2025-01,6.0,138770934.0,23128489.0,2.0,8980864.0,4490432.0,5.0,2.0
CUST00828,2025-02,2.0,45388537.0,22694268.5,2.0,5697241.0,2848620.5,2.0,2.0
CUST00828,2025-03,1.0,2768070.0,2768070.0,2.0,12196113.0,6098056.5,1.0,2.0
CUST00828,2025-04,4.0,41356456.0,10339114.0,2.0,7423020.0,3711510.0,4.0,2.0
CUST00828,2025-05,3.0,101859329.0,33953109.666666664,5.0,139415133.0,27883026.6,3.0,5.0
CUST00828,2025-06,0.0,0.0,0.0,1.0,698691.0,698691.0,0.0,1.0
CUST00828,2025-07,2.0,71057336.0,35528668.0,2.0,15169152.0,7584576.0,2.0,2.0
CUST00828,2025-08,2.0,34866330.0,17433165.0,3.0,19588900.0,6529633.333333333,2.0,3.0
CUST00828,2025-09,4.0,79726216.0,19931554.0,3.0,14612943.0,4870981.0,4.0,3.0
CUST00828,2025-10,1.0,7634826.0,7634826.0,2.0,68534270.0,34267135.0,1.0,2.0
CUST00828,2025-11,2.0,36152713.0,18076356.5,4.0,25783649.0,6445912.25,2.0,4.0
CUST00828,2025-12,0.0,0.0,0.0,1.0,4035958.0,4035958.0,0.0,1.0
CUST00829,2025-01,6.0,13134135.0,2189022.5,3.0,8275190.0,2758396.6666666665,5.0,3.0
CUST00829,2025-02,3.0,4341843.0,1447281.0,4.0,162220676.0,40555169.0,3.0,4.0
CUST00829,2025-03,3.0,4623115.0,1541038.3333333333,0.0,0.0,0.0,3.0,0.0
CUST00829,2025-04,1.0,3294230.0,3294230.0,1.0,1893203.0,1893203.0,1.0,1.0
CUST00829,2025-05,1.0,991358.0,991358.0,2.0,15033513.0,7516756.5,1.0,2.0
CUST00829,2025-06,4.0,3163007.0,790751.75,2.0,51606351.0,25803175.5,4.0,2.0
CUST00829,2025-07,3.0,10396011.0,3465337.0,4.0,132703413.0,33175853.25,3.0,4.0
CUST00829,2025-08,1.0,2023058.0,2023058.0,3.0,19150238.0,6383412.666666667,1.0,3.0
CUST00829,2025-10,2.0,3418338.0,1709169.0,2.0,5257677.0,2628838.5,2.0,2.0
CUST00829,2025-11,2.0,8064753.0,4032376.5,2.0,46326985.0,23163492.5,2.0,2.0
CUST00829,2025-12,2.0,2548047.0,1274023.5,1.0,22964818.0,22964818.0,2.0,1.0
CUST00830,2025-01,0.0,0.0,0.0,4.0,145405113.0,36351278.25,0.0,4.0
CUST00830,2025-02,0.0,0.0,0.0,2.0,10557378.0,5278689.0,0.0,2.0
CUST00830,2025-03,8.0,57346861.0,7168357.625,2.0,14805430.0,7402715.0,8.0,2.0
CUST00830,2025-04,3.0,8070478.0,2690159.3333333335,3.0,15828643.0,5276214.333333333,3.0,3.0
CUST00830,2025-05,1.0,627045.0,627045.0,1.0,16383972.0,16383972.0,1.0,1.0
CUST00830,2025-06,0.0,0.0,0.0,1.0,12316823.0,12316823.0,0.0,1.0
CUST00830,2025-07,0.0,0.0,0.0,1.0,3255817.0,3255817.0,0.0,1.0
CUST00830,2025-08,2.0,6318112.0,3159056.0,3.0,248155275.0,82718425.0,2.0,3.0
CUST00830,2025-09,3.0,10730054.0,3576684.6666666665,2.0,45566303.0,22783151.5,3.0,2.0
CUST00830,2025-10,5.0,14065360.0,2813072.0,0.0,0.0,0.0,5.0,0.0
CUST00830,2025-11,1.0,3921118.0,3921118.0,2.0,300989248.0,150494624.0,1.0,2.0
CUST00830,2025-12,3.0,9046410.0,3015470.0,1.0,20338164.0,20338164.0,3.0,1.0
CUST00831,2025-01,1.0,8884305.0,8884305.0,0.0,0.0,0.0,1.0,0.0
CUST00831,2025-03,2.0,9383995.0,4691997.5,3.0,30753858.0,10251286.0,2.0,3.0
CUST00831,2025-04,6.0,22100337.0,3683389.5,2.0,5546488.0,2773244.0,5.0,2.0
CUST00831,2025-05,4.0,22655851.0,5663962.75,2.0,1151990.0,575995.0,3.0,2.0
CUST00831,2025-06,2.0,6421242.0,3210621.0,3.0,9677722.0,3225907.3333333335,2.0,3.0
CUST00831,2025-07,1.0,6262726.0,6262726.0,1.0,1251547.0,1251547.0,1.0,1.0
CUST00831,2025-08,3.0,7022429.0,2340809.6666666665,3.0,20922350.0,6974116.666666667,3.0,3.0
CUST00831,2025-09,3.0,8199432.0,2733144.0,0.0,0.0,0.0,3.0,0.0
CUST00831,2025-10,3.0,3645990.0,1215330.0,3.0,143802086.0,47934028.666666664,3.0,2.0
CUST00831,2025-11,4.0,14253407.0,3563351.75,3.0,3078916.0,1026305.3333333334,4.0,2.0
CUST00831,2025-12,2.0,2589635.0,1294817.5,2.0,15495349.0,7747674.5,2.0,2.0
CUST00832,2025-01,2.0,131954732.0,65977366.0,0.0,0.0,0.0,2.0,0.0
CUST00832,2025-02,0.0,0.0,0.0,2.0,54041732.0,27020866.0,0.0,2.0
CUST00832,2025-03,2.0,35821968.0,17910984.0,1.0,6581992.0,6581992.0,2.0,1.0
CUST00832,2025-04,1.0,9611840.0,9611840.0,2.0,62427719.0,31213859.5,1.0,2.0
CUST00832,2025-05,2.0,27290402.0,13645201.0,2.0,101573436.0,50786718.0,2.0,2.0
CUST00832,2025-06,3.0,42656121.0,14218707.0,1.0,1528940.0,1528940.0,3.0,1.0
CUST00832,2025-07,1.0,14641232.0,14641232.0,6.0,66312791.0,11052131.833333334,1.0,6.0
CUST00832,2025-08,0.0,0.0,0.0,3.0,101687805.0,33895935.0,0.0,3.0
CUST00832,2025-09,1.0,13518962.0,13518962.0,1.0,23585961.0,23585961.0,1.0,1.0
CUST00832,2025-10,2.0,48756827.0,24378413.5,0.0,0.0,0.0,2.0,0.0
CUST00832,2025-11,2.0,114823564.0,57411782.0,1.0,2242541.0,2242541.0,2.0,1.0
CUST00832,2025-12,0.0,0.0,0.0,2.0,8592115.0,4296057.5,0.0,2.0
CUST00833,2025-01,1.0,44167481.0,44167481.0,4.0,89621309.0,22405327.25,1.0,3.0
CUST00833,2025-02,0.0,0.0,0.0,1.0,776552.0,776552.0,0.0,1.0
CUST00833,2025-03,5.0,104957855.0,20991571.0,0.0,0.0,0.0,4.0,0.0
CUST00833,2025-04,0.0,0.0,0.0,2.0,35575488.0,17787744.0,0.0,2.0
CUST00833,2025-05,2.0,15405024.0,7702512.0,2.0,2041585.0,1020792.5,2.0,2.0
CUST00833,2025-06,1.0,4886936.0,4886936.0,1.0,5020654.0,5020654.0,1.0,1.0
CUST00833,2025-07,0.0,0.0,0.0,6.0,25974272.0,4329045.333333333,0.0,6.0
CUST00833,2025-08,2.0,80957704.0,40478852.0,2.0,7930082.0,3965041.0,2.0,2.0
CUST00833,2025-09,4.0,47590277.0,11897569.25,4.0,13030261.0,3257565.25,4.0,4.0
CUST00833,2025-10,1.0,7079496.0,7079496.0,0.0,0.0,0.0,1.0,0.0
CUST00833,2025-11,3.0,54017017.0,18005672.333333332,1.0,73151555.0,73151555.0,3.0,1.0
CUST00833,2025-12,4.0,58559237.0,14639809.25,2.0,14311051.0,7155525.5,4.0,2.0
CUST00834,2025-01,0.0,0.0,0.0,3.0,35349392.0,11783130.666666666,0.0,3.0
CUST00834,2025-02,1.0,1477193.0,1477193.0,7.0,641169396.0,91595628.0,1.0,6.0
CUST00834,2025-03,0.0,0.0,0.0,2.0,19791884.0,9895942.0,0.0,2.0
CUST00834,2025-04,2.0,4436958.0,2218479.0,3.0,11411879.0,3803959.6666666665,2.0,3.0
CUST00834,2025-05,2.0,5092402.0,2546201.0,0.0,0.0,0.0,2.0,0.0
CUST00834,2025-06,2.0,3435527.0,1717763.5,3.0,62481025.0,20827008.333333332,2.0,3.0
CUST00834,2025-07,1.0,8922269.0,8922269.0,4.0,24215298.0,6053824.5,1.0,4.0
CUST00834,2025-08,1.0,1152463.0,1152463.0,2.0,47918973.0,23959486.5,1.0,2.0
CUST00834,2025-09,1.0,687902.0,687902.0,2.0,18153635.0,9076817.5,1.0,2.0
CUST00834,2025-10,5.0,5601192.0,1120238.4,2.0,6358369.0,3179184.5,4.0,2.0
CUST00834,2025-11,3.0,6597172.0,2199057.3333333335,1.0,4780360.0,4780360.0,3.0,1.0
CUST00834,2025-12,2.0,1443335.0,721667.5,1.0,409982.0,409982.0,2.0,1.0
CUST00835,2025-01,3.0,9034632.0,3011544.0,4.0,30957036.0,7739259.0,3.0,4.0
CUST00835,2025-02,1.0,6109233.0,6109233.0,3.0,79993645.0,26664548.333333332,1.0,3.0
CUST00835,2025-03,1.0,3886836.0,3886836.0,1.0,3885803.0,3885803.0,1.0,1.0
CUST00835,2025-04,2.0,5234113.0,2617056.5,2.0,46338733.0,23169366.5,2.0,2.0
CUST00835,2025-05,1.0,621294.0,621294.0,1.0,728226.0,728226.0,1.0,1.0
CUST00835,2025-07,2.0,8568023.0,4284011.5,2.0,3676384.0,1838192.0,2.0,2.0
CUST00835,2025-08,2.0,2399919.0,1199959.5,2.0,14885026.0,7442513.0,2.0,2.0
CUST00835,2025-09,2.0,7167261.0,3583630.5,3.0,6664966.0,2221655.3333333335,2.0,3.0
CUST00835,2025-10,6.0,14304631.0,2384105.1666666665,1.0,18211767.0,18211767.0,6.0,1.0
CUST00835,2025-11,5.0,11892911.0,2378582.2,1.0,1352290.0,1352290.0,5.0,1.0
CUST00835,2025-12,2.0,8532093.0,4266046.5,1.0,200769260.0,200769260.0,2.0,1.0
CUST00836,2025-01,4.0,12953150.0,3238287.5,1.0,8121971.0,8121971.0,4.0,1.0
CUST00836,2025-02,1.0,3101201.0,3101201.0,0.0,0.0,0.0,1.0,0.0
CUST00836,2025-03,4.0,10703623.0,2675905.75,1.0,89688317.0,89688317.0,4.0,1.0
CUST00836,2025-04,1.0,932061.0,932061.0,3.0,66424052.0,22141350.666666668,1.0,3.0
CUST00836,2025-05,2.0,6676013.0,3338006.5,1.0,1126363.0,1126363.0,2.0,1.0
CUST00836,2025-06,3.0,3534933.0,1178311.0,1.0,6358598.0,6358598.0,3.0,1.0
CUST00836,2025-07,3.0,4226686.0,1408895.3333333333,0.0,0.0,0.0,3.0,0.0
CUST00836,2025-08,3.0,3167668.0,1055889.3333333333,3.0,3063276.0,1021092.0,3.0,3.0
CUST00836,2025-09,4.0,6456114.0,1614028.5,4.0,18479138.0,4619784.5,4.0,4.0
CUST00836,2025-10,2.0,4433263.0,2216631.5,3.0,416710217.0,138903405.66666666,2.0,3.0
CUST00836,2025-11,2.0,2584001.0,1292000.5,3.0,17736423.0,5912141.0,2.0,3.0
CUST00836,2025-12,2.0,10428611.0,5214305.5,2.0,19360493.0,9680246.5,2.0,2.0
CUST00837,2025-01,0.0,0.0,0.0,3.0,16334511.0,5444837.0,0.0,3.0
CUST00837,2025-02,6.0,18346260.0,3057710.0,3.0,29359441.0,9786480.333333334,5.0,3.0
CUST00837,2025-03,2.0,2025985.0,1012992.5,3.0,181549395.0,60516465.0,2.0,3.0
CUST00837,2025-04,4.0,7665020.0,1916255.0,0.0,0.0,0.0,4.0,0.0
CUST00837,2025-05,0.0,0.0,0.0,1.0,1138024.0,1138024.0,0.0,1.0
CUST00837,2025-06,1.0,4138639.0,4138639.0,1.0,7291356.0,7291356.0,1.0,1.0
CUST00837,2025-08,1.0,5699623.0,5699623.0,2.0,2138637.0,1069318.5,1.0,2.0
CUST00837,2025-09,2.0,6305309.0,3152654.5,0.0,0.0,0.0,2.0,0.0
CUST00837,2025-10,1.0,1153433.0,1153433.0,2.0,13368987.0,6684493.5,1.0,2.0
CUST00837,2025-11,1.0,402482.0,402482.0,0.0,0.0,0.0,1.0,0.0
CUST00837,2025-12,3.0,17235068.0,5745022.666666667,0.0,0.0,0.0,3.0,0.0
CUST00838,2025-01,1.0,73136695.0,73136695.0,0.0,0.0,0.0,1.0,0.0
CUST00838,2025-02,1.0,23047284.0,23047284.0,3.0,67285801.0,22428600.333333332,1.0,3.0
CUST00838,2025-03,3.0,71226983.0,23742327.666666668,1.0,1381956.0,1381956.0,3.0,1.0
CUST00838,2025-04,2.0,15058039.0,7529019.5,2.0,37627144.0,18813572.0,2.0,2.0
CUST00838,2025-05,0.0,0.0,0.0,2.0,58601219.0,29300609.5,0.0,2.0
CUST00838,2025-06,3.0,20176462.0,6725487.333333333,2.0,240305382.0,120152691.0,3.0,2.0
CUST00838,2025-07,1.0,9992047.0,9992047.0,2.0,92431799.0,46215899.5,1.0,2.0
CUST00838,2025-08,1.0,12026171.0,12026171.0,6.0,45063636.0,7510606.0,1.0,6.0
CUST00838,2025-09,3.0,59398363.0,19799454.333333332,2.0,24534611.0,12267305.5,3.0,2.0
CUST00838,2025-10,2.0,27074350.0,13537175.0,3.0,47686776.0,15895592.0,2.0,2.0
CUST00838,2025-11,4.0,39595692.0,9898923.0,2.0,7693594.0,3846797.0,4.0,2.0
CUST00838,2025-12,1.0,42382097.0,42382097.0,0.0,0.0,0.0,1.0,0.0
CUST00839,2025-01,4.0,128500376.0,32125094.0,1.0,13292651.0,13292651.0,4.0,1.0
CUST00839,2025-02,3.0,57984631.0,19328210.333333332,1.0,3607652.0,3607652.0,3.0,1.0
CUST00839,2025-03,1.0,2576218.0,2576218.0,3.0,36888304.0,12296101.333333334,1.0,3.0
CUST00839,2025-04,0.0,0.0,0.0,3.0,32025795.0,10675265.0,0.0,3.0
CUST00839,2025-05,4.0,176785465.0,44196366.25,0.0,0.0,0.0,4.0,0.0
CUST00839,2025-06,4.0,86525368.0,21631342.0,3.0,5007329.0,1669109.6666666667,4.0,3.0
CUST00839,2025-07,3.0,57808772.0,19269590.666666668,2.0,36590306.0,18295153.0,3.0,2.0
CUST00839,2025-08,2.0,16154431.0,8077215.5,2.0,19265210.0,9632605.0,2.0,2.0
CUST00839,2025-09,2.0,37929040.0,18964520.0,1.0,4740899.0,4740899.0,2.0,1.0
CUST00839,2025-10,1.0,34746785.0,34746785.0,1.0,1532139.0,1532139.0,1.0,1.0
CUST00839,2025-11,1.0,13750802.0,13750802.0,4.0,12342983.0,3085745.75,1.0,4.0
CUST00839,2025-12,2.0,40560525.0,20280262.5,2.0,7783445.0,3891722.5,2.0,2.0
CUST00840,2025-01,2.0,3643449.0,1821724.5,2.0,39438816.0,19719408.0,2.0,2.0
CUST00840,2025-02,1.0,1777146.0,1777146.0,5.0,70644217.0,14128843.4,1.0,5.0
CUST00840,2025-03,1.0,568473.0,568473.0,1.0,51171538.0,51171538.0,1.0,1.0
CUST00840,2025-04,0.0,0.0,0.0,1.0,1208954.0,1208954.0,0.0,1.0
CUST00840,2025-05,1.0,5810194.0,5810194.0,0.0,0.0,0.0,1.0,0.0
CUST00840,2025-07,3.0,5926839.0,1975613.0,2.0,15205744.0,7602872.0,3.0,2.0
CUST00840,2025-08,1.0,2409653.0,2409653.0,3.0,41748494.0,13916164.666666666,1.0,3.0
CUST00840,2025-09,0.0,0.0,0.0,3.0,117085140.0,39028380.0,0.0,3.0
CUST00840,2025-10,1.0,432060.0,432060.0,2.0,10030212.0,5015106.0,1.0,2.0
CUST00840,2025-11,3.0,5880225.0,1960075.0,0.0,0.0,0.0,3.0,0.0
CUST00840,2025-12,3.0,4330609.0,1443536.3333333333,6.0,50358710.0,8393118.333333334,3.0,6.0
CUST00841,2025-01,2.0,5951505.0,2975752.5,3.0,9841093.0,3280364.3333333335,2.0,3.0
CUST00841,2025-02,2.0,3547709.0,1773854.5,2.0,48469513.0,24234756.5,2.0,2.0
CUST00841,2025-03,2.0,1586074.0,793037.0,3.0,36033773.0,12011257.666666666,2.0,3.0
CUST00841,2025-04,1.0,3336250.0,3336250.0,4.0,61950672.0,15487668.0,1.0,4.0
CUST00841,2025-05,3.0,6720149.0,2240049.6666666665,0.0,0.0,0.0,3.0,0.0
CUST00841,2025-06,0.0,0.0,0.0,2.0,8382782.0,4191391.0,0.0,2.0
CUST00841,2025-07,1.0,274764.0,274764.0,2.0,41828604.0,20914302.0,1.0,2.0
CUST00841,2025-08,5.0,8205932.0,1641186.4,4.0,236023454.0,59005863.5,5.0,4.0
CUST00841,2025-09,2.0,769112.0,384556.0,3.0,5041500.0,1680500.0,2.0,3.0
CUST00841,2025-10,2.0,2146401.0,1073200.5,0.0,0.0,0.0,1.0,0.0
CUST00841,2025-11,1.0,2137697.0,2137697.0,4.0,67017300.0,16754325.0,1.0,4.0
CUST00841,2025-12,2.0,2076075.0,1038037.5,3.0,26011882.0,8670627.333333334,2.0,3.0
CUST00842,2025-01,1.0,621147866.0,621147866.0,2.0,46016521.0,23008260.5,1.0,2.0
CUST00842,2025-02,3.0,237494660.0,79164886.66666667,2.0,30900191.0,15450095.5,3.0,2.0
CUST00842,2025-03,2.0,144997757.0,72498878.5,1.0,868320.0,868320.0,2.0,1.0
CUST00842,2025-04,1.0,128743520.0,128743520.0,4.0,133032259.0,33258064.75,1.0,3.0
CUST00842,2025-05,2.0,131202466.0,65601233.0,1.0,9831670.0,9831670.0,2.0,1.0
CUST00842,2025-06,3.0,571393785.0,190464595.0,4.0,54996548.0,13749137.0,3.0,4.0
CUST00842,2025-07,2.0,118562556.0,59281278.0,2.0,138421505.0,69210752.5,1.0,2.0
CUST00842,2025-08,1.0,56280838.0,56280838.0,0.0,0.0,0.0,1.0,0.0
CUST00842,2025-09,4.0,295564460.0,73891115.0,2.0,1612681.0,806340.5,4.0,2.0
CUST00842,2025-10,2.0,154621910.0,77310955.0,0.0,0.0,0.0,2.0,0.0
CUST00842,2025-11,2.0,75254782.0,37627391.0,5.0,54799249.0,10959849.8,2.0,5.0
CUST00842,2025-12,1.0,38917068.0,38917068.0,1.0,31193857.0,31193857.0,1.0,1.0
CUST00843,2025-01,2.0,6431598.0,3215799.0,1.0,958191.0,958191.0,2.0,1.0
CUST00843,2025-02,1.0,2659648.0,2659648.0,2.0,95109859.0,47554929.5,1.0,2.0
CUST00843,2025-03,1.0,1518348.0,1518348.0,4.0,15760835.0,3940208.75,1.0,4.0
CUST00843,2025-04,2.0,5981707.0,2990853.5,3.0,208101637.0,69367212.33333333,2.0,3.0
CUST00843,2025-05,2.0,3305922.0,1652961.0,2.0,6568776.0,3284388.0,2.0,2.0
CUST00843,2025-06,1.0,1049515.0,1049515.0,1.0,2518393.0,2518393.0,1.0,1.0
CUST00843,2025-07,1.0,4399896.0,4399896.0,1.0,7409026.0,7409026.0,1.0,1.0
CUST00843,2025-08,4.0,8663991.0,2165997.75,1.0,2406939.0,2406939.0,4.0,1.0
CUST00843,2025-09,1.0,2069057.0,2069057.0,7.0,45220672.0,6460096.0,1.0,7.0
CUST00843,2025-10,3.0,13221822.0,4407274.0,0.0,0.0,0.0,3.0,0.0
CUST00843,2025-11,3.0,10126253.0,3375417.6666666665,1.0,686012.0,686012.0,3.0,1.0
CUST00843,2025-12,2.0,10765003.0,5382501.5,1.0,5662223.0,5662223.0,2.0,1.0
CUST00844,2025-01,3.0,33734113.0,11244704.333333334,3.0,7881761.0,2627253.6666666665,3.0,3.0
CUST00844,2025-02,1.0,83395429.0,83395429.0,1.0,34914697.0,34914697.0,1.0,1.0
CUST00844,2025-03,4.0,71350751.0,17837687.75,2.0,4043021.0,2021510.5,4.0,2.0
CUST00844,2025-04,2.0,29779497.0,14889748.5,4.0,78442080.0,19610520.0,2.0,4.0
CUST00844,2025-05,1.0,23666045.0,23666045.0,2.0,25849757.0,12924878.5,1.0,2.0
CUST00844,2025-06,1.0,7678609.0,7678609.0,3.0,67750518.0,22583506.0,1.0,3.0
CUST00844,2025-07,1.0,2037520.0,2037520.0,1.0,659473.0,659473.0,1.0,1.0
CUST00844,2025-08,1.0,4455924.0,4455924.0,2.0,5287347.0,2643673.5,1.0,2.0
CUST00844,2025-09,2.0,56669473.0,28334736.5,2.0,145388820.0,72694410.0,2.0,2.0
CUST00844,2025-10,1.0,5870877.0,5870877.0,2.0,77088317.0,38544158.5,1.0,2.0
CUST00844,2025-11,2.0,67672461.0,33836230.5,2.0,6388296.0,3194148.0,2.0,2.0
CUST00844,2025-12,1.0,4273924.0,4273924.0,3.0,100896140.0,33632046.666666664,1.0,3.0
CUST00845,2025-01,0.0,0.0,0.0,3.0,45002625.0,15000875.0,0.0,3.0
CUST00845,2025-03,2.0,2167259.0,1083629.5,3.0,8175471.0,2725157.0,2.0,3.0
CUST00845,2025-04,3.0,4532324.0,1510774.6666666667,4.0,48995896.0,12248974.0,3.0,4.0
CUST00845,2025-05,1.0,6337890.0,6337890.0,5.0,20808093.0,4161618.6,1.0,4.0
CUST00845,2025-06,2.0,5613020.0,2806510.0,2.0,4621396.0,2310698.0,2.0,2.0
CUST00845,2025-07,3.0,17585176.0,5861725.333333333,3.0,6089259.0,2029753.0,3.0,3.0
CUST00845,2025-08,2.0,33245912.0,16622956.0,2.0,5564334.0,2782167.0,2.0,2.0
CUST00845,2025-09,2.0,3539669.0,1769834.5,0.0,0.0,0.0,2.0,0.0
CUST00845,2025-10,1.0,4127850.0,4127850.0,5.0,20453649.0,4090729.8,1.0,5.0
CUST00845,2025-11,4.0,12865732.0,3216433.0,2.0,5146149.0,2573074.5,4.0,2.0
CUST00845,2025-12,1.0,575988.0,575988.0,1.0,29913357.0,29913357.0,1.0,1.0
CUST00846,2025-01,1.0,1308313.0,1308313.0,0.0,0.0,0.0,1.0,0.0
CUST00846,2025-02,1.0,1249296.0,1249296.0,5.0,229415320.0,45883064.0,1.0,5.0
CUST00846,2025-03,3.0,4497782.0,1499260.6666666667,1.0,33488687.0,33488687.0,3.0,1.0
CUST00846,2025-04,3.0,13554591.0,4518197.0,2.0,54455243.0,27227621.5,3.0,2.0
CUST00846,2025-05,1.0,1532511.0,1532511.0,0.0,0.0,0.0,1.0,0.0
CUST00846,2025-06,5.0,8493146.0,1698629.2,2.0,29124097.0,14562048.5,5.0,2.0
CUST00846,2025-07,3.0,3179300.0,1059766.6666666667,1.0,1286138.0,1286138.0,3.0,1.0
CUST00846,2025-08,2.0,4943175.0,2471587.5,2.0,22581926.0,11290963.0,2.0,2.0
CUST00846,2025-09,2.0,1383096.0,691548.0,6.0,83847457.0,13974576.166666666,2.0,6.0
CUST00846,2025-10,4.0,4593624.0,1148406.0,3.0,14539140.0,4846380.0,4.0,3.0
CUST00846,2025-11,3.0,8318513.0,2772837.6666666665,0.0,0.0,0.0,3.0,0.0
CUST00846,2025-12,3.0,3218757.0,1072919.0,3.0,8726586.0,2908862.0,3.0,3.0
CUST00847,2025-01,4.0,11187824.0,2796956.0,3.0,44642722.0,14880907.333333334,4.0,3.0
CUST00847,2025-02,1.0,1236350.0,1236350.0,3.0,171539041.0,57179680.333333336,1.0,3.0
CUST00847,2025-03,2.0,4981990.0,2490995.0,1.0,5027228.0,5027228.0,2.0,1.0
CUST00847,2025-04,0.0,0.0,0.0,1.0,1126333.0,1126333.0,0.0,1.0
CUST00847,2025-05,2.0,7601978.0,3800989.0,2.0,9954061.0,4977030.5,2.0,2.0
CUST00847,2025-06,1.0,1290176.0,1290176.0,3.0,4333165.0,1444388.3333333333,1.0,3.0
CUST00847,2025-07,1.0,2600273.0,2600273.0,3.0,36700559.0,12233519.666666666,1.0,3.0
CUST00847,2025-08,0.0,0.0,0.0,1.0,6757727.0,6757727.0,0.0,1.0
CUST00847,2025-09,4.0,7855604.0,1963901.0,1.0,47511689.0,47511689.0,4.0,1.0
CUST00847,2025-10,3.0,2964372.0,988124.0,3.0,33257764.0,11085921.333333334,3.0,2.0
CUST00847,2025-11,4.0,4979236.0,1244809.0,2.0,25065286.0,12532643.0,4.0,2.0
CUST00847,2025-12,3.0,5464888.0,1821629.3333333333,1.0,3611603.0,3611603.0,3.0,1.0
CUST00848,2025-01,1.0,5530032.0,5530032.0,1.0,534948.0,534948.0,1.0,1.0
CUST00848,2025-02,2.0,7762413.0,3881206.5,1.0,839069.0,839069.0,2.0,1.0
CUST00848,2025-03,7.0,24868381.0,3552625.8571428573,3.0,27306242.0,9102080.666666666,7.0,3.0
CUST00848,2025-04,2.0,1864724.0,932362.0,1.0,2735191.0,2735191.0,2.0,1.0
CUST00848,2025-05,3.0,11112027.0,3704009.0,2.0,9298484.0,4649242.0,3.0,2.0
CUST00848,2025-06,3.0,11456181.0,3818727.0,0.0,0.0,0.0,3.0,0.0
CUST00848,2025-07,2.0,5962027.0,2981013.5,1.0,940954.0,940954.0,2.0,1.0
CUST00848,2025-08,2.0,4054153.0,2027076.5,3.0,10700005.0,3566668.3333333335,2.0,2.0
CUST00848,2025-09,3.0,11853772.0,3951257.3333333335,3.0,16632391.0,5544130.333333333,3.0,3.0
CUST00848,2025-10,1.0,1369907.0,1369907.0,1.0,4156938.0,4156938.0,1.0,1.0
CUST00848,2025-11,4.0,12958864.0,3239716.0,0.0,0.0,0.0,4.0,0.0
CUST00848,2025-12,3.0,10084817.0,3361605.6666666665,0.0,0.0,0.0,3.0,0.0
CUST00849,2025-01,4.0,713445498.0,178361374.5,3.0,16980785.0,5660261.666666667,4.0,3.0
CUST00849,2025-02,3.0,191787912.0,63929304.0,1.0,6951789.0,6951789.0,3.0,1.0
CUST00849,2025-03,3.0,136255085.0,45418361.666666664,0.0,0.0,0.0,3.0,0.0
CUST00849,2025-04,5.0,365528354.0,73105670.8,3.0,41643043.0,13881014.333333334,5.0,3.0
CUST00849,2025-05,3.0,323300073.0,107766691.0,5.0,19374346.0,3874869.2,3.0,5.0
CUST00849,2025-06,1.0,93978921.0,93978921.0,4.0,16474107.0,4118526.75,1.0,3.0
CUST00849,2025-07,0.0,0.0,0.0,3.0,8783725.0,2927908.3333333335,0.0,3.0
CUST00849,2025-08,2.0,260039511.0,130019755.5,1.0,7986056.0,7986056.0,2.0,1.0
CUST00849,2025-09,1.0,59404249.0,59404249.0,4.0,6437111.0,1609277.75,1.0,4.0
CUST00849,2025-11,3.0,223129843.0,74376614.33333333,4.0,118971183.0,29742795.75,3.0,4.0
CUST00849,2025-12,2.0,177045400.0,88522700.0,3.0,22954269.0,7651423.0,2.0,3.0
CUST00850,2025-01,2.0,1812334.0,906167.0,0.0,0.0,0.0,2.0,0.0
CUST00850,2025-03,0.0,0.0,0.0,3.0,66316213.0,22105404.333333332,0.0,3.0
CUST00850,2025-04,1.0,618891.0,618891.0,4.0,18113967.0,4528491.75,1.0,4.0
CUST00850,2025-05,4.0,11715315.0,2928828.75,2.0,32238809.0,16119404.5,4.0,2.0
CUST00850,2025-06,2.0,2902448.0,1451224.0,2.0,108150437.0,54075218.5,2.0,2.0
CUST00850,2025-07,1.0,870375.0,870375.0,2.0,215437261.0,107718630.5,1.0,2.0
CUST00850,2025-08,3.0,8855791.0,2951930.3333333335,2.0,34244009.0,17122004.5,3.0,2.0
CUST00850,2025-09,1.0,1180361.0,1180361.0,1.0,650558.0,650558.0,1.0,1.0
CUST00850,2025-10,3.0,13501001.0,4500333.666666667,1.0,6413969.0,6413969.0,3.0,1.0
CUST00850,2025-11,1.0,1060972.0,1060972.0,4.0,68201118.0,17050279.5,1.0,3.0
CUST00850,2025-12,2.0,14832120.0,7416060.0,2.0,4869121.0,2434560.5,2.0,2.0
CUST00851,2025-01,3.0,18156242.0,6052080.666666667,1.0,1767804.0,1767804.0,3.0,1.0
CUST00851,2025-02,1.0,4240199.0,4240199.0,2.0,11610913.0,5805456.5,1.0,2.0
CUST00851,2025-03,1.0,2561129.0,2561129.0,2.0,27939317.0,13969658.5,1.0,2.0
CUST00851,2025-04,1.0,2558932.0,2558932.0,0.0,0.0,0.0,1.0,0.0
CUST00851,2025-05,1.0,4123216.0,4123216.0,3.0,19686603.0,6562201.0,1.0,3.0
CUST00851,2025-06,1.0,2136486.0,2136486.0,2.0,1288581.0,644290.5,1.0,2.0
CUST00851,2025-07,4.0,11215146.0,2803786.5,2.0,6747484.0,3373742.0,4.0,2.0
CUST00851,2025-08,4.0,17295141.0,4323785.25,2.0,15059294.0,7529647.0,4.0,2.0
CUST00851,2025-09,2.0,3546611.0,1773305.5,1.0,15482538.0,15482538.0,2.0,1.0
CUST00851,2025-10,1.0,894469.0,894469.0,3.0,59173519.0,19724506.333333332,1.0,3.0
CUST00851,2025-11,3.0,4373611.0,1457870.3333333333,2.0,10674670.0,5337335.0,2.0,2.0
CUST00851,2025-12,1.0,2790369.0,2790369.0,5.0,63015044.0,12603008.8,1.0,5.0
CUST00852,2025-01,3.0,9782501.0,3260833.6666666665,2.0,81346964.0,40673482.0,3.0,2.0
CUST00852,2025-02,1.0,1002728.0,1002728.0,1.0,414038.0,414038.0,1.0,1.0
CUST00852,2025-03,1.0,1088793.0,1088793.0,4.0,68354945.0,17088736.25,1.0,4.0
CUST00852,2025-04,2.0,2978511.0,1489255.5,0.0,0.0,0.0,2.0,0.0
CUST00852,2025-05,3.0,9430449.0,3143483.0,2.0,33549877.0,16774938.5,3.0,2.0
CUST00852,2025-06,1.0,1428753.0,1428753.0,1.0,3034674.0,3034674.0,1.0,1.0
CUST00852,2025-07,5.0,8732238.0,1746447.6,0.0,0.0,0.0,5.0,0.0
CUST00852,2025-08,1.0,722468.0,722468.0,4.0,67495987.0,16873996.75,1.0,3.0
CUST00852,2025-09,2.0,3263512.0,1631756.0,1.0,2808644.0,2808644.0,2.0,1.0
CUST00852,2025-10,1.0,1597467.0,1597467.0,4.0,27701502.0,6925375.5,1.0,4.0
CUST00852,2025-11,2.0,5432312.0,2716156.0,1.0,3871732.0,3871732.0,2.0,1.0
CUST00852,2025-12,1.0,1221691.0,1221691.0,3.0,12472259.0,4157419.6666666665,1.0,3.0
CUST00853,2025-01,3.0,5380761.0,1793587.0,2.0,70126738.0,35063369.0,3.0,2.0
CUST00853,2025-02,0.0,0.0,0.0,3.0,62618168.0,20872722.666666668,0.0,2.0
CUST00853,2025-03,0.0,0.0,0.0,4.0,37065908.0,9266477.0,0.0,3.0
CUST00853,2025-04,0.0,0.0,0.0,1.0,13134013.0,13134013.0,0.0,1.0
CUST00853,2025-05,1.0,1698029.0,1698029.0,2.0,15758522.0,7879261.0,1.0,2.0
CUST00853,2025-06,3.0,16011810.0,5337270.0,5.0,22228541.0,4445708.2,3.0,4.0
CUST00853,2025-07,0.0,0.0,0.0,6.0,133723104.0,22287184.0,0.0,6.0
CUST00853,2025-08,2.0,2683492.0,1341746.0,0.0,0.0,0.0,2.0,0.0
CUST00853,2025-09,3.0,6875703.0,2291901.0,4.0,131508709.0,32877177.25,3.0,4.0
CUST00853,2025-10,2.0,1887497.0,943748.5,0.0,0.0,0.0,2.0,0.0
CUST00853,2025-11,2.0,5170214.0,2585107.0,2.0,6228594.0,3114297.0,1.0,2.0
CUST00853,2025-12,2.0,2000958.0,1000479.0,2.0,36452883.0,18226441.5,2.0,2.0
CUST00854,2025-01,0.0,0.0,0.0,2.0,12221564.0,6110782.0,0.0,2.0
CUST00854,2025-02,2.0,5010623.0,2505311.5,2.0,3109617.0,1554808.5,2.0,2.0
CUST00854,2025-03,1.0,6538896.0,6538896.0,5.0,329317042.0,65863408.4,1.0,5.0
CUST00854,2025-04,2.0,1132001.0,566000.5,2.0,4097130.0,2048565.0,2.0,2.0
CUST00854,2025-05,3.0,4202769.0,1400923.0,2.0,1597244.0,798622.0,3.0,2.0
CUST00854,2025-06,3.0,7998435.0,2666145.0,0.0,0.0,0.0,3.0,0.0
CUST00854,2025-07,1.0,1164131.0,1164131.0,3.0,10614349.0,3538116.3333333335,1.0,3.0
CUST00854,2025-08,2.0,5451401.0,2725700.5,0.0,0.0,0.0,2.0,0.0
CUST00854,2025-09,2.0,5052883.0,2526441.5,1.0,9933672.0,9933672.0,2.0,1.0
CUST00854,2025-10,1.0,774938.0,774938.0,2.0,89469759.0,44734879.5,1.0,2.0
CUST00854,2025-11,1.0,8217043.0,8217043.0,2.0,41479139.0,20739569.5,1.0,2.0
CUST00854,2025-12,5.0,11635848.0,2327169.6,1.0,11934713.0,11934713.0,5.0,1.0
CUST00855,2025-01,3.0,9499391.0,3166463.6666666665,2.0,11154443.0,5577221.5,3.0,2.0
CUST00855,2025-02,1.0,3044089.0,3044089.0,0.0,0.0,0.0,1.0,0.0
CUST00855,2025-03,2.0,1547945.0,773972.5,1.0,3326111.0,3326111.0,2.0,1.0
CUST00855,2025-04,2.0,4360361.0,2180180.5,3.0,27489526.0,9163175.333333334,2.0,3.0
CUST00855,2025-05,2.0,9311111.0,4655555.5,1.0,2593049.0,2593049.0,2.0,1.0
CUST00855,2025-06,0.0,0.0,0.0,1.0,15654693.0,15654693.0,0.0,1.0
CUST00855,2025-07,0.0,0.0,0.0,3.0,3023526.0,1007842.0,0.0,3.0
CUST00855,2025-08,1.0,2367394.0,2367394.0,1.0,58451252.0,58451252.0,1.0,1.0
CUST00855,2025-09,4.0,10566614.0,2641653.5,3.0,48826889.0,16275629.666666666,4.0,3.0
CUST00855,2025-10,2.0,1120267.0,560133.5,0.0,0.0,0.0,2.0,0.0
CUST00855,2025-11,4.0,9018612.0,2254653.0,2.0,29355150.0,14677575.0,4.0,2.0
CUST00855,2025-12,0.0,0.0,0.0,3.0,24889214.0,8296404.666666667,0.0,3.0
CUST00856,2025-01,1.0,10472297.0,10472297.0,4.0,87870634.0,21967658.5,1.0,4.0
CUST00856,2025-02,2.0,38421530.0,19210765.0,0.0,0.0,0.0,2.0,0.0
CUST00856,2025-03,1.0,6436962.0,6436962.0,4.0,117574826.0,29393706.5,1.0,4.0
CUST00856,2025-04,2.0,25268182.0,12634091.0,3.0,13004873.0,4334957.666666667,2.0,3.0
CUST00856,2025-05,0.0,0.0,0.0,6.0,354462236.0,59077039.333333336,0.0,5.0
CUST00856,2025-06,3.0,34863199.0,11621066.333333334,2.0,4700671.0,2350335.5,3.0,2.0
CUST00856,2025-07,1.0,33419083.0,33419083.0,2.0,16981369.0,8490684.5,1.0,2.0
CUST00856,2025-08,3.0,57358941.0,19119647.0,2.0,5841561.0,2920780.5,3.0,2.0
CUST00856,2025-09,2.0,42712810.0,21356405.0,2.0,7816837.0,3908418.5,2.0,2.0
CUST00856,2025-10,0.0,0.0,0.0,5.0,22039500.0,4407900.0,0.0,5.0
CUST00856,2025-11,1.0,4809661.0,4809661.0,4.0,37890977.0,9472744.25,1.0,4.0
CUST00856,2025-12,3.0,17454034.0,5818011.333333333,1.0,30202806.0,30202806.0,3.0,1.0
CUST00857,2025-01,2.0,1248278.0,624139.0,1.0,25078964.0,25078964.0,2.0,1.0
CUST00857,2025-02,4.0,4205409.0,1051352.25,3.0,425855329.0,141951776.33333334,4.0,3.0
CUST00857,2025-04,3.0,8466442.0,2822147.3333333335,5.0,220417026.0,44083405.2,3.0,5.0
CUST00857,2025-05,5.0,13116445.0,2623289.0,2.0,111176610.0,55588305.0,5.0,2.0
CUST00857,2025-06,5.0,8419727.0,1683945.4,4.0,34816637.0,8704159.25,5.0,4.0
CUST00857,2025-07,2.0,8363815.0,4181907.5,2.0,19222617.0,9611308.5,2.0,2.0
CUST00857,2025-08,2.0,2615185.0,1307592.5,1.0,22949422.0,22949422.0,2.0,1.0
CUST00857,2025-09,2.0,6287851.0,3143925.5,1.0,6700708.0,6700708.0,2.0,1.0
CUST00857,2025-10,1.0,1747873.0,1747873.0,2.0,7767757.0,3883878.5,1.0,2.0
CUST00857,2025-11,0.0,0.0,0.0,2.0,1539791.0,769895.5,0.0,2.0
CUST00857,2025-12,3.0,2178817.0,726272.3333333334,2.0,65385652.0,32692826.0,3.0,2.0
CUST00858,2025-01,1.0,2435680.0,2435680.0,3.0,20501365.0,6833788.333333333,1.0,3.0
CUST00858,2025-02,3.0,9046967.0,3015655.6666666665,2.0,1729980.0,864990.0,3.0,1.0
CUST00858,2025-03,3.0,6571249.0,2190416.3333333335,4.0,20054081.0,5013520.25,3.0,4.0
CUST00858,2025-04,1.0,561964.0,561964.0,4.0,23486389.0,5871597.25,1.0,4.0
CUST00858,2025-05,2.0,7014247.0,3507123.5,0.0,0.0,0.0,2.0,0.0
CUST00858,2025-06,1.0,655451.0,655451.0,2.0,30852561.0,15426280.5,1.0,2.0
CUST00858,2025-07,4.0,7481376.0,1870344.0,3.0,78831102.0,26277034.0,4.0,3.0
CUST00858,2025-08,2.0,5083221.0,2541610.5,2.0,49488253.0,24744126.5,2.0,2.0
CUST00858,2025-09,2.0,2132307.0,1066153.5,1.0,2119148.0,2119148.0,2.0,1.0
CUST00858,2025-10,0.0,0.0,0.0,3.0,45793769.0,15264589.666666666,0.0,3.0
CUST00858,2025-11,2.0,4085975.0,2042987.5,2.0,13398773.0,6699386.5,2.0,2.0
CUST00858,2025-12,1.0,2183613.0,2183613.0,3.0,38677855.0,12892618.333333334,1.0,3.0
CUST00859,2025-01,1.0,93651650.0,93651650.0,2.0,27640195.0,13820097.5,1.0,2.0
CUST00859,2025-02,1.0,227665774.0,227665774.0,1.0,378682.0,378682.0,1.0,1.0
CUST00859,2025-03,3.0,242503682.0,80834560.66666667,2.0,8145995.0,4072997.5,3.0,2.0
CUST00859,2025-04,2.0,121790661.0,60895330.5,0.0,0.0,0.0,2.0,0.0
CUST00859,2025-05,2.0,121218195.0,60609097.5,3.0,82990418.0,27663472.666666668,2.0,3.0
CUST00859,2025-06,2.0,64007258.0,32003629.0,3.0,20919155.0,6973051.666666667,2.0,3.0
CUST00859,2025-07,1.0,38749626.0,38749626.0,2.0,7852189.0,3926094.5,1.0,2.0
CUST00859,2025-08,4.0,949898466.0,237474616.5,4.0,265071398.0,66267849.5,4.0,4.0
CUST00859,2025-09,3.0,142908954.0,47636318.0,2.0,8352583.0,4176291.5,3.0,2.0
CUST00859,2025-10,1.0,47071258.0,47071258.0,3.0,199852784.0,66617594.666666664,1.0,3.0
CUST00859,2025-11,3.0,126811535.0,42270511.666666664,3.0,4262702.0,1420900.6666666667,3.0,3.0
CUST00859,2025-12,3.0,395474558.0,131824852.66666667,1.0,6327541.0,6327541.0,3.0,1.0
CUST00860,2025-01,1.0,735055.0,735055.0,4.0,103090433.0,25772608.25,1.0,4.0
CUST00860,2025-02,3.0,7726708.0,2575569.3333333335,1.0,1203100.0,1203100.0,3.0,1.0
CUST00860,2025-03,0.0,0.0,0.0,2.0,2868633.0,1434316.5,0.0,2.0
CUST00860,2025-04,1.0,1334948.0,1334948.0,2.0,22103761.0,11051880.5,1.0,2.0
CUST00860,2025-05,2.0,3562269.0,1781134.5,2.0,7903514.0,3951757.0,2.0,2.0
CUST00860,2025-06,4.0,6893220.0,1723305.0,2.0,7841028.0,3920514.0,4.0,2.0
CUST00860,2025-07,1.0,5245582.0,5245582.0,0.0,0.0,0.0,1.0,0.0
CUST00860,2025-08,2.0,8037723.0,4018861.5,2.0,10400848.0,5200424.0,2.0,2.0
CUST00860,2025-10,2.0,4455339.0,2227669.5,2.0,58942146.0,29471073.0,2.0,2.0
CUST00860,2025-11,0.0,0.0,0.0,1.0,32936606.0,32936606.0,0.0,1.0
CUST00860,2025-12,0.0,0.0,0.0,1.0,68571210.0,68571210.0,0.0,1.0
CUST00861,2025-01,1.0,62892607.0,62892607.0,0.0,0.0,0.0,1.0,0.0
CUST00861,2025-02,0.0,0.0,0.0,6.0,38758515.0,6459752.5,0.0,6.0
CUST00861,2025-03,1.0,291821013.0,291821013.0,1.0,89901337.0,89901337.0,1.0,1.0
CUST00861,2025-04,2.0,104649503.0,52324751.5,2.0,4112639.0,2056319.5,2.0,2.0
CUST00861,2025-07,0.0,0.0,0.0,4.0,55569877.0,13892469.25,0.0,4.0
CUST00861,2025-08,0.0,0.0,0.0,1.0,21493449.0,21493449.0,0.0,1.0
CUST00861,2025-09,2.0,169346409.0,84673204.5,2.0,1666505.0,833252.5,2.0,2.0
CUST00861,2025-10,1.0,81851161.0,81851161.0,5.0,20865320.0,4173064.0,1.0,5.0
CUST00861,2025-11,4.0,362897211.0,90724302.75,2.0,3963377.0,1981688.5,4.0,2.0
CUST00861,2025-12,2.0,270874964.0,135437482.0,3.0,70712934.0,23570978.0,2.0,3.0
CUST00862,2025-02,1.0,5902565.0,5902565.0,3.0,40064685.0,13354895.0,1.0,3.0
CUST00862,2025-03,3.0,26100337.0,8700112.333333334,2.0,14542696.0,7271348.0,3.0,2.0
CUST00862,2025-04,5.0,13717619.0,2743523.8,2.0,29328769.0,14664384.5,5.0,2.0
CUST00862,2025-05,2.0,1725210.0,862605.0,1.0,5515754.0,5515754.0,2.0,1.0
CUST00862,2025-06,2.0,10064809.0,5032404.5,2.0,31370280.0,15685140.0,2.0,2.0
CUST00862,2025-07,1.0,3342918.0,3342918.0,1.0,27091482.0,27091482.0,1.0,1.0
CUST00862,2025-08,3.0,10478627.0,3492875.6666666665,2.0,28042846.0,14021423.0,3.0,2.0
CUST00862,2025-09,3.0,7247515.0,2415838.3333333335,2.0,22432475.0,11216237.5,3.0,2.0
CUST00862,2025-10,1.0,2930641.0,2930641.0,5.0,42250029.0,8450005.8,1.0,5.0
CUST00862,2025-11,2.0,5672791.0,2836395.5,1.0,1579970.0,1579970.0,2.0,1.0
CUST00862,2025-12,4.0,6974367.0,1743591.75,2.0,31803354.0,15901677.0,3.0,2.0
CUST00863,2025-01,4.0,97147583.0,24286895.75,4.0,46681780.0,11670445.0,4.0,4.0
CUST00863,2025-02,2.0,94547264.0,47273632.0,4.0,22032412.0,5508103.0,2.0,4.0
CUST00863,2025-03,2.0,23854062.0,11927031.0,3.0,63346119.0,21115373.0,2.0,3.0
CUST00863,2025-04,1.0,34734815.0,34734815.0,2.0,5970590.0,2985295.0,1.0,2.0
CUST00863,2025-05,2.0,48917489.0,24458744.5,5.0,26398161.0,5279632.2,2.0,5.0
CUST00863,2025-06,1.0,14786683.0,14786683.0,1.0,62709188.0,62709188.0,1.0,1.0
CUST00863,2025-07,1.0,5687728.0,5687728.0,3.0,10338470.0,3446156.6666666665,1.0,3.0
CUST00863,2025-09,6.0,87421738.0,14570289.666666666,1.0,53330614.0,53330614.0,6.0,1.0
CUST00863,2025-10,2.0,24740898.0,12370449.0,4.0,35801231.0,8950307.75,2.0,4.0
CUST00863,2025-11,3.0,38892873.0,12964291.0,4.0,95981611.0,23995402.75,3.0,4.0
CUST00863,2025-12,2.0,53569099.0,26784549.5,0.0,0.0,0.0,2.0,0.0
CUST00864,2025-01,1.0,29547016.0,29547016.0,1.0,3887009.0,3887009.0,1.0,1.0
CUST00864,2025-02,0.0,0.0,0.0,1.0,16361448.0,16361448.0,0.0,1.0
CUST00864,2025-03,3.0,164355678.0,54785226.0,6.0,36998805.0,6166467.5,3.0,6.0
CUST00864,2025-04,1.0,13018416.0,13018416.0,3.0,16959514.0,5653171.333333333,1.0,3.0
CUST00864,2025-05,3.0,26271982.0,8757327.333333334,4.0,39179717.0,9794929.25,3.0,4.0
CUST00864,2025-06,1.0,8024538.0,8024538.0,0.0,0.0,0.0,1.0,0.0
CUST00864,2025-07,4.0,84493915.0,21123478.75,2.0,55903814.0,27951907.0,3.0,2.0
CUST00864,2025-08,3.0,55052047.0,18350682.333333332,2.0,19747354.0,9873677.0,3.0,2.0
CUST00864,2025-09,2.0,55523412.0,27761706.0,1.0,1410413.0,1410413.0,2.0,1.0
CUST00864,2025-10,3.0,170495366.0,56831788.666666664,0.0,0.0,0.0,3.0,0.0
CUST00864,2025-11,1.0,118316963.0,118316963.0,2.0,88247536.0,44123768.0,1.0,2.0
CUST00864,2025-12,1.0,24615470.0,24615470.0,2.0,12821570.0,6410785.0,1.0,2.0
CUST00865,2025-01,1.0,11647414.0,11647414.0,1.0,2435680.0,2435680.0,1.0,1.0
CUST00865,2025-02,3.0,34789024.0,11596341.333333334,1.0,2362969.0,2362969.0,3.0,1.0
CUST00865,2025-03,3.0,23704033.0,7901344.333333333,2.0,4943145.0,2471572.5,3.0,2.0
CUST00865,2025-04,1.0,5103098.0,5103098.0,0.0,0.0,0.0,1.0,0.0
CUST00865,2025-05,2.0,13608050.0,6804025.0,3.0,4521982.0,1507327.3333333333,2.0,3.0
CUST00865,2025-06,2.0,54948365.0,27474182.5,1.0,1240863.0,1240863.0,2.0,1.0
CUST00865,2025-07,3.0,53031756.0,17677252.0,1.0,2700961.0,2700961.0,3.0,1.0
CUST00865,2025-08,3.0,63933585.0,21311195.0,0.0,0.0,0.0,3.0,0.0
CUST00865,2025-09,1.0,9262071.0,9262071.0,3.0,28013586.0,9337862.0,1.0,3.0
CUST00865,2025-10,3.0,42196682.0,14065560.666666666,0.0,0.0,0.0,3.0,0.0
CUST00865,2025-11,2.0,72529974.0,36264987.0,4.0,5129415.0,1282353.75,2.0,4.0
CUST00865,2025-12,1.0,68688426.0,68688426.0,2.0,47983623.0,23991811.5,1.0,2.0
CUST00866,2025-01,1.0,114609852.0,114609852.0,1.0,70379567.0,70379567.0,1.0,1.0
CUST00866,2025-02,2.0,190076056.0,95038028.0,0.0,0.0,0.0,2.0,0.0
CUST00866,2025-03,2.0,179727151.0,89863575.5,1.0,1004270.0,1004270.0,2.0,1.0
CUST00866,2025-04,1.0,49318991.0,49318991.0,1.0,9238086.0,9238086.0,1.0,1.0
CUST00866,2025-05,5.0,505206055.0,101041211.0,1.0,2018967.0,2018967.0,5.0,1.0
CUST00866,2025-06,1.0,229852624.0,229852624.0,0.0,0.0,0.0,1.0,0.0
CUST00866,2025-07,2.0,353436153.0,176718076.5,0.0,0.0,0.0,2.0,0.0
CUST00866,2025-08,0.0,0.0,0.0,1.0,1635959.0,1635959.0,0.0,1.0
CUST00866,2025-09,3.0,224042773.0,74680924.33333333,1.0,18053583.0,18053583.0,3.0,1.0
CUST00866,2025-10,2.0,418019242.0,209009621.0,1.0,1641028.0,1641028.0,2.0,1.0
CUST00866,2025-11,2.0,79457041.0,39728520.5,0.0,0.0,0.0,2.0,0.0
CUST00866,2025-12,1.0,36377805.0,36377805.0,1.0,900703.0,900703.0,1.0,1.0
CUST00867,2025-01,1.0,424846.0,424846.0,4.0,131489788.0,32872447.0,1.0,4.0
CUST00867,2025-02,1.0,1546573.0,1546573.0,2.0,7688637.0,3844318.5,1.0,2.0
CUST00867,2025-03,7.0,22476468.0,3210924.0,3.0,53212617.0,17737539.0,7.0,3.0
CUST00867,2025-04,5.0,23195844.0,4639168.8,5.0,31001013.0,6200202.6,4.0,5.0
CUST00867,2025-05,2.0,1529730.0,764865.0,0.0,0.0,0.0,2.0,0.0
CUST00867,2025-06,0.0,0.0,0.0,1.0,9826860.0,9826860.0,0.0,1.0
CUST00867,2025-07,1.0,5024437.0,5024437.0,5.0,65988258.0,13197651.6,1.0,5.0
CUST00867,2025-08,3.0,8050174.0,2683391.3333333335,2.0,2896418.0,1448209.0,3.0,2.0
CUST00867,2025-09,3.0,7739738.0,2579912.6666666665,1.0,1269344.0,1269344.0,3.0,1.0
CUST00867,2025-10,3.0,6080837.0,2026945.6666666667,4.0,39403844.0,9850961.0,3.0,4.0
CUST00867,2025-11,1.0,1435633.0,1435633.0,2.0,14494322.0,7247161.0,1.0,2.0
CUST00867,2025-12,1.0,2406062.0,2406062.0,4.0,10893575.0,2723393.75,1.0,4.0
CUST00868,2025-01,4.0,311547346.0,77886836.5,1.0,3170151.0,3170151.0,3.0,1.0
CUST00868,2025-03,4.0,408086687.0,102021671.75,1.0,78530463.0,78530463.0,3.0,1.0
CUST00868,2025-04,3.0,388695135.0,129565045.0,2.0,29655252.0,14827626.0,3.0,2.0
CUST00868,2025-05,2.0,243378948.0,121689474.0,2.0,6383642.0,3191821.0,2.0,2.0
CUST00868,2025-06,0.0,0.0,0.0,2.0,29684391.0,14842195.5,0.0,2.0
CUST00868,2025-07,5.0,266132094.0,53226418.8,2.0,2727424.0,1363712.0,4.0,2.0
CUST00868,2025-08,2.0,143479299.0,71739649.5,0.0,0.0,0.0,2.0,0.0
CUST00868,2025-09,1.0,58367377.0,58367377.0,1.0,31082921.0,31082921.0,1.0,1.0
CUST00868,2025-10,5.0,819418186.0,163883637.2,3.0,120234510.0,40078170.0,5.0,3.0
CUST00868,2025-11,1.0,137351491.0,137351491.0,1.0,10611493.0,10611493.0,1.0,1.0
CUST00868,2025-12,2.0,140098294.0,70049147.0,4.0,169051753.0,42262938.25,2.0,4.0
CUST00869,2025-01,4.0,8903700.0,2225925.0,1.0,518353.0,518353.0,3.0,1.0
CUST00869,2025-02,3.0,13641460.0,4547153.333333333,2.0,82947193.0,41473596.5,3.0,2.0
CUST00869,2025-03,3.0,3613022.0,1204340.6666666667,2.0,3608775.0,1804387.5,3.0,2.0
CUST00869,2025-04,2.0,2334695.0,1167347.5,2.0,3367460.0,1683730.0,2.0,2.0
CUST00869,2025-05,6.0,24989646.0,4164941.0,2.0,1440214.0,720107.0,6.0,2.0
CUST00869,2025-06,3.0,2390683.0,796894.3333333334,2.0,29074316.0,14537158.0,3.0,2.0
CUST00869,2025-07,1.0,3377954.0,3377954.0,1.0,747237.0,747237.0,1.0,1.0
CUST00869,2025-08,3.0,9086756.0,3028918.6666666665,3.0,53670551.0,17890183.666666668,3.0,3.0
CUST00869,2025-10,2.0,8327944.0,4163972.0,4.0,23397025.0,5849256.25,2.0,4.0
CUST00869,2025-11,1.0,2394084.0,2394084.0,1.0,3414951.0,3414951.0,1.0,1.0
CUST00869,2025-12,2.0,3565470.0,1782735.0,2.0,60841629.0,30420814.5,2.0,2.0
CUST00870,2025-01,1.0,2950734.0,2950734.0,3.0,58693117.0,19564372.333333332,1.0,3.0
CUST00870,2025-02,1.0,3936582.0,3936582.0,1.0,1035849.0,1035849.0,1.0,1.0
CUST00870,2025-03,2.0,1664533.0,832266.5,1.0,11399727.0,11399727.0,2.0,1.0
CUST00870,2025-04,1.0,3114803.0,3114803.0,2.0,27490795.0,13745397.5,1.0,2.0
CUST00870,2025-05,5.0,8896170.0,1779234.0,1.0,752339.0,752339.0,5.0,1.0
CUST00870,2025-06,1.0,5866520.0,5866520.0,3.0,11346501.0,3782167.0,1.0,3.0
CUST00870,2025-08,2.0,3990443.0,1995221.5,0.0,0.0,0.0,2.0,0.0
CUST00870,2025-09,2.0,6616997.0,3308498.5,1.0,13518962.0,13518962.0,2.0,1.0
CUST00870,2025-10,1.0,3095544.0,3095544.0,1.0,1734243.0,1734243.0,1.0,1.0
CUST00870,2025-11,1.0,3937831.0,3937831.0,7.0,118994798.0,16999256.85714286,1.0,7.0
CUST00870,2025-12,3.0,2943275.0,981091.6666666666,1.0,1963642.0,1963642.0,3.0,1.0
CUST00871,2025-01,1.0,1859006.0,1859006.0,0.0,0.0,0.0,1.0,0.0
CUST00871,2025-02,3.0,8388960.0,2796320.0,1.0,1891539.0,1891539.0,3.0,1.0
CUST00871,2025-03,1.0,11154375.0,11154375.0,0.0,0.0,0.0,1.0,0.0
CUST00871,2025-04,2.0,8238388.0,4119194.0,0.0,0.0,0.0,2.0,0.0
CUST00871,2025-05,3.0,5799645.0,1933215.0,2.0,13325608.0,6662804.0,3.0,2.0
CUST00871,2025-06,1.0,6948559.0,6948559.0,4.0,17151644.0,4287911.0,1.0,4.0
CUST00871,2025-07,2.0,2472097.0,1236048.5,1.0,80480280.0,80480280.0,2.0,1.0
CUST00871,2025-08,1.0,934447.0,934447.0,1.0,56606284.0,56606284.0,1.0,1.0
CUST00871,2025-09,1.0,4764044.0,4764044.0,1.0,2365995.0,2365995.0,1.0,1.0
CUST00871,2025-10,5.0,19394814.0,3878962.8,2.0,4243046.0,2121523.0,5.0,2.0
CUST00871,2025-11,0.0,0.0,0.0,3.0,59516544.0,19838848.0,0.0,3.0
CUST00871,2025-12,3.0,11895243.0,3965081.0,3.0,22736294.0,7578764.666666667,3.0,3.0
CUST00872,2025-01,2.0,6412534.0,3206267.0,3.0,21934632.0,7311544.0,2.0,3.0
CUST00872,2025-02,1.0,2670745.0,2670745.0,2.0,10492115.0,5246057.5,1.0,2.0
CUST00872,2025-03,4.0,12066003.0,3016500.75,1.0,1411483.0,1411483.0,4.0,1.0
CUST00872,2025-04,4.0,46644131.0,11661032.75,3.0,35462134.0,11820711.333333334,3.0,3.0
CUST00872,2025-05,2.0,11801171.0,5900585.5,4.0,14218643.0,3554660.75,2.0,4.0
CUST00872,2025-06,0.0,0.0,0.0,2.0,7754394.0,3877197.0,0.0,2.0
CUST00872,2025-07,3.0,6333151.0,2111050.3333333335,3.0,251180426.0,83726808.66666667,3.0,3.0
CUST00872,2025-08,2.0,3857939.0,1928969.5,4.0,15067704.0,3766926.0,2.0,4.0
CUST00872,2025-09,4.0,6880607.0,1720151.75,3.0,64989667.0,21663222.333333332,4.0,2.0
CUST00872,2025-10,1.0,1052709.0,1052709.0,1.0,15285817.0,15285817.0,1.0,1.0
CUST00872,2025-11,5.0,19140790.0,3828158.0,2.0,66487368.0,33243684.0,5.0,2.0
CUST00872,2025-12,3.0,6561641.0,2187213.6666666665,1.0,3731384.0,3731384.0,3.0,1.0
CUST00873,2025-01,0.0,0.0,0.0,4.0,22952726.0,5738181.5,0.0,4.0
CUST00873,2025-02,3.0,6878495.0,2292831.6666666665,3.0,33529375.0,11176458.333333334,3.0,3.0
CUST00873,2025-03,2.0,8191823.0,4095911.5,4.0,122498018.0,30624504.5,2.0,4.0
CUST00873,2025-04,0.0,0.0,0.0,1.0,4827368.0,4827368.0,0.0,1.0
CUST00873,2025-05,4.0,14684699.0,3671174.75,3.0,25076118.0,8358706.0,4.0,3.0
CUST00873,2025-06,0.0,0.0,0.0,2.0,7110361.0,3555180.5,0.0,2.0
CUST00873,2025-07,1.0,1797973.0,1797973.0,2.0,46525030.0,23262515.0,1.0,2.0
CUST00873,2025-08,4.0,7299738.0,1824934.5,2.0,5027436.0,2513718.0,4.0,2.0
CUST00873,2025-09,0.0,0.0,0.0,3.0,45309859.0,15103286.333333334,0.0,3.0
CUST00873,2025-10,2.0,1117260.0,558630.0,0.0,0.0,0.0,2.0,0.0
CUST00873,2025-11,2.0,2812410.0,1406205.0,1.0,2563476.0,2563476.0,2.0,1.0
CUST00873,2025-12,1.0,781913.0,781913.0,0.0,0.0,0.0,1.0,0.0
CUST00874,2025-01,0.0,0.0,0.0,2.0,6615465.0,3307732.5,0.0,2.0
CUST00874,2025-02,1.0,20745734.0,20745734.0,1.0,1598560.0,1598560.0,1.0,1.0
CUST00874,2025-03,2.0,57990666.0,28995333.0,1.0,8907925.0,8907925.0,2.0,1.0
CUST00874,2025-04,2.0,65138630.0,32569315.0,2.0,59296218.0,29648109.0,2.0,2.0
CUST00874,2025-05,3.0,30699962.0,10233320.666666666,2.0,13226271.0,6613135.5,3.0,2.0
CUST00874,2025-06,2.0,13347818.0,6673909.0,0.0,0.0,0.0,2.0,0.0
CUST00874,2025-07,1.0,9365282.0,9365282.0,1.0,5629709.0,5629709.0,1.0,1.0
CUST00874,2025-08,1.0,8605485.0,8605485.0,2.0,179271724.0,89635862.0,1.0,2.0
CUST00874,2025-09,2.0,50035111.0,25017555.5,2.0,33790652.0,16895326.0,2.0,2.0
CUST00874,2025-10,1.0,5719631.0,5719631.0,1.0,1308005.0,1308005.0,1.0,1.0
CUST00874,2025-11,4.0,67148353.0,16787088.25,1.0,18586536.0,18586536.0,4.0,1.0
CUST00874,2025-12,1.0,12054748.0,12054748.0,4.0,300986927.0,75246731.75,1.0,4.0
CUST00875,2025-01,2.0,6204002.0,3102001.0,2.0,4109136.0,2054568.0,2.0,2.0
CUST00875,2025-02,2.0,5217040.0,2608520.0,2.0,8977966.0,4488983.0,2.0,2.0
CUST00875,2025-03,2.0,4278414.0,2139207.0,2.0,5869760.0,2934880.0,2.0,2.0
CUST00875,2025-04,1.0,1747024.0,1747024.0,3.0,11129021.0,3709673.6666666665,1.0,3.0
CUST00875,2025-05,1.0,2185887.0,2185887.0,1.0,68638401.0,68638401.0,1.0,1.0
CUST00875,2025-06,2.0,915805.0,457902.5,2.0,13787296.0,6893648.0,2.0,2.0
CUST00875,2025-07,3.0,2213183.0,737727.6666666666,1.0,1166180.0,1166180.0,3.0,1.0
CUST00875,2025-08,1.0,4834579.0,4834579.0,1.0,31205763.0,31205763.0,1.0,1.0
CUST00875,2025-09,3.0,4051853.0,1350617.6666666667,0.0,0.0,0.0,3.0,0.0
CUST00875,2025-10,1.0,1698672.0,1698672.0,4.0,58511688.0,14627922.0,1.0,4.0
CUST00875,2025-11,1.0,6099543.0,6099543.0,4.0,207842938.0,51960734.5,1.0,4.0
CUST00875,2025-12,4.0,11132240.0,2783060.0,3.0,18724445.0,6241481.666666667,4.0,3.0
CUST00876,2025-01,1.0,28169824.0,28169824.0,6.0,68640400.0,11440066.666666666,1.0,6.0
CUST00876,2025-02,2.0,14808853.0,7404426.5,1.0,131225488.0,131225488.0,2.0,1.0
CUST00876,2025-03,3.0,56918844.0,18972948.0,3.0,223369657.0,74456552.33333333,3.0,3.0
CUST00876,2025-04,3.0,28819283.0,9606427.666666666,1.0,5834793.0,5834793.0,3.0,1.0
CUST00876,2025-05,1.0,8987611.0,8987611.0,3.0,101232502.0,33744167.333333336,1.0,3.0
CUST00876,2025-06,0.0,0.0,0.0,4.0,36236799.0,9059199.75,0.0,4.0
CUST00876,2025-07,3.0,44828146.0,14942715.333333334,2.0,24097136.0,12048568.0,3.0,2.0
CUST00876,2025-08,1.0,6211523.0,6211523.0,4.0,23954835.0,5988708.75,1.0,4.0
CUST00876,2025-09,1.0,8518600.0,8518600.0,1.0,1236527.0,1236527.0,1.0,1.0
CUST00876,2025-10,5.0,47758701.0,9551740.2,2.0,34970492.0,17485246.0,5.0,2.0
CUST00876,2025-11,2.0,10893139.0,5446569.5,3.0,20276978.0,6758992.666666667,2.0,3.0
CUST00876,2025-12,2.0,31933825.0,15966912.5,1.0,3329407.0,3329407.0,2.0,1.0
CUST00877,2025-01,3.0,69158993.0,23052997.666666668,1.0,3729729.0,3729729.0,3.0,1.0
CUST00877,2025-02,1.0,6951789.0,6951789.0,2.0,12338782.0,6169391.0,1.0,1.0
CUST00877,2025-03,0.0,0.0,0.0,2.0,296293445.0,148146722.5,0.0,2.0
CUST00877,2025-04,4.0,80334407.0,20083601.75,0.0,0.0,0.0,4.0,0.0
CUST00877,2025-05,3.0,42675778.0,14225259.333333334,1.0,11576090.0,11576090.0,3.0,1.0
CUST00877,2025-06,3.0,61950935.0,20650311.666666668,1.0,392506.0,392506.0,3.0,1.0
CUST00877,2025-07,3.0,30473254.0,10157751.333333334,3.0,231781890.0,77260630.0,3.0,3.0
CUST00877,2025-08,4.0,62138563.0,15534640.75,3.0,26518033.0,8839344.333333334,4.0,2.0
CUST00877,2025-09,2.0,33290960.0,16645480.0,2.0,13895047.0,6947523.5,2.0,2.0
CUST00877,2025-10,4.0,70053644.0,17513411.0,1.0,37757658.0,37757658.0,4.0,1.0
CUST00877,2025-11,3.0,37664739.0,12554913.0,2.0,34220619.0,17110309.5,3.0,2.0
CUST00877,2025-12,2.0,74425152.0,37212576.0,1.0,6530336.0,6530336.0,2.0,1.0
CUST00878,2025-01,4.0,16486251.0,4121562.75,2.0,3855861.0,1927930.5,4.0,2.0
CUST00878,2025-02,3.0,24425320.0,8141773.333333333,0.0,0.0,0.0,3.0,0.0
CUST00878,2025-03,4.0,14266040.0,3566510.0,1.0,22673310.0,22673310.0,4.0,1.0
CUST00878,2025-04,0.0,0.0,0.0,1.0,2495990.0,2495990.0,0.0,1.0
CUST00878,2025-05,1.0,2167107.0,2167107.0,2.0,27090552.0,13545276.0,1.0,2.0
CUST00878,2025-06,1.0,4842422.0,4842422.0,2.0,112635530.0,56317765.0,1.0,2.0
CUST00878,2025-07,1.0,1531932.0,1531932.0,1.0,384149.0,384149.0,1.0,1.0
CUST00878,2025-08,2.0,10210291.0,5105145.5,0.0,0.0,0.0,2.0,0.0
CUST00878,2025-09,2.0,2480056.0,1240028.0,1.0,5659160.0,5659160.0,2.0,1.0
CUST00878,2025-10,4.0,8405056.0,2101264.0,1.0,5079643.0,5079643.0,4.0,1.0
CUST00878,2025-11,3.0,11916104.0,3972034.6666666665,3.0,20350291.0,6783430.333333333,3.0,3.0
CUST00878,2025-12,3.0,7877259.0,2625753.0,3.0,13720027.0,4573342.333333333,3.0,3.0
CUST00879,2025-01,0.0,0.0,0.0,2.0,87605860.0,43802930.0,0.0,2.0
CUST00879,2025-02,2.0,2659912.0,1329956.0,1.0,3023820.0,3023820.0,2.0,1.0
CUST00879,2025-03,3.0,25266421.0,8422140.333333334,1.0,202610393.0,202610393.0,3.0,1.0
CUST00879,2025-04,4.0,5359222.0,1339805.5,2.0,30524513.0,15262256.5,4.0,2.0
CUST00879,2025-05,0.0,0.0,0.0,1.0,3422995.0,3422995.0,0.0,1.0
CUST00879,2025-06,2.0,3224907.0,1612453.5,1.0,1798707.0,1798707.0,2.0,1.0
CUST00879,2025-07,3.0,6019415.0,2006471.6666666667,2.0,3081558.0,1540779.0,3.0,2.0
CUST00879,2025-08,4.0,16554800.0,4138700.0,3.0,38555136.0,12851712.0,4.0,3.0
CUST00879,2025-09,2.0,2794634.0,1397317.0,2.0,2004266.0,1002133.0,1.0,2.0
CUST00879,2025-10,5.0,8084073.0,1616814.6,3.0,167438662.0,55812887.333333336,5.0,3.0
CUST00879,2025-12,0.0,0.0,0.0,2.0,28032550.0,14016275.0,0.0,2.0
CUST00880,2025-01,2.0,7791001.0,3895500.5,3.0,48082780.0,16027593.333333334,2.0,3.0
CUST00880,2025-02,1.0,1757494.0,1757494.0,1.0,460229.0,460229.0,1.0,1.0
CUST00880,2025-03,3.0,12099046.0,4033015.3333333335,2.0,25876959.0,12938479.5,3.0,2.0
CUST00880,2025-04,1.0,3759950.0,3759950.0,3.0,63362786.0,21120928.666666668,1.0,3.0
CUST00880,2025-05,2.0,3487681.0,1743840.5,1.0,41985530.0,41985530.0,2.0,1.0
CUST00880,2025-06,2.0,3589124.0,1794562.0,1.0,10063191.0,10063191.0,2.0,1.0
CUST00880,2025-07,2.0,4242399.0,2121199.5,5.0,98822863.0,19764572.6,1.0,5.0
CUST00880,2025-08,2.0,3285591.0,1642795.5,1.0,1616742.0,1616742.0,2.0,1.0
CUST00880,2025-09,2.0,7618803.0,3809401.5,2.0,29284692.0,14642346.0,2.0,2.0
CUST00880,2025-10,2.0,3690420.0,1845210.0,1.0,6835840.0,6835840.0,2.0,1.0
CUST00880,2025-11,5.0,11068256.0,2213651.2,1.0,810134.0,810134.0,5.0,1.0
CUST00880,2025-12,1.0,9894953.0,9894953.0,0.0,0.0,0.0,1.0,0.0
CUST00881,2025-01,0.0,0.0,0.0,1.0,14884328.0,14884328.0,0.0,1.0
CUST00881,2025-02,2.0,5045926.0,2522963.0,5.0,42918773.0,8583754.6,2.0,5.0
CUST00881,2025-03,2.0,2108352.0,1054176.0,3.0,9864164.0,3288054.6666666665,1.0,3.0
CUST00881,2025-04,4.0,4505732.0,1126433.0,0.0,0.0,0.0,4.0,0.0
CUST00881,2025-05,2.0,4487762.0,2243881.0,1.0,20817245.0,20817245.0,2.0,1.0
CUST00881,2025-06,1.0,3281478.0,3281478.0,3.0,21264142.0,7088047.333333333,1.0,3.0
CUST00881,2025-07,1.0,1312512.0,1312512.0,5.0,74182178.0,14836435.6,1.0,5.0
CUST00881,2025-08,1.0,1432114.0,1432114.0,0.0,0.0,0.0,1.0,0.0
CUST00881,2025-09,4.0,8861492.0,2215373.0,3.0,10530870.0,3510290.0,4.0,3.0
CUST00881,2025-10,2.0,5010236.0,2505118.0,2.0,3497491.0,1748745.5,2.0,2.0
CUST00881,2025-11,2.0,11649783.0,5824891.5,0.0,0.0,0.0,2.0,0.0
CUST00881,2025-12,1.0,1209865.0,1209865.0,1.0,30201032.0,30201032.0,1.0,1.0
CUST00882,2025-01,1.0,666230.0,666230.0,2.0,8195905.0,4097952.5,1.0,2.0
CUST00882,2025-02,1.0,1891539.0,1891539.0,1.0,288627.0,288627.0,1.0,1.0
CUST00882,2025-03,2.0,6696365.0,3348182.5,4.0,61907466.0,15476866.5,2.0,4.0
CUST00882,2025-04,2.0,4902162.0,2451081.0,3.0,76432228.0,25477409.333333332,2.0,3.0
CUST00882,2025-05,2.0,2915936.0,1457968.0,1.0,3572867.0,3572867.0,2.0,1.0
CUST00882,2025-06,1.0,2495813.0,2495813.0,2.0,6052068.0,3026034.0,1.0,2.0
CUST00882,2025-07,2.0,1256695.0,628347.5,0.0,0.0,0.0,2.0,0.0
CUST00882,2025-08,3.0,9606589.0,3202196.3333333335,1.0,6347309.0,6347309.0,3.0,1.0
CUST00882,2025-09,1.0,3878138.0,3878138.0,9.0,38537061.0,4281895.666666667,1.0,9.0
CUST00882,2025-10,2.0,5060602.0,2530301.0,2.0,2631285.0,1315642.5,2.0,2.0
CUST00882,2025-11,4.0,8455060.0,2113765.0,0.0,0.0,0.0,4.0,0.0
CUST00882,2025-12,2.0,3855455.0,1927727.5,2.0,6128098.0,3064049.0,2.0,2.0
CUST00883,2025-01,3.0,3874890.0,1291630.0,1.0,30702522.0,30702522.0,3.0,1.0
CUST00883,2025-02,2.0,6861234.0,3430617.0,0.0,0.0,0.0,2.0,0.0
CUST00883,2025-03,3.0,6559623.0,2186541.0,1.0,5266801.0,5266801.0,3.0,1.0
CUST00883,2025-04,2.0,5330773.0,2665386.5,1.0,3271042.0,3271042.0,2.0,1.0
CUST00883,2025-05,0.0,0.0,0.0,2.0,15053394.0,7526697.0,0.0,2.0
CUST00883,2025-06,0.0,0.0,0.0,3.0,34433842.0,11477947.333333334,0.0,3.0
CUST00883,2025-07,2.0,3039315.0,1519657.5,1.0,47878448.0,47878448.0,2.0,1.0
CUST00883,2025-08,3.0,4743607.0,1581202.3333333333,3.0,8357915.0,2785971.6666666665,3.0,3.0
CUST00883,2025-09,1.0,2309024.0,2309024.0,2.0,28017809.0,14008904.5,1.0,2.0
CUST00883,2025-10,2.0,3180567.0,1590283.5,2.0,10267387.0,5133693.5,2.0,2.0
CUST00883,2025-11,1.0,1057070.0,1057070.0,0.0,0.0,0.0,1.0,0.0
CUST00883,2025-12,0.0,0.0,0.0,1.0,6561048.0,6561048.0,0.0,1.0
CUST00884,2025-01,1.0,7447632.0,7447632.0,2.0,29819980.0,14909990.0,1.0,2.0
CUST00884,2025-02,2.0,2423522.0,1211761.0,3.0,62148613.0,20716204.333333332,2.0,2.0
CUST00884,2025-03,1.0,6168390.0,6168390.0,2.0,75856009.0,37928004.5,1.0,2.0
CUST00884,2025-04,0.0,0.0,0.0,3.0,103390588.0,34463529.333333336,0.0,3.0
CUST00884,2025-05,1.0,2627805.0,2627805.0,2.0,5636488.0,2818244.0,1.0,2.0
CUST00884,2025-06,3.0,9183126.0,3061042.0,2.0,16557911.0,8278955.5,3.0,2.0
CUST00884,2025-07,2.0,4636819.0,2318409.5,7.0,19185469.0,2740781.285714286,2.0,7.0
CUST00884,2025-08,1.0,1451153.0,1451153.0,5.0,46840295.0,9368059.0,1.0,5.0
CUST00884,2025-09,3.0,4813747.0,1604582.3333333333,0.0,0.0,0.0,3.0,0.0
CUST00884,2025-10,0.0,0.0,0.0,1.0,3488969.0,3488969.0,0.0,1.0
CUST00884,2025-11,3.0,9072358.0,3024119.3333333335,1.0,17689519.0,17689519.0,3.0,1.0
CUST00884,2025-12,0.0,0.0,0.0,1.0,4145135.0,4145135.0,0.0,1.0
CUST00885,2025-01,4.0,442849091.0,110712272.75,4.0,7850470.0,1962617.5,4.0,4.0
CUST00885,2025-02,4.0,441184331.0,110296082.75,3.0,236060160.0,78686720.0,4.0,3.0
CUST00885,2025-03,3.0,164783932.0,54927977.333333336,1.0,13097016.0,13097016.0,3.0,1.0
CUST00885,2025-04,1.0,67128770.0,67128770.0,2.0,2423958.0,1211979.0,1.0,2.0
CUST00885,2025-05,3.0,121890699.0,40630233.0,2.0,277214328.0,138607164.0,3.0,2.0
CUST00885,2025-06,4.0,215885577.0,53971394.25,1.0,835882.0,835882.0,4.0,1.0
CUST00885,2025-07,0.0,0.0,0.0,1.0,3374543.0,3374543.0,0.0,1.0
CUST00885,2025-08,5.0,438495322.0,87699064.4,2.0,10298709.0,5149354.5,5.0,1.0
CUST00885,2025-09,2.0,190121694.0,95060847.0,1.0,5850196.0,5850196.0,2.0,1.0
CUST00885,2025-10,1.0,77043445.0,77043445.0,4.0,25637663.0,6409415.75,1.0,4.0
CUST00885,2025-11,1.0,30261440.0,30261440.0,4.0,59421037.0,14855259.25,1.0,4.0
CUST00885,2025-12,2.0,81054755.0,40527377.5,2.0,72226546.0,36113273.0,2.0,2.0
CUST00886,2025-01,5.0,87258891.0,17451778.2,2.0,5490015.0,2745007.5,5.0,2.0
CUST00886,2025-02,0.0,0.0,0.0,2.0,30056564.0,15028282.0,0.0,2.0
CUST00886,2025-03,3.0,56051037.0,18683679.0,2.0,6963949.0,3481974.5,3.0,2.0
CUST00886,2025-04,6.0,58848149.0,9808024.833333334,1.0,6965318.0,6965318.0,6.0,1.0
CUST00886,2025-05,2.0,26994686.0,13497343.0,4.0,38612818.0,9653204.5,2.0,4.0
CUST00886,2025-06,1.0,12242689.0,12242689.0,2.0,18923348.0,9461674.0,1.0,2.0
CUST00886,2025-07,1.0,12138831.0,12138831.0,4.0,25194675.0,6298668.75,1.0,4.0
CUST00886,2025-08,2.0,66582033.0,33291016.5,3.0,3038414.0,1012804.6666666666,2.0,3.0
CUST00886,2025-09,2.0,26234365.0,13117182.5,0.0,0.0,0.0,2.0,0.0
CUST00886,2025-10,3.0,26742809.0,8914269.666666666,3.0,16267742.0,5422580.666666667,3.0,3.0
CUST00886,2025-11,3.0,107407302.0,35802434.0,2.0,31395769.0,15697884.5,3.0,2.0
CUST00886,2025-12,2.0,15912938.0,7956469.0,2.0,3522006.0,1761003.0,2.0,2.0
CUST00887,2025-01,0.0,0.0,0.0,1.0,1183915.0,1183915.0,0.0,1.0
CUST00887,2025-02,2.0,4453799.0,2226899.5,1.0,24702618.0,24702618.0,2.0,1.0
CUST00887,2025-03,7.0,21228648.0,3032664.0,3.0,92069037.0,30689679.0,7.0,3.0
CUST00887,2025-04,3.0,9320649.0,3106883.0,3.0,3597006.0,1199002.0,3.0,3.0
CUST00887,2025-05,1.0,5598771.0,5598771.0,4.0,13313935.0,3328483.75,1.0,4.0
CUST00887,2025-06,2.0,8275225.0,4137612.5,2.0,8528201.0,4264100.5,2.0,2.0
CUST00887,2025-07,8.0,25389884.0,3173735.5,4.0,60873342.0,15218335.5,7.0,4.0
CUST00887,2025-08,2.0,7849488.0,3924744.0,2.0,6624309.0,3312154.5,2.0,2.0
CUST00887,2025-09,1.0,2095451.0,2095451.0,0.0,0.0,0.0,1.0,0.0
CUST00887,2025-10,2.0,9564930.0,4782465.0,2.0,4215809.0,2107904.5,2.0,2.0
CUST00887,2025-11,3.0,5789155.0,1929718.3333333333,0.0,0.0,0.0,3.0,0.0
CUST00887,2025-12,2.0,2838756.0,1419378.0,2.0,18962203.0,9481101.5,2.0,2.0
CUST00888,2025-01,1.0,9629416.0,9629416.0,4.0,23083500.0,5770875.0,1.0,4.0
CUST00888,2025-02,2.0,71355995.0,35677997.5,3.0,152642724.0,50880908.0,2.0,3.0
CUST00888,2025-03,3.0,75418557.0,25139519.0,3.0,16400901.0,5466967.0,3.0,3.0
CUST00888,2025-04,1.0,10905995.0,10905995.0,5.0,121660754.0,24332150.8,1.0,5.0
CUST00888,2025-05,3.0,98780131.0,32926710.333333332,2.0,4227950.0,2113975.0,2.0,2.0
CUST00888,2025-06,1.0,2992120.0,2992120.0,4.0,99766512.0,24941628.0,1.0,4.0
CUST00888,2025-07,5.0,103315680.0,20663136.0,4.0,11446701.0,2861675.25,5.0,4.0
CUST00888,2025-08,3.0,65972483.0,21990827.666666668,5.0,58401905.0,11680381.0,3.0,5.0
CUST00888,2025-09,4.0,95525889.0,23881472.25,0.0,0.0,0.0,4.0,0.0
CUST00888,2025-10,5.0,65272977.0,13054595.4,5.0,56599827.0,11319965.4,5.0,5.0
CUST00888,2025-11,1.0,10564632.0,10564632.0,2.0,24063470.0,12031735.0,1.0,2.0
CUST00888,2025-12,4.0,34837222.0,8709305.5,4.0,265303497.0,66325874.25,4.0,3.0
CUST00889,2025-01,3.0,7638321.0,2546107.0,1.0,1882068.0,1882068.0,3.0,1.0
CUST00889,2025-02,3.0,10477133.0,3492377.6666666665,0.0,0.0,0.0,3.0,0.0
CUST00889,2025-03,1.0,2380868.0,2380868.0,2.0,40006002.0,20003001.0,1.0,2.0
CUST00889,2025-04,2.0,2496197.0,1248098.5,4.0,32720632.0,8180158.0,2.0,4.0
CUST00889,2025-05,2.0,2181172.0,1090586.0,2.0,53587774.0,26793887.0,2.0,2.0
CUST00889,2025-06,2.0,4501752.0,2250876.0,5.0,17460517.0,3492103.4,2.0,5.0
CUST00889,2025-07,2.0,2721399.0,1360699.5,3.0,21068157.0,7022719.0,2.0,3.0
CUST00889,2025-08,3.0,7755992.0,2585330.6666666665,2.0,91878742.0,45939371.0,3.0,2.0
CUST00889,2025-09,3.0,6029578.0,2009859.3333333333,1.0,3614081.0,3614081.0,3.0,1.0
CUST00889,2025-10,2.0,9501461.0,4750730.5,2.0,13642376.0,6821188.0,2.0,2.0
CUST00889,2025-11,3.0,7275046.0,2425015.3333333335,3.0,11268586.0,3756195.3333333335,3.0,3.0
CUST00889,2025-12,7.0,18994331.0,2713475.8571428573,4.0,29189210.0,7297302.5,6.0,4.0
CUST00890,2025-01,3.0,5253723.0,1751241.0,2.0,58026163.0,29013081.5,3.0,2.0
CUST00890,2025-02,1.0,8860245.0,8860245.0,2.0,46852711.0,23426355.5,1.0,2.0
CUST00890,2025-03,1.0,2707749.0,2707749.0,1.0,31529401.0,31529401.0,1.0,1.0
CUST00890,2025-04,3.0,5614578.0,1871526.0,0.0,0.0,0.0,3.0,0.0
CUST00890,2025-05,4.0,5293578.0,1323394.5,0.0,0.0,0.0,4.0,0.0
CUST00890,2025-06,0.0,0.0,0.0,3.0,47366834.0,15788944.666666666,0.0,3.0
CUST00890,2025-07,2.0,11554588.0,5777294.0,0.0,0.0,0.0,2.0,0.0
CUST00890,2025-08,1.0,8812747.0,8812747.0,6.0,271476247.0,45246041.166666664,1.0,5.0
CUST00890,2025-09,1.0,4969874.0,4969874.0,0.0,0.0,0.0,1.0,0.0
CUST00890,2025-10,3.0,3933704.0,1311234.6666666667,0.0,0.0,0.0,3.0,0.0
CUST00890,2025-11,2.0,4526298.0,2263149.0,2.0,5036203.0,2518101.5,2.0,2.0
CUST00890,2025-12,3.0,7223591.0,2407863.6666666665,1.0,1950231.0,1950231.0,3.0,1.0
CUST00891,2025-01,3.0,112283464.0,37427821.333333336,1.0,23923109.0,23923109.0,3.0,1.0
CUST00891,2025-02,1.0,16554655.0,16554655.0,1.0,17016210.0,17016210.0,1.0,1.0
CUST00891,2025-03,1.0,62997171.0,62997171.0,1.0,40321562.0,40321562.0,1.0,1.0
CUST00891,2025-04,2.0,34508697.0,17254348.5,0.0,0.0,0.0,2.0,0.0
CUST00891,2025-05,3.0,73546681.0,24515560.333333332,0.0,0.0,0.0,3.0,0.0
CUST00891,2025-06,4.0,48517338.0,12129334.5,0.0,0.0,0.0,4.0,0.0
CUST00891,2025-07,2.0,13693269.0,6846634.5,1.0,1322591.0,1322591.0,1.0,1.0
CUST00891,2025-08,1.0,6886483.0,6886483.0,1.0,1515851.0,1515851.0,1.0,1.0
CUST00891,2025-09,2.0,39911948.0,19955974.0,2.0,27410063.0,13705031.5,2.0,2.0
CUST00891,2025-10,0.0,0.0,0.0,3.0,47210897.0,15736965.666666666,0.0,3.0
CUST00891,2025-11,0.0,0.0,0.0,3.0,71934856.0,23978285.333333332,0.0,3.0
CUST00891,2025-12,2.0,34747524.0,17373762.0,2.0,290300685.0,145150342.5,2.0,2.0
CUST00892,2025-01,1.0,3433066.0,3433066.0,3.0,4748702.0,1582900.6666666667,1.0,3.0
CUST00892,2025-02,4.0,5629183.0,1407295.75,1.0,32102498.0,32102498.0,4.0,1.0
CUST00892,2025-03,3.0,22128528.0,7376176.0,4.0,13738972.0,3434743.0,3.0,4.0
CUST00892,2025-04,1.0,9103074.0,9103074.0,2.0,3587813.0,1793906.5,1.0,2.0
CUST00892,2025-05,3.0,10196062.0,3398687.3333333335,1.0,8108412.0,8108412.0,3.0,1.0
CUST00892,2025-06,3.0,6677583.0,2225861.0,4.0,79525668.0,19881417.0,3.0,4.0
CUST00892,2025-07,1.0,3031777.0,3031777.0,2.0,7999150.0,3999575.0,1.0,2.0
CUST00892,2025-08,0.0,0.0,0.0,1.0,11809239.0,11809239.0,0.0,1.0
CUST00892,2025-09,2.0,4033838.0,2016919.0,1.0,1478771.0,1478771.0,2.0,1.0
CUST00892,2025-10,3.0,5487724.0,1829241.3333333333,2.0,3428853.0,1714426.5,3.0,2.0
CUST00892,2025-11,1.0,1284335.0,1284335.0,1.0,98802536.0,98802536.0,1.0,1.0
CUST00892,2025-12,4.0,9422615.0,2355653.75,0.0,0.0,0.0,4.0,0.0
CUST00893,2025-01,2.0,6780326.0,3390163.0,3.0,9368463.0,3122821.0,2.0,3.0
CUST00893,2025-02,1.0,9954600.0,9954600.0,0.0,0.0,0.0,1.0,0.0
CUST00893,2025-03,4.0,5997452.0,1499363.0,0.0,0.0,0.0,4.0,0.0
CUST00893,2025-04,1.0,1798859.0,1798859.0,0.0,0.0,0.0,1.0,0.0
CUST00893,2025-05,2.0,8312502.0,4156251.0,4.0,7550708.0,1887677.0,2.0,4.0
CUST00893,2025-06,3.0,7320998.0,2440332.6666666665,2.0,2772959.0,1386479.5,3.0,2.0
CUST00893,2025-07,2.0,1592172.0,796086.0,2.0,21445129.0,10722564.5,2.0,2.0
CUST00893,2025-08,2.0,5256549.0,2628274.5,2.0,3515977.0,1757988.5,2.0,2.0
CUST00893,2025-09,0.0,0.0,0.0,2.0,16520807.0,8260403.5,0.0,2.0
CUST00893,2025-10,2.0,3629347.0,1814673.5,0.0,0.0,0.0,2.0,0.0
CUST00893,2025-11,2.0,9512308.0,4756154.0,3.0,3877775.0,1292591.6666666667,2.0,3.0
CUST00893,2025-12,0.0,0.0,0.0,2.0,13052350.0,6526175.0,0.0,2.0
CUST00894,2025-01,1.0,54034031.0,54034031.0,0.0,0.0,0.0,1.0,0.0
CUST00894,2025-02,3.0,182163988.0,60721329.333333336,0.0,0.0,0.0,3.0,0.0
CUST00894,2025-03,5.0,523627960.0,104725592.0,2.0,1950301.0,975150.5,5.0,2.0
CUST00894,2025-04,3.0,278497972.0,92832657.33333333,0.0,0.0,0.0,3.0,0.0
CUST00894,2025-05,3.0,554178704.0,184726234.66666666,0.0,0.0,0.0,3.0,0.0
CUST00894,2025-06,1.0,109970877.0,109970877.0,3.0,5233480.0,1744493.3333333333,1.0,2.0
CUST00894,2025-07,1.0,61791462.0,61791462.0,3.0,8928905.0,2976301.6666666665,1.0,3.0
CUST00894,2025-08,1.0,107688712.0,107688712.0,2.0,4076235.0,2038117.5,1.0,2.0
CUST00894,2025-09,1.0,118674914.0,118674914.0,0.0,0.0,0.0,1.0,0.0
CUST00894,2025-10,4.0,485388774.0,121347193.5,0.0,0.0,0.0,4.0,0.0
CUST00894,2025-11,1.0,238270564.0,238270564.0,2.0,45211639.0,22605819.5,1.0,2.0
CUST00894,2025-12,3.0,688462018.0,229487339.33333334,2.0,46697809.0,23348904.5,3.0,2.0
CUST00895,2025-01,1.0,12250741.0,12250741.0,2.0,25800773.0,12900386.5,1.0,2.0
CUST00895,2025-02,2.0,14563812.0,7281906.0,0.0,0.0,0.0,2.0,0.0
CUST00895,2025-03,2.0,39978330.0,19989165.0,1.0,7338167.0,7338167.0,2.0,1.0
CUST00895,2025-04,0.0,0.0,0.0,1.0,3935324.0,3935324.0,0.0,1.0
CUST00895,2025-05,4.0,38761778.0,9690444.5,2.0,30177402.0,15088701.0,4.0,2.0
CUST00895,2025-06,1.0,3599138.0,3599138.0,3.0,15326679.0,5108893.0,1.0,3.0
CUST00895,2025-07,1.0,14213154.0,14213154.0,5.0,95446227.0,19089245.4,1.0,5.0
CUST00895,2025-08,3.0,19397929.0,6465976.333333333,1.0,14031413.0,14031413.0,3.0,1.0
CUST00895,2025-09,2.0,10380160.0,5190080.0,3.0,6923616.0,2307872.0,2.0,3.0
CUST00895,2025-10,2.0,31577229.0,15788614.5,2.0,89876647.0,44938323.5,2.0,2.0
CUST00895,2025-11,4.0,44194155.0,11048538.75,1.0,918700.0,918700.0,3.0,1.0
CUST00895,2025-12,0.0,0.0,0.0,1.0,3753048.0,3753048.0,0.0,1.0
CUST00896,2025-01,0.0,0.0,0.0,3.0,58400654.0,19466884.666666668,0.0,3.0
CUST00896,2025-02,1.0,58093509.0,58093509.0,2.0,65833024.0,32916512.0,1.0,2.0
CUST00896,2025-04,4.0,73507236.0,18376809.0,1.0,5842171.0,5842171.0,4.0,1.0
CUST00896,2025-05,1.0,4220077.0,4220077.0,2.0,1620752.0,810376.0,1.0,2.0
CUST00896,2025-06,2.0,19384939.0,9692469.5,1.0,5098008.0,5098008.0,2.0,1.0
CUST00896,2025-07,3.0,79374000.0,26458000.0,0.0,0.0,0.0,3.0,0.0
CUST00896,2025-08,5.0,168459782.0,33691956.4,4.0,23570354.0,5892588.5,4.0,4.0
CUST00896,2025-09,0.0,0.0,0.0,3.0,18641560.0,6213853.333333333,0.0,3.0
CUST00896,2025-10,1.0,9977106.0,9977106.0,2.0,4845857.0,2422928.5,1.0,2.0
CUST00896,2025-11,2.0,41825319.0,20912659.5,3.0,31989918.0,10663306.0,2.0,3.0
CUST00896,2025-12,1.0,49253913.0,49253913.0,1.0,92099954.0,92099954.0,1.0,1.0
CUST00897,2025-01,1.0,16711296.0,16711296.0,0.0,0.0,0.0,1.0,0.0
CUST00897,2025-02,2.0,106282013.0,53141006.5,2.0,89235248.0,44617624.0,2.0,2.0
CUST00897,2025-03,0.0,0.0,0.0,4.0,29024945.0,7256236.25,0.0,4.0
CUST00897,2025-04,2.0,88545072.0,44272536.0,2.0,37869089.0,18934544.5,2.0,2.0
CUST00897,2025-05,1.0,27219054.0,27219054.0,0.0,0.0,0.0,1.0,0.0
CUST00897,2025-06,2.0,41130203.0,20565101.5,0.0,0.0,0.0,2.0,0.0
CUST00897,2025-07,0.0,0.0,0.0,3.0,10397138.0,3465712.6666666665,0.0,3.0
CUST00897,2025-08,4.0,94036503.0,23509125.75,1.0,143512015.0,143512015.0,4.0,1.0
CUST00897,2025-09,4.0,45853473.0,11463368.25,0.0,0.0,0.0,4.0,0.0
CUST00897,2025-10,5.0,194002650.0,38800530.0,0.0,0.0,0.0,5.0,0.0
CUST00897,2025-11,1.0,35591417.0,35591417.0,4.0,49446721.0,12361680.25,1.0,3.0
CUST00897,2025-12,1.0,10852960.0,10852960.0,0.0,0.0,0.0,1.0,0.0
CUST00898,2025-01,2.0,100367205.0,50183602.5,2.0,11132453.0,5566226.5,2.0,2.0
CUST00898,2025-02,0.0,0.0,0.0,2.0,28456083.0,14228041.5,0.0,2.0
CUST00898,2025-03,1.0,6032951.0,6032951.0,3.0,47503774.0,15834591.333333334,1.0,3.0
CUST00898,2025-04,4.0,80673786.0,20168446.5,1.0,7424099.0,7424099.0,4.0,1.0
CUST00898,2025-05,4.0,97020465.0,24255116.25,7.0,225602479.0,32228925.57142857,4.0,7.0
CUST00898,2025-06,2.0,67676490.0,33838245.0,2.0,44706925.0,22353462.5,2.0,2.0
CUST00898,2025-07,2.0,83954520.0,41977260.0,3.0,38037633.0,12679211.0,2.0,3.0
CUST00898,2025-08,3.0,80519137.0,26839712.333333332,3.0,4997159.0,1665719.6666666667,3.0,3.0
CUST00898,2025-09,1.0,44855864.0,44855864.0,3.0,3609870.0,1203290.0,1.0,3.0
CUST00898,2025-10,1.0,7841255.0,7841255.0,2.0,10296322.0,5148161.0,1.0,2.0
CUST00898,2025-11,2.0,59558117.0,29779058.5,2.0,5451253.0,2725626.5,2.0,2.0
CUST00898,2025-12,2.0,23220685.0,11610342.5,3.0,31674800.0,10558266.666666666,2.0,3.0
CUST00899,2025-01,4.0,10346118.0,2586529.5,1.0,4966591.0,4966591.0,4.0,1.0
CUST00899,2025-02,1.0,3056077.0,3056077.0,0.0,0.0,0.0,1.0,0.0
CUST00899,2025-03,5.0,19341269.0,3868253.8,2.0,4377691.0,2188845.5,5.0,2.0
CUST00899,2025-04,2.0,4186256.0,2093128.0,1.0,11943294.0,11943294.0,2.0,1.0
CUST00899,2025-05,2.0,4171201.0,2085600.5,4.0,11247411.0,2811852.75,2.0,3.0
CUST00899,2025-06,2.0,5050472.0,2525236.0,2.0,80223587.0,40111793.5,2.0,2.0
CUST00899,2025-07,2.0,2181414.0,1090707.0,1.0,2669415.0,2669415.0,2.0,1.0
CUST00899,2025-08,0.0,0.0,0.0,4.0,36590470.0,9147617.5,0.0,4.0
CUST00899,2025-09,1.0,2176276.0,2176276.0,1.0,20192087.0,20192087.0,1.0,1.0
CUST00899,2025-10,3.0,9654512.0,3218170.6666666665,0.0,0.0,0.0,3.0,0.0
CUST00899,2025-11,2.0,1140474.0,570237.0,4.0,55582672.0,13895668.0,2.0,3.0
CUST00899,2025-12,1.0,2315628.0,2315628.0,2.0,22661108.0,11330554.0,1.0,2.0
CUST00900,2025-01,3.0,7747115.0,2582371.6666666665,5.0,85696793.0,17139358.6,3.0,5.0
CUST00900,2025-02,1.0,1214780.0,1214780.0,1.0,22002532.0,22002532.0,1.0,1.0
CUST00900,2025-03,2.0,8286580.0,4143290.0,3.0,214614898.0,71538299.33333333,2.0,3.0
CUST00900,2025-04,5.0,6241165.0,1248233.0,0.0,0.0,0.0,5.0,0.0
CUST00900,2025-05,1.0,2710288.0,2710288.0,4.0,47300451.0,11825112.75,1.0,4.0
CUST00900,2025-06,5.0,19579288.0,3915857.6,2.0,17796125.0,8898062.5,5.0,2.0
CUST00900,2025-07,3.0,7456552.0,2485517.3333333335,1.0,5473367.0,5473367.0,3.0,1.0
CUST00900,2025-08,2.0,9597759.0,4798879.5,2.0,8836253.0,4418126.5,2.0,2.0
CUST00900,2025-09,0.0,0.0,0.0,1.0,7782950.0,7782950.0,0.0,1.0
CUST00900,2025-10,2.0,5218257.0,2609128.5,3.0,14059097.0,4686365.666666667,2.0,3.0
CUST00900,2025-11,1.0,7175050.0,7175050.0,0.0,0.0,0.0,1.0,0.0
CUST00900,2025-12,2.0,4829182.0,2414591.0,2.0,78022606.0,39011303.0,2.0,2.0
CUST00901,2025-01,2.0,6014945.0,3007472.5,2.0,18074156.0,9037078.0,2.0,2.0
CUST00901,2025-02,2.0,4573118.0,2286559.0,0.0,0.0,0.0,2.0,0.0
CUST00901,2025-03,4.0,12085468.0,3021367.0,1.0,2381392.0,2381392.0,4.0,1.0
CUST00901,2025-04,1.0,3450500.0,3450500.0,1.0,4443059.0,4443059.0,1.0,1.0
CUST00901,2025-05,3.0,10761482.0,3587160.6666666665,4.0,42893074.0,10723268.5,3.0,4.0
CUST00901,2025-06,1.0,1627339.0,1627339.0,1.0,21747978.0,21747978.0,1.0,1.0
CUST00901,2025-07,1.0,2634414.0,2634414.0,3.0,77000472.0,25666824.0,1.0,3.0
CUST00901,2025-08,1.0,1506860.0,1506860.0,5.0,74520090.0,14904018.0,1.0,5.0
CUST00901,2025-09,0.0,0.0,0.0,6.0,158849516.0,26474919.333333332,0.0,6.0
CUST00901,2025-10,2.0,13702091.0,6851045.5,0.0,0.0,0.0,2.0,0.0
CUST00901,2025-11,3.0,5829126.0,1943042.0,2.0,5572129.0,2786064.5,3.0,2.0
CUST00901,2025-12,2.0,3143591.0,1571795.5,1.0,43155022.0,43155022.0,2.0,1.0
CUST00902,2025-01,3.0,12652835.0,4217611.666666667,0.0,0.0,0.0,3.0,0.0
CUST00902,2025-02,2.0,4144952.0,2072476.0,0.0,0.0,0.0,2.0,0.0
CUST00902,2025-03,2.0,6260358.0,3130179.0,4.0,66516221.0,16629055.25,2.0,4.0
CUST00902,2025-04,4.0,7407457.0,1851864.25,1.0,654905.0,654905.0,4.0,1.0
CUST00902,2025-05,2.0,5863821.0,2931910.5,5.0,13945212.0,2789042.4,2.0,5.0
CUST00902,2025-06,6.0,18176391.0,3029398.5,2.0,1132518.0,566259.0,6.0,2.0
CUST00902,2025-07,2.0,3073708.0,1536854.0,2.0,50400611.0,25200305.5,2.0,2.0
CUST00902,2025-08,1.0,1772047.0,1772047.0,2.0,14769313.0,7384656.5,1.0,2.0
CUST00902,2025-09,1.0,2140811.0,2140811.0,1.0,3211170.0,3211170.0,1.0,1.0
CUST00902,2025-10,1.0,7915253.0,7915253.0,2.0,8801269.0,4400634.5,1.0,2.0
CUST00902,2025-11,1.0,3172140.0,3172140.0,4.0,11326922.0,2831730.5,1.0,4.0
CUST00902,2025-12,3.0,13168961.0,4389653.666666667,4.0,12873318.0,3218329.5,3.0,4.0
CUST00903,2025-01,1.0,2646635.0,2646635.0,2.0,39796699.0,19898349.5,1.0,2.0
CUST00903,2025-03,3.0,9154770.0,3051590.0,1.0,17767941.0,17767941.0,3.0,1.0
CUST00903,2025-04,1.0,473869.0,473869.0,5.0,53994676.0,10798935.2,1.0,5.0
CUST00903,2025-05,1.0,4722113.0,4722113.0,3.0,8615530.0,2871843.3333333335,1.0,3.0
CUST00903,2025-06,1.0,1122955.0,1122955.0,2.0,22293424.0,11146712.0,1.0,2.0
CUST00903,2025-07,0.0,0.0,0.0,1.0,3892570.0,3892570.0,0.0,1.0
CUST00903,2025-08,3.0,11087799.0,3695933.0,2.0,25191139.0,12595569.5,2.0,2.0
CUST00903,2025-09,3.0,3421237.0,1140412.3333333333,0.0,0.0,0.0,3.0,0.0
CUST00903,2025-10,4.0,16693308.0,4173327.0,2.0,54327191.0,27163595.5,4.0,2.0
CUST00903,2025-11,0.0,0.0,0.0,1.0,3237854.0,3237854.0,0.0,1.0
CUST00903,2025-12,1.0,3244930.0,3244930.0,0.0,0.0,0.0,1.0,0.0
CUST00904,2025-01,2.0,4280005.0,2140002.5,4.0,20078536.0,5019634.0,2.0,4.0
CUST00904,2025-02,0.0,0.0,0.0,2.0,49120097.0,24560048.5,0.0,2.0
CUST00904,2025-03,2.0,2583610.0,1291805.0,2.0,3494682.0,1747341.0,2.0,2.0
CUST00904,2025-04,0.0,0.0,0.0,3.0,177085949.0,59028649.666666664,0.0,3.0
CUST00904,2025-05,2.0,11373846.0,5686923.0,2.0,8061037.0,4030518.5,2.0,2.0
CUST00904,2025-06,2.0,7729583.0,3864791.5,1.0,1070773.0,1070773.0,2.0,1.0
CUST00904,2025-07,1.0,2924548.0,2924548.0,1.0,55867650.0,55867650.0,1.0,1.0
CUST00904,2025-08,3.0,10291970.0,3430656.6666666665,1.0,11415950.0,11415950.0,3.0,1.0
CUST00904,2025-09,0.0,0.0,0.0,3.0,242909659.0,80969886.33333333,0.0,3.0
CUST00904,2025-10,2.0,4605546.0,2302773.0,3.0,40123956.0,13374652.0,2.0,3.0
CUST00904,2025-11,1.0,1617546.0,1617546.0,4.0,162912188.0,40728047.0,1.0,4.0
CUST00904,2025-12,1.0,1144041.0,1144041.0,2.0,3805322.0,1902661.0,1.0,2.0
CUST00905,2025-01,1.0,45809153.0,45809153.0,0.0,0.0,0.0,1.0,0.0
CUST00905,2025-02,0.0,0.0,0.0,1.0,83120987.0,83120987.0,0.0,1.0
CUST00905,2025-03,2.0,96029246.0,48014623.0,1.0,106641753.0,106641753.0,2.0,1.0
CUST00905,2025-04,5.0,698093052.0,139618610.4,1.0,962964.0,962964.0,5.0,1.0
CUST00905,2025-05,2.0,165408681.0,82704340.5,6.0,129381603.0,21563600.5,2.0,6.0
CUST00905,2025-06,4.0,449392039.0,112348009.75,1.0,1244259.0,1244259.0,4.0,1.0
CUST00905,2025-07,2.0,172004192.0,86002096.0,2.0,15167361.0,7583680.5,2.0,2.0
CUST00905,2025-08,4.0,173269005.0,43317251.25,2.0,33330870.0,16665435.0,4.0,2.0
CUST00905,2025-09,0.0,0.0,0.0,3.0,58393152.0,19464384.0,0.0,3.0
CUST00905,2025-10,1.0,92620004.0,92620004.0,2.0,6902372.0,3451186.0,1.0,2.0
CUST00905,2025-11,1.0,152188935.0,152188935.0,1.0,9162356.0,9162356.0,1.0,1.0
CUST00905,2025-12,1.0,28542562.0,28542562.0,4.0,32654581.0,8163645.25,1.0,4.0
CUST00906,2025-01,1.0,76257117.0,76257117.0,1.0,769509.0,769509.0,1.0,1.0
CUST00906,2025-02,1.0,73598021.0,73598021.0,2.0,16231317.0,8115658.5,1.0,2.0
CUST00906,2025-03,4.0,487554789.0,121888697.25,4.0,25534571.0,6383642.75,4.0,4.0
CUST00906,2025-04,1.0,54130167.0,54130167.0,3.0,50937620.0,16979206.666666668,1.0,3.0
CUST00906,2025-05,2.0,325211565.0,162605782.5,1.0,2448059.0,2448059.0,2.0,1.0
CUST00906,2025-06,2.0,83399322.0,41699661.0,2.0,2284699.0,1142349.5,2.0,2.0
CUST00906,2025-07,2.0,61618604.0,30809302.0,3.0,47601340.0,15867113.333333334,2.0,3.0
CUST00906,2025-08,4.0,577590412.0,144397603.0,1.0,392451.0,392451.0,4.0,1.0
CUST00906,2025-09,0.0,0.0,0.0,2.0,55351615.0,27675807.5,0.0,2.0
CUST00906,2025-10,3.0,98770422.0,32923474.0,1.0,1099887.0,1099887.0,3.0,1.0
CUST00906,2025-11,2.0,200668547.0,100334273.5,1.0,16571394.0,16571394.0,2.0,1.0
CUST00906,2025-12,2.0,164463334.0,82231667.0,2.0,62104637.0,31052318.5,2.0,2.0
CUST00907,2025-01,2.0,44928280.0,22464140.0,3.0,16166404.0,5388801.333333333,2.0,3.0
CUST00907,2025-02,2.0,70850018.0,35425009.0,1.0,20688085.0,20688085.0,2.0,1.0
CUST00907,2025-03,2.0,12863940.0,6431970.0,2.0,19439143.0,9719571.5,2.0,2.0
CUST00907,2025-04,3.0,68910438.0,22970146.0,0.0,0.0,0.0,3.0,0.0
CUST00907,2025-05,2.0,85779120.0,42889560.0,2.0,3937402.0,1968701.0,2.0,2.0
CUST00907,2025-06,2.0,25231760.0,12615880.0,1.0,1903415.0,1903415.0,2.0,1.0
CUST00907,2025-07,3.0,27434739.0,9144913.0,3.0,20303477.0,6767825.666666667,3.0,3.0
CUST00907,2025-08,0.0,0.0,0.0,2.0,66236303.0,33118151.5,0.0,2.0
CUST00907,2025-09,0.0,0.0,0.0,3.0,29125231.0,9708410.333333334,0.0,3.0
CUST00907,2025-10,2.0,21783622.0,10891811.0,4.0,24089726.0,6022431.5,2.0,4.0
CUST00907,2025-11,0.0,0.0,0.0,3.0,50777903.0,16925967.666666668,0.0,3.0
CUST00907,2025-12,1.0,14023158.0,14023158.0,3.0,25102376.0,8367458.666666667,1.0,3.0
CUST00908,2025-01,3.0,7239129.0,2413043.0,0.0,0.0,0.0,3.0,0.0
CUST00908,2025-02,0.0,0.0,0.0,3.0,72384280.0,24128093.333333332,0.0,3.0
CUST00908,2025-03,0.0,0.0,0.0,2.0,10158409.0,5079204.5,0.0,2.0
CUST00908,2025-04,2.0,1619133.0,809566.5,2.0,41532454.0,20766227.0,2.0,2.0
CUST00908,2025-05,3.0,3167872.0,1055957.3333333333,4.0,44691755.0,11172938.75,3.0,4.0
CUST00908,2025-06,1.0,3230678.0,3230678.0,2.0,11751706.0,5875853.0,1.0,2.0
CUST00908,2025-07,2.0,4635941.0,2317970.5,0.0,0.0,0.0,2.0,0.0
CUST00908,2025-08,3.0,11576443.0,3858814.3333333335,2.0,113676088.0,56838044.0,3.0,2.0
CUST00908,2025-09,0.0,0.0,0.0,1.0,22246643.0,22246643.0,0.0,1.0
CUST00908,2025-10,3.0,18956417.0,6318805.666666667,3.0,8259812.0,2753270.6666666665,3.0,3.0
CUST00908,2025-11,4.0,20733933.0,5183483.25,2.0,341561066.0,170780533.0,4.0,2.0
CUST00908,2025-12,2.0,4448923.0,2224461.5,5.0,65258608.0,13051721.6,2.0,5.0
CUST00909,2025-01,4.0,106839499.0,26709874.75,4.0,12371218.0,3092804.5,4.0,4.0
CUST00909,2025-02,2.0,38639066.0,19319533.0,1.0,890612.0,890612.0,2.0,1.0
CUST00909,2025-03,2.0,21416031.0,10708015.5,4.0,31569050.0,7892262.5,2.0,3.0
CUST00909,2025-04,1.0,47886403.0,47886403.0,1.0,4998675.0,4998675.0,1.0,1.0
CUST00909,2025-05,1.0,10047238.0,10047238.0,2.0,53698812.0,26849406.0,1.0,2.0
CUST00909,2025-06,1.0,12974126.0,12974126.0,1.0,1354192.0,1354192.0,1.0,1.0
CUST00909,2025-07,1.0,5514969.0,5514969.0,0.0,0.0,0.0,1.0,0.0
CUST00909,2025-08,1.0,3685735.0,3685735.0,2.0,49600431.0,24800215.5,1.0,2.0
CUST00909,2025-09,3.0,44212757.0,14737585.666666666,1.0,721616.0,721616.0,3.0,1.0
CUST00909,2025-10,5.0,77904465.0,15580893.0,2.0,53237772.0,26618886.0,4.0,2.0
CUST00909,2025-11,4.0,59675229.0,14918807.25,0.0,0.0,0.0,3.0,0.0
CUST00909,2025-12,0.0,0.0,0.0,3.0,14256863.0,4752287.666666667,0.0,3.0
CUST00910,2025-01,2.0,2046665.0,1023332.5,2.0,9563724.0,4781862.0,2.0,2.0
CUST00910,2025-02,2.0,4997890.0,2498945.0,0.0,0.0,0.0,2.0,0.0
CUST00910,2025-03,5.0,17015560.0,3403112.0,1.0,1830475.0,1830475.0,5.0,1.0
CUST00910,2025-04,3.0,4944790.0,1648263.3333333333,1.0,1238142.0,1238142.0,3.0,1.0
CUST00910,2025-05,2.0,5488283.0,2744141.5,1.0,3289617.0,3289617.0,2.0,1.0
CUST00910,2025-06,2.0,7113152.0,3556576.0,2.0,3582944.0,1791472.0,2.0,2.0
CUST00910,2025-07,1.0,2033443.0,2033443.0,2.0,10343690.0,5171845.0,1.0,2.0
CUST00910,2025-08,2.0,10106156.0,5053078.0,2.0,165061809.0,82530904.5,2.0,2.0
CUST00910,2025-09,1.0,1876839.0,1876839.0,2.0,17705053.0,8852526.5,1.0,2.0
CUST00910,2025-10,1.0,1039149.0,1039149.0,3.0,11216193.0,3738731.0,1.0,3.0
CUST00910,2025-11,1.0,1132538.0,1132538.0,1.0,7795674.0,7795674.0,1.0,1.0
CUST00910,2025-12,2.0,3197977.0,1598988.5,4.0,15450602.0,3862650.5,2.0,4.0
CUST00911,2025-01,3.0,50464344.0,16821448.0,3.0,8375304.0,2791768.0,2.0,3.0
CUST00911,2025-02,3.0,76051793.0,25350597.666666668,2.0,5445902.0,2722951.0,3.0,2.0
CUST00911,2025-03,0.0,0.0,0.0,4.0,49129840.0,12282460.0,0.0,4.0
CUST00911,2025-04,2.0,28950009.0,14475004.5,1.0,29694069.0,29694069.0,2.0,1.0
CUST00911,2025-05,0.0,0.0,0.0,2.0,22148540.0,11074270.0,0.0,2.0
CUST00911,2025-06,2.0,46744567.0,23372283.5,1.0,521480.0,521480.0,2.0,1.0
CUST00911,2025-07,0.0,0.0,0.0,6.0,105627267.0,17604544.5,0.0,6.0
CUST00911,2025-08,0.0,0.0,0.0,3.0,27254021.0,9084673.666666666,0.0,3.0
CUST00911,2025-09,3.0,39489948.0,13163316.0,2.0,77750972.0,38875486.0,3.0,2.0
CUST00911,2025-10,1.0,26165301.0,26165301.0,1.0,2777202.0,2777202.0,1.0,1.0
CUST00911,2025-11,1.0,20937751.0,20937751.0,4.0,32359239.0,8089809.75,1.0,4.0
CUST00911,2025-12,5.0,153816265.0,30763253.0,6.0,89800146.0,14966691.0,5.0,5.0
CUST00912,2025-01,3.0,8882311.0,2960770.3333333335,1.0,2034366.0,2034366.0,3.0,1.0
CUST00912,2025-02,1.0,1411381.0,1411381.0,4.0,30976958.0,7744239.5,1.0,4.0
CUST00912,2025-03,2.0,1706602.0,853301.0,2.0,19702661.0,9851330.5,2.0,1.0
CUST00912,2025-04,1.0,4443059.0,4443059.0,1.0,1421238.0,1421238.0,1.0,1.0
CUST00912,2025-05,1.0,7943867.0,7943867.0,1.0,38806600.0,38806600.0,1.0,1.0
CUST00912,2025-06,0.0,0.0,0.0,2.0,11470072.0,5735036.0,0.0,2.0
CUST00912,2025-07,1.0,2598185.0,2598185.0,5.0,34958883.0,6991776.6,1.0,5.0
CUST00912,2025-08,2.0,3710704.0,1855352.0,0.0,0.0,0.0,2.0,0.0
CUST00912,2025-09,4.0,5235609.0,1308902.25,2.0,75020179.0,37510089.5,4.0,2.0
CUST00912,2025-10,1.0,2429782.0,2429782.0,4.0,203713537.0,50928384.25,1.0,3.0
CUST00912,2025-11,0.0,0.0,0.0,1.0,17649227.0,17649227.0,0.0,1.0
CUST00912,2025-12,2.0,3005521.0,1502760.5,2.0,2948391.0,1474195.5,1.0,2.0
CUST00913,2025-01,3.0,32671994.0,10890664.666666666,1.0,3230704.0,3230704.0,3.0,1.0
CUST00913,2025-02,0.0,0.0,0.0,3.0,17017033.0,5672344.333333333,0.0,2.0
CUST00913,2025-03,2.0,21911929.0,10955964.5,2.0,27429947.0,13714973.5,2.0,2.0
CUST00913,2025-04,1.0,9298386.0,9298386.0,0.0,0.0,0.0,1.0,0.0
CUST00913,2025-05,1.0,27341200.0,27341200.0,2.0,41385180.0,20692590.0,1.0,2.0
CUST00913,2025-06,3.0,92591472.0,30863824.0,2.0,11848462.0,5924231.0,3.0,2.0
CUST00913,2025-07,1.0,145819969.0,145819969.0,1.0,16785119.0,16785119.0,1.0,1.0
CUST00913,2025-08,6.0,103495987.0,17249331.166666668,2.0,15797647.0,7898823.5,6.0,2.0
CUST00913,2025-09,1.0,26534045.0,26534045.0,3.0,12236967.0,4078989.0,1.0,3.0
CUST00913,2025-10,2.0,29021524.0,14510762.0,4.0,87140333.0,21785083.25,2.0,4.0
CUST00913,2025-11,1.0,21701326.0,21701326.0,3.0,11521892.0,3840630.6666666665,1.0,3.0
CUST00913,2025-12,3.0,25699908.0,8566636.0,2.0,192794029.0,96397014.5,3.0,2.0
CUST00914,2025-01,1.0,5976044.0,5976044.0,4.0,10376362.0,2594090.5,1.0,4.0
CUST00914,2025-02,6.0,17323181.0,2887196.8333333335,1.0,1202913.0,1202913.0,6.0,1.0
CUST00914,2025-03,3.0,8464421.0,2821473.6666666665,3.0,82963065.0,27654355.0,3.0,3.0
CUST00914,2025-04,6.0,15469930.0,2578321.6666666665,1.0,13331737.0,13331737.0,6.0,1.0
CUST00914,2025-05,2.0,2493951.0,1246975.5,0.0,0.0,0.0,2.0,0.0
CUST00914,2025-06,1.0,1684267.0,1684267.0,0.0,0.0,0.0,1.0,0.0
CUST00914,2025-07,1.0,2849919.0,2849919.0,3.0,257775038.0,85925012.66666667,1.0,3.0
CUST00914,2025-08,0.0,0.0,0.0,1.0,746259.0,746259.0,0.0,1.0
CUST00914,2025-09,2.0,2506509.0,1253254.5,1.0,1130092.0,1130092.0,2.0,1.0
CUST00914,2025-10,3.0,6083906.0,2027968.6666666667,3.0,16928291.0,5642763.666666667,3.0,3.0
CUST00914,2025-11,3.0,15941655.0,5313885.0,2.0,13799446.0,6899723.0,2.0,2.0
CUST00914,2025-12,1.0,732366.0,732366.0,1.0,37162080.0,37162080.0,1.0,1.0
CUST00915,2025-01,5.0,85834869.0,17166973.8,0.0,0.0,0.0,4.0,0.0
CUST00915,2025-02,0.0,0.0,0.0,4.0,12503582.0,3125895.5,0.0,4.0
CUST00915,2025-03,2.0,17575653.0,8787826.5,1.0,133437320.0,133437320.0,2.0,1.0
CUST00915,2025-04,0.0,0.0,0.0,2.0,3896315.0,1948157.5,0.0,2.0
CUST00915,2025-05,5.0,72635269.0,14527053.8,3.0,54032020.0,18010673.333333332,5.0,3.0
CUST00915,2025-06,1.0,19639045.0,19639045.0,0.0,0.0,0.0,1.0,0.0
CUST00915,2025-08,0.0,0.0,0.0,4.0,23172639.0,5793159.75,0.0,4.0
CUST00915,2025-09,2.0,100932802.0,50466401.0,0.0,0.0,0.0,2.0,0.0
CUST00915,2025-10,1.0,12706863.0,12706863.0,0.0,0.0,0.0,1.0,0.0
CUST00915,2025-11,2.0,37257247.0,18628623.5,2.0,3258792.0,1629396.0,2.0,2.0
CUST00915,2025-12,4.0,81515576.0,20378894.0,2.0,65243276.0,32621638.0,4.0,2.0
CUST00916,2025-01,2.0,257644585.0,128822292.5,2.0,29848568.0,14924284.0,2.0,2.0
CUST00916,2025-02,2.0,229007897.0,114503948.5,2.0,14281144.0,7140572.0,2.0,2.0
CUST00916,2025-03,3.0,526850771.0,175616923.66666666,1.0,6788598.0,6788598.0,3.0,1.0
CUST00916,2025-04,1.0,65032683.0,65032683.0,1.0,6132681.0,6132681.0,1.0,1.0
CUST00916,2025-05,5.0,511185527.0,102237105.4,2.0,16947848.0,8473924.0,4.0,2.0
CUST00916,2025-06,3.0,888082458.0,296027486.0,3.0,10572595.0,3524198.3333333335,3.0,3.0
CUST00916,2025-07,1.0,61634505.0,61634505.0,0.0,0.0,0.0,1.0,0.0
CUST00916,2025-08,4.0,543595464.0,135898866.0,4.0,201049170.0,50262292.5,4.0,4.0
CUST00916,2025-09,4.0,919840888.0,229960222.0,2.0,4576462.0,2288231.0,4.0,2.0
CUST00916,2025-10,2.0,228861727.0,114430863.5,3.0,6449032.0,2149677.3333333335,2.0,3.0
CUST00916,2025-11,0.0,0.0,0.0,5.0,13066975.0,2613395.0,0.0,5.0
CUST00916,2025-12,2.0,308265017.0,154132508.5,6.0,178716788.0,29786131.333333332,2.0,5.0
CUST00917,2025-01,3.0,7068992.0,2356330.6666666665,2.0,32003025.0,16001512.5,3.0,1.0
CUST00917,2025-02,0.0,0.0,0.0,1.0,1939995.0,1939995.0,0.0,1.0
CUST00917,2025-03,2.0,3243489.0,1621744.5,2.0,8822537.0,4411268.5,2.0,2.0
CUST00917,2025-04,3.0,6665743.0,2221914.3333333335,1.0,1411747.0,1411747.0,3.0,1.0
CUST00917,2025-05,1.0,1937536.0,1937536.0,5.0,195294165.0,39058833.0,1.0,4.0
CUST00917,2025-06,1.0,2434402.0,2434402.0,1.0,1113898.0,1113898.0,1.0,1.0
CUST00917,2025-07,4.0,5990011.0,1497502.75,2.0,1215135.0,607567.5,4.0,2.0
CUST00917,2025-08,1.0,1746894.0,1746894.0,3.0,146613147.0,48871049.0,1.0,3.0
CUST00917,2025-09,5.0,9289644.0,1857928.8,3.0,13885399.0,4628466.333333333,5.0,3.0
CUST00917,2025-10,1.0,3073364.0,3073364.0,3.0,53180936.0,17726978.666666668,1.0,3.0
CUST00917,2025-11,2.0,1788066.0,894033.0,1.0,1980129.0,1980129.0,2.0,1.0
CUST00917,2025-12,3.0,10124497.0,3374832.3333333335,3.0,29256902.0,9752300.666666666,3.0,2.0
CUST00918,2025-01,2.0,5561126.0,2780563.0,3.0,22295390.0,7431796.666666667,1.0,3.0
CUST00918,2025-02,3.0,5474516.0,1824838.6666666667,3.0,17694141.0,5898047.0,3.0,3.0
CUST00918,2025-03,4.0,7540251.0,1885062.75,2.0,4581793.0,2290896.5,4.0,2.0
CUST00918,2025-04,1.0,2546999.0,2546999.0,2.0,150348301.0,75174150.5,1.0,2.0
CUST00918,2025-05,1.0,3595237.0,3595237.0,4.0,25035562.0,6258890.5,1.0,4.0
CUST00918,2025-06,3.0,9966842.0,3322280.6666666665,3.0,18184493.0,6061497.666666667,3.0,3.0
CUST00918,2025-07,5.0,25429759.0,5085951.8,2.0,111454047.0,55727023.5,4.0,2.0
CUST00918,2025-08,1.0,1330958.0,1330958.0,5.0,200376968.0,40075393.6,1.0,5.0
CUST00918,2025-09,1.0,1067225.0,1067225.0,3.0,23782537.0,7927512.333333333,1.0,3.0
CUST00918,2025-10,3.0,7453783.0,2484594.3333333335,1.0,7167427.0,7167427.0,3.0,1.0
CUST00918,2025-11,0.0,0.0,0.0,3.0,20685230.0,6895076.666666667,0.0,3.0
CUST00918,2025-12,0.0,0.0,0.0,3.0,11994858.0,3998286.0,0.0,3.0
CUST00919,2025-01,2.0,143102109.0,71551054.5,1.0,10084099.0,10084099.0,2.0,1.0
CUST00919,2025-02,5.0,325079086.0,65015817.2,3.0,126666282.0,42222094.0,5.0,3.0
CUST00919,2025-03,3.0,183935925.0,61311975.0,4.0,166944393.0,41736098.25,3.0,4.0
CUST00919,2025-04,3.0,316230137.0,105410045.66666667,1.0,28635670.0,28635670.0,3.0,1.0
CUST00919,2025-05,4.0,308024143.0,77006035.75,2.0,75355202.0,37677601.0,4.0,2.0
CUST00919,2025-06,1.0,103480727.0,103480727.0,5.0,579268907.0,115853781.4,1.0,5.0
CUST00919,2025-07,1.0,26185796.0,26185796.0,1.0,5381865.0,5381865.0,1.0,1.0
CUST00919,2025-08,2.0,559073576.0,279536788.0,1.0,1929900.0,1929900.0,2.0,1.0
CUST00919,2025-09,1.0,21175256.0,21175256.0,5.0,36953640.0,7390728.0,1.0,5.0
CUST00919,2025-10,1.0,141863505.0,141863505.0,3.0,287031654.0,95677218.0,1.0,3.0
CUST00919,2025-11,1.0,119012225.0,119012225.0,1.0,5290882.0,5290882.0,1.0,1.0
CUST00919,2025-12,1.0,319245408.0,319245408.0,4.0,32302889.0,8075722.25,1.0,4.0
CUST00920,2025-01,3.0,8775143.0,2925047.6666666665,2.0,6124040.0,3062020.0,3.0,2.0
CUST00920,2025-02,2.0,12344644.0,6172322.0,3.0,112389565.0,37463188.333333336,2.0,3.0
CUST00920,2025-03,1.0,703014.0,703014.0,1.0,4970147.0,4970147.0,1.0,1.0
CUST00920,2025-04,4.0,11721605.0,2930401.25,3.0,31507180.0,10502393.333333334,4.0,3.0
CUST00920,2025-05,2.0,6843227.0,3421613.5,6.0,102842248.0,17140374.666666668,2.0,6.0
CUST00920,2025-06,1.0,4894277.0,4894277.0,3.0,111822787.0,37274262.333333336,1.0,3.0
CUST00920,2025-07,2.0,4691717.0,2345858.5,4.0,12153715.0,3038428.75,2.0,4.0
CUST00920,2025-08,2.0,2829109.0,1414554.5,2.0,29054641.0,14527320.5,2.0,2.0
CUST00920,2025-09,2.0,4648847.0,2324423.5,1.0,99442653.0,99442653.0,2.0,1.0
CUST00920,2025-10,3.0,6226572.0,2075524.0,2.0,16041958.0,8020979.0,3.0,2.0
CUST00920,2025-11,2.0,11564597.0,5782298.5,4.0,33949398.0,8487349.5,2.0,4.0
CUST00920,2025-12,1.0,2967167.0,2967167.0,2.0,24134313.0,12067156.5,1.0,2.0
CUST00921,2025-01,0.0,0.0,0.0,2.0,6343688.0,3171844.0,0.0,1.0
CUST00921,2025-02,2.0,19870254.0,9935127.0,3.0,6981801.0,2327267.0,2.0,3.0
CUST00921,2025-03,1.0,29004311.0,29004311.0,3.0,15146162.0,5048720.666666667,1.0,3.0
CUST00921,2025-04,2.0,87409885.0,43704942.5,2.0,13485274.0,6742637.0,2.0,2.0
CUST00921,2025-05,1.0,17406517.0,17406517.0,3.0,27975204.0,9325068.0,1.0,3.0
CUST00921,2025-06,2.0,9502351.0,4751175.5,3.0,15297280.0,5099093.333333333,2.0,3.0
CUST00921,2025-07,0.0,0.0,0.0,1.0,10727297.0,10727297.0,0.0,1.0
CUST00921,2025-08,1.0,7284992.0,7284992.0,4.0,78057641.0,19514410.25,1.0,4.0
CUST00921,2025-09,2.0,97193299.0,48596649.5,5.0,278423998.0,55684799.6,2.0,5.0
CUST00921,2025-10,2.0,24768304.0,12384152.0,2.0,19185457.0,9592728.5,2.0,2.0
CUST00921,2025-11,1.0,6121924.0,6121924.0,1.0,32040565.0,32040565.0,1.0,1.0
CUST00921,2025-12,2.0,60407407.0,30203703.5,3.0,7074017.0,2358005.6666666665,2.0,3.0
CUST00922,2025-01,0.0,0.0,0.0,3.0,85177749.0,28392583.0,0.0,2.0
CUST00922,2025-02,2.0,49086958.0,24543479.0,3.0,21349731.0,7116577.0,2.0,3.0
CUST00922,2025-03,1.0,12276954.0,12276954.0,2.0,11621674.0,5810837.0,1.0,2.0
CUST00922,2025-04,0.0,0.0,0.0,1.0,2437955.0,2437955.0,0.0,1.0
CUST00922,2025-05,1.0,14737068.0,14737068.0,2.0,89606077.0,44803038.5,1.0,2.0
CUST00922,2025-06,4.0,102763626.0,25690906.5,2.0,11247930.0,5623965.0,4.0,2.0
CUST00922,2025-07,2.0,27947401.0,13973700.5,1.0,8312972.0,8312972.0,2.0,1.0
CUST00922,2025-08,1.0,12927879.0,12927879.0,3.0,100291315.0,33430438.333333332,1.0,3.0
CUST00922,2025-09,1.0,46079111.0,46079111.0,1.0,1522345.0,1522345.0,1.0,1.0
CUST00922,2025-10,1.0,62149076.0,62149076.0,2.0,15497612.0,7748806.0,1.0,2.0
CUST00922,2025-11,1.0,8040805.0,8040805.0,4.0,67356143.0,16839035.75,1.0,4.0
CUST00922,2025-12,0.0,0.0,0.0,1.0,1948583.0,1948583.0,0.0,1.0
CUST00923,2025-01,1.0,1020507.0,1020507.0,0.0,0.0,0.0,1.0,0.0
CUST00923,2025-02,2.0,4497904.0,2248952.0,3.0,60486070.0,20162023.333333332,2.0,3.0
CUST00923,2025-03,1.0,879609.0,879609.0,0.0,0.0,0.0,1.0,0.0
CUST00923,2025-04,2.0,10098851.0,5049425.5,5.0,20405768.0,4081153.6,2.0,5.0
CUST00923,2025-06,0.0,0.0,0.0,1.0,2564587.0,2564587.0,0.0,1.0
CUST00923,2025-07,2.0,3496773.0,1748386.5,1.0,3814745.0,3814745.0,2.0,1.0
CUST00923,2025-08,0.0,0.0,0.0,2.0,14002672.0,7001336.0,0.0,2.0
CUST00923,2025-09,2.0,2766283.0,1383141.5,0.0,0.0,0.0,2.0,0.0
CUST00923,2025-10,2.0,1844963.0,922481.5,2.0,21508602.0,10754301.0,2.0,2.0
CUST00923,2025-11,1.0,698036.0,698036.0,1.0,14550245.0,14550245.0,1.0,1.0
CUST00923,2025-12,1.0,1931197.0,1931197.0,1.0,30340219.0,30340219.0,1.0,1.0
CUST00924,2025-01,4.0,14264627.0,3566156.75,2.0,67146407.0,33573203.5,4.0,2.0
CUST00924,2025-02,3.0,6840832.0,2280277.3333333335,3.0,218886201.0,72962067.0,3.0,3.0
CUST00924,2025-03,1.0,5031959.0,5031959.0,2.0,74698466.0,37349233.0,1.0,2.0
CUST00924,2025-04,3.0,13017167.0,4339055.666666667,2.0,3742441.0,1871220.5,3.0,2.0
CUST00924,2025-05,3.0,2466989.0,822329.6666666666,0.0,0.0,0.0,3.0,0.0
CUST00924,2025-06,3.0,4406034.0,1468678.0,2.0,140833886.0,70416943.0,3.0,2.0
CUST00924,2025-07,3.0,9295836.0,3098612.0,0.0,0.0,0.0,3.0,0.0
CUST00924,2025-08,2.0,3749991.0,1874995.5,3.0,56844351.0,18948117.0,2.0,3.0
CUST00924,2025-09,6.0,19640010.0,3273335.0,2.0,102162380.0,51081190.0,5.0,2.0
CUST00924,2025-10,1.0,3078686.0,3078686.0,1.0,3735016.0,3735016.0,1.0,1.0
CUST00924,2025-11,2.0,10375000.0,5187500.0,0.0,0.0,0.0,2.0,0.0
CUST00924,2025-12,4.0,9633035.0,2408258.75,4.0,46573648.0,11643412.0,4.0,4.0
CUST00925,2025-01,2.0,3984792.0,1992396.0,1.0,781679.0,781679.0,2.0,1.0
CUST00925,2025-02,0.0,0.0,0.0,2.0,73675559.0,36837779.5,0.0,2.0
CUST00925,2025-03,2.0,1869083.0,934541.5,2.0,4815797.0,2407898.5,2.0,2.0
CUST00925,2025-04,3.0,9733385.0,3244461.6666666665,3.0,113953244.0,37984414.666666664,3.0,3.0
CUST00925,2025-05,2.0,2346585.0,1173292.5,2.0,3139561.0,1569780.5,2.0,2.0
CUST00925,2025-06,1.0,4079221.0,4079221.0,2.0,5997259.0,2998629.5,1.0,2.0
CUST00925,2025-07,1.0,1547870.0,1547870.0,3.0,139348703.0,46449567.666666664,1.0,3.0
CUST00925,2025-08,3.0,16203096.0,5401032.0,0.0,0.0,0.0,3.0,0.0
CUST00925,2025-09,1.0,787230.0,787230.0,1.0,577361.0,577361.0,1.0,1.0
CUST00925,2025-10,0.0,0.0,0.0,2.0,5132222.0,2566111.0,0.0,2.0
CUST00925,2025-11,1.0,1201707.0,1201707.0,5.0,263309851.0,52661970.2,1.0,4.0
CUST00925,2025-12,4.0,6301985.0,1575496.25,0.0,0.0,0.0,4.0,0.0
CUST00926,2025-01,2.0,25030938.0,12515469.0,0.0,0.0,0.0,2.0,0.0
CUST00926,2025-02,0.0,0.0,0.0,1.0,18962271.0,18962271.0,0.0,1.0
CUST00926,2025-03,2.0,50610013.0,25305006.5,1.0,25719049.0,25719049.0,2.0,1.0
CUST00926,2025-04,2.0,14793017.0,7396508.5,1.0,10581602.0,10581602.0,2.0,1.0
CUST00926,2025-05,1.0,14584798.0,14584798.0,3.0,31316435.0,10438811.666666666,1.0,3.0
CUST00926,2025-06,2.0,224997841.0,112498920.5,1.0,3449392.0,3449392.0,2.0,1.0
CUST00926,2025-07,2.0,28582334.0,14291167.0,3.0,21389102.0,7129700.666666667,2.0,3.0
CUST00926,2025-08,3.0,28232671.0,9410890.333333334,2.0,8012607.0,4006303.5,3.0,2.0
CUST00926,2025-09,1.0,14030415.0,14030415.0,1.0,33734914.0,33734914.0,1.0,1.0
CUST00926,2025-10,0.0,0.0,0.0,4.0,18446352.0,4611588.0,0.0,4.0
CUST00926,2025-11,3.0,171137253.0,57045751.0,2.0,54392147.0,27196073.5,3.0,2.0
CUST00926,2025-12,1.0,3113519.0,3113519.0,4.0,141064447.0,35266111.75,1.0,4.0
CUST00927,2025-01,2.0,11097758.0,5548879.0,3.0,79149080.0,26383026.666666668,2.0,3.0
CUST00927,2025-02,2.0,9625177.0,4812588.5,2.0,17657703.0,8828851.5,2.0,2.0
CUST00927,2025-03,6.0,15716860.0,2619476.6666666665,1.0,1901660.0,1901660.0,6.0,1.0
CUST00927,2025-04,5.0,12474945.0,2494989.0,1.0,946440.0,946440.0,5.0,1.0
CUST00927,2025-05,1.0,1090521.0,1090521.0,2.0,3937485.0,1968742.5,1.0,2.0
CUST00927,2025-06,1.0,3064741.0,3064741.0,1.0,3171876.0,3171876.0,1.0,1.0
CUST00927,2025-07,2.0,11264749.0,5632374.5,2.0,21259724.0,10629862.0,2.0,2.0
CUST00927,2025-08,0.0,0.0,0.0,3.0,30827098.0,10275699.333333334,0.0,3.0
CUST00927,2025-09,0.0,0.0,0.0,3.0,10378746.0,3459582.0,0.0,2.0
CUST00927,2025-10,1.0,1798045.0,1798045.0,1.0,7386299.0,7386299.0,1.0,1.0
CUST00927,2025-11,2.0,6563029.0,3281514.5,1.0,4062519.0,4062519.0,2.0,1.0
CUST00927,2025-12,1.0,5121755.0,5121755.0,1.0,3486466.0,3486466.0,1.0,1.0
CUST00928,2025-01,0.0,0.0,0.0,2.0,29578302.0,14789151.0,0.0,2.0
CUST00928,2025-02,4.0,5482915.0,1370728.75,5.0,59439260.0,11887852.0,4.0,5.0
CUST00928,2025-03,2.0,2599201.0,1299600.5,2.0,4275125.0,2137562.5,2.0,2.0
CUST00928,2025-04,0.0,0.0,0.0,4.0,12725794.0,3181448.5,0.0,4.0
CUST00928,2025-05,2.0,7421268.0,3710634.0,3.0,20073388.0,6691129.333333333,2.0,3.0
CUST00928,2025-06,2.0,7151690.0,3575845.0,2.0,469468895.0,234734447.5,2.0,2.0
CUST00928,2025-07,3.0,4236863.0,1412287.6666666667,5.0,235108845.0,47021769.0,3.0,5.0
CUST00928,2025-08,1.0,6027596.0,6027596.0,2.0,62623841.0,31311920.5,1.0,2.0
CUST00928,2025-09,3.0,6989592.0,2329864.0,2.0,25909741.0,12954870.5,3.0,2.0
CUST00928,2025-10,0.0,0.0,0.0,1.0,28957392.0,28957392.0,0.0,1.0
CUST00928,2025-11,0.0,0.0,0.0,3.0,160260132.0,53420044.0,0.0,3.0
CUST00928,2025-12,0.0,0.0,0.0,1.0,78102766.0,78102766.0,0.0,1.0
CUST00929,2025-01,5.0,12860587.0,2572117.4,0.0,0.0,0.0,5.0,0.0
CUST00929,2025-02,1.0,1248623.0,1248623.0,2.0,361791804.0,180895902.0,1.0,2.0
CUST00929,2025-03,0.0,0.0,0.0,3.0,32213533.0,10737844.333333334,0.0,3.0
CUST00929,2025-04,0.0,0.0,0.0,2.0,52576796.0,26288398.0,0.0,2.0
CUST00929,2025-05,4.0,7565211.0,1891302.75,1.0,7676958.0,7676958.0,4.0,1.0
CUST00929,2025-06,7.0,16038807.0,2291258.1428571427,4.0,53442323.0,13360580.75,6.0,4.0
CUST00929,2025-07,2.0,8375222.0,4187611.0,3.0,98077988.0,32692662.666666668,2.0,3.0
CUST00929,2025-08,1.0,3842453.0,3842453.0,1.0,38766833.0,38766833.0,1.0,1.0
CUST00929,2025-09,2.0,2256855.0,1128427.5,2.0,17212166.0,8606083.0,2.0,2.0
CUST00929,2025-10,4.0,4801487.0,1200371.75,2.0,7240326.0,3620163.0,4.0,2.0
CUST00929,2025-11,2.0,6406698.0,3203349.0,0.0,0.0,0.0,2.0,0.0
CUST00929,2025-12,1.0,3425779.0,3425779.0,3.0,47362286.0,15787428.666666666,1.0,3.0
CUST00930,2025-01,2.0,12104122.0,6052061.0,2.0,24456195.0,12228097.5,2.0,2.0
CUST00930,2025-02,2.0,120926598.0,60463299.0,1.0,1633639.0,1633639.0,2.0,1.0
CUST00930,2025-03,1.0,7798724.0,7798724.0,1.0,11871894.0,11871894.0,1.0,1.0
CUST00930,2025-04,2.0,48949663.0,24474831.5,3.0,36777817.0,12259272.333333334,2.0,3.0
CUST00930,2025-05,0.0,0.0,0.0,3.0,10007261.0,3335753.6666666665,0.0,3.0
CUST00930,2025-06,0.0,0.0,0.0,1.0,64561242.0,64561242.0,0.0,1.0
CUST00930,2025-07,2.0,31449860.0,15724930.0,0.0,0.0,0.0,1.0,0.0
CUST00930,2025-08,5.0,114974516.0,22994903.2,5.0,87030285.0,17406057.0,5.0,5.0
CUST00930,2025-09,4.0,124629003.0,31157250.75,3.0,71773014.0,23924338.0,4.0,3.0
CUST00930,2025-10,3.0,36208287.0,12069429.0,1.0,568761.0,568761.0,3.0,1.0
CUST00930,2025-11,2.0,32064133.0,16032066.5,2.0,1514335.0,757167.5,2.0,2.0
CUST00930,2025-12,3.0,82754402.0,27584800.666666668,2.0,45481590.0,22740795.0,3.0,2.0
CUST00931,2025-01,3.0,63095189.0,21031729.666666668,1.0,64066534.0,64066534.0,3.0,1.0
CUST00931,2025-02,1.0,12462305.0,12462305.0,2.0,10471038.0,5235519.0,1.0,2.0
CUST00931,2025-03,2.0,41819537.0,20909768.5,1.0,40290643.0,40290643.0,2.0,1.0
CUST00931,2025-04,3.0,81892739.0,27297579.666666668,0.0,0.0,0.0,3.0,0.0
CUST00931,2025-05,1.0,63626995.0,63626995.0,0.0,0.0,0.0,1.0,0.0
CUST00931,2025-06,1.0,48360009.0,48360009.0,1.0,8088523.0,8088523.0,1.0,1.0
CUST00931,2025-07,2.0,43802325.0,21901162.5,1.0,9927936.0,9927936.0,2.0,1.0
CUST00931,2025-08,0.0,0.0,0.0,5.0,27346459.0,5469291.8,0.0,4.0
CUST00931,2025-09,4.0,87246303.0,21811575.75,2.0,70003101.0,35001550.5,4.0,2.0
CUST00931,2025-10,4.0,91592393.0,22898098.25,0.0,0.0,0.0,4.0,0.0
CUST00931,2025-11,1.0,5282529.0,5282529.0,3.0,41316186.0,13772062.0,1.0,3.0
CUST00931,2025-12,4.0,32696115.0,8174028.75,1.0,727217.0,727217.0,4.0,1.0
CUST00932,2025-01,1.0,204257650.0,204257650.0,2.0,9043093.0,4521546.5,1.0,2.0
CUST00932,2025-02,4.0,455820582.0,113955145.5,0.0,0.0,0.0,4.0,0.0
CUST00932,2025-03,4.0,236311053.0,59077763.25,1.0,2165576.0,2165576.0,4.0,1.0
CUST00932,2025-04,1.0,173320429.0,173320429.0,3.0,22639594.0,7546531.333333333,1.0,3.0
CUST00932,2025-05,4.0,410538289.0,102634572.25,3.0,34464825.0,11488275.0,4.0,3.0
CUST00932,2025-06,3.0,352980859.0,117660286.33333333,0.0,0.0,0.0,3.0,0.0
CUST00932,2025-07,2.0,101905300.0,50952650.0,5.0,68995775.0,13799155.0,2.0,5.0
CUST00932,2025-08,3.0,290484440.0,96828146.66666667,2.0,24305684.0,12152842.0,3.0,2.0
CUST00932,2025-09,1.0,259490801.0,259490801.0,6.0,111344487.0,18557414.5,1.0,6.0
CUST00932,2025-10,3.0,203958890.0,67986296.66666667,0.0,0.0,0.0,3.0,0.0
CUST00932,2025-11,1.0,110855749.0,110855749.0,5.0,143518180.0,28703636.0,1.0,5.0
CUST00932,2025-12,4.0,532132048.0,133033012.0,3.0,14919569.0,4973189.666666667,4.0,3.0
CUST00933,2025-01,1.0,4362164.0,4362164.0,2.0,9459692.0,4729846.0,1.0,2.0
CUST00933,2025-02,3.0,7448307.0,2482769.0,1.0,416109.0,416109.0,3.0,1.0
CUST00933,2025-03,2.0,4034138.0,2017069.0,2.0,20437876.0,10218938.0,2.0,2.0
CUST00933,2025-04,3.0,4210676.0,1403558.6666666667,2.0,79804503.0,39902251.5,3.0,2.0
CUST00933,2025-05,1.0,4216316.0,4216316.0,2.0,36613311.0,18306655.5,1.0,2.0
CUST00933,2025-06,1.0,776967.0,776967.0,3.0,8887392.0,2962464.0,1.0,3.0
CUST00933,2025-07,2.0,2646899.0,1323449.5,7.0,685758516.0,97965502.28571428,2.0,7.0
CUST00933,2025-08,2.0,13064817.0,6532408.5,1.0,1462523.0,1462523.0,2.0,1.0
CUST00933,2025-09,5.0,12142630.0,2428526.0,3.0,21732237.0,7244079.0,5.0,3.0
CUST00933,2025-10,1.0,737712.0,737712.0,3.0,25336543.0,8445514.333333334,1.0,3.0
CUST00933,2025-11,1.0,2641560.0,2641560.0,2.0,112516475.0,56258237.5,1.0,2.0
CUST00933,2025-12,1.0,2525517.0,2525517.0,0.0,0.0,0.0,1.0,0.0
CUST00934,2025-01,1.0,25906276.0,25906276.0,1.0,842901.0,842901.0,1.0,1.0
CUST00934,2025-02,4.0,52694717.0,13173679.25,1.0,1741364.0,1741364.0,4.0,1.0
CUST00934,2025-03,2.0,22649852.0,11324926.0,0.0,0.0,0.0,2.0,0.0
CUST00934,2025-04,0.0,0.0,0.0,1.0,370950.0,370950.0,0.0,1.0
CUST00934,2025-05,5.0,113476406.0,22695281.2,1.0,1713736.0,1713736.0,5.0,1.0
CUST00934,2025-06,2.0,31348245.0,15674122.5,1.0,4060589.0,4060589.0,2.0,1.0
CUST00934,2025-07,0.0,0.0,0.0,2.0,18007130.0,9003565.0,0.0,2.0
CUST00934,2025-08,3.0,35413868.0,11804622.666666666,2.0,1831207.0,915603.5,3.0,2.0
CUST00934,2025-09,1.0,6700708.0,6700708.0,1.0,55660666.0,55660666.0,1.0,1.0
CUST00934,2025-10,1.0,10108064.0,10108064.0,2.0,36964208.0,18482104.0,1.0,2.0
CUST00934,2025-11,1.0,166147812.0,166147812.0,2.0,9614874.0,4807437.0,1.0,2.0
CUST00934,2025-12,5.0,70147847.0,14029569.4,3.0,30881748.0,10293916.0,4.0,3.0
CUST00935,2025-01,4.0,145640644.0,36410161.0,1.0,18825319.0,18825319.0,4.0,1.0
CUST00935,2025-02,1.0,45300038.0,45300038.0,2.0,26541019.0,13270509.5,1.0,2.0
CUST00935,2025-03,5.0,68945428.0,13789085.6,3.0,12140366.0,4046788.6666666665,5.0,3.0
CUST00935,2025-04,2.0,36690344.0,18345172.0,3.0,30663668.0,10221222.666666666,2.0,3.0
CUST00935,2025-05,2.0,34346409.0,17173204.5,2.0,14537885.0,7268942.5,2.0,2.0
CUST00935,2025-06,4.0,72791042.0,18197760.5,1.0,8921155.0,8921155.0,3.0,1.0
CUST00935,2025-07,2.0,72341178.0,36170589.0,2.0,22352162.0,11176081.0,2.0,2.0
CUST00935,2025-08,2.0,30223579.0,15111789.5,1.0,1777568.0,1777568.0,2.0,1.0
CUST00935,2025-09,1.0,34205375.0,34205375.0,4.0,38255735.0,9563933.75,1.0,4.0
CUST00935,2025-10,3.0,67319782.0,22439927.333333332,3.0,52351627.0,17450542.333333332,3.0,3.0
CUST00935,2025-11,4.0,95802091.0,23950522.75,2.0,1933338.0,966669.0,4.0,2.0
CUST00935,2025-12,1.0,66312155.0,66312155.0,1.0,719480.0,719480.0,1.0,1.0
CUST00936,2025-01,2.0,31738728.0,15869364.0,5.0,44252705.0,8850541.0,1.0,5.0
CUST00936,2025-02,1.0,30173049.0,30173049.0,2.0,83065220.0,41532610.0,1.0,2.0
CUST00936,2025-03,0.0,0.0,0.0,2.0,28544563.0,14272281.5,0.0,2.0
CUST00936,2025-04,6.0,184025290.0,30670881.666666668,2.0,3980483.0,1990241.5,6.0,2.0
CUST00936,2025-05,1.0,23010216.0,23010216.0,2.0,16450117.0,8225058.5,1.0,2.0
CUST00936,2025-06,4.0,37742846.0,9435711.5,0.0,0.0,0.0,4.0,0.0
CUST00936,2025-07,4.0,56683963.0,14170990.75,2.0,2129236.0,1064618.0,4.0,2.0
CUST00936,2025-08,2.0,16489624.0,8244812.0,0.0,0.0,0.0,2.0,0.0
CUST00936,2025-09,2.0,40617671.0,20308835.5,0.0,0.0,0.0,2.0,0.0
CUST00936,2025-10,4.0,74645139.0,18661284.75,2.0,34080960.0,17040480.0,4.0,2.0
CUST00936,2025-11,1.0,11951944.0,11951944.0,3.0,36945064.0,12315021.333333334,1.0,3.0
CUST00936,2025-12,2.0,68925603.0,34462801.5,4.0,47307973.0,11826993.25,2.0,4.0
CUST00937,2025-01,3.0,190693303.0,63564434.333333336,1.0,8602436.0,8602436.0,3.0,1.0
CUST00937,2025-02,0.0,0.0,0.0,2.0,4332346.0,2166173.0,0.0,2.0
CUST00937,2025-03,4.0,394585778.0,98646444.5,1.0,2577020.0,2577020.0,4.0,1.0
CUST00937,2025-04,2.0,109706916.0,54853458.0,0.0,0.0,0.0,2.0,0.0
CUST00937,2025-05,1.0,70939243.0,70939243.0,6.0,35374081.0,5895680.166666667,1.0,6.0
CUST00937,2025-06,2.0,228826459.0,114413229.5,2.0,42480694.0,21240347.0,2.0,2.0
CUST00937,2025-07,3.0,172433511.0,57477837.0,3.0,39477030.0,13159010.0,3.0,3.0
CUST00937,2025-08,1.0,73723335.0,73723335.0,5.0,28069518.0,5613903.6,1.0,5.0
CUST00937,2025-09,2.0,37955302.0,18977651.0,1.0,12880083.0,12880083.0,2.0,1.0
CUST00937,2025-10,2.0,245643786.0,122821893.0,4.0,57065180.0,14266295.0,2.0,4.0
CUST00937,2025-11,4.0,286854586.0,71713646.5,1.0,75884702.0,75884702.0,4.0,1.0
CUST00937,2025-12,2.0,236411747.0,118205873.5,2.0,7628740.0,3814370.0,2.0,2.0
CUST00938,2025-01,2.0,9589609.0,4794804.5,0.0,0.0,0.0,2.0,0.0
CUST00938,2025-02,2.0,2542369.0,1271184.5,2.0,20345920.0,10172960.0,2.0,2.0
CUST00938,2025-03,4.0,8271557.0,2067889.25,2.0,65359757.0,32679878.5,4.0,2.0
CUST00938,2025-04,2.0,5218108.0,2609054.0,1.0,5056291.0,5056291.0,2.0,1.0
CUST00938,2025-05,1.0,528759.0,528759.0,2.0,31371054.0,15685527.0,1.0,2.0
CUST00938,2025-06,3.0,10854257.0,3618085.6666666665,3.0,22492410.0,7497470.0,3.0,3.0
CUST00938,2025-07,2.0,8058873.0,4029436.5,2.0,20947811.0,10473905.5,2.0,2.0
CUST00938,2025-08,4.0,21336353.0,5334088.25,3.0,36294701.0,12098233.666666666,4.0,3.0
CUST00938,2025-09,2.0,5133311.0,2566655.5,1.0,2914474.0,2914474.0,2.0,1.0
CUST00938,2025-10,1.0,6266389.0,6266389.0,3.0,33588337.0,11196112.333333334,1.0,3.0
CUST00938,2025-12,3.0,14972080.0,4990693.333333333,0.0,0.0,0.0,3.0,0.0
CUST00939,2025-01,3.0,7240405.0,2413468.3333333335,3.0,9309143.0,3103047.6666666665,3.0,3.0
CUST00939,2025-02,1.0,3071715.0,3071715.0,2.0,50875098.0,25437549.0,1.0,2.0
CUST00939,2025-03,0.0,0.0,0.0,3.0,13284710.0,4428236.666666667,0.0,3.0
CUST00939,2025-04,2.0,10063959.0,5031979.5,3.0,47181108.0,15727036.0,2.0,3.0
CUST00939,2025-05,1.0,2880722.0,2880722.0,1.0,4045719.0,4045719.0,1.0,1.0
CUST00939,2025-06,4.0,2652502.0,663125.5,1.0,2052462.0,2052462.0,4.0,1.0
CUST00939,2025-07,1.0,4195229.0,4195229.0,2.0,75400466.0,37700233.0,1.0,2.0
CUST00939,2025-08,1.0,1916846.0,1916846.0,0.0,0.0,0.0,1.0,0.0
CUST00939,2025-09,1.0,3814248.0,3814248.0,7.0,80555686.0,11507955.142857144,1.0,7.0
CUST00939,2025-10,2.0,3366935.0,1683467.5,1.0,146059856.0,146059856.0,2.0,1.0
CUST00939,2025-11,3.0,11822666.0,3940888.6666666665,2.0,4836799.0,2418399.5,3.0,2.0
CUST00939,2025-12,3.0,6529113.0,2176371.0,1.0,33076022.0,33076022.0,3.0,1.0
CUST00940,2025-01,3.0,57138092.0,19046030.666666668,2.0,76404055.0,38202027.5,3.0,2.0
CUST00940,2025-02,2.0,43453917.0,21726958.5,1.0,2390496.0,2390496.0,2.0,1.0
CUST00940,2025-03,1.0,1587252.0,1587252.0,3.0,9656581.0,3218860.3333333335,1.0,2.0
CUST00940,2025-04,2.0,62881646.0,31440823.0,2.0,5843217.0,2921608.5,2.0,2.0
CUST00940,2025-05,4.0,108402391.0,27100597.75,4.0,70751403.0,17687850.75,4.0,3.0
CUST00940,2025-06,4.0,104224627.0,26056156.75,0.0,0.0,0.0,3.0,0.0
CUST00940,2025-07,3.0,34517555.0,11505851.666666666,2.0,10174518.0,5087259.0,3.0,2.0
CUST00940,2025-08,2.0,25606030.0,12803015.0,1.0,8536165.0,8536165.0,2.0,1.0
CUST00940,2025-09,3.0,68241487.0,22747162.333333332,1.0,4764044.0,4764044.0,3.0,1.0
CUST00940,2025-10,1.0,26732130.0,26732130.0,2.0,16671969.0,8335984.5,1.0,2.0
CUST00940,2025-11,4.0,101613697.0,25403424.25,1.0,5327808.0,5327808.0,4.0,1.0
CUST00940,2025-12,2.0,19935825.0,9967912.5,2.0,9589662.0,4794831.0,2.0,2.0
CUST00941,2025-01,4.0,12774466.0,3193616.5,2.0,20953353.0,10476676.5,4.0,2.0
CUST00941,2025-02,1.0,640969.0,640969.0,0.0,0.0,0.0,1.0,0.0
CUST00941,2025-03,5.0,13500992.0,2700198.4,1.0,2174089.0,2174089.0,5.0,1.0
CUST00941,2025-04,2.0,2835708.0,1417854.0,3.0,28227753.0,9409251.0,2.0,3.0
CUST00941,2025-05,4.0,11097609.0,2774402.25,0.0,0.0,0.0,4.0,0.0
CUST00941,2025-06,3.0,10640525.0,3546841.6666666665,1.0,12242689.0,12242689.0,3.0,1.0
CUST00941,2025-07,3.0,3119947.0,1039982.3333333334,6.0,55587426.0,9264571.0,3.0,6.0
CUST00941,2025-08,2.0,5588299.0,2794149.5,1.0,987155.0,987155.0,2.0,1.0
CUST00941,2025-09,3.0,8868504.0,2956168.0,1.0,4094372.0,4094372.0,3.0,1.0
CUST00941,2025-10,2.0,5550848.0,2775424.0,3.0,51392346.0,17130782.0,2.0,3.0
CUST00941,2025-11,1.0,1692109.0,1692109.0,1.0,6957901.0,6957901.0,1.0,1.0
CUST00941,2025-12,1.0,1666615.0,1666615.0,1.0,2843791.0,2843791.0,1.0,1.0
CUST00942,2025-01,1.0,20423757.0,20423757.0,1.0,564722.0,564722.0,1.0,1.0
CUST00942,2025-02,2.0,19502901.0,9751450.5,1.0,3473056.0,3473056.0,2.0,1.0
CUST00942,2025-03,2.0,33195365.0,16597682.5,2.0,10755960.0,5377980.0,2.0,2.0
CUST00942,2025-04,1.0,18050192.0,18050192.0,0.0,0.0,0.0,1.0,0.0
CUST00942,2025-05,1.0,56987477.0,56987477.0,1.0,1827028.0,1827028.0,1.0,1.0
CUST00942,2025-06,3.0,59012320.0,19670773.333333332,1.0,3631269.0,3631269.0,3.0,1.0
CUST00942,2025-07,3.0,84691880.0,28230626.666666668,3.0,28513396.0,9504465.333333334,2.0,3.0
CUST00942,2025-08,2.0,35777221.0,17888610.5,1.0,53128403.0,53128403.0,2.0,1.0
CUST00942,2025-09,2.0,31364050.0,15682025.0,2.0,64510765.0,32255382.5,2.0,2.0
CUST00942,2025-10,3.0,56828633.0,18942877.666666668,1.0,1784413.0,1784413.0,3.0,1.0
CUST00942,2025-11,3.0,35739930.0,11913310.0,1.0,33835893.0,33835893.0,3.0,1.0
CUST00942,2025-12,4.0,93801465.0,23450366.25,1.0,8273122.0,8273122.0,4.0,1.0
CUST00943,2025-01,3.0,44418287.0,14806095.666666666,1.0,54034031.0,54034031.0,3.0,1.0
CUST00943,2025-02,1.0,8878354.0,8878354.0,1.0,4441888.0,4441888.0,1.0,1.0
CUST00943,2025-03,1.0,8126154.0,8126154.0,6.0,124698611.0,20783101.833333332,1.0,6.0
CUST00943,2025-04,1.0,25499031.0,25499031.0,0.0,0.0,0.0,1.0,0.0
CUST00943,2025-05,1.0,31639824.0,31639824.0,3.0,35367236.0,11789078.666666666,1.0,3.0
CUST00943,2025-06,3.0,41096169.0,13698723.0,1.0,151538.0,151538.0,3.0,1.0
CUST00943,2025-07,1.0,5417010.0,5417010.0,1.0,34322728.0,34322728.0,1.0,1.0
CUST00943,2025-08,2.0,51922867.0,25961433.5,2.0,2911825.0,1455912.5,2.0,2.0
CUST00943,2025-09,5.0,121593594.0,24318718.8,1.0,1846852.0,1846852.0,5.0,1.0
CUST00943,2025-10,2.0,97817344.0,48908672.0,4.0,341564547.0,85391136.75,2.0,4.0
CUST00943,2025-11,0.0,0.0,0.0,1.0,83275583.0,83275583.0,0.0,1.0
CUST00943,2025-12,3.0,75207120.0,25069040.0,4.0,43462619.0,10865654.75,3.0,4.0
CUST00944,2025-01,4.0,8503671.0,2125917.75,4.0,19238269.0,4809567.25,4.0,4.0
CUST00944,2025-02,3.0,4889745.0,1629915.0,1.0,1824469.0,1824469.0,3.0,1.0
CUST00944,2025-03,1.0,1865038.0,1865038.0,2.0,27275513.0,13637756.5,1.0,2.0
CUST00944,2025-04,2.0,1954679.0,977339.5,2.0,34388562.0,17194281.0,2.0,2.0
CUST00944,2025-05,2.0,6657045.0,3328522.5,0.0,0.0,0.0,2.0,0.0
CUST00944,2025-06,4.0,2650746.0,662686.5,0.0,0.0,0.0,3.0,0.0
CUST00944,2025-07,2.0,1333126.0,666563.0,4.0,18505969.0,4626492.25,2.0,4.0
CUST00944,2025-08,1.0,2608593.0,2608593.0,3.0,10325120.0,3441706.6666666665,1.0,3.0
CUST00944,2025-09,3.0,11888633.0,3962877.6666666665,2.0,3259011.0,1629505.5,3.0,2.0
CUST00944,2025-10,1.0,2805619.0,2805619.0,2.0,1809230.0,904615.0,1.0,2.0
CUST00944,2025-11,2.0,4863799.0,2431899.5,1.0,20076433.0,20076433.0,2.0,1.0
CUST00944,2025-12,3.0,10702692.0,3567564.0,2.0,3037556.0,1518778.0,3.0,2.0
CUST00945,2025-01,5.0,91684991.0,18336998.2,3.0,23607360.0,7869120.0,5.0,3.0
CUST00945,2025-02,0.0,0.0,0.0,3.0,16505930.0,5501976.666666667,0.0,3.0
CUST00945,2025-04,1.0,8057481.0,8057481.0,2.0,5576967.0,2788483.5,1.0,2.0
CUST00945,2025-05,3.0,55215030.0,18405010.0,0.0,0.0,0.0,3.0,0.0
CUST00945,2025-06,0.0,0.0,0.0,2.0,11730579.0,5865289.5,0.0,2.0
CUST00945,2025-07,4.0,186278507.0,46569626.75,3.0,72591802.0,24197267.333333332,4.0,3.0
CUST00945,2025-08,3.0,55923167.0,18641055.666666668,4.0,22743726.0,5685931.5,2.0,4.0
CUST00945,2025-09,6.0,116130065.0,19355010.833333332,0.0,0.0,0.0,6.0,0.0
CUST00945,2025-10,0.0,0.0,0.0,2.0,129343052.0,64671526.0,0.0,2.0
CUST00945,2025-11,3.0,110298306.0,36766102.0,0.0,0.0,0.0,3.0,0.0
CUST00945,2025-12,4.0,53266872.0,13316718.0,1.0,9140927.0,9140927.0,4.0,1.0
CUST00946,2025-01,4.0,7092535.0,1773133.75,2.0,8418010.0,4209005.0,4.0,2.0
CUST00946,2025-02,1.0,644187.0,644187.0,1.0,12336298.0,12336298.0,1.0,1.0
CUST00946,2025-03,3.0,12560717.0,4186905.6666666665,3.0,62503039.0,20834346.333333332,2.0,3.0
CUST00946,2025-04,1.0,1706873.0,1706873.0,3.0,133965441.0,44655147.0,1.0,3.0
CUST00946,2025-05,1.0,667446.0,667446.0,0.0,0.0,0.0,1.0,0.0
CUST00946,2025-06,1.0,908476.0,908476.0,1.0,1448406.0,1448406.0,1.0,1.0
CUST00946,2025-07,4.0,12292674.0,3073168.5,4.0,36039290.0,9009822.5,4.0,4.0
CUST00946,2025-08,3.0,6640069.0,2213356.3333333335,1.0,2806504.0,2806504.0,3.0,1.0
CUST00946,2025-09,1.0,4057690.0,4057690.0,3.0,33698112.0,11232704.0,1.0,3.0
CUST00946,2025-10,1.0,1360333.0,1360333.0,1.0,13310256.0,13310256.0,1.0,1.0
CUST00946,2025-12,2.0,4712087.0,2356043.5,3.0,32667498.0,10889166.0,2.0,3.0
CUST00947,2025-01,3.0,6152966.0,2050988.6666666667,4.0,74207803.0,18551950.75,3.0,4.0
CUST00947,2025-02,1.0,2278992.0,2278992.0,0.0,0.0,0.0,1.0,0.0
CUST00947,2025-03,3.0,17759458.0,5919819.333333333,1.0,26287516.0,26287516.0,3.0,1.0
CUST00947,2025-04,2.0,3476315.0,1738157.5,3.0,29899753.0,9966584.333333334,2.0,3.0
CUST00947,2025-05,2.0,8986167.0,4493083.5,4.0,86673524.0,21668381.0,2.0,4.0
CUST00947,2025-06,1.0,1199197.0,1199197.0,1.0,91289938.0,91289938.0,1.0,1.0
CUST00947,2025-07,1.0,1508076.0,1508076.0,0.0,0.0,0.0,1.0,0.0
CUST00947,2025-08,2.0,12152703.0,6076351.5,4.0,48794297.0,12198574.25,2.0,4.0
CUST00947,2025-09,1.0,1432517.0,1432517.0,1.0,5772519.0,5772519.0,1.0,1.0
CUST00947,2025-10,2.0,9837228.0,4918614.0,0.0,0.0,0.0,2.0,0.0
CUST00947,2025-11,2.0,7846234.0,3923117.0,1.0,12133199.0,12133199.0,2.0,1.0
CUST00947,2025-12,3.0,11804385.0,3934795.0,1.0,11013165.0,11013165.0,3.0,1.0
CUST00948,2025-01,1.0,26827692.0,26827692.0,1.0,1911114.0,1911114.0,1.0,1.0
CUST00948,2025-02,2.0,17896190.0,8948095.0,1.0,3891368.0,3891368.0,2.0,1.0
CUST00948,2025-03,2.0,24707108.0,12353554.0,3.0,208136430.0,69378810.0,2.0,3.0
CUST00948,2025-04,2.0,12476757.0,6238378.5,2.0,64662671.0,32331335.5,2.0,2.0
CUST00948,2025-05,1.0,66340824.0,66340824.0,2.0,5474023.0,2737011.5,1.0,2.0
CUST00948,2025-07,1.0,11558799.0,11558799.0,3.0,72912020.0,24304006.666666668,1.0,3.0
CUST00948,2025-08,3.0,82459690.0,27486563.333333332,0.0,0.0,0.0,3.0,0.0
CUST00948,2025-09,0.0,0.0,0.0,1.0,7813380.0,7813380.0,0.0,1.0
CUST00948,2025-10,3.0,90341244.0,30113748.0,2.0,90918277.0,45459138.5,3.0,2.0
CUST00948,2025-11,3.0,79922561.0,26640853.666666668,2.0,1945215.0,972607.5,3.0,2.0
CUST00948,2025-12,0.0,0.0,0.0,5.0,19352583.0,3870516.6,0.0,4.0
CUST00949,2025-01,1.0,72243212.0,72243212.0,2.0,61858431.0,30929215.5,1.0,2.0
CUST00949,2025-02,3.0,157477686.0,52492562.0,1.0,12428464.0,12428464.0,3.0,1.0
CUST00949,2025-03,4.0,357436305.0,89359076.25,1.0,6053451.0,6053451.0,4.0,1.0
CUST00949,2025-04,1.0,30811312.0,30811312.0,0.0,0.0,0.0,1.0,0.0
CUST00949,2025-05,0.0,0.0,0.0,5.0,7496912.0,1499382.4,0.0,3.0
CUST00949,2025-06,1.0,41255988.0,41255988.0,5.0,41332614.0,8266522.8,1.0,5.0
CUST00949,2025-07,2.0,181152689.0,90576344.5,4.0,75186483.0,18796620.75,2.0,3.0
CUST00949,2025-08,4.0,454145062.0,113536265.5,2.0,50428116.0,25214058.0,4.0,2.0
CUST00949,2025-09,0.0,0.0,0.0,1.0,617049.0,617049.0,0.0,1.0
CUST00949,2025-10,1.0,47007718.0,47007718.0,3.0,31899864.0,10633288.0,1.0,3.0
CUST00949,2025-11,1.0,54479645.0,54479645.0,1.0,6638980.0,6638980.0,1.0,1.0
CUST00949,2025-12,2.0,102231088.0,51115544.0,0.0,0.0,0.0,2.0,0.0
CUST00950,2025-01,1.0,1142501.0,1142501.0,0.0,0.0,0.0,1.0,0.0
CUST00950,2025-02,4.0,7387320.0,1846830.0,3.0,27655541.0,9218513.666666666,4.0,3.0
CUST00950,2025-03,1.0,500514.0,500514.0,3.0,10528150.0,3509383.3333333335,1.0,3.0
CUST00950,2025-04,1.0,884811.0,884811.0,3.0,11124875.0,3708291.6666666665,1.0,3.0
CUST00950,2025-05,0.0,0.0,0.0,1.0,8181048.0,8181048.0,0.0,1.0
CUST00950,2025-06,3.0,16075791.0,5358597.0,2.0,2268004.0,1134002.0,3.0,2.0
CUST00950,2025-07,4.0,13018855.0,3254713.75,4.0,37073549.0,9268387.25,4.0,4.0
CUST00950,2025-08,2.0,16936402.0,8468201.0,3.0,18982101.0,6327367.0,2.0,3.0
CUST00950,2025-09,4.0,4965629.0,1241407.25,3.0,11446919.0,3815639.6666666665,4.0,3.0
CUST00950,2025-10,1.0,1195090.0,1195090.0,4.0,60784069.0,15196017.25,1.0,4.0
CUST00950,2025-11,2.0,3535232.0,1767616.0,4.0,69813076.0,17453269.0,2.0,4.0
CUST00950,2025-12,3.0,5114906.0,1704968.6666666667,3.0,65052555.0,21684185.0,3.0,3.0
CUST00951,2025-01,1.0,2100553.0,2100553.0,4.0,79838312.0,19959578.0,1.0,4.0
CUST00951,2025-02,3.0,10369563.0,3456521.0,6.0,65133282.0,10855547.0,3.0,6.0
CUST00951,2025-03,1.0,2410448.0,2410448.0,3.0,6561190.0,2187063.3333333335,1.0,3.0
CUST00951,2025-04,3.0,8614961.0,2871653.6666666665,3.0,30478663.0,10159554.333333334,3.0,3.0
CUST00951,2025-05,0.0,0.0,0.0,1.0,8766521.0,8766521.0,0.0,1.0
CUST00951,2025-06,1.0,2619332.0,2619332.0,0.0,0.0,0.0,1.0,0.0
CUST00951,2025-07,5.0,17727167.0,3545433.4,0.0,0.0,0.0,5.0,0.0
CUST00951,2025-08,2.0,6720273.0,3360136.5,2.0,15508116.0,7754058.0,2.0,2.0
CUST00951,2025-09,1.0,2307419.0,2307419.0,1.0,73177821.0,73177821.0,1.0,1.0
CUST00951,2025-10,4.0,7163123.0,1790780.75,2.0,2985508.0,1492754.0,3.0,2.0
CUST00951,2025-11,4.0,5251039.0,1312759.75,4.0,27513460.0,6878365.0,4.0,4.0
CUST00951,2025-12,4.0,17753744.0,4438436.0,2.0,4751796.0,2375898.0,4.0,2.0
CUST00952,2025-02,1.0,35599616.0,35599616.0,1.0,2591800.0,2591800.0,1.0,1.0
CUST00952,2025-03,3.0,51345079.0,17115026.333333332,3.0,291287499.0,97095833.0,3.0,3.0
CUST00952,2025-04,1.0,6650798.0,6650798.0,1.0,1023096.0,1023096.0,1.0,1.0
CUST00952,2025-05,0.0,0.0,0.0,2.0,5771856.0,2885928.0,0.0,2.0
CUST00952,2025-06,2.0,23820061.0,11910030.5,2.0,15668918.0,7834459.0,2.0,2.0
CUST00952,2025-07,1.0,55559194.0,55559194.0,0.0,0.0,0.0,1.0,0.0
CUST00952,2025-08,4.0,72241364.0,18060341.0,4.0,60086294.0,15021573.5,4.0,4.0
CUST00952,2025-09,5.0,60039141.0,12007828.2,1.0,67954076.0,67954076.0,4.0,1.0
CUST00952,2025-10,2.0,64884765.0,32442382.5,3.0,159014637.0,53004879.0,2.0,3.0
CUST00952,2025-11,2.0,15881708.0,7940854.0,1.0,33559057.0,33559057.0,2.0,1.0
CUST00952,2025-12,2.0,45427504.0,22713752.0,2.0,114132842.0,57066421.0,2.0,2.0
CUST00953,2025-01,3.0,28877037.0,9625679.0,0.0,0.0,0.0,3.0,0.0
CUST00953,2025-02,0.0,0.0,0.0,3.0,37032028.0,12344009.333333334,0.0,3.0
CUST00953,2025-03,1.0,13252811.0,13252811.0,1.0,29644552.0,29644552.0,1.0,1.0
CUST00953,2025-04,2.0,14165438.0,7082719.0,2.0,54864166.0,27432083.0,2.0,2.0
CUST00953,2025-05,1.0,4085631.0,4085631.0,2.0,69351798.0,34675899.0,1.0,2.0
CUST00953,2025-06,1.0,10109478.0,10109478.0,4.0,299329597.0,74832399.25,1.0,4.0
CUST00953,2025-07,1.0,39522543.0,39522543.0,2.0,8621575.0,4310787.5,1.0,2.0
CUST00953,2025-08,2.0,74656514.0,37328257.0,2.0,33161863.0,16580931.5,2.0,2.0
CUST00953,2025-09,6.0,79375642.0,13229273.666666666,1.0,7170619.0,7170619.0,6.0,1.0
CUST00953,2025-10,2.0,69014562.0,34507281.0,3.0,28795879.0,9598626.333333334,2.0,3.0
CUST00953,2025-11,3.0,30921835.0,10307278.333333334,2.0,32665622.0,16332811.0,3.0,2.0
CUST00953,2025-12,1.0,21434576.0,21434576.0,3.0,117346254.0,39115418.0,1.0,3.0
CUST00954,2025-01,3.0,56549205.0,18849735.0,0.0,0.0,0.0,2.0,0.0
CUST00954,2025-02,0.0,0.0,0.0,3.0,72352216.0,24117405.333333332,0.0,3.0
CUST00954,2025-03,3.0,64689862.0,21563287.333333332,1.0,1267338.0,1267338.0,3.0,1.0
CUST00954,2025-04,1.0,13554869.0,13554869.0,1.0,61237612.0,61237612.0,1.0,1.0
CUST00954,2025-05,3.0,95932167.0,31977389.0,2.0,138618276.0,69309138.0,3.0,2.0
CUST00954,2025-06,3.0,46664635.0,15554878.333333334,2.0,63719426.0,31859713.0,3.0,2.0
CUST00954,2025-07,4.0,68126553.0,17031638.25,1.0,6173911.0,6173911.0,4.0,1.0
CUST00954,2025-08,2.0,44627210.0,22313605.0,3.0,96484831.0,32161610.333333332,2.0,3.0
CUST00954,2025-09,1.0,13268707.0,13268707.0,2.0,14989683.0,7494841.5,1.0,2.0
CUST00954,2025-10,1.0,20807341.0,20807341.0,2.0,36690772.0,18345386.0,1.0,2.0
CUST00954,2025-11,3.0,83723195.0,27907731.666666668,1.0,3364137.0,3364137.0,3.0,1.0
CUST00954,2025-12,1.0,8136292.0,8136292.0,5.0,49903769.0,9980753.8,1.0,5.0
CUST00955,2025-01,1.0,1657546.0,1657546.0,3.0,18280519.0,6093506.333333333,1.0,3.0
CUST00955,2025-02,1.0,1876970.0,1876970.0,2.0,12039466.0,6019733.0,1.0,2.0
CUST00955,2025-03,0.0,0.0,0.0,2.0,2556423.0,1278211.5,0.0,2.0
CUST00955,2025-04,3.0,5830531.0,1943510.3333333333,1.0,23503463.0,23503463.0,2.0,1.0
CUST00955,2025-05,1.0,1179587.0,1179587.0,2.0,18944636.0,9472318.0,1.0,2.0
CUST00955,2025-06,4.0,8469717.0,2117429.25,3.0,19124980.0,6374993.333333333,4.0,3.0
CUST00955,2025-07,2.0,6566354.0,3283177.0,1.0,2030808.0,2030808.0,2.0,1.0
CUST00955,2025-08,1.0,5014025.0,5014025.0,3.0,24691480.0,8230493.333333333,1.0,3.0
CUST00955,2025-09,3.0,6113541.0,2037847.0,1.0,2262918.0,2262918.0,3.0,1.0
CUST00955,2025-10,2.0,4023870.0,2011935.0,4.0,49765900.0,12441475.0,2.0,4.0
CUST00955,2025-11,4.0,6349335.0,1587333.75,0.0,0.0,0.0,4.0,0.0
CUST00955,2025-12,2.0,6012716.0,3006358.0,3.0,18918707.0,6306235.666666667,2.0,3.0
CUST00956,2025-01,1.0,2404597.0,2404597.0,1.0,14192758.0,14192758.0,1.0,1.0
CUST00956,2025-02,3.0,3210913.0,1070304.3333333333,0.0,0.0,0.0,3.0,0.0
CUST00956,2025-03,5.0,15616704.0,3123340.8,3.0,29468576.0,9822858.666666666,5.0,3.0
CUST00956,2025-04,1.0,1098883.0,1098883.0,1.0,1728648.0,1728648.0,1.0,1.0
CUST00956,2025-05,2.0,4493882.0,2246941.0,1.0,106469633.0,106469633.0,2.0,1.0
CUST00956,2025-06,0.0,0.0,0.0,4.0,248582618.0,62145654.5,0.0,4.0
CUST00956,2025-07,1.0,1089019.0,1089019.0,0.0,0.0,0.0,1.0,0.0
CUST00956,2025-08,5.0,18083434.0,3616686.8,4.0,124655086.0,31163771.5,5.0,3.0
CUST00956,2025-09,6.0,20894518.0,3482419.6666666665,1.0,8666926.0,8666926.0,5.0,1.0
CUST00956,2025-10,2.0,5424329.0,2712164.5,1.0,8465296.0,8465296.0,2.0,1.0
CUST00956,2025-11,3.0,7868527.0,2622842.3333333335,1.0,1332245.0,1332245.0,3.0,1.0
CUST00956,2025-12,1.0,1791095.0,1791095.0,0.0,0.0,0.0,1.0,0.0
CUST00957,2025-01,2.0,2717596.0,1358798.0,4.0,15864318.0,3966079.5,2.0,4.0
CUST00957,2025-02,4.0,7022622.0,1755655.5,2.0,6567732.0,3283866.0,4.0,2.0
CUST00957,2025-03,2.0,27395789.0,13697894.5,2.0,28179747.0,14089873.5,2.0,2.0
CUST00957,2025-04,0.0,0.0,0.0,1.0,2218957.0,2218957.0,0.0,1.0
CUST00957,2025-05,1.0,3115304.0,3115304.0,1.0,4798129.0,4798129.0,1.0,1.0
CUST00957,2025-06,3.0,4569068.0,1523022.6666666667,3.0,20727381.0,6909127.0,3.0,3.0
CUST00957,2025-07,1.0,1947932.0,1947932.0,2.0,3515386.0,1757693.0,1.0,2.0
CUST00957,2025-08,3.0,3606227.0,1202075.6666666667,3.0,23343860.0,7781286.666666667,3.0,3.0
CUST00957,2025-09,2.0,4446636.0,2223318.0,3.0,10094770.0,3364923.3333333335,2.0,3.0
CUST00957,2025-10,0.0,0.0,0.0,1.0,1240914.0,1240914.0,0.0,1.0
CUST00957,2025-12,1.0,3689910.0,3689910.0,5.0,38233632.0,7646726.4,1.0,5.0
CUST00958,2025-01,1.0,6071071.0,6071071.0,4.0,60661509.0,15165377.25,1.0,3.0
CUST00958,2025-02,3.0,41855211.0,13951737.0,3.0,3711134.0,1237044.6666666667,3.0,3.0
CUST00958,2025-03,2.0,26666114.0,13333057.0,0.0,0.0,0.0,2.0,0.0
CUST00958,2025-05,1.0,9343980.0,9343980.0,2.0,20700853.0,10350426.5,1.0,2.0
CUST00958,2025-06,4.0,63922824.0,15980706.0,4.0,33066765.0,8266691.25,4.0,4.0
CUST00958,2025-07,0.0,0.0,0.0,5.0,210010832.0,42002166.4,0.0,5.0
CUST00958,2025-08,6.0,68711664.0,11451944.0,4.0,115446510.0,28861627.5,6.0,4.0
CUST00958,2025-09,4.0,210275749.0,52568937.25,2.0,127636314.0,63818157.0,4.0,2.0
CUST00958,2025-10,1.0,6324473.0,6324473.0,0.0,0.0,0.0,1.0,0.0
CUST00958,2025-11,2.0,42512273.0,21256136.5,0.0,0.0,0.0,2.0,0.0
CUST00958,2025-12,5.0,98902881.0,19780576.2,2.0,21720064.0,10860032.0,5.0,2.0
CUST00959,2025-01,1.0,393947.0,393947.0,2.0,2599048.0,1299524.0,1.0,2.0
CUST00959,2025-02,1.0,1585166.0,1585166.0,3.0,71906436.0,23968812.0,1.0,3.0
CUST00959,2025-03,3.0,5641655.0,1880551.6666666667,3.0,7686058.0,2562019.3333333335,3.0,3.0
CUST00959,2025-04,6.0,21075310.0,3512551.6666666665,5.0,139797368.0,27959473.6,6.0,5.0
CUST00959,2025-05,4.0,12389024.0,3097256.0,2.0,34914804.0,17457402.0,4.0,2.0
CUST00959,2025-06,6.0,24527783.0,4087963.8333333335,0.0,0.0,0.0,6.0,0.0
CUST00959,2025-07,1.0,1306953.0,1306953.0,0.0,0.0,0.0,1.0,0.0
CUST00959,2025-09,0.0,0.0,0.0,4.0,24959824.0,6239956.0,0.0,4.0
CUST00959,2025-10,3.0,6411827.0,2137275.6666666665,4.0,36007477.0,9001869.25,3.0,4.0
CUST00959,2025-11,1.0,3144480.0,3144480.0,3.0,12827926.0,4275975.333333333,1.0,3.0
CUST00959,2025-12,3.0,4400647.0,1466882.3333333333,4.0,28392689.0,7098172.25,3.0,4.0
CUST00960,2025-01,3.0,4774604.0,1591534.6666666667,0.0,0.0,0.0,3.0,0.0
CUST00960,2025-02,0.0,0.0,0.0,1.0,15806138.0,15806138.0,0.0,1.0
CUST00960,2025-03,2.0,7411045.0,3705522.5,3.0,12832010.0,4277336.666666667,2.0,3.0
CUST00960,2025-04,1.0,1642766.0,1642766.0,3.0,13369779.0,4456593.0,1.0,3.0
CUST00960,2025-05,3.0,9857380.0,3285793.3333333335,2.0,160751701.0,80375850.5,3.0,2.0
CUST00960,2025-06,1.0,1110653.0,1110653.0,0.0,0.0,0.0,1.0,0.0
CUST00960,2025-07,1.0,3774006.0,3774006.0,2.0,47958247.0,23979123.5,1.0,2.0
CUST00960,2025-08,2.0,15171589.0,7585794.5,2.0,50138817.0,25069408.5,2.0,2.0
CUST00960,2025-09,2.0,4435458.0,2217729.0,1.0,7910942.0,7910942.0,2.0,1.0
CUST00960,2025-10,1.0,5292695.0,5292695.0,2.0,16903089.0,8451544.5,1.0,2.0
CUST00960,2025-11,2.0,6201620.0,3100810.0,1.0,3381340.0,3381340.0,2.0,1.0
CUST00960,2025-12,2.0,5191836.0,2595918.0,0.0,0.0,0.0,2.0,0.0
CUST00961,2025-01,0.0,0.0,0.0,3.0,21976568.0,7325522.666666667,0.0,3.0
CUST00961,2025-02,2.0,197877619.0,98938809.5,1.0,2365733.0,2365733.0,2.0,1.0
CUST00961,2025-03,2.0,63628602.0,31814301.0,6.0,53636262.0,8939377.0,2.0,6.0
CUST00961,2025-04,2.0,427329865.0,213664932.5,2.0,133294556.0,66647278.0,2.0,2.0
CUST00961,2025-05,4.0,296938470.0,74234617.5,1.0,21431225.0,21431225.0,4.0,1.0
CUST00961,2025-06,2.0,304602804.0,152301402.0,4.0,12768361.0,3192090.25,2.0,4.0
CUST00961,2025-07,1.0,12387401.0,12387401.0,3.0,13585198.0,4528399.333333333,1.0,3.0
CUST00961,2025-08,0.0,0.0,0.0,2.0,14086683.0,7043341.5,0.0,2.0
CUST00961,2025-09,0.0,0.0,0.0,3.0,5595621.0,1865207.0,0.0,3.0
CUST00961,2025-10,3.0,323568367.0,107856122.33333333,2.0,24091806.0,12045903.0,3.0,2.0
CUST00961,2025-11,3.0,379154671.0,126384890.33333333,0.0,0.0,0.0,3.0,0.0
CUST00962,2025-01,1.0,2341706.0,2341706.0,2.0,7759299.0,3879649.5,1.0,2.0
CUST00962,2025-02,3.0,11649538.0,3883179.3333333335,3.0,43198675.0,14399558.333333334,3.0,3.0
CUST00962,2025-03,2.0,6542897.0,3271448.5,2.0,6505558.0,3252779.0,2.0,2.0
CUST00962,2025-04,2.0,6691678.0,3345839.0,2.0,6366619.0,3183309.5,2.0,2.0
CUST00962,2025-06,0.0,0.0,0.0,6.0,190903867.0,31817311.166666668,0.0,6.0
CUST00962,2025-07,5.0,32385094.0,6477018.8,1.0,3087796.0,3087796.0,5.0,1.0
CUST00962,2025-08,3.0,6984640.0,2328213.3333333335,1.0,6071386.0,6071386.0,3.0,1.0
CUST00962,2025-09,0.0,0.0,0.0,1.0,2285550.0,2285550.0,0.0,1.0
CUST00962,2025-10,2.0,1654102.0,827051.0,3.0,49804780.0,16601593.333333334,2.0,3.0
CUST00962,2025-11,3.0,1875706.0,625235.3333333334,0.0,0.0,0.0,3.0,0.0
CUST00962,2025-12,2.0,13584881.0,6792440.5,3.0,48005871.0,16001957.0,2.0,3.0
CUST00963,2025-01,3.0,268778084.0,89592694.66666667,3.0,400361313.0,133453771.0,3.0,3.0
CUST00963,2025-02,2.0,326360173.0,163180086.5,1.0,5790072.0,5790072.0,2.0,1.0
CUST00963,2025-03,3.0,223132466.0,74377488.66666667,0.0,0.0,0.0,3.0,0.0
CUST00963,2025-04,4.0,364097321.0,91024330.25,1.0,1360261.0,1360261.0,4.0,1.0
CUST00963,2025-05,2.0,94807687.0,47403843.5,1.0,53530555.0,53530555.0,2.0,1.0
CUST00963,2025-06,0.0,0.0,0.0,1.0,72633262.0,72633262.0,0.0,1.0
CUST00963,2025-07,1.0,173552869.0,173552869.0,3.0,41954593.0,13984864.333333334,1.0,3.0
CUST00963,2025-08,0.0,0.0,0.0,3.0,62809027.0,20936342.333333332,0.0,3.0
CUST00963,2025-09,1.0,205274362.0,205274362.0,3.0,8381006.0,2793668.6666666665,1.0,3.0
CUST00963,2025-10,6.0,658191446.0,109698574.33333333,2.0,4403362.0,2201681.0,6.0,2.0
CUST00963,2025-11,1.0,124481728.0,124481728.0,0.0,0.0,0.0,1.0,0.0
CUST00963,2025-12,2.0,92090505.0,46045252.5,2.0,3557102.0,1778551.0,2.0,2.0
CUST00964,2025-01,1.0,13147533.0,13147533.0,7.0,84079184.0,12011312.0,1.0,6.0
CUST00964,2025-02,1.0,13445233.0,13445233.0,1.0,14469748.0,14469748.0,1.0,1.0
CUST00964,2025-03,3.0,46386724.0,15462241.333333334,3.0,136532327.0,45510775.666666664,3.0,3.0
CUST00964,2025-04,5.0,63774122.0,12754824.4,2.0,54325840.0,27162920.0,5.0,2.0
CUST00964,2025-05,2.0,23934718.0,11967359.0,1.0,2167107.0,2167107.0,2.0,1.0
CUST00964,2025-06,1.0,10888594.0,10888594.0,1.0,269398848.0,269398848.0,1.0,1.0
CUST00964,2025-07,0.0,0.0,0.0,3.0,53703727.0,17901242.333333332,0.0,3.0
CUST00964,2025-08,0.0,0.0,0.0,1.0,1308125.0,1308125.0,0.0,1.0
CUST00964,2025-09,1.0,77833190.0,77833190.0,3.0,21348735.0,7116245.0,1.0,3.0
CUST00964,2025-10,2.0,19752152.0,9876076.0,3.0,55570080.0,18523360.0,2.0,3.0
CUST00964,2025-11,3.0,45454592.0,15151530.666666666,2.0,12135565.0,6067782.5,3.0,2.0
CUST00964,2025-12,3.0,45886946.0,15295648.666666666,3.0,41267254.0,13755751.333333334,3.0,3.0
CUST00965,2025-01,2.0,39335744.0,19667872.0,6.0,136066993.0,22677832.166666668,2.0,6.0
CUST00965,2025-02,2.0,61128483.0,30564241.5,4.0,25630631.0,6407657.75,2.0,3.0
CUST00965,2025-03,3.0,114205399.0,38068466.333333336,4.0,221204894.0,55301223.5,3.0,4.0
CUST00965,2025-04,2.0,20895486.0,10447743.0,5.0,18414169.0,3682833.8,2.0,5.0
CUST00965,2025-05,2.0,22187770.0,11093885.0,0.0,0.0,0.0,2.0,0.0
CUST00965,2025-06,6.0,100140009.0,16690001.5,6.0,33297549.0,5549591.5,6.0,6.0
CUST00965,2025-07,1.0,3416167.0,3416167.0,4.0,86940031.0,21735007.75,1.0,4.0
CUST00965,2025-08,2.0,16477590.0,8238795.0,4.0,21118162.0,5279540.5,2.0,4.0
CUST00965,2025-09,2.0,89193094.0,44596547.0,3.0,49257353.0,16419117.666666666,2.0,3.0
CUST00965,2025-10,3.0,33143901.0,11047967.0,2.0,19027436.0,9513718.0,3.0,2.0
CUST00965,2025-11,2.0,55661641.0,27830820.5,0.0,0.0,0.0,2.0,0.0
CUST00965,2025-12,6.0,110706733.0,18451122.166666668,1.0,2269297.0,2269297.0,6.0,1.0
CUST00966,2025-01,2.0,3939886.0,1969943.0,2.0,8216925.0,4108462.5,2.0,2.0
CUST00966,2025-02,3.0,6248814.0,2082938.0,3.0,25818211.0,8606070.333333334,3.0,3.0
CUST00966,2025-03,0.0,0.0,0.0,2.0,101774560.0,50887280.0,0.0,2.0
CUST00966,2025-04,0.0,0.0,0.0,4.0,60805845.0,15201461.25,0.0,4.0
CUST00966,2025-05,2.0,5780676.0,2890338.0,1.0,4262364.0,4262364.0,2.0,1.0
CUST00966,2025-06,2.0,2728523.0,1364261.5,1.0,1021536.0,1021536.0,2.0,1.0
CUST00966,2025-07,5.0,12298449.0,2459689.8,3.0,6910754.0,2303584.6666666665,5.0,3.0
CUST00966,2025-08,1.0,1310141.0,1310141.0,4.0,32038435.0,8009608.75,1.0,4.0
CUST00966,2025-09,2.0,4692243.0,2346121.5,1.0,6503595.0,6503595.0,2.0,1.0
CUST00966,2025-10,0.0,0.0,0.0,2.0,32531500.0,16265750.0,0.0,2.0
CUST00966,2025-11,2.0,3658078.0,1829039.0,4.0,9226068.0,2306517.0,2.0,4.0
CUST00966,2025-12,1.0,1457032.0,1457032.0,2.0,18181859.0,9090929.5,1.0,2.0
CUST00967,2025-01,2.0,2387493.0,1193746.5,1.0,300814.0,300814.0,2.0,1.0
CUST00967,2025-02,0.0,0.0,0.0,1.0,4440914.0,4440914.0,0.0,1.0
CUST00967,2025-03,3.0,6156213.0,2052071.0,1.0,2768070.0,2768070.0,3.0,1.0
CUST00967,2025-04,0.0,0.0,0.0,1.0,15326362.0,15326362.0,0.0,1.0
CUST00967,2025-05,5.0,13153230.0,2630646.0,2.0,10668209.0,5334104.5,5.0,2.0
CUST00967,2025-06,2.0,3590756.0,1795378.0,1.0,2419232.0,2419232.0,2.0,1.0
CUST00967,2025-08,0.0,0.0,0.0,2.0,6026718.0,3013359.0,0.0,2.0
CUST00967,2025-09,0.0,0.0,0.0,1.0,8179797.0,8179797.0,0.0,1.0
CUST00967,2025-10,2.0,3535343.0,1767671.5,4.0,35779060.0,8944765.0,2.0,4.0
CUST00967,2025-11,0.0,0.0,0.0,3.0,100669055.0,33556351.666666664,0.0,3.0
CUST00967,2025-12,0.0,0.0,0.0,5.0,40220080.0,8044016.0,0.0,5.0
CUST00968,2025-01,3.0,69660342.0,23220114.0,0.0,0.0,0.0,3.0,0.0
CUST00968,2025-02,0.0,0.0,0.0,2.0,56022921.0,28011460.5,0.0,2.0
CUST00968,2025-03,3.0,70201488.0,23400496.0,0.0,0.0,0.0,3.0,0.0
CUST00968,2025-04,3.0,51555929.0,17185309.666666668,1.0,167164427.0,167164427.0,3.0,1.0
CUST00968,2025-05,0.0,0.0,0.0,6.0,37544855.0,6257475.833333333,0.0,6.0
CUST00968,2025-06,0.0,0.0,0.0,2.0,32827820.0,16413910.0,0.0,2.0
CUST00968,2025-07,1.0,40362936.0,40362936.0,0.0,0.0,0.0,1.0,0.0
CUST00968,2025-08,0.0,0.0,0.0,1.0,6475677.0,6475677.0,0.0,1.0
CUST00968,2025-09,1.0,15956336.0,15956336.0,1.0,1983289.0,1983289.0,1.0,1.0
CUST00968,2025-10,4.0,111438108.0,27859527.0,1.0,488107.0,488107.0,4.0,1.0
CUST00968,2025-11,3.0,37880782.0,12626927.333333334,5.0,114956486.0,22991297.2,3.0,5.0
CUST00968,2025-12,2.0,36767798.0,18383899.0,1.0,990632.0,990632.0,2.0,1.0
CUST00969,2025-01,1.0,18741998.0,18741998.0,2.0,7217735.0,3608867.5,1.0,2.0
CUST00969,2025-02,2.0,58060852.0,29030426.0,2.0,5377572.0,2688786.0,2.0,2.0
CUST00969,2025-03,3.0,36836961.0,12278987.0,3.0,32195439.0,10731813.0,3.0,2.0
CUST00969,2025-04,2.0,29085805.0,14542902.5,4.0,50298477.0,12574619.25,2.0,4.0
CUST00969,2025-05,3.0,72639271.0,24213090.333333332,2.0,127460899.0,63730449.5,3.0,2.0
CUST00969,2025-06,0.0,0.0,0.0,1.0,32776675.0,32776675.0,0.0,1.0
CUST00969,2025-07,2.0,22657967.0,11328983.5,1.0,1104657.0,1104657.0,1.0,1.0
CUST00969,2025-08,0.0,0.0,0.0,2.0,232346406.0,116173203.0,0.0,2.0
CUST00969,2025-09,2.0,12892076.0,6446038.0,0.0,0.0,0.0,2.0,0.0
CUST00969,2025-10,0.0,0.0,0.0,3.0,17943483.0,5981161.0,0.0,3.0
CUST00969,2025-11,2.0,19738217.0,9869108.5,5.0,145650382.0,29130076.4,2.0,5.0
CUST00969,2025-12,2.0,52822549.0,26411274.5,1.0,1059892.0,1059892.0,2.0,1.0
CUST00970,2025-01,4.0,84263764.0,21065941.0,3.0,72065173.0,24021724.333333332,3.0,3.0
CUST00970,2025-02,1.0,10531756.0,10531756.0,1.0,3285441.0,3285441.0,1.0,1.0
CUST00970,2025-03,1.0,129013127.0,129013127.0,4.0,29943882.0,7485970.5,1.0,4.0
CUST00970,2025-04,4.0,102344514.0,25586128.5,2.0,7408642.0,3704321.0,4.0,2.0
CUST00970,2025-05,1.0,10564813.0,10564813.0,3.0,248646020.0,82882006.66666667,1.0,3.0
CUST00970,2025-06,6.0,101757941.0,16959656.833333332,4.0,56171333.0,14042833.25,5.0,4.0
CUST00970,2025-07,0.0,0.0,0.0,2.0,4034376.0,2017188.0,0.0,2.0
CUST00970,2025-08,4.0,62540033.0,15635008.25,4.0,44323582.0,11080895.5,4.0,4.0
CUST00970,2025-09,2.0,148031806.0,74015903.0,3.0,251497666.0,83832555.33333333,2.0,3.0
CUST00970,2025-10,1.0,20293648.0,20293648.0,1.0,5981204.0,5981204.0,1.0,1.0
CUST00970,2025-11,2.0,24674228.0,12337114.0,4.0,9497495.0,2374373.75,2.0,4.0
CUST00970,2025-12,1.0,15166823.0,15166823.0,2.0,5066340.0,2533170.0,1.0,2.0
CUST00971,2025-01,2.0,4101969.0,2050984.5,0.0,0.0,0.0,2.0,0.0
CUST00971,2025-02,1.0,1036425.0,1036425.0,1.0,653807.0,653807.0,1.0,1.0
CUST00971,2025-03,2.0,3941975.0,1970987.5,1.0,2367470.0,2367470.0,2.0,1.0
CUST00971,2025-04,3.0,12291693.0,4097231.0,3.0,12002397.0,4000799.0,2.0,3.0
CUST00971,2025-05,6.0,14357565.0,2392927.5,0.0,0.0,0.0,6.0,0.0
CUST00971,2025-06,4.0,5743408.0,1435852.0,2.0,33696904.0,16848452.0,4.0,2.0
CUST00971,2025-07,1.0,2362836.0,2362836.0,1.0,141691367.0,141691367.0,1.0,1.0
CUST00971,2025-08,2.0,4822159.0,2411079.5,3.0,11312553.0,3770851.0,2.0,3.0
CUST00971,2025-09,3.0,6016297.0,2005432.3333333333,3.0,5392314.0,1797438.0,3.0,3.0
CUST00971,2025-10,1.0,1674668.0,1674668.0,1.0,4511053.0,4511053.0,1.0,1.0
CUST00971,2025-11,0.0,0.0,0.0,5.0,41846381.0,8369276.2,0.0,5.0
CUST00971,2025-12,4.0,5654240.0,1413560.0,1.0,205445.0,205445.0,4.0,1.0
CUST00972,2025-01,0.0,0.0,0.0,2.0,32569892.0,16284946.0,0.0,2.0
CUST00972,2025-02,4.0,85953854.0,21488463.5,2.0,63102850.0,31551425.0,3.0,2.0
CUST00972,2025-03,3.0,64656799.0,21552266.333333332,0.0,0.0,0.0,3.0,0.0
CUST00972,2025-04,0.0,0.0,0.0,1.0,5538796.0,5538796.0,0.0,1.0
CUST00972,2025-05,2.0,10347235.0,5173617.5,2.0,21955281.0,10977640.5,2.0,2.0
CUST00972,2025-06,4.0,55304553.0,13826138.25,5.0,67128162.0,13425632.4,4.0,5.0
CUST00972,2025-07,5.0,76021806.0,15204361.2,1.0,11401249.0,11401249.0,5.0,1.0
CUST00972,2025-08,1.0,20937082.0,20937082.0,1.0,50149314.0,50149314.0,1.0,1.0
CUST00972,2025-09,5.0,115628370.0,23125674.0,3.0,3839255.0,1279751.6666666667,5.0,3.0
CUST00972,2025-10,1.0,25789915.0,25789915.0,1.0,24954522.0,24954522.0,1.0,1.0
CUST00972,2025-11,0.0,0.0,0.0,3.0,4743190.0,1581063.3333333333,0.0,2.0
CUST00972,2025-12,3.0,102657991.0,34219330.333333336,1.0,910091.0,910091.0,3.0,1.0
CUST00973,2025-01,5.0,96137191.0,19227438.2,2.0,47146834.0,23573417.0,5.0,2.0
CUST00973,2025-02,2.0,102630028.0,51315014.0,3.0,15093825.0,5031275.0,2.0,3.0
CUST00973,2025-03,0.0,0.0,0.0,3.0,45775036.0,15258345.333333334,0.0,3.0
CUST00973,2025-04,5.0,169473684.0,33894736.8,1.0,84637963.0,84637963.0,4.0,1.0
CUST00973,2025-05,1.0,12077844.0,12077844.0,3.0,21127411.0,7042470.333333333,1.0,3.0
CUST00973,2025-06,0.0,0.0,0.0,3.0,45546526.0,15182175.333333334,0.0,3.0
CUST00973,2025-07,0.0,0.0,0.0,2.0,10534692.0,5267346.0,0.0,2.0
CUST00973,2025-08,3.0,122996583.0,40998861.0,3.0,52642016.0,17547338.666666668,3.0,3.0
CUST00973,2025-09,4.0,198535295.0,49633823.75,2.0,28069327.0,14034663.5,4.0,2.0
CUST00973,2025-10,2.0,46578407.0,23289203.5,1.0,2040180.0,2040180.0,2.0,1.0
CUST00973,2025-11,2.0,34772048.0,17386024.0,2.0,14188552.0,7094276.0,2.0,2.0
CUST00973,2025-12,0.0,0.0,0.0,2.0,19284060.0,9642030.0,0.0,2.0
CUST00974,2025-01,3.0,107770139.0,35923379.666666664,1.0,45940581.0,45940581.0,3.0,1.0
CUST00974,2025-02,4.0,41531625.0,10382906.25,3.0,5373662.0,1791220.6666666667,4.0,3.0
CUST00974,2025-03,4.0,171318807.0,42829701.75,1.0,7898973.0,7898973.0,4.0,1.0
CUST00974,2025-04,1.0,21523925.0,21523925.0,1.0,10748047.0,10748047.0,1.0,1.0
CUST00974,2025-05,3.0,22941668.0,7647222.666666667,1.0,20725654.0,20725654.0,3.0,1.0
CUST00974,2025-06,4.0,73876616.0,18469154.0,2.0,204540554.0,102270277.0,4.0,2.0
CUST00974,2025-07,1.0,8428989.0,8428989.0,2.0,7317666.0,3658833.0,1.0,2.0
CUST00974,2025-08,2.0,98129597.0,49064798.5,2.0,12982780.0,6491390.0,1.0,2.0
CUST00974,2025-09,1.0,116697471.0,116697471.0,2.0,3893957.0,1946978.5,1.0,2.0
CUST00974,2025-10,1.0,33756172.0,33756172.0,3.0,136651308.0,45550436.0,1.0,3.0
CUST00974,2025-11,2.0,21633519.0,10816759.5,2.0,5403523.0,2701761.5,2.0,2.0
CUST00974,2025-12,5.0,67994864.0,13598972.8,2.0,5299753.0,2649876.5,4.0,2.0
CUST00975,2025-01,1.0,5037175.0,5037175.0,4.0,22543140.0,5635785.0,1.0,4.0
CUST00975,2025-02,2.0,24413344.0,12206672.0,0.0,0.0,0.0,2.0,0.0
CUST00975,2025-03,0.0,0.0,0.0,1.0,6843227.0,6843227.0,0.0,1.0
CUST00975,2025-04,2.0,35162293.0,17581146.5,2.0,27832027.0,13916013.5,2.0,2.0
CUST00975,2025-05,2.0,48921052.0,24460526.0,2.0,10050320.0,5025160.0,2.0,2.0
CUST00975,2025-06,3.0,38969307.0,12989769.0,4.0,34022974.0,8505743.5,3.0,4.0
CUST00975,2025-07,2.0,42230045.0,21115022.5,2.0,15840689.0,7920344.5,2.0,2.0
CUST00975,2025-08,3.0,73417639.0,24472546.333333332,1.0,15979524.0,15979524.0,3.0,1.0
CUST00975,2025-09,1.0,22380883.0,22380883.0,1.0,2126945.0,2126945.0,1.0,1.0
CUST00975,2025-10,0.0,0.0,0.0,1.0,2989515.0,2989515.0,0.0,1.0
CUST00975,2025-11,1.0,32741704.0,32741704.0,1.0,47212356.0,47212356.0,1.0,1.0
CUST00975,2025-12,4.0,79766573.0,19941643.25,0.0,0.0,0.0,4.0,0.0
CUST00976,2025-02,0.0,0.0,0.0,2.0,13148210.0,6574105.0,0.0,2.0
CUST00976,2025-03,2.0,63907141.0,31953570.5,2.0,7294904.0,3647452.0,2.0,2.0
CUST00976,2025-04,1.0,33923835.0,33923835.0,1.0,1780504.0,1780504.0,1.0,1.0
CUST00976,2025-05,2.0,38665885.0,19332942.5,1.0,1570768.0,1570768.0,2.0,1.0
CUST00976,2025-06,1.0,10554071.0,10554071.0,5.0,19037605.0,3807521.0,1.0,5.0
CUST00976,2025-07,2.0,56438804.0,28219402.0,1.0,174669673.0,174669673.0,2.0,1.0
CUST00976,2025-08,3.0,83969784.0,27989928.0,1.0,7153093.0,7153093.0,3.0,1.0
CUST00976,2025-09,3.0,22020101.0,7340033.666666667,3.0,19245104.0,6415034.666666667,3.0,3.0
CUST00976,2025-10,1.0,14402856.0,14402856.0,0.0,0.0,0.0,1.0,0.0
CUST00976,2025-11,1.0,3498376.0,3498376.0,2.0,7526819.0,3763409.5,1.0,2.0
CUST00976,2025-12,1.0,23385327.0,23385327.0,2.0,17074507.0,8537253.5,1.0,2.0
CUST00977,2025-01,2.0,64301380.0,32150690.0,2.0,23740164.0,11870082.0,2.0,2.0
CUST00977,2025-02,3.0,63018200.0,21006066.666666668,2.0,7161121.0,3580560.5,3.0,2.0
CUST00977,2025-03,1.0,5911083.0,5911083.0,2.0,9890475.0,4945237.5,1.0,2.0
CUST00977,2025-04,2.0,31493415.0,15746707.5,2.0,85913020.0,42956510.0,2.0,2.0
CUST00977,2025-05,0.0,0.0,0.0,2.0,26644039.0,13322019.5,0.0,2.0
CUST00977,2025-06,1.0,21071152.0,21071152.0,3.0,7554277.0,2518092.3333333335,1.0,3.0
CUST00977,2025-07,0.0,0.0,0.0,4.0,115881005.0,28970251.25,0.0,4.0
CUST00977,2025-08,1.0,8329714.0,8329714.0,1.0,1210387.0,1210387.0,1.0,1.0
CUST00977,2025-09,3.0,45127293.0,15042431.0,1.0,1521650.0,1521650.0,3.0,1.0
CUST00977,2025-10,3.0,138299115.0,46099705.0,3.0,13246554.0,4415518.0,3.0,3.0
CUST00977,2025-11,3.0,55416038.0,18472012.666666668,3.0,49241775.0,16413925.0,3.0,3.0
CUST00977,2025-12,3.0,68485414.0,22828471.333333332,2.0,74716402.0,37358201.0,3.0,2.0
CUST00978,2025-01,0.0,0.0,0.0,3.0,71254025.0,23751341.666666668,0.0,3.0
CUST00978,2025-02,2.0,2856067.0,1428033.5,3.0,10273931.0,3424643.6666666665,2.0,3.0
CUST00978,2025-03,1.0,4819989.0,4819989.0,0.0,0.0,0.0,1.0,0.0
CUST00978,2025-04,1.0,485111.0,485111.0,1.0,1795782.0,1795782.0,1.0,1.0
CUST00978,2025-05,1.0,1581500.0,1581500.0,6.0,293380612.0,48896768.666666664,1.0,6.0
CUST00978,2025-06,1.0,1119315.0,1119315.0,1.0,15327894.0,15327894.0,1.0,1.0
CUST00978,2025-07,3.0,11107903.0,3702634.3333333335,3.0,189018105.0,63006035.0,2.0,3.0
CUST00978,2025-08,0.0,0.0,0.0,3.0,79931186.0,26643728.666666668,0.0,3.0
CUST00978,2025-09,7.0,16167055.0,2309579.285714286,6.0,114811166.0,19135194.333333332,6.0,5.0
CUST00978,2025-10,0.0,0.0,0.0,1.0,2143704.0,2143704.0,0.0,1.0
CUST00978,2025-11,3.0,13651209.0,4550403.0,2.0,58258846.0,29129423.0,3.0,2.0
CUST00978,2025-12,1.0,1828225.0,1828225.0,2.0,1281768.0,640884.0,1.0,2.0
CUST00979,2025-01,3.0,14297647.0,4765882.333333333,3.0,55630141.0,18543380.333333332,3.0,3.0
CUST00979,2025-02,2.0,5353025.0,2676512.5,2.0,11738843.0,5869421.5,2.0,2.0
CUST00979,2025-03,2.0,5628084.0,2814042.0,3.0,29159794.0,9719931.333333334,2.0,3.0
CUST00979,2025-04,1.0,2089063.0,2089063.0,3.0,41473183.0,13824394.333333334,1.0,2.0
CUST00979,2025-05,2.0,1846114.0,923057.0,1.0,3447594.0,3447594.0,2.0,1.0
CUST00979,2025-06,3.0,4917158.0,1639052.6666666667,2.0,10611236.0,5305618.0,3.0,2.0
CUST00979,2025-07,3.0,5451442.0,1817147.3333333333,1.0,670463.0,670463.0,3.0,1.0
CUST00979,2025-08,4.0,5789036.0,1447259.0,3.0,10291393.0,3430464.3333333335,3.0,3.0
CUST00979,2025-09,1.0,3357187.0,3357187.0,0.0,0.0,0.0,1.0,0.0
CUST00979,2025-10,2.0,15159282.0,7579641.0,3.0,28322520.0,9440840.0,2.0,3.0
CUST00979,2025-11,5.0,27081415.0,5416283.0,2.0,22955470.0,11477735.0,5.0,2.0
CUST00979,2025-12,3.0,5853859.0,1951286.3333333333,4.0,77858621.0,19464655.25,3.0,4.0
CUST00980,2025-01,0.0,0.0,0.0,1.0,545271.0,545271.0,0.0,1.0
CUST00980,2025-02,1.0,660844.0,660844.0,3.0,91246362.0,30415454.0,1.0,3.0
CUST00980,2025-03,2.0,3200359.0,1600179.5,0.0,0.0,0.0,2.0,0.0
CUST00980,2025-04,4.0,7148219.0,1787054.75,0.0,0.0,0.0,4.0,0.0
CUST00980,2025-05,3.0,14822028.0,4940676.0,0.0,0.0,0.0,3.0,0.0
CUST00980,2025-06,3.0,10702299.0,3567433.0,2.0,3105131.0,1552565.5,3.0,2.0
CUST00980,2025-07,2.0,2105939.0,1052969.5,2.0,22790651.0,11395325.5,2.0,2.0
CUST00980,2025-08,2.0,5512080.0,2756040.0,3.0,100410253.0,33470084.333333332,2.0,3.0
CUST00980,2025-09,2.0,5199151.0,2599575.5,1.0,9504167.0,9504167.0,2.0,1.0
CUST00980,2025-10,5.0,20442159.0,4088431.8,0.0,0.0,0.0,5.0,0.0
CUST00980,2025-11,2.0,8380241.0,4190120.5,1.0,7971716.0,7971716.0,2.0,1.0
CUST00980,2025-12,3.0,18456957.0,6152319.0,3.0,126381302.0,42127100.666666664,3.0,3.0
CUST00981,2025-01,1.0,4438823.0,4438823.0,2.0,3012932.0,1506466.0,1.0,2.0
CUST00981,2025-02,1.0,971601.0,971601.0,3.0,40268857.0,13422952.333333334,1.0,3.0
CUST00981,2025-03,2.0,5693005.0,2846502.5,3.0,12420903.0,4140301.0,2.0,3.0
CUST00981,2025-04,1.0,1393870.0,1393870.0,1.0,10434104.0,10434104.0,1.0,1.0
CUST00981,2025-05,2.0,3271049.0,1635524.5,2.0,20769613.0,10384806.5,2.0,2.0
CUST00981,2025-06,0.0,0.0,0.0,1.0,5884170.0,5884170.0,0.0,1.0
CUST00981,2025-07,1.0,3796436.0,3796436.0,0.0,0.0,0.0,1.0,0.0
CUST00981,2025-08,2.0,3591148.0,1795574.0,3.0,6594931.0,2198310.3333333335,2.0,3.0
CUST00981,2025-09,4.0,9235842.0,2308960.5,0.0,0.0,0.0,3.0,0.0
CUST00981,2025-10,2.0,6663815.0,3331907.5,2.0,63861281.0,31930640.5,2.0,2.0
CUST00981,2025-11,1.0,1561141.0,1561141.0,3.0,9084178.0,3028059.3333333335,1.0,3.0
CUST00981,2025-12,2.0,1538013.0,769006.5,0.0,0.0,0.0,2.0,0.0
CUST00982,2025-01,0.0,0.0,0.0,3.0,19609072.0,6536357.333333333,0.0,3.0
CUST00982,2025-02,3.0,5900992.0,1966997.3333333333,0.0,0.0,0.0,3.0,0.0
CUST00982,2025-03,3.0,5239991.0,1746663.6666666667,4.0,11766524.0,2941631.0,3.0,4.0
CUST00982,2025-04,2.0,1668249.0,834124.5,3.0,5830233.0,1943411.0,2.0,3.0
CUST00982,2025-06,1.0,8903979.0,8903979.0,1.0,2987467.0,2987467.0,1.0,1.0
CUST00982,2025-07,2.0,5294777.0,2647388.5,4.0,9150887.0,2287721.75,2.0,4.0
CUST00982,2025-08,3.0,11841592.0,3947197.3333333335,2.0,162855640.0,81427820.0,2.0,2.0
CUST00982,2025-09,5.0,12034426.0,2406885.2,1.0,13192668.0,13192668.0,5.0,1.0
CUST00982,2025-10,2.0,6509297.0,3254648.5,0.0,0.0,0.0,2.0,0.0
CUST00982,2025-12,4.0,16097049.0,4024262.25,2.0,29964900.0,14982450.0,4.0,2.0
CUST00983,2025-01,1.0,4618353.0,4618353.0,1.0,4878438.0,4878438.0,1.0,1.0
CUST00983,2025-02,3.0,11279881.0,3759960.3333333335,1.0,17529224.0,17529224.0,3.0,1.0
CUST00983,2025-03,1.0,12504984.0,12504984.0,3.0,6315463.0,2105154.3333333335,1.0,3.0
CUST00983,2025-04,2.0,2160394.0,1080197.0,1.0,2678835.0,2678835.0,2.0,1.0
CUST00983,2025-05,2.0,3108551.0,1554275.5,1.0,58747869.0,58747869.0,2.0,1.0
CUST00983,2025-06,1.0,2436246.0,2436246.0,1.0,2058501.0,2058501.0,1.0,1.0
CUST00983,2025-07,3.0,6835318.0,2278439.3333333335,5.0,47938741.0,9587748.2,3.0,5.0
CUST00983,2025-08,3.0,7386417.0,2462139.0,1.0,8149739.0,8149739.0,3.0,1.0
CUST00983,2025-09,2.0,27056413.0,13528206.5,2.0,22355369.0,11177684.5,2.0,2.0
CUST00983,2025-10,2.0,5486889.0,2743444.5,4.0,534849047.0,133712261.75,2.0,4.0
CUST00983,2025-11,1.0,1057411.0,1057411.0,2.0,1641357.0,820678.5,1.0,2.0
CUST00983,2025-12,3.0,4972245.0,1657415.0,4.0,61052750.0,15263187.5,3.0,4.0
CUST00984,2025-01,1.0,871548.0,871548.0,3.0,120595174.0,40198391.333333336,1.0,3.0
CUST00984,2025-02,3.0,11517774.0,3839258.0,2.0,2759069.0,1379534.5,3.0,2.0
CUST00984,2025-03,1.0,1456899.0,1456899.0,3.0,62547909.0,20849303.0,1.0,3.0
CUST00984,2025-04,1.0,1620499.0,1620499.0,2.0,31426550.0,15713275.0,1.0,2.0
CUST00984,2025-05,6.0,15782038.0,2630339.6666666665,4.0,58428284.0,14607071.0,6.0,4.0
CUST00984,2025-06,2.0,4542989.0,2271494.5,1.0,1943253.0,1943253.0,2.0,1.0
CUST00984,2025-07,0.0,0.0,0.0,3.0,96673053.0,32224351.0,0.0,3.0
CUST00984,2025-08,0.0,0.0,0.0,2.0,22700271.0,11350135.5,0.0,2.0
CUST00984,2025-09,2.0,3565287.0,1782643.5,2.0,152038925.0,76019462.5,2.0,2.0
CUST00984,2025-10,0.0,0.0,0.0,2.0,5129886.0,2564943.0,0.0,2.0
CUST00984,2025-11,1.0,3391778.0,3391778.0,1.0,14447415.0,14447415.0,1.0,1.0
CUST00984,2025-12,3.0,3880305.0,1293435.0,1.0,3157768.0,3157768.0,3.0,1.0
CUST00985,2025-01,6.0,18160911.0,3026818.5,3.0,10577625.0,3525875.0,6.0,3.0
CUST00985,2025-02,4.0,6495210.0,1623802.5,1.0,2611419.0,2611419.0,4.0,1.0
CUST00985,2025-03,2.0,4563399.0,2281699.5,1.0,3626324.0,3626324.0,2.0,1.0
CUST00985,2025-04,3.0,5859707.0,1953235.6666666667,1.0,188701068.0,188701068.0,3.0,1.0
CUST00985,2025-05,2.0,3908002.0,1954001.0,1.0,1876892.0,1876892.0,2.0,1.0
CUST00985,2025-07,5.0,8547939.0,1709587.8,7.0,111620650.0,15945807.142857144,5.0,7.0
CUST00985,2025-08,3.0,5791042.0,1930347.3333333333,1.0,2770454.0,2770454.0,3.0,1.0
CUST00985,2025-09,2.0,6378663.0,3189331.5,0.0,0.0,0.0,2.0,0.0
CUST00985,2025-10,2.0,8193393.0,4096696.5,2.0,54184167.0,27092083.5,2.0,2.0
CUST00985,2025-11,1.0,2233035.0,2233035.0,3.0,34203693.0,11401231.0,1.0,3.0
CUST00985,2025-12,4.0,10795173.0,2698793.25,5.0,105469547.0,21093909.4,4.0,5.0
CUST00986,2025-01,1.0,4743928.0,4743928.0,3.0,14673681.0,4891227.0,1.0,3.0
CUST00986,2025-02,2.0,144728065.0,72364032.5,4.0,43395765.0,10848941.25,2.0,4.0
CUST00986,2025-03,2.0,59364860.0,29682430.0,2.0,26706440.0,13353220.0,2.0,2.0
CUST00986,2025-04,3.0,31865877.0,10621959.0,0.0,0.0,0.0,3.0,0.0
CUST00986,2025-05,2.0,25585194.0,12792597.0,0.0,0.0,0.0,2.0,0.0
CUST00986,2025-06,2.0,58789505.0,29394752.5,2.0,21596565.0,10798282.5,2.0,2.0
CUST00986,2025-07,2.0,44889583.0,22444791.5,1.0,1548770.0,1548770.0,1.0,1.0
CUST00986,2025-08,3.0,70919989.0,23639996.333333332,1.0,92841735.0,92841735.0,3.0,1.0
CUST00986,2025-09,4.0,33653404.0,8413351.0,1.0,3050433.0,3050433.0,4.0,1.0
CUST00986,2025-10,1.0,5956471.0,5956471.0,1.0,3143795.0,3143795.0,1.0,1.0
CUST00986,2025-11,5.0,74165266.0,14833053.2,1.0,7080594.0,7080594.0,5.0,1.0
CUST00986,2025-12,3.0,88638888.0,29546296.0,3.0,13663149.0,4554383.0,3.0,3.0
CUST00987,2025-01,2.0,118101049.0,59050524.5,4.0,110053190.0,27513297.5,2.0,4.0
CUST00987,2025-02,0.0,0.0,0.0,1.0,2357207.0,2357207.0,0.0,1.0
CUST00987,2025-03,2.0,165138049.0,82569024.5,0.0,0.0,0.0,2.0,0.0
CUST00987,2025-04,1.0,77131614.0,77131614.0,5.0,25028653.0,5005730.6,1.0,5.0
CUST00987,2025-05,3.0,343554659.0,114518219.66666667,3.0,33498779.0,11166259.666666666,3.0,3.0
CUST00987,2025-06,1.0,34591723.0,34591723.0,2.0,54928315.0,27464157.5,1.0,2.0
CUST00987,2025-07,4.0,492931351.0,123232837.75,2.0,3176732.0,1588366.0,4.0,2.0
CUST00987,2025-08,0.0,0.0,0.0,2.0,61852483.0,30926241.5,0.0,2.0
CUST00987,2025-09,3.0,122914201.0,40971400.333333336,1.0,11093182.0,11093182.0,3.0,1.0
CUST00987,2025-10,2.0,148139100.0,74069550.0,1.0,15145804.0,15145804.0,2.0,1.0
CUST00987,2025-11,3.0,301847205.0,100615735.0,3.0,26019826.0,8673275.333333334,3.0,3.0
CUST00987,2025-12,0.0,0.0,0.0,3.0,55537588.0,18512529.333333332,0.0,3.0
CUST00988,2025-02,0.0,0.0,0.0,1.0,745604.0,745604.0,0.0,1.0
CUST00988,2025-03,5.0,4398651.0,879730.2,2.0,194198195.0,97099097.5,4.0,2.0
CUST00988,2025-04,4.0,6003508.0,1500877.0,1.0,5408129.0,5408129.0,4.0,1.0
CUST00988,2025-05,4.0,26527731.0,6631932.75,3.0,23042057.0,7680685.666666667,4.0,3.0
CUST00988,2025-06,0.0,0.0,0.0,3.0,33979366.0,11326455.333333334,0.0,3.0
CUST00988,2025-07,2.0,6149498.0,3074749.0,2.0,241949766.0,120974883.0,2.0,2.0
CUST00988,2025-08,6.0,12558840.0,2093140.0,1.0,2204375.0,2204375.0,6.0,1.0
CUST00988,2025-09,1.0,3087736.0,3087736.0,2.0,242809900.0,121404950.0,1.0,2.0
CUST00988,2025-10,1.0,537600.0,537600.0,1.0,2400975.0,2400975.0,1.0,1.0
CUST00988,2025-11,3.0,6814631.0,2271543.6666666665,0.0,0.0,0.0,3.0,0.0
CUST00988,2025-12,2.0,1690665.0,845332.5,4.0,25012148.0,6253037.0,2.0,4.0
CUST00989,2025-01,1.0,23286155.0,23286155.0,2.0,11128836.0,5564418.0,1.0,2.0
CUST00989,2025-02,4.0,248763056.0,62190764.0,4.0,34580212.0,8645053.0,4.0,4.0
CUST00989,2025-03,2.0,246884114.0,123442057.0,2.0,14546617.0,7273308.5,2.0,2.0
CUST00989,2025-04,1.0,62663953.0,62663953.0,3.0,6710726.0,2236908.6666666665,1.0,3.0
CUST00989,2025-05,3.0,104807948.0,34935982.666666664,2.0,7873302.0,3936651.0,3.0,2.0
CUST00989,2025-06,1.0,297180927.0,297180927.0,1.0,3435791.0,3435791.0,1.0,1.0
CUST00989,2025-07,1.0,34526438.0,34526438.0,1.0,4064900.0,4064900.0,1.0,1.0
CUST00989,2025-08,3.0,191122823.0,63707607.666666664,4.0,61165934.0,15291483.5,3.0,4.0
CUST00989,2025-09,1.0,48924426.0,48924426.0,3.0,57769240.0,19256413.333333332,1.0,3.0
CUST00989,2025-10,4.0,255042506.0,63760626.5,1.0,9210705.0,9210705.0,4.0,1.0
CUST00989,2025-11,2.0,144235948.0,72117974.0,1.0,2799506.0,2799506.0,2.0,1.0
CUST00989,2025-12,0.0,0.0,0.0,3.0,14904791.0,4968263.666666667,0.0,3.0
CUST00990,2025-01,2.0,5715671.0,2857835.5,4.0,41525735.0,10381433.75,2.0,4.0
CUST00990,2025-02,1.0,1691880.0,1691880.0,1.0,13543198.0,13543198.0,1.0,1.0
CUST00990,2025-03,2.0,2784919.0,1392459.5,2.0,25800615.0,12900307.5,2.0,2.0
CUST00990,2025-04,4.0,28186660.0,7046665.0,0.0,0.0,0.0,3.0,0.0
CUST00990,2025-05,2.0,2618951.0,1309475.5,5.0,39778808.0,7955761.6,2.0,5.0
CUST00990,2025-06,2.0,2161392.0,1080696.0,2.0,35593698.0,17796849.0,2.0,2.0
CUST00990,2025-07,1.0,4454513.0,4454513.0,1.0,90248865.0,90248865.0,1.0,1.0
CUST00990,2025-08,1.0,8086378.0,8086378.0,5.0,49344917.0,9868983.4,1.0,5.0
CUST00990,2025-09,3.0,8247148.0,2749049.3333333335,0.0,0.0,0.0,3.0,0.0
CUST00990,2025-10,3.0,7058867.0,2352955.6666666665,1.0,2389796.0,2389796.0,3.0,1.0
CUST00990,2025-11,5.0,20857328.0,4171465.6,1.0,265739.0,265739.0,5.0,1.0
CUST00990,2025-12,2.0,6428558.0,3214279.0,1.0,23385327.0,23385327.0,2.0,1.0
CUST00991,2025-01,1.0,7216320.0,7216320.0,3.0,43047553.0,14349184.333333334,1.0,3.0
CUST00991,2025-02,4.0,17990783.0,4497695.75,3.0,13451567.0,4483855.666666667,3.0,3.0
CUST00991,2025-03,2.0,5220934.0,2610467.0,1.0,2182699.0,2182699.0,2.0,1.0
CUST00991,2025-04,3.0,3509637.0,1169879.0,2.0,7832494.0,3916247.0,3.0,2.0
CUST00991,2025-05,1.0,14757713.0,14757713.0,2.0,25745683.0,12872841.5,1.0,1.0
CUST00991,2025-06,1.0,1399430.0,1399430.0,0.0,0.0,0.0,1.0,0.0
CUST00991,2025-07,2.0,4693417.0,2346708.5,1.0,5474880.0,5474880.0,2.0,1.0
CUST00991,2025-08,3.0,6576268.0,2192089.3333333335,4.0,45685160.0,11421290.0,3.0,3.0
CUST00991,2025-09,2.0,16470637.0,8235318.5,1.0,31641747.0,31641747.0,2.0,1.0
CUST00991,2025-10,0.0,0.0,0.0,4.0,31949217.0,7987304.25,0.0,3.0
CUST00991,2025-11,1.0,4796056.0,4796056.0,3.0,7325203.0,2441734.3333333335,1.0,3.0
CUST00991,2025-12,2.0,8422434.0,4211217.0,1.0,7653125.0,7653125.0,2.0,1.0
CUST00992,2025-01,3.0,11237510.0,3745836.6666666665,1.0,3422390.0,3422390.0,3.0,1.0
CUST00992,2025-02,2.0,5842123.0,2921061.5,1.0,72093823.0,72093823.0,2.0,1.0
CUST00992,2025-03,0.0,0.0,0.0,2.0,38650826.0,19325413.0,0.0,2.0
CUST00992,2025-04,1.0,1208954.0,1208954.0,1.0,1840383.0,1840383.0,1.0,1.0
CUST00992,2025-05,1.0,1815717.0,1815717.0,10.0,114125912.0,11412591.2,1.0,10.0
CUST00992,2025-06,6.0,21165093.0,3527515.5,3.0,12044450.0,4014816.6666666665,6.0,3.0
CUST00992,2025-07,1.0,2757559.0,2757559.0,3.0,3245355.0,1081785.0,1.0,2.0
CUST00992,2025-08,2.0,4026763.0,2013381.5,1.0,8690949.0,8690949.0,2.0,1.0
CUST00992,2025-09,0.0,0.0,0.0,1.0,46216639.0,46216639.0,0.0,1.0
CUST00992,2025-10,4.0,11154605.0,2788651.25,2.0,80670282.0,40335141.0,4.0,2.0
CUST00992,2025-11,1.0,1304719.0,1304719.0,2.0,20864013.0,10432006.5,1.0,2.0
CUST00992,2025-12,3.0,19198150.0,6399383.333333333,3.0,82770295.0,27590098.333333332,3.0,3.0
CUST00993,2025-01,0.0,0.0,0.0,2.0,28499133.0,14249566.5,0.0,2.0
CUST00993,2025-02,0.0,0.0,0.0,4.0,40935463.0,10233865.75,0.0,4.0
CUST00993,2025-03,2.0,4487595.0,2243797.5,1.0,1301833.0,1301833.0,2.0,1.0
CUST00993,2025-04,3.0,8797242.0,2932414.0,1.0,7828326.0,7828326.0,3.0,1.0
CUST00993,2025-05,3.0,3022967.0,1007655.6666666666,4.0,9876745.0,2469186.25,3.0,3.0
CUST00993,2025-06,5.0,10952512.0,2190502.4,0.0,0.0,0.0,5.0,0.0
CUST00993,2025-07,1.0,1700680.0,1700680.0,1.0,467369.0,467369.0,1.0,1.0
CUST00993,2025-08,4.0,5049081.0,1262270.25,2.0,7147241.0,3573620.5,4.0,2.0
CUST00993,2025-09,2.0,7885640.0,3942820.0,2.0,25930630.0,12965315.0,2.0,2.0
CUST00993,2025-10,3.0,5932457.0,1977485.6666666667,0.0,0.0,0.0,3.0,0.0
CUST00993,2025-11,1.0,6096063.0,6096063.0,1.0,11357379.0,11357379.0,1.0,1.0
CUST00993,2025-12,2.0,4684584.0,2342292.0,0.0,0.0,0.0,2.0,0.0
CUST00994,2025-01,1.0,44312834.0,44312834.0,1.0,6778940.0,6778940.0,1.0,1.0
CUST00994,2025-02,2.0,55868223.0,27934111.5,0.0,0.0,0.0,2.0,0.0
CUST00994,2025-03,0.0,0.0,0.0,4.0,41185996.0,10296499.0,0.0,3.0
CUST00994,2025-04,6.0,94494189.0,15749031.5,3.0,3104573.0,1034857.6666666666,6.0,3.0
CUST00994,2025-05,2.0,18160122.0,9080061.0,3.0,11062056.0,3687352.0,2.0,3.0
CUST00994,2025-06,4.0,110155648.0,27538912.0,4.0,19336302.0,4834075.5,4.0,4.0
CUST00994,2025-07,0.0,0.0,0.0,2.0,35991070.0,17995535.0,0.0,2.0
CUST00994,2025-08,5.0,59748612.0,11949722.4,2.0,87139750.0,43569875.0,5.0,2.0
CUST00994,2025-09,1.0,8469318.0,8469318.0,0.0,0.0,0.0,1.0,0.0
CUST00994,2025-10,2.0,26898818.0,13449409.0,3.0,66436733.0,22145577.666666668,2.0,3.0
CUST00994,2025-11,6.0,128160483.0,21360080.5,1.0,24135800.0,24135800.0,6.0,1.0
CUST00994,2025-12,2.0,42223664.0,21111832.0,2.0,93810810.0,46905405.0,2.0,2.0
CUST00995,2025-01,1.0,30702522.0,30702522.0,1.0,4362164.0,4362164.0,1.0,1.0
CUST00995,2025-02,2.0,69038226.0,34519113.0,2.0,18206324.0,9103162.0,2.0,2.0
CUST00995,2025-03,0.0,0.0,0.0,5.0,411361030.0,82272206.0,0.0,4.0
CUST00995,2025-04,2.0,13985834.0,6992917.0,5.0,13435268.0,2687053.6,2.0,5.0
CUST00995,2025-05,6.0,198669764.0,33111627.333333332,1.0,1208306.0,1208306.0,6.0,1.0
CUST00995,2025-06,3.0,93486223.0,31162074.333333332,2.0,4863837.0,2431918.5,3.0,2.0
CUST00995,2025-07,1.0,10365347.0,10365347.0,3.0,108252337.0,36084112.333333336,1.0,3.0
CUST00995,2025-08,1.0,27605153.0,27605153.0,3.0,4716065.0,1572021.6666666667,1.0,2.0
CUST00995,2025-09,2.0,23625081.0,11812540.5,0.0,0.0,0.0,2.0,0.0
CUST00995,2025-10,2.0,15827491.0,7913745.5,5.0,22242176.0,4448435.2,2.0,5.0
CUST00995,2025-11,2.0,13776613.0,6888306.5,2.0,7135647.0,3567823.5,2.0,2.0
CUST00995,2025-12,3.0,167993744.0,55997914.666666664,4.0,72634029.0,18158507.25,3.0,4.0
CUST00996,2025-01,4.0,15024117.0,3756029.25,3.0,4701609.0,1567203.0,4.0,3.0
CUST00996,2025-02,3.0,10447309.0,3482436.3333333335,0.0,0.0,0.0,3.0,0.0
CUST00996,2025-03,0.0,0.0,0.0,1.0,13671621.0,13671621.0,0.0,1.0
CUST00996,2025-04,3.0,9843936.0,3281312.0,7.0,88087211.0,12583887.285714285,3.0,7.0
CUST00996,2025-05,2.0,7258572.0,3629286.0,1.0,911840.0,911840.0,2.0,1.0
CUST00996,2025-06,2.0,1554903.0,777451.5,2.0,27890810.0,13945405.0,2.0,2.0
CUST00996,2025-07,4.0,11045894.0,2761473.5,1.0,2337933.0,2337933.0,4.0,1.0
CUST00996,2025-08,6.0,17335473.0,2889245.5,2.0,43553665.0,21776832.5,6.0,2.0
CUST00996,2025-09,1.0,6198116.0,6198116.0,6.0,313049241.0,52174873.5,1.0,6.0
CUST00996,2025-10,1.0,1952013.0,1952013.0,2.0,8259457.0,4129728.5,1.0,2.0
CUST00996,2025-11,1.0,1809612.0,1809612.0,3.0,98658293.0,32886097.666666668,1.0,3.0
CUST00996,2025-12,4.0,8954127.0,2238531.75,2.0,12779567.0,6389783.5,4.0,2.0
CUST00997,2025-01,3.0,5757983.0,1919327.6666666667,0.0,0.0,0.0,3.0,0.0
CUST00997,2025-02,1.0,2530832.0,2530832.0,1.0,716726.0,716726.0,1.0,1.0
CUST00997,2025-03,2.0,3946805.0,1973402.5,1.0,28647465.0,28647465.0,2.0,1.0
CUST00997,2025-04,3.0,8545326.0,2848442.0,2.0,74064558.0,37032279.0,3.0,2.0
CUST00997,2025-05,2.0,1639737.0,819868.5,4.0,57803249.0,14450812.25,2.0,4.0
CUST00997,2025-06,0.0,0.0,0.0,2.0,84531490.0,42265745.0,0.0,2.0
CUST00997,2025-07,3.0,13326005.0,4442001.666666667,2.0,45505459.0,22752729.5,3.0,2.0
CUST00997,2025-08,2.0,3485902.0,1742951.0,1.0,10636538.0,10636538.0,1.0,1.0
CUST00997,2025-09,1.0,2150087.0,2150087.0,2.0,14995429.0,7497714.5,1.0,2.0
CUST00997,2025-10,2.0,3383647.0,1691823.5,2.0,3665650.0,1832825.0,1.0,2.0
CUST00997,2025-11,2.0,5583670.0,2791835.0,2.0,10750543.0,5375271.5,2.0,2.0
CUST00997,2025-12,1.0,1578395.0,1578395.0,0.0,0.0,0.0,1.0,0.0
CUST00998,2025-01,3.0,5902813.0,1967604.3333333333,4.0,290527370.0,72631842.5,3.0,4.0
CUST00998,2025-02,3.0,21003213.0,7001071.0,1.0,29633673.0,29633673.0,3.0,1.0
CUST00998,2025-03,1.0,2337535.0,2337535.0,3.0,113822106.0,37940702.0,1.0,3.0
CUST00998,2025-04,2.0,6509773.0,3254886.5,3.0,18118934.0,6039644.666666667,2.0,3.0
CUST00998,2025-05,1.0,625376.0,625376.0,0.0,0.0,0.0,1.0,0.0
CUST00998,2025-06,5.0,11671801.0,2334360.2,1.0,66103607.0,66103607.0,4.0,1.0
CUST00998,2025-07,3.0,6549440.0,2183146.6666666665,3.0,13631976.0,4543992.0,3.0,3.0
CUST00998,2025-08,1.0,2798129.0,2798129.0,3.0,69471755.0,23157251.666666668,1.0,3.0
CUST00998,2025-09,5.0,9783277.0,1956655.4,2.0,42532631.0,21266315.5,4.0,2.0
CUST00998,2025-10,2.0,4133721.0,2066860.5,3.0,5350357.0,1783452.3333333333,2.0,3.0
CUST00998,2025-11,2.0,3116300.0,1558150.0,2.0,1807252.0,903626.0,2.0,2.0
CUST00998,2025-12,5.0,16228629.0,3245725.8,0.0,0.0,0.0,5.0,0.0
CUST00999,2025-01,3.0,11677682.0,3892560.6666666665,2.0,7108347.0,3554173.5,3.0,2.0
CUST00999,2025-02,1.0,1488274.0,1488274.0,2.0,5698043.0,2849021.5,1.0,2.0
CUST00999,2025-03,2.0,4410809.0,2205404.5,3.0,67597142.0,22532380.666666668,2.0,3.0
CUST00999,2025-04,1.0,1455062.0,1455062.0,4.0,32972609.0,8243152.25,1.0,4.0
CUST00999,2025-05,2.0,6393018.0,3196509.0,3.0,20251845.0,6750615.0,2.0,3.0
CUST00999,2025-06,2.0,9182747.0,4591373.5,2.0,11525472.0,5762736.0,2.0,2.0
CUST00999,2025-07,4.0,17071208.0,4267802.0,2.0,30485248.0,15242624.0,4.0,2.0
CUST00999,2025-08,2.0,2039840.0,1019920.0,3.0,3429193.0,1143064.3333333333,2.0,3.0
CUST00999,2025-09,0.0,0.0,0.0,2.0,5177906.0,2588953.0,0.0,2.0
CUST00999,2025-10,3.0,9578132.0,3192710.6666666665,1.0,2040008.0,2040008.0,3.0,1.0
CUST00999,2025-11,3.0,2974286.0,991428.6666666666,1.0,16960680.0,16960680.0,2.0,1.0
CUST00999,2025-12,1.0,12421215.0,12421215.0,2.0,311032748.0,155516374.0,1.0,2.0
CUST01000,2025-01,5.0,9912446.0,1982489.2,5.0,95171918.0,19034383.6,5.0,4.0
CUST01000,2025-02,2.0,1000525.0,500262.5,2.0,9618713.0,4809356.5,2.0,2.0
CUST01000,2025-03,3.0,6295797.0,2098599.0,4.0,47220989.0,11805247.25,3.0,4.0
CUST01000,2025-04,2.0,7417459.0,3708729.5,2.0,261895667.0,130947833.5,2.0,2.0
CUST01000,2025-05,3.0,13256729.0,4418909.666666667,4.0,29518149.0,7379537.25,3.0,4.0
CUST01000,2025-06,4.0,12170466.0,3042616.5,0.0,0.0,0.0,4.0,0.0
CUST01000,2025-07,2.0,3531256.0,1765628.0,1.0,7733923.0,7733923.0,2.0,1.0
CUST01000,2025-08,3.0,7733769.0,2577923.0,2.0,2234481.0,1117240.5,3.0,2.0
CUST01000,2025-09,3.0,4825825.0,1608608.3333333333,4.0,19908662.0,4977165.5,3.0,4.0
CUST01000,2025-10,3.0,9052768.0,3017589.3333333335,3.0,54555120.0,18185040.0,3.0,3.0
CUST01000,2025-11,1.0,1042809.0,1042809.0,0.0,0.0,0.0,1.0,0.0
CUST01000,2025-12,4.0,10454431.0,2613607.75,3.0,17611025.0,5870341.666666667,4.0,3.0
